project_id,job_number,bill_type,gross,deduction,nett,br_no,br_date,payment_ref,payment_date,payment_status,contractor,source_id,source_url
1,177-25-000007,Running,14033937.0,630278.0,13403659.0,000081,2025-12-24,RTGS 000105,2026-07-07,Paid (RTGS),BALAJI CONSTRUCTIONS,IFMS-GRID,https://accounts.bbmp.gov.in/vssWB/vss00CvStatusData.php?pAction=LoadPaymentGridData
1,177-25-000007,Running,8200181.0,400420.0,7799761.0,000005,2026-05-13,RTGS 000238,2026-09-24,Paid (RTGS),BALAJI CONSTRUCTIONS,IFMS-GRID,https://accounts.bbmp.gov.in/vssWB/vss00CvStatusData.php?pAction=LoadPaymentGridData
2,174-25-000010,Running,652522.0,45028.0,607494.0,000017,2025-04-29,RTGS 002917,2025-05-27,Paid (RTGS),VIJAYALAKSHMI ASSOCI,S12,https://data.opencity.in/dataset/280a1196-074e-43ac-acd9-914918b429f5/resource/3e784947-b321-4cba-bedb-69de53450a83/download/bbmp-2025-26-225-wards-work-orders.csv
2,174-25-000010,Running,435015.0,33430.0,401585.0,000071,2025-06-27,RTGS 003286,2025-07-07,Paid (RTGS),VIJAYALAKSHMI ASSOCI,S12,https://data.opencity.in/dataset/280a1196-074e-43ac-acd9-914918b429f5/resource/3e784947-b321-4cba-bedb-69de53450a83/download/bbmp-2025-26-225-wards-work-orders.csv
2,174-25-000010,Running,435015.0,32430.0,402585.0,000095,2025-08-25,RTGS 000167,2025-12-29,Paid (RTGS),VIJAYALAKSHMI ASSOCI,S12,https://data.opencity.in/dataset/280a1196-074e-43ac-acd9-914918b429f5/resource/3e784947-b321-4cba-bedb-69de53450a83/download/bbmp-2025-26-225-wards-work-orders.csv
2,174-25-000010,Running,217507.0,15715.0,201792.0,000123,2025-09-10,RTGS 000121,2025-12-19,Paid (RTGS),VIJAYALAKSHMI ASSOCI,S12,https://data.opencity.in/dataset/280a1196-074e-43ac-acd9-914918b429f5/resource/3e784947-b321-4cba-bedb-69de53450a83/download/bbmp-2025-26-225-wards-work-orders.csv
2,174-25-000010,Running,423841.0,20319.0,403522.0,000155,2025-11-14,RTGS 000226,2026-02-27,Paid (RTGS),VIJAYALAKSHMI ASSOCI,S12,https://data.opencity.in/dataset/280a1196-074e-43ac-acd9-914918b429f5/resource/3e784947-b321-4cba-bedb-69de53450a83/download/bbmp-2025-26-225-wards-work-orders.csv
2,174-25-000010,Running,217507.0,15087.0,202420.0,000167,2025-12-31,RTGS 000303,2026-03-10,Paid (RTGS),VIJAYALAKSHMI ASSOCI,S12,https://data.opencity.in/dataset/280a1196-074e-43ac-acd9-914918b429f5/resource/3e784947-b321-4cba-bedb-69de53450a83/download/bbmp-2025-26-225-wards-work-orders.csv
2,174-25-000010,Running,195728.0,21871.0,173857.0,000221,2026-02-12,RTGS 000198,2026-06-03,Paid (RTGS),VIJAYALAKSHMI ASSOCI,IFMS-GRID,https://accounts.bbmp.gov.in/vssWB/vss00CvStatusData.php?pAction=LoadPaymentGridData
2,174-25-000010,Running,375996.0,24723.0,351273.0,000007,2026-04-28,RTGS 000214,2026-06-03,Paid (RTGS),VIJAYALAKSHMI ASSOCI,IFMS-GRID,https://accounts.bbmp.gov.in/vssWB/vss00CvStatusData.php?pAction=LoadPaymentGridData
2,174-25-000010,Running,178971.0,11768.0,167203.0,000024,2026-05-18,RTGS 000256,2026-06-08,Paid (RTGS),VIJAYALAKSHMI ASSOCI,IFMS-GRID,https://accounts.bbmp.gov.in/vssWB/vss00CvStatusData.php?pAction=LoadPaymentGridData
2,174-25-000010,Final,360508.0,22291.0,338217.0,000043,2026-08-24,RTGS 000188,2026-09-17,Paid (RTGS),VIJAYALAKSHMI ASSOCI,IFMS-GRID,https://accounts.bbmp.gov.in/vssWB/vss00CvStatusData.php?pAction=LoadPaymentGridData
3,181-26-000011,Running,83379121.0,4592571.0,78786550.0,000012,2026-06-16,RTGS 000121,2026-07-13,Paid (RTGS),M RAMESH,IFMS-GRID,https://accounts.bbmp.gov.in/vssWB/vss00CvStatusData.php?pAction=LoadPaymentGridData
3,181-26-000011,Running,19475380.0,913266.0,18562114.0,000015,2026-06-24,RTGS 000160,2026-09-15,Paid (RTGS),M RAMESH,IFMS-GRID,https://accounts.bbmp.gov.in/vssWB/vss00CvStatusData.php?pAction=LoadPaymentGridData
10,173-25-000007,First and Final,958758.0,84697.0,874061.0,000007,2026-05-26,RTGS 000098,2026-08-01,Paid (RTGS),WISDOM ENTERPRISES,IFMS-GRID,https://accounts.bbmp.gov.in/vssWB/vss00CvStatusData.php?pAction=LoadPaymentGridData
12,186-23-000005,First and Final,2465748.0,313303.0,2152445.0,000008,2024-05-16,RTGS 000030,2026-07-30,Paid (RTGS),H S HEMAVATHI,IFMS-GRID,https://accounts.bbmp.gov.in/vssWB/vss00CvStatusData.php?pAction=LoadPaymentGridData
13,151-19-000038,First and Final,7285489.0,943371.0,6342118.0,000013,2024-05-23,RTGS 000032,2026-07-30,Paid (RTGS),Y H KRISHNA,IFMS-GRID,https://accounts.bbmp.gov.in/vssWB/vss00CvStatusData.php?pAction=LoadPaymentGridData
14,151-21-000002,Running,39347300.0,3500316.0,35846984.0,000102,2023-03-31,RTGS 001289,2024-02-20,Paid (RTGS),DASARADHA RAMI REDDY,S07,https://data.opencity.in/dataset/356bfc9c-6abe-4d16-b719-a90e265c2e28/resource/375708e4-be2e-4c35-bc12-edbacedc2ab2/download/3cd0f9a1-a899-46a8-81e4-b79834ad8408.csv
14,151-21-000002,Running,43558600.0,1789764.0,41768836.0,000046,2023-11-21,RTGS 001896,2024-08-20,Paid (RTGS),DASARADHA RAMI REDDY,S08,https://data.opencity.in/dataset/4e539082-aca3-4df0-b676-dc1655cf17d2/resource/67637545-30aa-4a6c-80fa-b46bc22bdc24/download/5cfd015d-cc0b-4526-b6e2-e547e740345a.csv
14,151-21-000002,Running,29979100.0,1065720.0,28913380.0,000064,2024-01-31,RTGS 001922,2024-08-20,Paid (RTGS),DASARADHA RAMI REDDY,S08,https://data.opencity.in/dataset/4e539082-aca3-4df0-b676-dc1655cf17d2/resource/67637545-30aa-4a6c-80fa-b46bc22bdc24/download/5cfd015d-cc0b-4526-b6e2-e547e740345a.csv
14,151-21-000002,Running,9520175.0,866983.0,8653192.0,000039,2025-08-28,RTGS 000044,2026-07-17,Paid (RTGS),DASARADHA RAMI REDDY,IFMS-GRID,https://accounts.bbmp.gov.in/vssWB/vss00CvStatusData.php?pAction=LoadPaymentGridData
15,174-26-000008,Running,100799543.0,5383080.0,95416463.0,000088,2026-01-27,RTGS 000345,2026-03-27,Paid (RTGS),M RAMESH,S12,https://data.opencity.in/dataset/280a1196-074e-43ac-acd9-914918b429f5/resource/3e784947-b321-4cba-bedb-69de53450a83/download/bbmp-2025-26-225-wards-work-orders.csv
15,174-26-000008,Running,8327023.0,456704.0,7870319.0,000006,2026-05-20,RTGS 000120,2026-07-13,Paid (RTGS),M RAMESH,IFMS-GRID,https://accounts.bbmp.gov.in/vssWB/vss00CvStatusData.php?pAction=LoadPaymentGridData
16,186-23-000009,First and Final,2819453.0,256103.0,2563350.0,000014,2024-06-01,RTGS 000114,2026-07-09,Paid (RTGS),S S CONSTRUCTIONS,IFMS-GRID,https://accounts.bbmp.gov.in/vssWB/vss00CvStatusData.php?pAction=LoadPaymentGridData
17,151-22-000003,First and Final,1988747.0,278451.0,1710296.0,000052,2025-02-03,RTGS 000116,2026-07-09,Paid (RTGS),Y H KRISHNA,IFMS-GRID,https://accounts.bbmp.gov.in/vssWB/vss00CvStatusData.php?pAction=LoadPaymentGridData
18,148-23-000002,First and Final,1550936.0,154148.0,1396788.0,000030,2023-07-06,RTGS 000087,2026-06-29,Paid (RTGS),Mr Manjesh M,IFMS-GRID,https://accounts.bbmp.gov.in/vssWB/vss00CvStatusData.php?pAction=LoadPaymentGridData
19,174-25-000008,Running,161172720.0,8135161.0,153037559.0,000057,2025-10-31,RTGS 000082,2026-06-23,Paid (RTGS),LOKESH R,IFMS-GRID,https://accounts.bbmp.gov.in/vssWB/vss00CvStatusData.php?pAction=LoadPaymentGridData
20,186-23-000006,First and Final,2597374.0,192804.0,2404570.0,000021,2024-06-21,RTGS 000083,2026-06-23,Paid (RTGS),SHREE SAI ENTERPRISE,IFMS-GRID,https://accounts.bbmp.gov.in/vssWB/vss00CvStatusData.php?pAction=LoadPaymentGridData
23,174-25-000013,Running,2953183.0,299989.0,2653194.0,000091,2026-01-29,RTGS 000052,2026-05-28,Paid (RTGS),M RAMESH,IFMS-GRID,https://accounts.bbmp.gov.in/vssWB/vss00CvStatusData.php?pAction=LoadPaymentGridData
24,176-24-000003,Running,3115744.0,327484.0,2788260.0,000037,2025-07-22,RTGS 003704,2025-08-29,Paid (RTGS),Y H KRISHNA,S12,https://data.opencity.in/dataset/280a1196-074e-43ac-acd9-914918b429f5/resource/3e784947-b321-4cba-bedb-69de53450a83/download/bbmp-2025-26-225-wards-work-orders.csv
24,176-24-000003,Second and Final,3195596.0,317895.0,2877701.0,000087,2026-01-23,RTGS 000036,2026-05-18,Paid (RTGS),Y H KRISHNA,IFMS-GRID,https://accounts.bbmp.gov.in/vssWB/vss00CvStatusData.php?pAction=LoadPaymentGridData
25,174-25-000007,First and Final,960600.0,83019.0,877581.0,000119,2026-03-25,RTGS 000145,2026-05-13,Paid (RTGS),Mr VARALA SWAMY,IFMS-GRID,https://accounts.bbmp.gov.in/vssWB/vss00CvStatusData.php?pAction=LoadPaymentGridData
28,307-23-000079,Running,337500.0,33750.0,303750.0,000310,2024-01-12,RTGS 003463,2024-03-26,Paid (RTGS),J N PROJECTS PRIVATE,S07,https://data.opencity.in/dataset/356bfc9c-6abe-4d16-b719-a90e265c2e28/resource/375708e4-be2e-4c35-bc12-edbacedc2ab2/download/3cd0f9a1-a899-46a8-81e4-b79834ad8408.csv
28,307-23-000079,Running,21226784.0,2408005.0,18818779.0,000019,2024-05-09,RTGS 004756,2024-08-05,Paid (RTGS),ALFATH TRADING AND,S08,https://data.opencity.in/dataset/4e539082-aca3-4df0-b676-dc1655cf17d2/resource/67637545-30aa-4a6c-80fa-b46bc22bdc24/download/5cfd015d-cc0b-4526-b6e2-e547e740345a.csv
28,307-23-000079,Second and Final,19263500.0,1457175.0,17806325.0,000079,2025-07-07,RTGS 000001,2026-04-13,Paid (RTGS),ALFATH TRADING AND,IFMS-GRID,https://accounts.bbmp.gov.in/vssWB/vss00CvStatusData.php?pAction=LoadPaymentGridData
29,186-23-000011,First and Final,2939041.0,157465.0,2781576.0,000094,2023-12-08,RTGS 000004,2026-04-09,Paid (RTGS),SIDDARAJUG,IFMS-GRID,https://accounts.bbmp.gov.in/vssWB/vss00CvStatusData.php?pAction=LoadPaymentGridData
30,186-23-000001,Running,100354000.0,3544414.0,96809586.0,000015,2024-05-16,RTGS 002586,2025-04-11,Paid (RTGS),DASARADHA RAMI REDDY,S13,https://data.opencity.in/dataset/280a1196-074e-43ac-acd9-914918b429f5/resource/6c2e5dfa-845c-440d-808c-3ed45b083059/download/bbmp-2025-26-243-wards-work-orders.csv
30,186-23-000001,Running,49615000.0,4813998.0,44801002.0,000051,2024-08-26,RTGS 003392,2025-07-11,Paid (RTGS),DASARADHA RAMI REDDY,S13,https://data.opencity.in/dataset/280a1196-074e-43ac-acd9-914918b429f5/resource/6c2e5dfa-845c-440d-808c-3ed45b083059/download/bbmp-2025-26-243-wards-work-orders.csv
30,186-23-000001,First and Final,495000.0,49500.0,445500.0,000011,2025-07-01,RTGS 000037,2026-04-08,Paid (RTGS),H & P CONSULTANTS,IFMS-GRID,https://accounts.bbmp.gov.in/vssWB/vss00CvStatusData.php?pAction=LoadPaymentGridData
30,186-23-000001,Running,1215000.0,121500.0,1093500.0,000015,2025-07-01,RTGS 000039,2026-04-08,Paid (RTGS),STRUCTIAL CONSULTANT,IFMS-GRID,https://accounts.bbmp.gov.in/vssWB/vss00CvStatusData.php?pAction=LoadPaymentGridData
30,186-23-000001,Running,4579600.0,217591.0,4362009.0,000077,2025-11-07,RTGS 000061,2026-04-08,Paid (RTGS),DASARADHA RAMI REDDY,IFMS-GRID,https://accounts.bbmp.gov.in/vssWB/vss00CvStatusData.php?pAction=LoadPaymentGridData
31,151-17-000099,First and Final,118000.0,11800.0,106200.0,000151,2023-01-07,RTGS 001998,2024-10-10,Paid (RTGS),H & P CONSULTANTS,S08,https://data.opencity.in/dataset/4e539082-aca3-4df0-b676-dc1655cf17d2/resource/67637545-30aa-4a6c-80fa-b46bc22bdc24/download/5cfd015d-cc0b-4526-b6e2-e547e740345a.csv
31,151-17-000099,Running,13449114.0,603957.0,12845157.0,000097,2023-12-15,RTGS 000285,2026-03-10,Paid (RTGS),T GOPINATH REDDY,S11,https://data.opencity.in/dataset/280a1196-074e-43ac-acd9-914918b429f5/resource/7a6907c2-6efd-43d6-99ac-1d10f67b3f85/download/bbmp-2025-26-198-wards-work-orders.csv
32,174-24-000005,Running,5143725.0,403305.0,4740420.0,000034,2024-11-13,RTGS 002174,2025-01-17,Paid (RTGS),VINAY KUMAR V H,S09,https://data.opencity.in/dataset/4e539082-aca3-4df0-b676-dc1655cf17d2/resource/f0606cb1-51f7-48f8-8c38-8995f790a958/download/c57cb808-16cc-4dc7-87e1-4ec55ae58dd3.csv
32,174-24-000005,Second and Final,2683384.0,291461.0,2391923.0,000045,2025-08-11,RTGS 000219,2026-02-24,Paid (RTGS),VINAY KUMAR V H,S12,https://data.opencity.in/dataset/280a1196-074e-43ac-acd9-914918b429f5/resource/3e784947-b321-4cba-bedb-69de53450a83/download/bbmp-2025-26-225-wards-work-orders.csv
33,186-23-000002,First and Final,3880390.0,218252.0,3662138.0,000105,2023-12-26,RTGS 000214,2026-02-18,Paid (RTGS),AFZALPASHA,S13,https://data.opencity.in/dataset/280a1196-074e-43ac-acd9-914918b429f5/resource/6c2e5dfa-845c-440d-808c-3ed45b083059/download/bbmp-2025-26-243-wards-work-orders.csv
34,174-24-000001,Running,3266085.0,209228.0,3056857.0,000026,2024-10-30,RTGS 002957,2025-05-31,Paid (RTGS),M RAMESH,S12,https://data.opencity.in/dataset/280a1196-074e-43ac-acd9-914918b429f5/resource/3e784947-b321-4cba-bedb-69de53450a83/download/bbmp-2025-26-225-wards-work-orders.csv
34,174-24-000001,Second and Final,2717398.0,138122.0,2579276.0,000009,2025-05-09,RTGS 000127,2026-02-03,Paid (RTGS),M RAMESH,S12,https://data.opencity.in/dataset/280a1196-074e-43ac-acd9-914918b429f5/resource/3e784947-b321-4cba-bedb-69de53450a83/download/bbmp-2025-26-225-wards-work-orders.csv
35,174-25-000012,Running,78770183.0,4310395.0,74459788.0,000007,2025-05-06,RTGS 000059,2026-01-14,Paid (RTGS),M RAMESH,S12,https://data.opencity.in/dataset/280a1196-074e-43ac-acd9-914918b429f5/resource/3e784947-b321-4cba-bedb-69de53450a83/download/bbmp-2025-26-225-wards-work-orders.csv
39,151-19-000032,First and Final,2324500.0,140765.0,2183735.0,000038,2023-07-20,RTGS 000044,2025-12-05,Paid (RTGS),SREEDHARA.K.C,S11,https://data.opencity.in/dataset/280a1196-074e-43ac-acd9-914918b429f5/resource/7a6907c2-6efd-43d6-99ac-1d10f67b3f85/download/bbmp-2025-26-198-wards-work-orders.csv
40,151-20-000071,First and Final,3896887.0,198021.0,3698866.0,000037,2023-07-20,RTGS 000045,2025-12-05,Paid (RTGS),SREEDHARA.K.C,S11,https://data.opencity.in/dataset/280a1196-074e-43ac-acd9-914918b429f5/resource/7a6907c2-6efd-43d6-99ac-1d10f67b3f85/download/bbmp-2025-26-198-wards-work-orders.csv
41,186-23-000007,First and Final,3836034.0,230883.0,3605151.0,000023,2023-06-28,RTGS 000042,2025-12-05,Paid (RTGS),SREEDHARA.K.C,S13,https://data.opencity.in/dataset/280a1196-074e-43ac-acd9-914918b429f5/resource/6c2e5dfa-845c-440d-808c-3ed45b083059/download/bbmp-2025-26-243-wards-work-orders.csv
42,151-20-000102,Running,6840600.0,620854.0,6219746.0,000021,2023-05-25,RTGS 000057,2025-12-02,Paid (RTGS),AWIKA CONSTRUCTIONS,S11,https://data.opencity.in/dataset/280a1196-074e-43ac-acd9-914918b429f5/resource/7a6907c2-6efd-43d6-99ac-1d10f67b3f85/download/bbmp-2025-26-198-wards-work-orders.csv
44,147-20-000061,Running,33811410.0,1705576.0,32105834.0,000118,2022-10-21,RTGS 001056,2023-01-23,Paid (RTGS),LOKESH R,S06,https://data.opencity.in/dataset/57ab37f1-b93e-40be-b553-c528bfcbf12d/resource/22b046a2-9126-46e9-901b-60ac62175844/download/c1088eec-7750-4f93-954e-486bbb78d355.csv
44,147-20-000061,First and Final,495600.0,49560.0,446040.0,000153,2023-01-07,RTGS 001161,2023-12-30,Paid (RTGS),INFRA TECHNOCRATS CO,S07,https://data.opencity.in/dataset/356bfc9c-6abe-4d16-b719-a90e265c2e28/resource/375708e4-be2e-4c35-bc12-edbacedc2ab2/download/3cd0f9a1-a899-46a8-81e4-b79834ad8408.csv
44,147-20-000061,Running,21113680.0,1964236.0,19149444.0,000011,2023-05-25,RTGS 001377,2024-03-26,Paid (RTGS),LOKESH R,S07,https://data.opencity.in/dataset/356bfc9c-6abe-4d16-b719-a90e265c2e28/resource/375708e4-be2e-4c35-bc12-edbacedc2ab2/download/3cd0f9a1-a899-46a8-81e4-b79834ad8408.csv
44,147-20-000061,Running,12959105.0,695785.0,12263320.0,000048,2025-01-16,RTGS 000007,2025-10-27,Paid (RTGS),LOKESH R,S11,https://data.opencity.in/dataset/280a1196-074e-43ac-acd9-914918b429f5/resource/7a6907c2-6efd-43d6-99ac-1d10f67b3f85/download/bbmp-2025-26-198-wards-work-orders.csv
44,147-20-000061,Running,14381103.0,1843760.0,12537343.0,000055,2025-02-24,RTGS 000009,2025-10-27,Paid (RTGS),LOKESH R,S11,https://data.opencity.in/dataset/280a1196-074e-43ac-acd9-914918b429f5/resource/7a6907c2-6efd-43d6-99ac-1d10f67b3f85/download/bbmp-2025-26-198-wards-work-orders.csv
45,148-23-000003,Running,45794890.0,4681180.0,41113710.0,000167,2023-02-15,RTGS 001102,2023-12-16,Paid (RTGS),RAMACHANDRA RAJU K,S07,https://data.opencity.in/dataset/356bfc9c-6abe-4d16-b719-a90e265c2e28/resource/375708e4-be2e-4c35-bc12-edbacedc2ab2/download/3cd0f9a1-a899-46a8-81e4-b79834ad8408.csv
45,148-23-000003,Running,1845944.0,197254.0,1648690.0,000168,2023-02-15,RTGS 001103,2023-12-16,Paid (RTGS),RAMACHANDRA RAJU K,S07,https://data.opencity.in/dataset/356bfc9c-6abe-4d16-b719-a90e265c2e28/resource/375708e4-be2e-4c35-bc12-edbacedc2ab2/download/3cd0f9a1-a899-46a8-81e4-b79834ad8408.csv
45,148-23-000003,Running,17715731.0,1827042.0,15888689.0,000173,2023-02-22,RTGS 001104,2023-12-16,Paid (RTGS),RAMACHANDRA RAJU K,S07,https://data.opencity.in/dataset/356bfc9c-6abe-4d16-b719-a90e265c2e28/resource/375708e4-be2e-4c35-bc12-edbacedc2ab2/download/3cd0f9a1-a899-46a8-81e4-b79834ad8408.csv
45,148-23-000003,First and Final,495000.0,49500.0,445500.0,000176,2023-02-23,RTGS 001165,2023-12-30,Paid (RTGS),H & P CONSULTANTS,S07,https://data.opencity.in/dataset/356bfc9c-6abe-4d16-b719-a90e265c2e28/resource/375708e4-be2e-4c35-bc12-edbacedc2ab2/download/3cd0f9a1-a899-46a8-81e4-b79834ad8408.csv
45,148-23-000003,Running,43503658.0,2064313.0,41439345.0,000079,2023-11-04,RTGS 003438,2024-03-26,Paid (RTGS),RAMACHANDRA RAJU K,S07,https://data.opencity.in/dataset/356bfc9c-6abe-4d16-b719-a90e265c2e28/resource/375708e4-be2e-4c35-bc12-edbacedc2ab2/download/3cd0f9a1-a899-46a8-81e4-b79834ad8408.csv
45,148-23-000003,Running,32893857.0,1738000.0,31155857.0,000087,2023-11-27,RTGS 003441,2024-03-26,Paid (RTGS),RAMACHANDRA RAJU K,S07,https://data.opencity.in/dataset/356bfc9c-6abe-4d16-b719-a90e265c2e28/resource/375708e4-be2e-4c35-bc12-edbacedc2ab2/download/3cd0f9a1-a899-46a8-81e4-b79834ad8408.csv
45,148-23-000003,Sixth and Final,55157626.0,2093883.0,53063743.0,000047,2025-01-15,RTGS 000006,2025-10-27,Paid (RTGS),RAMACHANDRA RAJU K,S11,https://data.opencity.in/dataset/280a1196-074e-43ac-acd9-914918b429f5/resource/7a6907c2-6efd-43d6-99ac-1d10f67b3f85/download/bbmp-2025-26-198-wards-work-orders.csv
46,148-20-000026,First and Final,10247310.0,617524.0,9629786.0,000081,2023-11-09,RTGS 000001,2025-10-27,Paid (RTGS),AWIKA CONSTRUCTIONS,S11,https://data.opencity.in/dataset/280a1196-074e-43ac-acd9-914918b429f5/resource/7a6907c2-6efd-43d6-99ac-1d10f67b3f85/download/bbmp-2025-26-198-wards-work-orders.csv
47,174-24-000004,Running,51135984.0,2947310.0,48188674.0,000041,2024-12-30,RTGS 000005,2025-10-27,Paid (RTGS),RAMACHANDRA RAJU K,S12,https://data.opencity.in/dataset/280a1196-074e-43ac-acd9-914918b429f5/resource/3e784947-b321-4cba-bedb-69de53450a83/download/bbmp-2025-26-225-wards-work-orders.csv
47,174-24-000004,Second and Final,23871977.0,872820.0,22999157.0,000045,2025-01-03,RTGS 003467,2025-08-05,Paid (RTGS),RAMACHANDRA RAJU K,S12,https://data.opencity.in/dataset/280a1196-074e-43ac-acd9-914918b429f5/resource/3e784947-b321-4cba-bedb-69de53450a83/download/bbmp-2025-26-225-wards-work-orders.csv
56,186-23-000010,First and Final,884719.0,52389.0,832330.0,000032,2023-07-10,RTGS 003628,2025-08-19,Paid (RTGS),GIRIRAJ S,S13,https://data.opencity.in/dataset/280a1196-074e-43ac-acd9-914918b429f5/resource/6c2e5dfa-845c-440d-808c-3ed45b083059/download/bbmp-2025-26-243-wards-work-orders.csv
57,186-23-000008,First and Final,2943725.0,258148.0,2685577.0,000035,2023-07-17,RTGS 003629,2025-08-19,Paid (RTGS),GOLDEN CONSTRUCTIONS,S13,https://data.opencity.in/dataset/280a1196-074e-43ac-acd9-914918b429f5/resource/6c2e5dfa-845c-440d-808c-3ed45b083059/download/bbmp-2025-26-243-wards-work-orders.csv
59,151-20-000112,Running,80247037.0,4954616.0,75292421.0,000045,2022-05-21,RTGS 000282,2022-09-17,Paid (RTGS),M RAMESH,S06,https://data.opencity.in/dataset/57ab37f1-b93e-40be-b553-c528bfcbf12d/resource/22b046a2-9126-46e9-901b-60ac62175844/download/c1088eec-7750-4f93-954e-486bbb78d355.csv
59,151-20-000112,First and Final,489700.0,48970.0,440730.0,000047,2022-05-26,RTGS 001081,2023-01-23,Paid (RTGS),INFRA TECHNOCRATS CO,S06,https://data.opencity.in/dataset/57ab37f1-b93e-40be-b553-c528bfcbf12d/resource/22b046a2-9126-46e9-901b-60ac62175844/download/c1088eec-7750-4f93-954e-486bbb78d355.csv
59,151-20-000112,Running,14911475.0,886561.0,14024914.0,000059,2022-06-21,RTGS 000283,2022-09-17,Paid (RTGS),M RAMESH,S06,https://data.opencity.in/dataset/57ab37f1-b93e-40be-b553-c528bfcbf12d/resource/22b046a2-9126-46e9-901b-60ac62175844/download/c1088eec-7750-4f93-954e-486bbb78d355.csv
59,151-20-000112,Running,470820.0,94182.0,376638.0,000019,2024-06-15,RTGS 003607,2025-08-14,Paid (RTGS),H & P CONSULTANTS,S11,https://data.opencity.in/dataset/280a1196-074e-43ac-acd9-914918b429f5/resource/7a6907c2-6efd-43d6-99ac-1d10f67b3f85/download/bbmp-2025-26-198-wards-work-orders.csv
60,151-19-000063,First and Final,450000.0,45000.0,405000.0,000034,2023-07-13,RTGS 001390,2024-03-28,Paid (RTGS),CIVIL EXPERTS CONSU,S07,https://data.opencity.in/dataset/356bfc9c-6abe-4d16-b719-a90e265c2e28/resource/375708e4-be2e-4c35-bc12-edbacedc2ab2/download/3cd0f9a1-a899-46a8-81e4-b79834ad8408.csv
60,151-19-000063,Running,114811842.0,5548707.0,109263135.0,000137,2024-03-26,RTGS 002695,2025-04-25,Paid (RTGS),M RAMESH,S11,https://data.opencity.in/dataset/280a1196-074e-43ac-acd9-914918b429f5/resource/7a6907c2-6efd-43d6-99ac-1d10f67b3f85/download/bbmp-2025-26-198-wards-work-orders.csv
60,151-19-000063,Running,470820.0,94182.0,376638.0,000020,2024-06-15,RTGS 003608,2025-08-14,Paid (RTGS),H & P CONSULTANTS,S11,https://data.opencity.in/dataset/280a1196-074e-43ac-acd9-914918b429f5/resource/7a6907c2-6efd-43d6-99ac-1d10f67b3f85/download/bbmp-2025-26-198-wards-work-orders.csv
62,151-18-000076,First and Final,1999296.0,94796.0,1904500.0,000040,2023-07-20,RTGS 003538,2025-08-10,Paid (RTGS),SREEDHARA.K.C,S11,https://data.opencity.in/dataset/280a1196-074e-43ac-acd9-914918b429f5/resource/7a6907c2-6efd-43d6-99ac-1d10f67b3f85/download/bbmp-2025-26-198-wards-work-orders.csv
63,151-18-000063,First and Final,1858227.0,91432.0,1766795.0,000039,2023-07-20,RTGS 003539,2025-08-10,Paid (RTGS),SREEDHARA.K.C,S11,https://data.opencity.in/dataset/280a1196-074e-43ac-acd9-914918b429f5/resource/7a6907c2-6efd-43d6-99ac-1d10f67b3f85/download/bbmp-2025-26-198-wards-work-orders.csv
64,174-24-000002,First and Final,5490072.0,517580.0,4972492.0,000016,2025-05-22,RTGS 003524,2025-08-08,Paid (RTGS),SREEDHARA.K.C,S12,https://data.opencity.in/dataset/280a1196-074e-43ac-acd9-914918b429f5/resource/3e784947-b321-4cba-bedb-69de53450a83/download/bbmp-2025-26-225-wards-work-orders.csv
65,151-18-000020,First and Final,1202688.0,142896.0,1059792.0,000021,2025-05-27,RTGS 003342,2025-07-09,Paid (RTGS),ANNAPPAP,S11,https://data.opencity.in/dataset/280a1196-074e-43ac-acd9-914918b429f5/resource/7a6907c2-6efd-43d6-99ac-1d10f67b3f85/download/bbmp-2025-26-198-wards-work-orders.csv
67,304-17-000105,,101600000.0,2032000.0,99568000.0,,,,,,M/s Simplex Infrastructures Limited,S34,https://data.opencity.in/dataset/968e5202-74ed-4279-92df-7b7a1a111108/resource/07cb6b16-fdc4-47e0-893c-47036697e845/download/a608d997-a9e2-4cec-b2c1-f62756959240.csv
67,304-17-000105,Running,101600000.0,2032000.0,99568000.0,22,,RTGS 000109,2017-06-21,Paid (RTGS),M/s Simplex Infrastructures Limited,IFMS-GRID,https://accounts.bbmp.gov.in/vssWB/vss00CvStatusData.php?pAction=LoadPaymentGridData
67,304-17-000105,Running,74129000.0,1310000.0,72819000.0,000031,2018-07-21,RTGS 154,2018-08-04,Paid (RTGS),M/s Simplex Infrastructures Limited,S43,https://data.opencity.in/dataset/968e5202-74ed-4279-92df-7b7a1a111108/resource/06812e7e-70a0-43c7-82b8-02e6cd1968c7/download/9cee35c1-eb78-4dbe-b248-8b7cfb5dadba.csv
67,304-17-000105,Running,77667100.0,,,000065,2018-10-16,RTGS 000257,2018-10-31,Paid (RTGS),M/s Simplex Infrastructures Limited,S45,https://data.opencity.in/dataset/968e5202-74ed-4279-92df-7b7a1a111108/resource/2f981c34-c500-454a-a321-3bd89670f4fc/download/bba9c3ae-f8f5-48fc-9b96-9a3544dfbafc.csv
67,304-17-000105,Running,60333800.0,,,000084,2018-12-21,RTGS 000307,2018-12-29,Paid (RTGS),M/s Simplex Infrastructures Limited,S45,https://data.opencity.in/dataset/968e5202-74ed-4279-92df-7b7a1a111108/resource/2f981c34-c500-454a-a321-3bd89670f4fc/download/bba9c3ae-f8f5-48fc-9b96-9a3544dfbafc.csv
67,304-17-000105,Running,62360040.0,2396517.0,59963523.0,000106,2019-02-16,RTGS 000366,2019-03-05,Paid (RTGS),M/s Simplex Infrastructures Limited,IFMS-GRID,https://accounts.bbmp.gov.in/vssWB/vss00CvStatusData.php?pAction=LoadPaymentGridData
67,304-17-000105,Running,74041330.0,23128431.0,50912899.0,000121,2019-03-23,RTGS 000002,2019-04-04,Paid (RTGS),M/s Simplex Infrastructures Limited,IFMS-GRID,https://accounts.bbmp.gov.in/vssWB/vss00CvStatusData.php?pAction=LoadPaymentGridData
67,304-17-000105,Running,72120035.0,22919178.0,49200857.0,000033,2019-05-28,RTGS 000082,2019-06-13,Paid (RTGS),M/s Simplex Infrastructures Limited,IFMS-GRID,https://accounts.bbmp.gov.in/vssWB/vss00CvStatusData.php?pAction=LoadPaymentGridData
67,304-17-000105,,3842900.0,452914.0,3389986.0,000041,2019-07-09,RTGS 000218,2019-10-11,Paid (RTGS),INFRA SUPPORT ENGGCO,IFMS-GRID,https://accounts.bbmp.gov.in/vssWB/vss00CvStatusData.php?pAction=LoadPaymentGridData
67,304-17-000105,Running,72941890.0,32951116.0,39990774.0,000054,2019-08-01,RTGS 000218,2019-10-11,Paid (RTGS),M/s Simplex Infrastructures Limited,IFMS-GRID,https://accounts.bbmp.gov.in/vssWB/vss00CvStatusData.php?pAction=LoadPaymentGridData
67,304-17-000105,Running,60936255.0,12584618.0,48351637.0,000074,2019-09-30,RTGS 000338,2020-01-09,Paid (RTGS),M/s Simplex Infrastructures Limited,IFMS-GRID,https://accounts.bbmp.gov.in/vssWB/vss00CvStatusData.php?pAction=LoadPaymentGridData
67,304-17-000105,Running,36799425.0,4162282.0,32637143.0,000119,2020-02-03,RTGS 000031,2020-05-22,Paid (RTGS),M/s Simplex Infrastructures Limited,IFMS-GRID,https://accounts.bbmp.gov.in/vssWB/vss00CvStatusData.php?pAction=LoadPaymentGridData
67,304-17-000105,Running,1400735.0,165087.0,1235648.0,000132,2020-02-20,RTGS 000238,2020-12-24,Paid (RTGS),INFRA SUPPORT ENGGCO,IFMS-GRID,https://accounts.bbmp.gov.in/vssWB/vss00CvStatusData.php?pAction=LoadPaymentGridData
67,304-17-000105,Running,25500430.0,11207674.0,14292756.0,000019,2020-05-18,RTGS 000192,2020-10-15,Paid (RTGS),M/s Simplex Infrastructures Limited,IFMS-GRID,https://accounts.bbmp.gov.in/vssWB/vss00CvStatusData.php?pAction=LoadPaymentGridData
67,304-17-000105,Running,36978645.0,11228973.0,25749672.0,000039,2020-07-08,RTGS 000195,2020-10-17,Paid (RTGS),M/s Simplex Infrastructures Limited,IFMS-GRID,https://accounts.bbmp.gov.in/vssWB/vss00CvStatusData.php?pAction=LoadPaymentGridData
67,304-17-000105,Running,36001500.0,9383681.0,26617819.0,000050,2020-09-22,RTGS 000195,2020-10-17,Paid (RTGS),M/s Simplex Infrastructures Limited,IFMS-GRID,https://accounts.bbmp.gov.in/vssWB/vss00CvStatusData.php?pAction=LoadPaymentGridData
67,304-17-000105,Running,37392860.0,2428365.0,34964495.0,000028,2021-07-20,RTGS 000127,2021-07-30,Paid (RTGS),M/s Simplex Infrastructures Limited,IFMS-GRID,https://accounts.bbmp.gov.in/vssWB/vss00CvStatusData.php?pAction=LoadPaymentGridData
67,304-17-000105,Running,23624530.0,3660021.0,19964509.0,000051,2021-09-28,RTGS 000275,2021-11-19,Paid (RTGS),M/s Simplex Infrastructures Limited,IFMS-GRID,https://accounts.bbmp.gov.in/vssWB/vss00CvStatusData.php?pAction=LoadPaymentGridData
67,304-17-000105,Running,1632230.0,192371.0,1439859.0,000052,2021-09-30,RTGS 000246,2022-07-13,Paid (RTGS),INFRA SUPPORT ENGGCO,S06,https://data.opencity.in/dataset/57ab37f1-b93e-40be-b553-c528bfcbf12d/resource/22b046a2-9126-46e9-901b-60ac62175844/download/c1088eec-7750-4f93-954e-486bbb78d355.csv
67,304-17-000105,Running,37902400.0,2498183.0,35404217.0,000007,2022-04-21,RTGS 000356,2022-09-23,Paid (RTGS),M RAMESH,S06,https://data.opencity.in/dataset/57ab37f1-b93e-40be-b553-c528bfcbf12d/resource/22b046a2-9126-46e9-901b-60ac62175844/download/c1088eec-7750-4f93-954e-486bbb78d355.csv
67,304-17-000105,Running,88055000.0,1761100.0,86293900.0,000051,2024-01-24,RTGS 003252,2024-03-06,Paid (RTGS),ESCROW A/C BSCPL INFRASTRUCTURE LTD,S07,https://data.opencity.in/dataset/356bfc9c-6abe-4d16-b719-a90e265c2e28/resource/375708e4-be2e-4c35-bc12-edbacedc2ab2/download/3cd0f9a1-a899-46a8-81e4-b79834ad8408.csv
67,304-17-000105,Running,65887530.0,3157914.0,62729616.0,000046,2024-08-26,RTGS 005215,2024-09-03,Paid (RTGS),ESCROW A/C BSCPL INFRASTRUCTURE LTD,S08,https://data.opencity.in/dataset/4e539082-aca3-4df0-b676-dc1655cf17d2/resource/67637545-30aa-4a6c-80fa-b46bc22bdc24/download/5cfd015d-cc0b-4526-b6e2-e547e740345a.csv
67,304-17-000105,Running,103998643.0,91146613.0,12852030.0,000063,2024-11-27,RTGS 000072,2025-07-01,Paid (RTGS),ESCROW A/C BSCPL INFRASTRUCTURE LTD,S14,https://data.opencity.in/dataset/280a1196-074e-43ac-acd9-914918b429f5/resource/71b93422-3d64-4de6-a823-468517f441e3/download/bbmp-2025-26-common-wards-work-orders.csv
67,304-17-000105,Running,268469480.0,13118879.0,255350601.0,,,RTGS 000001,2025-07-01,Paid (RTGS),ESCROW A/C BSCPL INFRASTRUCTURE LTD,S14,https://data.opencity.in/dataset/280a1196-074e-43ac-acd9-914918b429f5/resource/71b93422-3d64-4de6-a823-468517f441e3/download/bbmp-2025-26-common-wards-work-orders.csv
67,304-17-000105,Running,81461442.0,3681025.0,77780417.0,,,RTGS 000002,2025-07-01,Paid (RTGS),ESCROW A/C BSCPL INFRASTRUCTURE LTD,S14,https://data.opencity.in/dataset/280a1196-074e-43ac-acd9-914918b429f5/resource/71b93422-3d64-4de6-a823-468517f441e3/download/bbmp-2025-26-common-wards-work-orders.csv
68,151-22-000005,Running,1049956.0,81298.0,968658.0,000065,2022-07-12,,2022-10-07,Under Process in EE (Acts. Supdt.),VIJAYALAKSHMI ASSOCI,S01,https://data.opencity.in/dataset/d22cea6d-5256-43af-8ad5-68db551e0760/resource/1ccbab74-ca87-465f-826b-5fd1b4b81a5f/download/f68edd0d-7e8b-4386-89cc-a7c946785c8a.csv
68,151-22-000005,Running,1049956.0,84598.0,965358.0,000131,2022-09-15,RTGS 000251,2022-12-06,Paid (RTGS),VIJAYALAKSHMI ASSOCI,S06,https://data.opencity.in/dataset/57ab37f1-b93e-40be-b553-c528bfcbf12d/resource/22b046a2-9126-46e9-901b-60ac62175844/download/c1088eec-7750-4f93-954e-486bbb78d355.csv
68,151-22-000005,Running,559796.0,43622.0,516174.0,000193,2022-10-21,RTGS 000365,2023-03-01,Paid (RTGS),VIJAYALAKSHMI ASSOCI,S06,https://data.opencity.in/dataset/57ab37f1-b93e-40be-b553-c528bfcbf12d/resource/22b046a2-9126-46e9-901b-60ac62175844/download/c1088eec-7750-4f93-954e-486bbb78d355.csv
68,151-22-000005,Running,516372.0,41754.0,474618.0,000211,2022-11-17,RTGS 000436,2023-04-28,Paid (RTGS),VIJAYALAKSHMI ASSOCI,S07,https://data.opencity.in/dataset/356bfc9c-6abe-4d16-b719-a90e265c2e28/resource/375708e4-be2e-4c35-bc12-edbacedc2ab2/download/3cd0f9a1-a899-46a8-81e4-b79834ad8408.csv
68,151-22-000005,Running,533584.0,41342.0,492242.0,000238,2022-12-12,RTGS 000459,2023-04-28,Paid (RTGS),VIJAYALAKSHMI ASSOCI,S07,https://data.opencity.in/dataset/356bfc9c-6abe-4d16-b719-a90e265c2e28/resource/375708e4-be2e-4c35-bc12-edbacedc2ab2/download/3cd0f9a1-a899-46a8-81e4-b79834ad8408.csv
68,151-22-000005,Running,516372.0,40354.0,476018.0,000278,2023-01-07,RTGS 000498,2023-04-28,Paid (RTGS),VIJAYALAKSHMI ASSOCI,S07,https://data.opencity.in/dataset/356bfc9c-6abe-4d16-b719-a90e265c2e28/resource/375708e4-be2e-4c35-bc12-edbacedc2ab2/download/3cd0f9a1-a899-46a8-81e4-b79834ad8408.csv
68,151-22-000005,Running,533584.0,42942.0,490642.0,000295,2023-02-15,RTGS 000509,2023-04-28,Paid (RTGS),VIJAYALAKSHMI ASSOCI,S07,https://data.opencity.in/dataset/356bfc9c-6abe-4d16-b719-a90e265c2e28/resource/375708e4-be2e-4c35-bc12-edbacedc2ab2/download/3cd0f9a1-a899-46a8-81e4-b79834ad8408.csv
68,151-22-000005,Running,1922931.0,144146.0,1778785.0,000022,2023-06-12,RTGS 000688,2023-09-27,Paid (RTGS),VIJAYALAKSHMI ASSOCI,S07,https://data.opencity.in/dataset/356bfc9c-6abe-4d16-b719-a90e265c2e28/resource/375708e4-be2e-4c35-bc12-edbacedc2ab2/download/3cd0f9a1-a899-46a8-81e4-b79834ad8408.csv
68,151-22-000005,Running,536200.0,43634.0,492566.0,000061,2023-07-26,RTGS 000716,2023-09-28,Paid (RTGS),VIJAYALAKSHMI ASSOCI,S07,https://data.opencity.in/dataset/356bfc9c-6abe-4d16-b719-a90e265c2e28/resource/375708e4-be2e-4c35-bc12-edbacedc2ab2/download/3cd0f9a1-a899-46a8-81e4-b79834ad8408.csv
68,151-22-000005,Running,1090274.0,86083.0,1004191.0,000082,2023-07-27,RTGS 000736,2023-09-28,Paid (RTGS),VIJAYALAKSHMI ASSOCI,S07,https://data.opencity.in/dataset/356bfc9c-6abe-4d16-b719-a90e265c2e28/resource/375708e4-be2e-4c35-bc12-edbacedc2ab2/download/3cd0f9a1-a899-46a8-81e4-b79834ad8408.csv
68,151-22-000005,Running,1210671.0,85256.0,1125415.0,000120,2023-09-16,RTGS 000936,2023-10-19,Paid (RTGS),VIJAYALAKSHMI ASSOCI,S07,https://data.opencity.in/dataset/356bfc9c-6abe-4d16-b719-a90e265c2e28/resource/375708e4-be2e-4c35-bc12-edbacedc2ab2/download/3cd0f9a1-a899-46a8-81e4-b79834ad8408.csv
68,151-22-000005,Running,536200.0,39134.0,497066.0,000135,2023-10-21,RTGS 001063,2023-11-20,Paid (RTGS),VIJAYALAKSHMI ASSOCI,S07,https://data.opencity.in/dataset/356bfc9c-6abe-4d16-b719-a90e265c2e28/resource/375708e4-be2e-4c35-bc12-edbacedc2ab2/download/3cd0f9a1-a899-46a8-81e4-b79834ad8408.csv
68,151-22-000005,Running,554074.0,40549.0,513525.0,000160,2023-11-22,RTGS 001118,2023-12-16,Paid (RTGS),VIJAYALAKSHMI ASSOCI,S07,https://data.opencity.in/dataset/356bfc9c-6abe-4d16-b719-a90e265c2e28/resource/375708e4-be2e-4c35-bc12-edbacedc2ab2/download/3cd0f9a1-a899-46a8-81e4-b79834ad8408.csv
68,151-22-000005,Running,536200.0,39034.0,497166.0,000183,2023-12-21,RTGS 001178,2024-01-10,Paid (RTGS),VIJAYALAKSHMI ASSOCI,S07,https://data.opencity.in/dataset/356bfc9c-6abe-4d16-b719-a90e265c2e28/resource/375708e4-be2e-4c35-bc12-edbacedc2ab2/download/3cd0f9a1-a899-46a8-81e4-b79834ad8408.csv
68,151-22-000005,Running,646298.0,45459.0,600839.0,000216,2024-01-25,RTGS 001318,2024-02-20,Paid (RTGS),VIJAYALAKSHMI ASSOCI,S07,https://data.opencity.in/dataset/356bfc9c-6abe-4d16-b719-a90e265c2e28/resource/375708e4-be2e-4c35-bc12-edbacedc2ab2/download/3cd0f9a1-a899-46a8-81e4-b79834ad8408.csv
68,151-22-000005,Running,608929.0,43359.0,565570.0,000240,2024-02-21,RTGS 001375,2024-03-21,Paid (RTGS),VIJAYALAKSHMI ASSOCI,S07,https://data.opencity.in/dataset/356bfc9c-6abe-4d16-b719-a90e265c2e28/resource/375708e4-be2e-4c35-bc12-edbacedc2ab2/download/3cd0f9a1-a899-46a8-81e4-b79834ad8408.csv
68,151-22-000005,Running,626004.0,43196.0,582808.0,000270,2024-03-28,RTGS 001414,2024-04-23,Paid (RTGS),VIJAYALAKSHMI ASSOCI,S08,https://data.opencity.in/dataset/4e539082-aca3-4df0-b676-dc1655cf17d2/resource/67637545-30aa-4a6c-80fa-b46bc22bdc24/download/5cfd015d-cc0b-4526-b6e2-e547e740345a.csv
68,151-22-000005,Running,597695.0,42572.0,555123.0,000012,2024-04-29,RTGS 001519,2024-05-23,Paid (RTGS),VIJAYALAKSHMI ASSOCI,S08,https://data.opencity.in/dataset/4e539082-aca3-4df0-b676-dc1655cf17d2/resource/67637545-30aa-4a6c-80fa-b46bc22bdc24/download/5cfd015d-cc0b-4526-b6e2-e547e740345a.csv
68,151-22-000005,Running,536200.0,40234.0,495966.0,000035,2024-05-27,RTGS 001676,2024-07-12,Paid (RTGS),VIJAYALAKSHMI ASSOCI,S08,https://data.opencity.in/dataset/4e539082-aca3-4df0-b676-dc1655cf17d2/resource/67637545-30aa-4a6c-80fa-b46bc22bdc24/download/5cfd015d-cc0b-4526-b6e2-e547e740345a.csv
68,151-22-000005,Running,554074.0,41649.0,512425.0,000058,2024-06-25,RTGS 001699,2024-07-15,Paid (RTGS),VIJAYALAKSHMI ASSOCI,S08,https://data.opencity.in/dataset/4e539082-aca3-4df0-b676-dc1655cf17d2/resource/67637545-30aa-4a6c-80fa-b46bc22bdc24/download/5cfd015d-cc0b-4526-b6e2-e547e740345a.csv
68,151-22-000005,Running,536200.0,41634.0,494566.0,000103,2024-07-25,RTGS 001852,2024-08-09,Paid (RTGS),VIJAYALAKSHMI ASSOCI,S08,https://data.opencity.in/dataset/4e539082-aca3-4df0-b676-dc1655cf17d2/resource/67637545-30aa-4a6c-80fa-b46bc22bdc24/download/5cfd015d-cc0b-4526-b6e2-e547e740345a.csv
68,151-22-000005,Running,554074.0,43049.0,511025.0,000128,2024-08-23,RTGS 001967,2024-09-12,Paid (RTGS),VIJAYALAKSHMI ASSOCI,S08,https://data.opencity.in/dataset/4e539082-aca3-4df0-b676-dc1655cf17d2/resource/67637545-30aa-4a6c-80fa-b46bc22bdc24/download/5cfd015d-cc0b-4526-b6e2-e547e740345a.csv
68,151-22-000005,Running,696548.0,51065.0,645483.0,000171,2024-12-16,RTGS 002215,2025-01-31,Paid (RTGS),VIJAYALAKSHMI ASSOCI,S08,https://data.opencity.in/dataset/4e539082-aca3-4df0-b676-dc1655cf17d2/resource/67637545-30aa-4a6c-80fa-b46bc22bdc24/download/5cfd015d-cc0b-4526-b6e2-e547e740345a.csv
68,151-22-000005,Running,591535.0,46188.0,545347.0,000210,2025-01-10,RTGS 002465,2025-03-19,Paid (RTGS),VIJAYALAKSHMI ASSOCI,S08,https://data.opencity.in/dataset/4e539082-aca3-4df0-b676-dc1655cf17d2/resource/67637545-30aa-4a6c-80fa-b46bc22bdc24/download/5cfd015d-cc0b-4526-b6e2-e547e740345a.csv
68,151-22-000005,Final,1816981.0,139252.0,1677729.0,000007,2025-04-28,RTGS 002904,2025-05-26,Paid (RTGS),VIJAYALAKSHMI ASSOCI,S11,https://data.opencity.in/dataset/280a1196-074e-43ac-acd9-914918b429f5/resource/7a6907c2-6efd-43d6-99ac-1d10f67b3f85/download/bbmp-2025-26-198-wards-work-orders.csv
86,151-23-000001,First and Final,1816906.0,193035.0,1623871.0,000161,2023-02-06,RTGS 005476,2024-10-25,Paid (RTGS),SIDDALING,S08,https://data.opencity.in/dataset/4e539082-aca3-4df0-b676-dc1655cf17d2/resource/67637545-30aa-4a6c-80fa-b46bc22bdc24/download/5cfd015d-cc0b-4526-b6e2-e547e740345a.csv
87,151-23-000002,First and Final,1619350.0,97359.0,1521991.0,000180,2023-02-28,RTGS 005523,2024-10-25,Paid (RTGS),NAGESHA REDDY N V,S08,https://data.opencity.in/dataset/4e539082-aca3-4df0-b676-dc1655cf17d2/resource/67637545-30aa-4a6c-80fa-b46bc22bdc24/download/5cfd015d-cc0b-4526-b6e2-e547e740345a.csv
88,151-19-000039,First and Final,2958722.0,382044.0,2576678.0,000133,2022-12-09,RTGS 002046,2024-10-23,Paid (RTGS),SRI VENKATESHWARA EN,S08,https://data.opencity.in/dataset/4e539082-aca3-4df0-b676-dc1655cf17d2/resource/67637545-30aa-4a6c-80fa-b46bc22bdc24/download/5cfd015d-cc0b-4526-b6e2-e547e740345a.csv
89,151-20-000095,First and Final,422000.0,42200.0,379800.0,000093,2022-10-21,RTGS 001076,2023-01-23,Paid (RTGS),J N PROJECTS PRIVATE,S06,https://data.opencity.in/dataset/57ab37f1-b93e-40be-b553-c528bfcbf12d/resource/22b046a2-9126-46e9-901b-60ac62175844/download/c1088eec-7750-4f93-954e-486bbb78d355.csv
89,151-20-000095,Running,22710240.0,1195848.0,21514392.0,000097,2022-11-28,RTGS 001083,2023-01-23,Paid (RTGS),SRINIVASA REDDY H,S06,https://data.opencity.in/dataset/57ab37f1-b93e-40be-b553-c528bfcbf12d/resource/22b046a2-9126-46e9-901b-60ac62175844/download/c1088eec-7750-4f93-954e-486bbb78d355.csv
89,151-20-000095,Running,33033280.0,1788070.0,31245210.0,000273,2023-12-28,RTGS 005386,2024-09-23,Paid (RTGS),SRINIVASA REDDY H,S08,https://data.opencity.in/dataset/4e539082-aca3-4df0-b676-dc1655cf17d2/resource/67637545-30aa-4a6c-80fa-b46bc22bdc24/download/5cfd015d-cc0b-4526-b6e2-e547e740345a.csv
90,151-23-000003,Running,72340492.0,7627832.0,64712660.0,000147,2022-12-31,RTGS 001483,2023-03-30,Paid (RTGS),LOKESH R,S06,https://data.opencity.in/dataset/57ab37f1-b93e-40be-b553-c528bfcbf12d/resource/22b046a2-9126-46e9-901b-60ac62175844/download/c1088eec-7750-4f93-954e-486bbb78d355.csv
90,151-23-000003,First and Final,493000.0,49300.0,443700.0,000177,2023-02-23,RTGS 001166,2023-12-30,Paid (RTGS),ROAD INVENTO CONSULT,S07,https://data.opencity.in/dataset/356bfc9c-6abe-4d16-b719-a90e265c2e28/resource/375708e4-be2e-4c35-bc12-edbacedc2ab2/download/3cd0f9a1-a899-46a8-81e4-b79834ad8408.csv
90,151-23-000003,Running,525000.0,52500.0,472500.0,000033,2023-07-11,RTGS 001389,2024-03-28,Paid (RTGS),TECHNOART CONSULTANT,S07,https://data.opencity.in/dataset/356bfc9c-6abe-4d16-b719-a90e265c2e28/resource/375708e4-be2e-4c35-bc12-edbacedc2ab2/download/3cd0f9a1-a899-46a8-81e4-b79834ad8408.csv
90,151-23-000003,Second and Final,27620697.0,1779071.0,25841626.0,000077,2023-10-31,RTGS 001627,2024-06-18,Paid (RTGS),LOKESH R,S08,https://data.opencity.in/dataset/4e539082-aca3-4df0-b676-dc1655cf17d2/resource/67637545-30aa-4a6c-80fa-b46bc22bdc24/download/5cfd015d-cc0b-4526-b6e2-e547e740345a.csv
90,151-23-000003,Second and Final,350000.0,35000.0,315000.0,000115,2024-01-25,RTGS 001949,2024-08-23,Paid (RTGS),TECHNOART CONSULTANT,S08,https://data.opencity.in/dataset/4e539082-aca3-4df0-b676-dc1655cf17d2/resource/67637545-30aa-4a6c-80fa-b46bc22bdc24/download/5cfd015d-cc0b-4526-b6e2-e547e740345a.csv
91,151-21-000001,Final,1142855.0,55829.0,1087026.0,000029,2022-12-14,RTGS 005106,2024-08-23,Paid (RTGS),M/S VENKATESWARA CON,S08,https://data.opencity.in/dataset/4e539082-aca3-4df0-b676-dc1655cf17d2/resource/67637545-30aa-4a6c-80fa-b46bc22bdc24/download/5cfd015d-cc0b-4526-b6e2-e547e740345a.csv
92,151-22-000002,First and Final,7801783.0,454962.0,7346821.0,000120,2022-10-27,RTGS 001893,2024-08-20,Paid (RTGS),GIRISH & CO,S08,https://data.opencity.in/dataset/4e539082-aca3-4df0-b676-dc1655cf17d2/resource/67637545-30aa-4a6c-80fa-b46bc22bdc24/download/5cfd015d-cc0b-4526-b6e2-e547e740345a.csv
93,151-19-000014,First and Final,2947128.0,339805.0,2607323.0,000011,2022-04-16,,2024-08-07,Under Process in AdCf - Acts. Supdt.,KRIDL BHUSIRI ACCOU,S01,https://data.opencity.in/dataset/d22cea6d-5256-43af-8ad5-68db551e0760/resource/1ccbab74-ca87-465f-826b-5fd1b4b81a5f/download/f68edd0d-7e8b-4386-89cc-a7c946785c8a.csv
94,147-19-000049,First and Final,3546936.0,144429.0,3402507.0,000123,2022-10-28,RTGS 001794,2024-07-23,Paid (RTGS),H S HEMAVATHI,S08,https://data.opencity.in/dataset/4e539082-aca3-4df0-b676-dc1655cf17d2/resource/67637545-30aa-4a6c-80fa-b46bc22bdc24/download/5cfd015d-cc0b-4526-b6e2-e547e740345a.csv
95,148-20-000053,First and Final,8825900.0,819804.0,8006096.0,000050,2022-09-22,RTGS 001790,2024-07-23,Paid (RTGS),KUMARA. S,S08,https://data.opencity.in/dataset/4e539082-aca3-4df0-b676-dc1655cf17d2/resource/67637545-30aa-4a6c-80fa-b46bc22bdc24/download/5cfd015d-cc0b-4526-b6e2-e547e740345a.csv
96,151-20-000024,First and Final,5176342.0,203494.0,4972848.0,000124,2022-10-28,RTGS 001796,2024-07-23,Paid (RTGS),Y H KRISHNA,S08,https://data.opencity.in/dataset/4e539082-aca3-4df0-b676-dc1655cf17d2/resource/67637545-30aa-4a6c-80fa-b46bc22bdc24/download/5cfd015d-cc0b-4526-b6e2-e547e740345a.csv
97,151-22-000006,Final,25504718.0,2522088.0,22982630.0,000148,2022-09-19,RTGS 001774,2024-07-22,Paid (RTGS),GEETHA ELECTRICAL ST,S08,https://data.opencity.in/dataset/4e539082-aca3-4df0-b676-dc1655cf17d2/resource/67637545-30aa-4a6c-80fa-b46bc22bdc24/download/5cfd015d-cc0b-4526-b6e2-e547e740345a.csv
98,151-20-000108,First and Final,893488.0,60922.0,832566.0,000115,2022-10-14,RTGS 001778,2024-07-22,Paid (RTGS),AKRUTH CONSTRUCTIONS,S08,https://data.opencity.in/dataset/4e539082-aca3-4df0-b676-dc1655cf17d2/resource/67637545-30aa-4a6c-80fa-b46bc22bdc24/download/5cfd015d-cc0b-4526-b6e2-e547e740345a.csv
99,151-19-000054,First and Final,9751357.0,912195.0,8839162.0,000018,2022-05-31,,2024-07-18,Under Process in EE (Acts. Supdt.),KRIDL BHUSIRI ACCOU,S01,https://data.opencity.in/dataset/d22cea6d-5256-43af-8ad5-68db551e0760/resource/1ccbab74-ca87-465f-826b-5fd1b4b81a5f/download/f68edd0d-7e8b-4386-89cc-a7c946785c8a.csv
100,151-20-000076,Running,6394273.0,730201.0,5664072.0,000044,2023-08-02,RTGS 004407,2024-07-11,Paid (RTGS),PRATHEEK K R,S08,https://data.opencity.in/dataset/4e539082-aca3-4df0-b676-dc1655cf17d2/resource/67637545-30aa-4a6c-80fa-b46bc22bdc24/download/5cfd015d-cc0b-4526-b6e2-e547e740345a.csv
101,151-19-000009,First and Final,4625600.0,431269.0,4194331.0,000052,2022-06-03,,2024-06-20,Under Process in AdCf - Acts. Supdt.,SIDDALING,S01,https://data.opencity.in/dataset/d22cea6d-5256-43af-8ad5-68db551e0760/resource/1ccbab74-ca87-465f-826b-5fd1b4b81a5f/download/f68edd0d-7e8b-4386-89cc-a7c946785c8a.csv
102,151-17-000077,First and Final,4752250.0,1120361.0,3631889.0,000086,2022-07-29,RTGS 001648,2024-06-20,Paid (RTGS),MNAGESHA,S08,https://data.opencity.in/dataset/4e539082-aca3-4df0-b676-dc1655cf17d2/resource/67637545-30aa-4a6c-80fa-b46bc22bdc24/download/5cfd015d-cc0b-4526-b6e2-e547e740345a.csv
103,151-20-000111,First and Final,928571.0,57310.0,871261.0,000096,2022-08-03,RTGS 001636,2024-06-19,Paid (RTGS),AKRUTH CONSTRUCTIONS,S08,https://data.opencity.in/dataset/4e539082-aca3-4df0-b676-dc1655cf17d2/resource/67637545-30aa-4a6c-80fa-b46bc22bdc24/download/5cfd015d-cc0b-4526-b6e2-e547e740345a.csv
104,151-17-000098,First and Final,3154225.0,690251.0,2463974.0,000085,2022-07-29,RTGS 001619,2024-06-15,Paid (RTGS),MNAGESHA,S08,https://data.opencity.in/dataset/4e539082-aca3-4df0-b676-dc1655cf17d2/resource/67637545-30aa-4a6c-80fa-b46bc22bdc24/download/5cfd015d-cc0b-4526-b6e2-e547e740345a.csv
105,186-23-000003,First and Final,901048.0,85940.0,815108.0,000096,2023-12-15,RTGS 001501,2024-05-18,Paid (RTGS),NAGESHA REDDY N V,S10,https://data.opencity.in/dataset/4e539082-aca3-4df0-b676-dc1655cf17d2/resource/83d27234-f87c-4a0b-a668-a58bd57b5034/download/7b43174d-fa07-46f5-b27b-e7b6ccb1a4bd.csv
106,151-18-000087,First and Final,1743563.0,214361.0,1529202.0,000009,2022-04-16,,2024-05-15,Under Process in AdCf - Acts. Supdt.,SREEDHARA.K.C,S01,https://data.opencity.in/dataset/d22cea6d-5256-43af-8ad5-68db551e0760/resource/1ccbab74-ca87-465f-826b-5fd1b4b81a5f/download/f68edd0d-7e8b-4386-89cc-a7c946785c8a.csv
107,151-18-000073,First and Final,1775084.0,115435.0,1659649.0,000008,2022-04-16,,2024-05-15,Under Process in AdCf - Acts. Supdt.,SREEDHARA.K.C,S01,https://data.opencity.in/dataset/d22cea6d-5256-43af-8ad5-68db551e0760/resource/1ccbab74-ca87-465f-826b-5fd1b4b81a5f/download/f68edd0d-7e8b-4386-89cc-a7c946785c8a.csv
108,151-18-000075,First and Final,1854339.0,124647.0,1729692.0,000007,2022-04-16,,2024-05-15,Under Process in AdCf - Acts. Supdt.,SREEDHARA.K.C,S01,https://data.opencity.in/dataset/d22cea6d-5256-43af-8ad5-68db551e0760/resource/1ccbab74-ca87-465f-826b-5fd1b4b81a5f/download/f68edd0d-7e8b-4386-89cc-a7c946785c8a.csv
109,151-19-000035,First and Final,2316639.0,149223.0,2167416.0,000010,2022-04-16,,2024-05-15,Under Process in AdCf - Acts. Supdt.,SREEDHARA.K.C,S01,https://data.opencity.in/dataset/d22cea6d-5256-43af-8ad5-68db551e0760/resource/1ccbab74-ca87-465f-826b-5fd1b4b81a5f/download/f68edd0d-7e8b-4386-89cc-a7c946785c8a.csv
110,151-18-000019,First and Final,2963562.0,214048.0,2749514.0,000123,2024-02-28,RTGS 003797,2024-05-15,Paid (RTGS),G PRABHAKAR,S08,https://data.opencity.in/dataset/4e539082-aca3-4df0-b676-dc1655cf17d2/resource/67637545-30aa-4a6c-80fa-b46bc22bdc24/download/5cfd015d-cc0b-4526-b6e2-e547e740345a.csv
111,151-22-000004,First and Final,1999940.0,104517.0,1895423.0,000060,2022-06-21,,2024-03-20,Under Process in EE (Acts. Supdt.),ABHISHEK C,S01,https://data.opencity.in/dataset/d22cea6d-5256-43af-8ad5-68db551e0760/resource/1ccbab74-ca87-465f-826b-5fd1b4b81a5f/download/f68edd0d-7e8b-4386-89cc-a7c946785c8a.csv
112,151-20-000023,First and Final,5225733.0,253294.0,4972439.0,000268,2022-03-29,,2024-02-20,Under Process in AdCf - Acts. Supdt.,NANDISH GOWDA.G.R,S01,https://data.opencity.in/dataset/d22cea6d-5256-43af-8ad5-68db551e0760/resource/1ccbab74-ca87-465f-826b-5fd1b4b81a5f/download/f68edd0d-7e8b-4386-89cc-a7c946785c8a.csv
113,151-20-000021,First and Final,8383174.0,517787.0,7865387.0,000242,2022-03-05,,2024-02-06,Under Process in AdCf - Acts. Supdt.,NANDISH GOWDA.G.R,S01,https://data.opencity.in/dataset/d22cea6d-5256-43af-8ad5-68db551e0760/resource/1ccbab74-ca87-465f-826b-5fd1b4b81a5f/download/f68edd0d-7e8b-4386-89cc-a7c946785c8a.csv
114,151-22-000001,First and Final,1789219.0,154348.0,1634871.0,000026,2022-04-30,,2024-01-17,Under Process in AdCf - Acts. Supdt.,Mr PRAKASH A S,S01,https://data.opencity.in/dataset/d22cea6d-5256-43af-8ad5-68db551e0760/resource/1ccbab74-ca87-465f-826b-5fd1b4b81a5f/download/f68edd0d-7e8b-4386-89cc-a7c946785c8a.csv
115,151-20-000110,Running,705089.0,57748.0,647341.0,000227,2022-02-01,,2024-01-12,Under Process in AdCf - Acts. Supdt.,SRINIVAS MURTHY N,S01,https://data.opencity.in/dataset/d22cea6d-5256-43af-8ad5-68db551e0760/resource/1ccbab74-ca87-465f-826b-5fd1b4b81a5f/download/f68edd0d-7e8b-4386-89cc-a7c946785c8a.csv
116,151-20-000080,Running,1009840.0,71250.0,938590.0,000206,2022-01-17,RTGS 000419,2022-03-19,Paid (RTGS),ROYAL CONSTRUCTIONS,IFMS-GRID,https://accounts.bbmp.gov.in/vssWB/vss00CvStatusData.php?pAction=LoadPaymentGridData
116,151-20-000080,Running,1008546.0,83081.0,925465.0,000222,2022-01-24,RTGS 000419,2022-03-19,Paid (RTGS),ROYAL CONSTRUCTIONS,IFMS-GRID,https://accounts.bbmp.gov.in/vssWB/vss00CvStatusData.php?pAction=LoadPaymentGridData
116,151-20-000080,Sixth and Final,165356.0,8322.0,157034.0,000172,2023-02-22,RTGS 002855,2024-01-01,Paid (RTGS),ROYAL CONSTRUCTIONS,S07,https://data.opencity.in/dataset/356bfc9c-6abe-4d16-b719-a90e265c2e28/resource/375708e4-be2e-4c35-bc12-edbacedc2ab2/download/3cd0f9a1-a899-46a8-81e4-b79834ad8408.csv
116,151-20-000080,Running,1973696.0,112845.0,1860851.0,000169,2023-02-22,RTGS 001403,2023-03-24,Paid (RTGS),ROYAL CONSTRUCTIONS,S06,https://data.opencity.in/dataset/57ab37f1-b93e-40be-b553-c528bfcbf12d/resource/22b046a2-9126-46e9-901b-60ac62175844/download/c1088eec-7750-4f93-954e-486bbb78d355.csv
116,151-20-000080,Running,224335.0,10960.0,213375.0,000170,2023-02-22,RTGS 001404,2023-03-24,Paid (RTGS),ROYAL CONSTRUCTIONS,S06,https://data.opencity.in/dataset/57ab37f1-b93e-40be-b553-c528bfcbf12d/resource/22b046a2-9126-46e9-901b-60ac62175844/download/c1088eec-7750-4f93-954e-486bbb78d355.csv
116,151-20-000080,Running,143203.0,7708.0,135495.0,000171,2023-02-22,RTGS 001405,2023-03-24,Paid (RTGS),ROYAL CONSTRUCTIONS,S06,https://data.opencity.in/dataset/57ab37f1-b93e-40be-b553-c528bfcbf12d/resource/22b046a2-9126-46e9-901b-60ac62175844/download/c1088eec-7750-4f93-954e-486bbb78d355.csv
117,151-18-000017,First and Final,2404202.0,108875.0,2295327.0,000057,2023-09-22,RTGS 002797,2023-12-18,Paid (RTGS),M KUMAR,S07,https://data.opencity.in/dataset/356bfc9c-6abe-4d16-b719-a90e265c2e28/resource/375708e4-be2e-4c35-bc12-edbacedc2ab2/download/3cd0f9a1-a899-46a8-81e4-b79834ad8408.csv
118,151-18-000068,Running,2675509.0,107296.0,2568213.0,000004,2020-05-14,,2022-06-03,000144 / 03-Jun-2022 in RTGS,SATHISH NAYAK K,S01,https://data.opencity.in/dataset/d22cea6d-5256-43af-8ad5-68db551e0760/resource/1ccbab74-ca87-465f-826b-5fd1b4b81a5f/download/f68edd0d-7e8b-4386-89cc-a7c946785c8a.csv
118,151-18-000068,Second and Final,1470450.0,91434.0,1379016.0,000166,2021-11-18,,2023-11-20,Under Process in AdCf - Acts. Supdt.,SATHISH NAYAK K,S01,https://data.opencity.in/dataset/d22cea6d-5256-43af-8ad5-68db551e0760/resource/1ccbab74-ca87-465f-826b-5fd1b4b81a5f/download/f68edd0d-7e8b-4386-89cc-a7c946785c8a.csv
119,151-20-000059,First and Final,933496.0,61751.0,871745.0,000156,2021-11-02,,2023-11-09,Under Process in AdCf - Acts. Supdt.,UTHKRISHTAASSOCIATES,S01,https://data.opencity.in/dataset/d22cea6d-5256-43af-8ad5-68db551e0760/resource/1ccbab74-ca87-465f-826b-5fd1b4b81a5f/download/f68edd0d-7e8b-4386-89cc-a7c946785c8a.csv
120,151-19-000068,First and Final,1474728.0,132334.0,1342394.0,000141,2021-10-07,,2023-10-25,Under Process in AdCf - Acts. Supdt.,M KUMAR,S01,https://data.opencity.in/dataset/d22cea6d-5256-43af-8ad5-68db551e0760/resource/1ccbab74-ca87-465f-826b-5fd1b4b81a5f/download/f68edd0d-7e8b-4386-89cc-a7c946785c8a.csv
121,151-20-000103,First and Final,1822173.0,84157.0,1738016.0,000229,2022-02-05,,2023-10-19,Under Process in AdCf - Acts. Supdt.,Y H NAGENDRA,S01,https://data.opencity.in/dataset/d22cea6d-5256-43af-8ad5-68db551e0760/resource/1ccbab74-ca87-465f-826b-5fd1b4b81a5f/download/f68edd0d-7e8b-4386-89cc-a7c946785c8a.csv
122,151-20-000107,Running,719246.0,36896.0,682350.0,000216,2022-01-21,,2023-10-17,Under Process in AdCf - Acts. Supdt.,KSHIRALINGA,S01,https://data.opencity.in/dataset/d22cea6d-5256-43af-8ad5-68db551e0760/resource/1ccbab74-ca87-465f-826b-5fd1b4b81a5f/download/f68edd0d-7e8b-4386-89cc-a7c946785c8a.csv
122,151-20-000107,Second and Final,769857.0,30333.0,739524.0,000070,2022-07-02,,2023-10-17,Under Process in AdCf - Acts. Supdt.,KSHIRALINGA,S01,https://data.opencity.in/dataset/d22cea6d-5256-43af-8ad5-68db551e0760/resource/1ccbab74-ca87-465f-826b-5fd1b4b81a5f/download/f68edd0d-7e8b-4386-89cc-a7c946785c8a.csv
123,151-20-000068,First and Final,2080169.0,97734.0,1982435.0,000167,2021-11-19,,2023-10-17,Under Process in AdCf - Acts. Supdt.,VENKATESH REDDY K,S01,https://data.opencity.in/dataset/d22cea6d-5256-43af-8ad5-68db551e0760/resource/1ccbab74-ca87-465f-826b-5fd1b4b81a5f/download/f68edd0d-7e8b-4386-89cc-a7c946785c8a.csv
124,151-20-000070,First and Final,3855479.0,191973.0,3663506.0,000067,2021-06-24,,2023-10-02,Under Process in AdCf - Acts. Supdt.,R M RAVI (CONTRACTO,S01,https://data.opencity.in/dataset/d22cea6d-5256-43af-8ad5-68db551e0760/resource/1ccbab74-ca87-465f-826b-5fd1b4b81a5f/download/f68edd0d-7e8b-4386-89cc-a7c946785c8a.csv
125,151-19-000072,First and Final,2541468.0,102936.0,2438532.0,000028,2021-05-27,,2023-10-02,Under Process in AdCf - Acts. Supdt.,H S HEMAVATHI,S01,https://data.opencity.in/dataset/d22cea6d-5256-43af-8ad5-68db551e0760/resource/1ccbab74-ca87-465f-826b-5fd1b4b81a5f/download/f68edd0d-7e8b-4386-89cc-a7c946785c8a.csv
127,152-20-000049,First and Final,489700.0,48970.0,440730.0,000105,2021-08-13,RTGS 000203,2021-09-21,Paid (RTGS),H & P CONSULTANTS,IFMS-GRID,https://accounts.bbmp.gov.in/vssWB/vss00CvStatusData.php?pAction=LoadPaymentGridData
127,152-20-000049,Running,16881774.0,824800.0,16056974.0,000203,2022-01-13,RTGS 000049,2022-04-27,Paid (RTGS),V M R CONSTRUCTION,S06,https://data.opencity.in/dataset/57ab37f1-b93e-40be-b553-c528bfcbf12d/resource/22b046a2-9126-46e9-901b-60ac62175844/download/c1088eec-7750-4f93-954e-486bbb78d355.csv
127,152-20-000049,Running,9237498.0,451319.0,8786179.0,000204,2022-01-13,RTGS 000049,2022-04-27,Paid (RTGS),V M R CONSTRUCTION,S06,https://data.opencity.in/dataset/57ab37f1-b93e-40be-b553-c528bfcbf12d/resource/22b046a2-9126-46e9-901b-60ac62175844/download/c1088eec-7750-4f93-954e-486bbb78d355.csv
127,152-20-000049,Running,11578480.0,565721.0,11012759.0,000202,2022-01-13,RTGS 000049,2022-04-27,Paid (RTGS),V M R CONSTRUCTION,S06,https://data.opencity.in/dataset/57ab37f1-b93e-40be-b553-c528bfcbf12d/resource/22b046a2-9126-46e9-901b-60ac62175844/download/c1088eec-7750-4f93-954e-486bbb78d355.csv
127,152-20-000049,Running,40427114.0,2096286.0,38330828.0,000211,2022-01-19,RTGS 000049,2022-04-27,Paid (RTGS),V M R CONSTRUCTION,S06,https://data.opencity.in/dataset/57ab37f1-b93e-40be-b553-c528bfcbf12d/resource/22b046a2-9126-46e9-901b-60ac62175844/download/c1088eec-7750-4f93-954e-486bbb78d355.csv
127,152-20-000049,Fifth and Final,21453169.0,1200424.0,20252745.0,000042,2022-05-18,RTGS 001084,2023-01-23,Paid (RTGS),V M R CONSTRUCTION,S06,https://data.opencity.in/dataset/57ab37f1-b93e-40be-b553-c528bfcbf12d/resource/22b046a2-9126-46e9-901b-60ac62175844/download/c1088eec-7750-4f93-954e-486bbb78d355.csv
127,152-20-000049,First and Final,495600.0,49560.0,446040.0,000135,2022-12-12,RTGS 001452,2023-03-29,Paid (RTGS),INFRA TECHNOCRATS CO,S06,https://data.opencity.in/dataset/57ab37f1-b93e-40be-b553-c528bfcbf12d/resource/22b046a2-9126-46e9-901b-60ac62175844/download/c1088eec-7750-4f93-954e-486bbb78d355.csv
128,151-19-000013,First and Final,2669355.0,119713.0,2549642.0,000230,2021-01-30,,2023-03-16,Under Process in AdCf - Acts. Supdt.,R M RAVI (CONTRACTO,S01,https://data.opencity.in/dataset/d22cea6d-5256-43af-8ad5-68db551e0760/resource/1ccbab74-ca87-465f-826b-5fd1b4b81a5f/download/f68edd0d-7e8b-4386-89cc-a7c946785c8a.csv
129,147-17-000064,First and Final,898875.0,184578.0,714297.0,000231,2021-01-30,,2023-03-16,Under Process in AdCf - Acts. Supdt.,KRIDL BHUSIRI ACCOU,S02,https://data.opencity.in/dataset/d22cea6d-5256-43af-8ad5-68db551e0760/resource/9781e788-6c7b-4978-a600-abf3836b2a37/download/e51f4570-bde5-4fa7-bdd7-ec131041ea35.csv
130,151-17-000080,First and Final,8349100.0,784683.0,7564417.0,000209,2020-12-30,,2023-01-27,Under Process in AdCf - Acts. Supdt.,T GOPINATH REDDY,S01,https://data.opencity.in/dataset/d22cea6d-5256-43af-8ad5-68db551e0760/resource/1ccbab74-ca87-465f-826b-5fd1b4b81a5f/download/f68edd0d-7e8b-4386-89cc-a7c946785c8a.csv
131,151-20-000096,First and Final,489700.0,48970.0,440730.0,000104,2021-08-13,RTGS 000189,2021-09-14,Paid (RTGS),INFRA TECHNOCRATS CO,IFMS-GRID,https://accounts.bbmp.gov.in/vssWB/vss00CvStatusData.php?pAction=LoadPaymentGridData
131,151-20-000096,Running,32432555.0,1898782.0,30533773.0,000226,2022-01-29,RTGS 000212,2022-07-01,Paid (RTGS),RAMACHANDRA RAJU K,S06,https://data.opencity.in/dataset/57ab37f1-b93e-40be-b553-c528bfcbf12d/resource/22b046a2-9126-46e9-901b-60ac62175844/download/c1088eec-7750-4f93-954e-486bbb78d355.csv
131,151-20-000096,Running,45706828.0,2430645.0,43276183.0,000236,2022-02-25,RTGS 000212,2022-07-01,Paid (RTGS),RAMACHANDRA RAJU K,S06,https://data.opencity.in/dataset/57ab37f1-b93e-40be-b553-c528bfcbf12d/resource/22b046a2-9126-46e9-901b-60ac62175844/download/c1088eec-7750-4f93-954e-486bbb78d355.csv
131,151-20-000096,Third and Final,21505238.0,1222209.0,20283029.0,000006,2022-04-11,RTGS 000215,2022-07-01,Paid (RTGS),RAMACHANDRA RAJU K,S06,https://data.opencity.in/dataset/57ab37f1-b93e-40be-b553-c528bfcbf12d/resource/22b046a2-9126-46e9-901b-60ac62175844/download/c1088eec-7750-4f93-954e-486bbb78d355.csv
131,151-20-000096,First and Final,495600.0,49560.0,446040.0,000048,2022-05-26,RTGS 001151,2023-01-23,Paid (RTGS),H & P CONSULTANTS,S06,https://data.opencity.in/dataset/57ab37f1-b93e-40be-b553-c528bfcbf12d/resource/22b046a2-9126-46e9-901b-60ac62175844/download/c1088eec-7750-4f93-954e-486bbb78d355.csv
132,151-18-000016,First and Final,1359938.0,56564.0,1303374.0,000043,2022-05-19,RTGS 000800,2022-12-13,Paid (RTGS),H S HEMAVATHI,S06,https://data.opencity.in/dataset/57ab37f1-b93e-40be-b553-c528bfcbf12d/resource/22b046a2-9126-46e9-901b-60ac62175844/download/c1088eec-7750-4f93-954e-486bbb78d355.csv
133,304-20-000212,Running,54703565.0,3975514.0,50728051.0,000002,2021-04-27,RTGS 000049,2021-05-29,Paid (RTGS),M RAMESH,IFMS-GRID,https://accounts.bbmp.gov.in/vssWB/vss00CvStatusData.php?pAction=LoadPaymentGridData
133,304-20-000212,Running,39862488.0,1977468.0,37885020.0,000009,2021-07-12,RTGS 000189,2021-09-14,Paid (RTGS),M RAMESH,IFMS-GRID,https://accounts.bbmp.gov.in/vssWB/vss00CvStatusData.php?pAction=LoadPaymentGridData
133,304-20-000212,Running,5192132.0,334913.0,4857219.0,000020,2021-09-17,RTGS 000016,2022-04-18,Paid (RTGS),M RAMESH,S06,https://data.opencity.in/dataset/57ab37f1-b93e-40be-b553-c528bfcbf12d/resource/22b046a2-9126-46e9-901b-60ac62175844/download/c1088eec-7750-4f93-954e-486bbb78d355.csv
133,304-20-000212,Running,51089855.0,2922580.0,48167275.0,000029,2021-12-15,RTGS 000344,2022-02-16,Paid (RTGS),M RAMESH,IFMS-GRID,https://accounts.bbmp.gov.in/vssWB/vss00CvStatusData.php?pAction=LoadPaymentGridData
133,304-20-000212,Running,5597250.0,337764.0,5259486.0,000039,2022-01-17,RTGS 000048,2022-04-27,Paid (RTGS),M RAMESH,S06,https://data.opencity.in/dataset/57ab37f1-b93e-40be-b553-c528bfcbf12d/resource/22b046a2-9126-46e9-901b-60ac62175844/download/c1088eec-7750-4f93-954e-486bbb78d355.csv
133,304-20-000212,Running,351900.0,35190.0,316710.0,000006,2022-05-19,RTGS 000603,2022-11-23,Paid (RTGS),TEJUS CONSULTANTS,S06,https://data.opencity.in/dataset/57ab37f1-b93e-40be-b553-c528bfcbf12d/resource/22b046a2-9126-46e9-901b-60ac62175844/download/c1088eec-7750-4f93-954e-486bbb78d355.csv
133,304-20-000212,Running,3962464.0,200806.0,3761658.0,000016,2022-08-03,RTGS 000569,2022-11-23,Paid (RTGS),M RAMESH,S06,https://data.opencity.in/dataset/57ab37f1-b93e-40be-b553-c528bfcbf12d/resource/22b046a2-9126-46e9-901b-60ac62175844/download/c1088eec-7750-4f93-954e-486bbb78d355.csv
134,151-19-000030,First and Final,4128406.0,201110.0,3927296.0,000190,2020-11-13,,2022-10-25,Under Process in AdCf - Acts. Supdt.,R M RAVI (CONTRACTO,S01,https://data.opencity.in/dataset/d22cea6d-5256-43af-8ad5-68db551e0760/resource/1ccbab74-ca87-465f-826b-5fd1b4b81a5f/download/f68edd0d-7e8b-4386-89cc-a7c946785c8a.csv
135,151-20-000029,Running,1403913.0,111667.0,1292246.0,000030,2021-07-07,,2021-10-13,000246 / 13-Oct-2021 in RTGS,VIJAYALAKSHMI ASSOCI,S01,https://data.opencity.in/dataset/d22cea6d-5256-43af-8ad5-68db551e0760/resource/1ccbab74-ca87-465f-826b-5fd1b4b81a5f/download/f68edd0d-7e8b-4386-89cc-a7c946785c8a.csv
135,151-20-000029,Running,643014.0,49975.0,593039.0,000077,2021-08-25,,2021-10-13,000246 / 13-Oct-2021 in RTGS,VIJAYALAKSHMI ASSOCI,S01,https://data.opencity.in/dataset/d22cea6d-5256-43af-8ad5-68db551e0760/resource/1ccbab74-ca87-465f-826b-5fd1b4b81a5f/download/f68edd0d-7e8b-4386-89cc-a7c946785c8a.csv
135,151-20-000029,Running,1337834.0,102620.0,1235214.0,000131,2021-12-31,,2022-03-02,000387 / 02-Mar-2022 in RTGS,VIJAYALAKSHMI ASSOCI,S01,https://data.opencity.in/dataset/d22cea6d-5256-43af-8ad5-68db551e0760/resource/1ccbab74-ca87-465f-826b-5fd1b4b81a5f/download/f68edd0d-7e8b-4386-89cc-a7c946785c8a.csv
135,151-20-000029,Running,853382.0,65320.0,788062.0,000022,2022-06-28,,2022-10-07,Under Process in EE (Acts. Supdt.),VIJAYALAKSHMI ASSOCI,S01,https://data.opencity.in/dataset/d22cea6d-5256-43af-8ad5-68db551e0760/resource/1ccbab74-ca87-465f-826b-5fd1b4b81a5f/download/f68edd0d-7e8b-4386-89cc-a7c946785c8a.csv
135,151-20-000029,Final,760900.0,64994.0,695906.0,000028,2022-06-30,,2022-10-07,Under Process in EE (Acts. Supdt.),VIJAYALAKSHMI ASSOCI,S01,https://data.opencity.in/dataset/d22cea6d-5256-43af-8ad5-68db551e0760/resource/1ccbab74-ca87-465f-826b-5fd1b4b81a5f/download/f68edd0d-7e8b-4386-89cc-a7c946785c8a.csv
136,151-18-000088,First and Final,1345707.0,69250.0,1276457.0,000169,2020-10-22,,2022-09-28,Under Process in AdCf - Acts. Supdt.,SREEDHARA.K.C,S01,https://data.opencity.in/dataset/d22cea6d-5256-43af-8ad5-68db551e0760/resource/1ccbab74-ca87-465f-826b-5fd1b4b81a5f/download/f68edd0d-7e8b-4386-89cc-a7c946785c8a.csv
137,151-19-000076,First and Final,2525289.0,99112.0,2426177.0,000177,2020-10-28,,2022-09-28,Under Process in AdCf - Acts. Supdt.,Y H KRISHNA,S01,https://data.opencity.in/dataset/d22cea6d-5256-43af-8ad5-68db551e0760/resource/1ccbab74-ca87-465f-826b-5fd1b4b81a5f/download/f68edd0d-7e8b-4386-89cc-a7c946785c8a.csv
138,151-18-000056,First and Final,1723709.0,82860.0,1640849.0,000170,2020-10-22,,2022-09-28,Under Process in AdCf - Acts. Supdt.,SREEDHARA.K.C,S01,https://data.opencity.in/dataset/d22cea6d-5256-43af-8ad5-68db551e0760/resource/1ccbab74-ca87-465f-826b-5fd1b4b81a5f/download/f68edd0d-7e8b-4386-89cc-a7c946785c8a.csv
139,147-18-000047,First and Final,3596121.0,198839.0,3397282.0,000175,2020-10-28,,2022-09-28,Under Process in AdCf - Acts. Supdt.,KRISHNA.C,S02,https://data.opencity.in/dataset/d22cea6d-5256-43af-8ad5-68db551e0760/resource/9781e788-6c7b-4978-a600-abf3836b2a37/download/e51f4570-bde5-4fa7-bdd7-ec131041ea35.csv
140,151-19-000056,Running,8008688.0,971765.0,7036923.0,000049,2020-09-01,,2022-09-27,Under Process in AdCf - Acts. Supdt.,KRIDL BHUSIRI ACCOU,S01,https://data.opencity.in/dataset/d22cea6d-5256-43af-8ad5-68db551e0760/resource/1ccbab74-ca87-465f-826b-5fd1b4b81a5f/download/f68edd0d-7e8b-4386-89cc-a7c946785c8a.csv
141,151-17-000006,First and Final,3795746.0,437180.0,3358566.0,000040,2020-08-17,,2022-09-22,Under Process in AdCf - Acts. Supdt.,KRIDL BHUSIRI ACCOU,S01,https://data.opencity.in/dataset/d22cea6d-5256-43af-8ad5-68db551e0760/resource/1ccbab74-ca87-465f-826b-5fd1b4b81a5f/download/f68edd0d-7e8b-4386-89cc-a7c946785c8a.csv
142,151-17-000007,Running,9898371.0,1132010.0,8766361.0,000041,2020-08-17,,,Under Process in AdCf - Acts. Supdt.,KRIDL BHUSIRI ACCOU,S01,https://data.opencity.in/dataset/d22cea6d-5256-43af-8ad5-68db551e0760/resource/1ccbab74-ca87-465f-826b-5fd1b4b81a5f/download/f68edd0d-7e8b-4386-89cc-a7c946785c8a.csv
142,151-17-000007,First and Final,9898371.0,1132010.0,8766361.0,000039,2022-08-29,RTGS 000079,2022-09-01,Paid (RTGS),KRIDL BHUSIRI ACCOU,S06,https://data.opencity.in/dataset/57ab37f1-b93e-40be-b553-c528bfcbf12d/resource/22b046a2-9126-46e9-901b-60ac62175844/download/c1088eec-7750-4f93-954e-486bbb78d355.csv
143,151-19-000010,First and Final,2994802.0,146013.0,2848789.0,000114,2020-08-24,,2022-08-23,Under Process in AdCf - Acts. Supdt.,KRIDL BHUSIRI ACCOU,S01,https://data.opencity.in/dataset/d22cea6d-5256-43af-8ad5-68db551e0760/resource/1ccbab74-ca87-465f-826b-5fd1b4b81a5f/download/f68edd0d-7e8b-4386-89cc-a7c946785c8a.csv
144,151-19-000029,First and Final,4497858.0,426204.0,4071654.0,000115,2020-08-24,,2022-08-23,Under Process in AdCf - Acts. Supdt.,KRIDL BHUSIRI ACCOU,S01,https://data.opencity.in/dataset/d22cea6d-5256-43af-8ad5-68db551e0760/resource/1ccbab74-ca87-465f-826b-5fd1b4b81a5f/download/f68edd0d-7e8b-4386-89cc-a7c946785c8a.csv
145,151-19-000034,First and Final,3994436.0,360855.0,3633581.0,000116,2020-08-24,,2022-08-23,Under Process in AdCf - Acts. Supdt.,KRIDL BHUSIRI ACCOU,S01,https://data.opencity.in/dataset/d22cea6d-5256-43af-8ad5-68db551e0760/resource/1ccbab74-ca87-465f-826b-5fd1b4b81a5f/download/f68edd0d-7e8b-4386-89cc-a7c946785c8a.csv
146,151-18-000074,First and Final,1683395.0,73842.0,1609553.0,000113,2020-08-24,,2022-08-23,Under Process in AdCf - Acts. Supdt.,SREEDHARA.K.C,S01,https://data.opencity.in/dataset/d22cea6d-5256-43af-8ad5-68db551e0760/resource/1ccbab74-ca87-465f-826b-5fd1b4b81a5f/download/f68edd0d-7e8b-4386-89cc-a7c946785c8a.csv
147,151-18-000082,First and Final,1158000.0,101655.0,1056345.0,000118,2020-08-26,,2022-08-23,Under Process in AdCf - Acts. Supdt.,MARUTHI CONSTRUCTION,S01,https://data.opencity.in/dataset/d22cea6d-5256-43af-8ad5-68db551e0760/resource/1ccbab74-ca87-465f-826b-5fd1b4b81a5f/download/f68edd0d-7e8b-4386-89cc-a7c946785c8a.csv
148,151-19-000022,First and Final,2724048.0,189018.0,2535030.0,000171,2021-11-25,RTGS 000267,2022-07-28,Paid (RTGS),R M RAVI (CONTRACTO,S06,https://data.opencity.in/dataset/57ab37f1-b93e-40be-b553-c528bfcbf12d/resource/22b046a2-9126-46e9-901b-60ac62175844/download/c1088eec-7750-4f93-954e-486bbb78d355.csv
149,151-18-000085,First and Final,1993320.0,195576.0,1797744.0,000081,2020-07-18,,2022-07-15,000251 / 15-Jul-2022 in RTGS,KRIDL BHUSIRI ACCOU,S01,https://data.opencity.in/dataset/d22cea6d-5256-43af-8ad5-68db551e0760/resource/1ccbab74-ca87-465f-826b-5fd1b4b81a5f/download/f68edd0d-7e8b-4386-89cc-a7c946785c8a.csv
150,151-18-000077,Running,1016757.0,69243.0,947514.0,000088,2020-07-18,,2022-07-15,000251 / 15-Jul-2022 in RTGS,PRATHEEK K R,S01,https://data.opencity.in/dataset/d22cea6d-5256-43af-8ad5-68db551e0760/resource/1ccbab74-ca87-465f-826b-5fd1b4b81a5f/download/f68edd0d-7e8b-4386-89cc-a7c946785c8a.csv
151,151-18-000078,Running,1086257.0,62614.0,1023643.0,000085,2020-07-18,,2022-07-15,000251 / 15-Jul-2022 in RTGS,PRATHEEK K R,S01,https://data.opencity.in/dataset/d22cea6d-5256-43af-8ad5-68db551e0760/resource/1ccbab74-ca87-465f-826b-5fd1b4b81a5f/download/f68edd0d-7e8b-4386-89cc-a7c946785c8a.csv
152,151-19-000012,First and Final,3496433.0,330008.0,3166425.0,000090,2020-07-18,,2022-07-15,000251 / 15-Jul-2022 in RTGS,KRIDL BHUSIRI ACCOU,S01,https://data.opencity.in/dataset/d22cea6d-5256-43af-8ad5-68db551e0760/resource/1ccbab74-ca87-465f-826b-5fd1b4b81a5f/download/f68edd0d-7e8b-4386-89cc-a7c946785c8a.csv
153,151-19-000036,First and Final,4496732.0,422484.0,4074248.0,000089,2020-07-18,,2022-07-15,000251 / 15-Jul-2022 in RTGS,KRIDL BHUSIRI ACCOU,S01,https://data.opencity.in/dataset/d22cea6d-5256-43af-8ad5-68db551e0760/resource/1ccbab74-ca87-465f-826b-5fd1b4b81a5f/download/f68edd0d-7e8b-4386-89cc-a7c946785c8a.csv
154,151-18-000079,Running,1078872.0,61747.0,1017125.0,000077,2020-07-18,,2022-07-14,000249 / 14-Jul-2022 in RTGS,PRATHEEK K R,S01,https://data.opencity.in/dataset/d22cea6d-5256-43af-8ad5-68db551e0760/resource/1ccbab74-ca87-465f-826b-5fd1b4b81a5f/download/f68edd0d-7e8b-4386-89cc-a7c946785c8a.csv
155,151-18-000057,First and Final,1583725.0,135246.0,1448479.0,000075,2020-07-15,,2022-07-13,000247 / 13-Jul-2022 in RTGS,NARAYANA A,S01,https://data.opencity.in/dataset/d22cea6d-5256-43af-8ad5-68db551e0760/resource/1ccbab74-ca87-465f-826b-5fd1b4b81a5f/download/f68edd0d-7e8b-4386-89cc-a7c946785c8a.csv
156,151-20-000005,First and Final,2519937.0,148431.0,2371506.0,000232,2022-02-09,RTGS 000218,2022-07-01,Paid (RTGS),RAJEEGANDHI RAMU,S06,https://data.opencity.in/dataset/57ab37f1-b93e-40be-b553-c528bfcbf12d/resource/22b046a2-9126-46e9-901b-60ac62175844/download/c1088eec-7750-4f93-954e-486bbb78d355.csv
157,151-20-000078,First and Final,8598489.0,371512.0,8226977.0,000273,2022-03-31,RTGS 000197,2022-06-22,Paid (RTGS),Y H KRISHNA,S06,https://data.opencity.in/dataset/57ab37f1-b93e-40be-b553-c528bfcbf12d/resource/22b046a2-9126-46e9-901b-60ac62175844/download/c1088eec-7750-4f93-954e-486bbb78d355.csv
158,151-20-000077,First and Final,8128586.0,356410.0,7772176.0,000274,2022-03-31,RTGS 000197,2022-06-22,Paid (RTGS),Y H KRISHNA,S06,https://data.opencity.in/dataset/57ab37f1-b93e-40be-b553-c528bfcbf12d/resource/22b046a2-9126-46e9-901b-60ac62175844/download/c1088eec-7750-4f93-954e-486bbb78d355.csv
159,151-18-000024,First and Final,1539693.0,67340.0,1472353.0,000012,2022-04-16,RTGS 000197,2022-06-22,Paid (RTGS),H S HEMAVATHI,S06,https://data.opencity.in/dataset/57ab37f1-b93e-40be-b553-c528bfcbf12d/resource/22b046a2-9126-46e9-901b-60ac62175844/download/c1088eec-7750-4f93-954e-486bbb78d355.csv
160,151-19-000031,First and Final,3787040.0,220623.0,3566417.0,000059,2020-06-30,,2022-06-21,000193 / 21-Jun-2022 in RTGS,KRISHNA.C,S01,https://data.opencity.in/dataset/d22cea6d-5256-43af-8ad5-68db551e0760/resource/1ccbab74-ca87-465f-826b-5fd1b4b81a5f/download/f68edd0d-7e8b-4386-89cc-a7c946785c8a.csv
161,151-19-000011,First and Final,2732005.0,130934.0,2601071.0,000044,2020-06-19,,2022-06-18,000183 / 18-Jun-2022 in RTGS,R M RAVI (CONTRACTO,S01,https://data.opencity.in/dataset/d22cea6d-5256-43af-8ad5-68db551e0760/resource/1ccbab74-ca87-465f-826b-5fd1b4b81a5f/download/f68edd0d-7e8b-4386-89cc-a7c946785c8a.csv
162,151-18-000067,First and Final,3659238.0,148613.0,3510625.0,000003,2020-05-14,,2022-06-03,000144 / 03-Jun-2022 in RTGS,SATHISH NAYAK K,S01,https://data.opencity.in/dataset/d22cea6d-5256-43af-8ad5-68db551e0760/resource/1ccbab74-ca87-465f-826b-5fd1b4b81a5f/download/f68edd0d-7e8b-4386-89cc-a7c946785c8a.csv
163,151-19-000067,First and Final,2066825.0,76162.0,1990663.0,000014,2020-05-20,,2022-05-23,000122 / 23-May-2022 in RTGS,H S HEMAVATHI,S01,https://data.opencity.in/dataset/d22cea6d-5256-43af-8ad5-68db551e0760/resource/1ccbab74-ca87-465f-826b-5fd1b4b81a5f/download/f68edd0d-7e8b-4386-89cc-a7c946785c8a.csv
164,151-20-000106,First and Final,5995935.0,297007.0,5698928.0,000066,2021-06-24,,2022-05-19,000114 / 19-May-2022 in RTGS,R M RAVI (CONTRACTO,S01,https://data.opencity.in/dataset/d22cea6d-5256-43af-8ad5-68db551e0760/resource/1ccbab74-ca87-465f-826b-5fd1b4b81a5f/download/f68edd0d-7e8b-4386-89cc-a7c946785c8a.csv
165,147-18-000045,First and Final,3559895.0,178284.0,3381611.0,000250,2020-03-19,,2022-05-17,000112 / 17-May-2022 in RTGS,KRISHNA.C,S02,https://data.opencity.in/dataset/d22cea6d-5256-43af-8ad5-68db551e0760/resource/9781e788-6c7b-4978-a600-abf3836b2a37/download/e51f4570-bde5-4fa7-bdd7-ec131041ea35.csv
166,147-18-000046,First and Final,3642158.0,181297.0,3460861.0,000249,2020-03-19,,2022-05-17,000112 / 17-May-2022 in RTGS,KRISHNA.C,S02,https://data.opencity.in/dataset/d22cea6d-5256-43af-8ad5-68db551e0760/resource/9781e788-6c7b-4978-a600-abf3836b2a37/download/e51f4570-bde5-4fa7-bdd7-ec131041ea35.csv
167,151-20-000074,First and Final,4112370.0,273768.0,3838602.0,000265,2022-03-28,RTGS 000101,2022-05-13,Paid (RTGS),MURTHY C N S,S06,https://data.opencity.in/dataset/57ab37f1-b93e-40be-b553-c528bfcbf12d/resource/22b046a2-9126-46e9-901b-60ac62175844/download/c1088eec-7750-4f93-954e-486bbb78d355.csv
168,151-20-000081,First and Final,5546635.0,411207.0,5135428.0,000266,2022-03-28,RTGS 000101,2022-05-13,Paid (RTGS),AWIKA CONSTRUCTIONS,S06,https://data.opencity.in/dataset/57ab37f1-b93e-40be-b553-c528bfcbf12d/resource/22b046a2-9126-46e9-901b-60ac62175844/download/c1088eec-7750-4f93-954e-486bbb78d355.csv
169,151-20-000079,First and Final,5497482.0,408571.0,5088911.0,000267,2022-03-28,RTGS 000101,2022-05-13,Paid (RTGS),AWIKA CONSTRUCTIONS,S06,https://data.opencity.in/dataset/57ab37f1-b93e-40be-b553-c528bfcbf12d/resource/22b046a2-9126-46e9-901b-60ac62175844/download/c1088eec-7750-4f93-954e-486bbb78d355.csv
170,151-20-000105,First and Final,2391053.0,119423.0,2271630.0,000024,2021-05-18,,2022-05-12,000096 / 12-May-2022 in RTGS,NAGARAJ T R,S01,https://data.opencity.in/dataset/d22cea6d-5256-43af-8ad5-68db551e0760/resource/1ccbab74-ca87-465f-826b-5fd1b4b81a5f/download/f68edd0d-7e8b-4386-89cc-a7c946785c8a.csv
171,151-18-000095,First and Final,1301778.0,49529.0,1252249.0,000207,2020-01-17,,2022-05-09,000087 / 09-May-2022 in RTGS,NAGENDRA KUMAR S,S01,https://data.opencity.in/dataset/d22cea6d-5256-43af-8ad5-68db551e0760/resource/1ccbab74-ca87-465f-826b-5fd1b4b81a5f/download/f68edd0d-7e8b-4386-89cc-a7c946785c8a.csv
172,151-18-000060,First and Final,1178411.0,0.0,0.0,,,,,Under Process in Asst. Engineer,Sri Harish R,S01,https://data.opencity.in/dataset/d22cea6d-5256-43af-8ad5-68db551e0760/resource/1ccbab74-ca87-465f-826b-5fd1b4b81a5f/download/f68edd0d-7e8b-4386-89cc-a7c946785c8a.csv
172,151-18-000060,First and Final,529494.0,20240.0,509254.0,000173,2019-11-27,,2022-04-25,000040 / 25-Apr-2022 in RTGS,HARISH R,S01,https://data.opencity.in/dataset/d22cea6d-5256-43af-8ad5-68db551e0760/resource/1ccbab74-ca87-465f-826b-5fd1b4b81a5f/download/f68edd0d-7e8b-4386-89cc-a7c946785c8a.csv
173,151-18-000093,First and Final,1455942.0,143929.0,1312013.0,000220,2019-11-22,,2022-04-25,000040 / 25-Apr-2022 in RTGS,JAICAB ELECTRICALS,S01,https://data.opencity.in/dataset/d22cea6d-5256-43af-8ad5-68db551e0760/resource/1ccbab74-ca87-465f-826b-5fd1b4b81a5f/download/f68edd0d-7e8b-4386-89cc-a7c946785c8a.csv
174,151-17-000081,First and Final,1849949.0,78081.0,1771868.0,000131,2019-10-15,,2022-04-12,000011 / 12-Apr-2022 in RTGS,PUSHPARAJ C,S01,https://data.opencity.in/dataset/d22cea6d-5256-43af-8ad5-68db551e0760/resource/1ccbab74-ca87-465f-826b-5fd1b4b81a5f/download/f68edd0d-7e8b-4386-89cc-a7c946785c8a.csv
175,151-18-000061,First and Final,1760944.0,76601.0,1684343.0,000132,2019-10-25,,2022-04-06,000005 / 06-Apr-2022 in RTGS,RAGHU RAMACHANDRA C,S01,https://data.opencity.in/dataset/d22cea6d-5256-43af-8ad5-68db551e0760/resource/1ccbab74-ca87-465f-826b-5fd1b4b81a5f/download/f68edd0d-7e8b-4386-89cc-a7c946785c8a.csv
176,151-20-000063,First and Final,692622.0,88388.0,604234.0,000212,2022-01-20,RTGS 000415,2022-03-17,Paid (RTGS),SANDEEP T G,IFMS-GRID,https://accounts.bbmp.gov.in/vssWB/vss00CvStatusData.php?pAction=LoadPaymentGridData
177,151-20-000002,First and Final,3013178.0,170626.0,2842552.0,000169,2021-11-20,RTGS 000356,2022-02-17,Paid (RTGS),Mr GOVINDARAJU R,IFMS-GRID,https://accounts.bbmp.gov.in/vssWB/vss00CvStatusData.php?pAction=LoadPaymentGridData
178,151-16-000001,Running,1429529.0,115997.0,1313532.0,000039,2017-12-12,003580,2018-07-11,000127 / 18-Jul-2018 in RTGS,M/S Vijayalakshmi Associates,S01,https://data.opencity.in/dataset/d22cea6d-5256-43af-8ad5-68db551e0760/resource/1ccbab74-ca87-465f-826b-5fd1b4b81a5f/download/f68edd0d-7e8b-4386-89cc-a7c946785c8a.csv
178,151-16-000001,Running,486644.0,37552.0,449092.0,000118,2018-03-17,004311,2018-07-25,000146 / 27-Jul-2018 in RTGS,M/S Vijayalakshmi Associates,S01,https://data.opencity.in/dataset/d22cea6d-5256-43af-8ad5-68db551e0760/resource/1ccbab74-ca87-465f-826b-5fd1b4b81a5f/download/f68edd0d-7e8b-4386-89cc-a7c946785c8a.csv
178,151-16-000001,Running,953019.0,71863.0,881156.0,000070,2018-09-05,000413,2019-04-11,000017 / 12-Apr-2019 in RTGS,M/S Vijayalakshmi Associates,S01,https://data.opencity.in/dataset/d22cea6d-5256-43af-8ad5-68db551e0760/resource/1ccbab74-ca87-465f-826b-5fd1b4b81a5f/download/f68edd0d-7e8b-4386-89cc-a7c946785c8a.csv
178,151-16-000001,Running,794183.0,64886.0,729297.0,000171,2019-01-17,000790,2019-04-23,000029 / 25-Apr-2019 in RTGS,M/S Vijayalakshmi Associates,S01,https://data.opencity.in/dataset/d22cea6d-5256-43af-8ad5-68db551e0760/resource/1ccbab74-ca87-465f-826b-5fd1b4b81a5f/download/f68edd0d-7e8b-4386-89cc-a7c946785c8a.csv
178,151-16-000001,Running,476509.0,37012.0,439497.0,000039,2019-05-14,003234,2019-06-27,000102 / 02-Jul-2019 in RTGS,M/S Vijayalakshmi Associates,S01,https://data.opencity.in/dataset/d22cea6d-5256-43af-8ad5-68db551e0760/resource/1ccbab74-ca87-465f-826b-5fd1b4b81a5f/download/f68edd0d-7e8b-4386-89cc-a7c946785c8a.csv
178,151-16-000001,Running,466924.0,37849.0,429075.0,000073,2019-07-13,003573,2019-07-17,000115 / 18-Jul-2019 in RTGS,M/S Vijayalakshmi Associates,S01,https://data.opencity.in/dataset/d22cea6d-5256-43af-8ad5-68db551e0760/resource/1ccbab74-ca87-465f-826b-5fd1b4b81a5f/download/f68edd0d-7e8b-4386-89cc-a7c946785c8a.csv
178,151-16-000001,Running,466924.0,37849.0,429075.0,000188,2019-11-04,006265,2019-11-18,000272 / 20-Nov-2019 in RTGS,M/S Vijayalakshmi Associates,S01,https://data.opencity.in/dataset/d22cea6d-5256-43af-8ad5-68db551e0760/resource/1ccbab74-ca87-465f-826b-5fd1b4b81a5f/download/f68edd0d-7e8b-4386-89cc-a7c946785c8a.csv
178,151-16-000001,Running,466924.0,37849.0,429075.0,000254,2020-02-17,008908,2020-03-10,000046 / 29-May-2020 in RTGS,M/S Vijayalakshmi Associates,S01,https://data.opencity.in/dataset/d22cea6d-5256-43af-8ad5-68db551e0760/resource/1ccbab74-ca87-465f-826b-5fd1b4b81a5f/download/f68edd0d-7e8b-4386-89cc-a7c946785c8a.csv
178,151-16-000001,Running,778207.0,76084.0,702123.0,000031,2020-06-17,001187,2020-06-25,000103 / 29-Jun-2020 in RTGS,M/S Vijayalakshmi Associates,S01,https://data.opencity.in/dataset/d22cea6d-5256-43af-8ad5-68db551e0760/resource/1ccbab74-ca87-465f-826b-5fd1b4b81a5f/download/f68edd0d-7e8b-4386-89cc-a7c946785c8a.csv
178,151-16-000001,Running,466924.0,43850.0,423074.0,000124,2020-10-01,003037,2020-11-30,000218 / 01-Dec-2020 in RTGS,M/S Vijayalakshmi Associates,S01,https://data.opencity.in/dataset/d22cea6d-5256-43af-8ad5-68db551e0760/resource/1ccbab74-ca87-465f-826b-5fd1b4b81a5f/download/f68edd0d-7e8b-4386-89cc-a7c946785c8a.csv
178,151-16-000001,Running,466925.0,45350.0,421575.0,000180,2020-12-21,004629,2021-03-01,000287 / 05-Mar-2021 in RTGS,M/S Vijayalakshmi Associates,S01,https://data.opencity.in/dataset/d22cea6d-5256-43af-8ad5-68db551e0760/resource/1ccbab74-ca87-465f-826b-5fd1b4b81a5f/download/f68edd0d-7e8b-4386-89cc-a7c946785c8a.csv
178,151-16-000001,Final,255579.0,27200.0,228379.0,000021,2021-07-07,,2021-10-13,000246 / 13-Oct-2021 in RTGS,M/S Vijayalakshmi Associates,S01,https://data.opencity.in/dataset/d22cea6d-5256-43af-8ad5-68db551e0760/resource/1ccbab74-ca87-465f-826b-5fd1b4b81a5f/download/f68edd0d-7e8b-4386-89cc-a7c946785c8a.csv
179,147-18-000061,First and Final,1690262.0,171397.0,1518865.0,000120,2019-08-29,,2021-10-11,000239 / 11-Oct-2021 in RTGS,N Narasimha,S02,https://data.opencity.in/dataset/d22cea6d-5256-43af-8ad5-68db551e0760/resource/9781e788-6c7b-4978-a600-abf3836b2a37/download/e51f4570-bde5-4fa7-bdd7-ec131041ea35.csv
180,151-18-000086,First and Final,984869.0,52204.0,932665.0,000159,2019-08-30,,2021-10-11,000239 / 11-Oct-2021 in RTGS,M/S Chowdeshwari Electricals (MJ Ninge Gowda),S01,https://data.opencity.in/dataset/d22cea6d-5256-43af-8ad5-68db551e0760/resource/1ccbab74-ca87-465f-826b-5fd1b4b81a5f/download/f68edd0d-7e8b-4386-89cc-a7c946785c8a.csv
181,151-18-000058,First and Final,960400.0,47764.0,912636.0,000054,2019-06-18,,2021-09-29,000215 / 29-Sep-2021 in RTGS,M/S Niharika Electricals (Dilip.J),S01,https://data.opencity.in/dataset/d22cea6d-5256-43af-8ad5-68db551e0760/resource/1ccbab74-ca87-465f-826b-5fd1b4b81a5f/download/f68edd0d-7e8b-4386-89cc-a7c946785c8a.csv
182,151-18-000044,First and Final,1184901.0,97168.0,1087733.0,000100,2021-08-02,RTGS 000199,2021-09-17,Paid (RTGS),Sri. Mohan Kumar N,IFMS-GRID,https://accounts.bbmp.gov.in/vssWB/vss00CvStatusData.php?pAction=LoadPaymentGridData
183,307-19-000009,First and Final,2999000.0,299900.0,2699100.0,000247,2019-03-08,RTGS 000026,2019-04-24,Paid (RTGS),Civil Quality Consultants and Engineers Pro Smt. Mamatha K N,IFMS-GRID,https://accounts.bbmp.gov.in/vssWB/vss00CvStatusData.php?pAction=LoadPaymentGridData
183,307-19-000009,Running,25964959.0,1417724.0,24547235.0,000039,2019-05-27,RTGS 000091,2019-06-21,Paid (RTGS),H D INFRASTRUCTURES,IFMS-GRID,https://accounts.bbmp.gov.in/vssWB/vss00CvStatusData.php?pAction=LoadPaymentGridData
183,307-19-000009,Running,15666027.0,915397.0,14750630.0,000074,2019-07-15,RTGS 000139,2019-08-02,Paid (RTGS),H D INFRASTRUCTURES,IFMS-GRID,https://accounts.bbmp.gov.in/vssWB/vss00CvStatusData.php?pAction=LoadPaymentGridData
183,307-19-000009,Running,39983560.0,2718360.0,37265200.0,000214,2020-01-28,RTGS 000063,2020-06-05,Paid (RTGS),H D INFRASTRUCTURES,IFMS-GRID,https://accounts.bbmp.gov.in/vssWB/vss00CvStatusData.php?pAction=LoadPaymentGridData
183,307-19-000009,Running,42177235.0,2636886.0,39540349.0,000034,2020-06-04,RTGS 000237,2020-12-24,Paid (RTGS),H D INFRASTRUCTURES,IFMS-GRID,https://accounts.bbmp.gov.in/vssWB/vss00CvStatusData.php?pAction=LoadPaymentGridData
183,307-19-000009,Running,460000.0,46000.0,414000.0,000038,2020-06-10,RTGS 000237,2020-12-24,Paid (RTGS),M/s. Sapience Consultants and Engineers,IFMS-GRID,https://accounts.bbmp.gov.in/vssWB/vss00CvStatusData.php?pAction=LoadPaymentGridData
183,307-19-000009,Running,977000.0,97700.0,879300.0,000091,2020-11-24,RTGS 000049,2021-05-29,Paid (RTGS),M/s Civil Tech Labs Pro Sri Basavaraj K,IFMS-GRID,https://accounts.bbmp.gov.in/vssWB/vss00CvStatusData.php?pAction=LoadPaymentGridData
183,307-19-000009,Running,44424000.0,2271586.0,42152414.0,000103,2020-12-08,RTGS 000309,2021-03-26,Paid (RTGS),H D INFRASTRUCTURES,IFMS-GRID,https://accounts.bbmp.gov.in/vssWB/vss00CvStatusData.php?pAction=LoadPaymentGridData
183,307-19-000009,Running,38816000.0,2644644.0,36171356.0,000152,2021-03-02,RTGS 000104,2021-07-12,Paid (RTGS),H D INFRASTRUCTURES,IFMS-GRID,https://accounts.bbmp.gov.in/vssWB/vss00CvStatusData.php?pAction=LoadPaymentGridData
183,307-19-000009,Running,529400.0,53000.0,476400.0,000161,2021-03-18,RTGS 000049,2021-05-29,Paid (RTGS),M/s Civil Tech Labs Pro Sri Basavaraj K,IFMS-GRID,https://accounts.bbmp.gov.in/vssWB/vss00CvStatusData.php?pAction=LoadPaymentGridData
183,307-19-000009,Running,29095000.0,1716554.0,27378446.0,000042,2021-07-15,RTGS 000189,2021-09-14,Paid (RTGS),H D INFRASTRUCTURES,IFMS-GRID,https://accounts.bbmp.gov.in/vssWB/vss00CvStatusData.php?pAction=LoadPaymentGridData
184,151-20-000075,First and Final,1441572.0,63240.0,1378332.0,000026,2021-05-27,RTGS 000156,2021-08-13,Paid (RTGS),Sri Y H Krishna,IFMS-GRID,https://accounts.bbmp.gov.in/vssWB/vss00CvStatusData.php?pAction=LoadPaymentGridData
185,151-19-000024,First and Final,1383818.0,125812.0,1258006.0,000074,2021-07-07,RTGS 000156,2021-08-13,Paid (RTGS),Sri M Kumar,IFMS-GRID,https://accounts.bbmp.gov.in/vssWB/vss00CvStatusData.php?pAction=LoadPaymentGridData
186,151-20-000062,First and Final,776634.0,47755.0,728879.0,000027,2021-05-27,RTGS 000156,2021-08-13,Paid (RTGS),Sri Y H Krishna,IFMS-GRID,https://accounts.bbmp.gov.in/vssWB/vss00CvStatusData.php?pAction=LoadPaymentGridData
187,307-19-000015,Running,14731000.0,719954.0,14011046.0,000008,2019-04-11,RTGS 000033,2019-05-03,Paid (RTGS),M/s R K Brothers Infraprop Proventures Private Limited,IFMS-GRID,https://accounts.bbmp.gov.in/vssWB/vss00CvStatusData.php?pAction=LoadPaymentGridData
187,307-19-000015,Running,14296000.0,713786.0,13582214.0,000075,2019-08-19,RTGS 000185,2019-09-13,Paid (RTGS),M/s R K Brothers Infraprop Proventures Private Limited,IFMS-GRID,https://accounts.bbmp.gov.in/vssWB/vss00CvStatusData.php?pAction=LoadPaymentGridData
187,307-19-000015,Third and Final,1622000.0,82466.0,1539534.0,000143,2020-01-02,RTGS 000343,2020-01-10,Paid (RTGS),M/s R K Brothers Infraprop Proventures Private Limited,IFMS-GRID,https://accounts.bbmp.gov.in/vssWB/vss00CvStatusData.php?pAction=LoadPaymentGridData
187,307-19-000015,First and Final,495000.0,49500.0,445500.0,000116,2020-12-28,RTGS 000137,2021-08-04,Paid (RTGS),M/s Preethi Cad Consulting Engineers Pvt Ltd,IFMS-GRID,https://accounts.bbmp.gov.in/vssWB/vss00CvStatusData.php?pAction=LoadPaymentGridData
188,151-17-000008,First and Final,9483084.0,1119725.0,8363359.0,000008,2019-05-06,,2021-08-04,000135 / 04-Aug-2021 in RTGS,TECHNICAL MANAGER-3,S01,https://data.opencity.in/dataset/d22cea6d-5256-43af-8ad5-68db551e0760/resource/1ccbab74-ca87-465f-826b-5fd1b4b81a5f/download/f68edd0d-7e8b-4386-89cc-a7c946785c8a.csv
189,151-20-000004,First and Final,3760454.0,190823.0,3569631.0,000014,2021-04-22,RTGS 000124,2021-07-29,Paid (RTGS),Sri. K C Sreedhar,IFMS-GRID,https://accounts.bbmp.gov.in/vssWB/vss00CvStatusData.php?pAction=LoadPaymentGridData
190,151-20-000003,First and Final,2879180.0,155681.0,2723499.0,000012,2021-04-22,RTGS 000124,2021-07-29,Paid (RTGS),Sri. K C Sreedhar,IFMS-GRID,https://accounts.bbmp.gov.in/vssWB/vss00CvStatusData.php?pAction=LoadPaymentGridData
191,151-20-000006,First and Final,2398646.0,150529.0,2248117.0,000013,2021-04-22,RTGS 000124,2021-07-29,Paid (RTGS),Sri K C Sreedhar,IFMS-GRID,https://accounts.bbmp.gov.in/vssWB/vss00CvStatusData.php?pAction=LoadPaymentGridData
192,151-18-000091,First and Final,1341571.0,65545.0,1276026.0,000010,2019-05-08,,2021-07-27,000118 / 27-Jul-2021 in RTGS,"Sri v. Jai Kumar, Shree Vinayaka Electricals",S01,https://data.opencity.in/dataset/d22cea6d-5256-43af-8ad5-68db551e0760/resource/1ccbab74-ca87-465f-826b-5fd1b4b81a5f/download/f68edd0d-7e8b-4386-89cc-a7c946785c8a.csv
193,148-17-000002,First and Final,9990175.0,1177465.0,8812710.0,000009,2019-05-06,,2021-07-23,000115 / 23-Jul-2021 in RTGS,TECHNICAL MANAGER-3,S03,https://data.opencity.in/dataset/d22cea6d-5256-43af-8ad5-68db551e0760/resource/bcc85853-64d8-4ffb-b213-ff1c769f1ddf/download/ba583625-49c9-4e9f-89b4-764b9e9773cd.csv
194,151-17-000100,First and Final,4862721.0,203950.0,4658771.0,000260,2019-03-31,,2021-07-15,000106 / 15-Jul-2021 in RTGS,Sri. B S Mahesh Kumar,S01,https://data.opencity.in/dataset/d22cea6d-5256-43af-8ad5-68db551e0760/resource/1ccbab74-ca87-465f-826b-5fd1b4b81a5f/download/f68edd0d-7e8b-4386-89cc-a7c946785c8a.csv
195,151-18-000083,First and Final,1852933.0,76998.0,1775935.0,000261,2019-03-31,,2021-07-15,000106 / 15-Jul-2021 in RTGS,Sri. Mahesh kumar B S,S01,https://data.opencity.in/dataset/d22cea6d-5256-43af-8ad5-68db551e0760/resource/1ccbab74-ca87-465f-826b-5fd1b4b81a5f/download/f68edd0d-7e8b-4386-89cc-a7c946785c8a.csv
196,148-17-000052,First and Final,3091924.0,294738.0,2797186.0,000041,2019-05-29,,2021-07-08,000101 / 08-Jul-2021 in RTGS,Sri. N Narasimha,S03,https://data.opencity.in/dataset/d22cea6d-5256-43af-8ad5-68db551e0760/resource/bcc85853-64d8-4ffb-b213-ff1c769f1ddf/download/ba583625-49c9-4e9f-89b4-764b9e9773cd.csv
197,151-17-000083,First and Final,9521848.0,459989.0,9061859.0,000001,2019-04-04,,2021-07-05,000100 / 05-Jul-2021 in RTGS,Sri. M Ramesh,S01,https://data.opencity.in/dataset/d22cea6d-5256-43af-8ad5-68db551e0760/resource/1ccbab74-ca87-465f-826b-5fd1b4b81a5f/download/f68edd0d-7e8b-4386-89cc-a7c946785c8a.csv
198,151-18-000092,First and Final,1731346.0,136418.0,1594928.0,000017,2020-05-21,,2021-06-23,000090 / 23-Jun-2021 in RTGS,Sri Patel B,S01,https://data.opencity.in/dataset/d22cea6d-5256-43af-8ad5-68db551e0760/resource/1ccbab74-ca87-465f-826b-5fd1b4b81a5f/download/f68edd0d-7e8b-4386-89cc-a7c946785c8a.csv
199,147-18-000022,First and Final,874596.0,162964.0,711632.0,000021,2021-05-17,RTGS 000088,2021-06-23,Paid (RTGS),Sri. R Govinda raju,IFMS-GRID,https://accounts.bbmp.gov.in/vssWB/vss00CvStatusData.php?pAction=LoadPaymentGridData
200,151-18-000089,First and Final,847823.0,40941.0,806882.0,000240,2019-03-02,,2021-06-16,000078 / 16-Jun-2021 in RTGS,Sri. Satish Nayka,S01,https://data.opencity.in/dataset/d22cea6d-5256-43af-8ad5-68db551e0760/resource/1ccbab74-ca87-465f-826b-5fd1b4b81a5f/download/f68edd0d-7e8b-4386-89cc-a7c946785c8a.csv
201,147-18-000067,First and Final,1990401.0,96340.0,1894061.0,000242,2019-03-02,,2021-06-16,000078 / 16-Jun-2021 in RTGS,Sri Satish Nayak,S02,https://data.opencity.in/dataset/d22cea6d-5256-43af-8ad5-68db551e0760/resource/9781e788-6c7b-4978-a600-abf3836b2a37/download/e51f4570-bde5-4fa7-bdd7-ec131041ea35.csv
202,151-17-000076,First and Final,4933390.0,483364.0,4450026.0,000222,2019-02-12,,2021-06-08,000067 / 08-Jun-2021 in RTGS,Sri. M R Chandrashekar,S01,https://data.opencity.in/dataset/d22cea6d-5256-43af-8ad5-68db551e0760/resource/1ccbab74-ca87-465f-826b-5fd1b4b81a5f/download/f68edd0d-7e8b-4386-89cc-a7c946785c8a.csv
203,151-19-000007,First and Final,1899598.0,247418.0,1652180.0,000254,2020-03-31,,2021-06-05,000063 / 05-Jun-2021 in RTGS,M/s KRIDL,S01,https://data.opencity.in/dataset/d22cea6d-5256-43af-8ad5-68db551e0760/resource/1ccbab74-ca87-465f-826b-5fd1b4b81a5f/download/f68edd0d-7e8b-4386-89cc-a7c946785c8a.csv
204,151-17-000094,First and Final,4625496.0,512172.0,4113324.0,000200,2019-01-05,,2021-06-01,000053 / 01-Jun-2021 in RTGS,S N Constructions,S01,https://data.opencity.in/dataset/d22cea6d-5256-43af-8ad5-68db551e0760/resource/1ccbab74-ca87-465f-826b-5fd1b4b81a5f/download/f68edd0d-7e8b-4386-89cc-a7c946785c8a.csv
205,151-17-000038,First and Final,4854710.0,524924.0,4329786.0,000201,2019-01-05,,2021-05-27,000045 / 27-May-2021 in RTGS,S N Constructions,S01,https://data.opencity.in/dataset/d22cea6d-5256-43af-8ad5-68db551e0760/resource/1ccbab74-ca87-465f-826b-5fd1b4b81a5f/download/f68edd0d-7e8b-4386-89cc-a7c946785c8a.csv
206,151-19-000018,First and Final,500348.0,46514.0,453834.0,000101,2021-03-02,RTGS 000014,2021-04-30,Paid (RTGS),C N Shantharaju,IFMS-GRID,https://accounts.bbmp.gov.in/vssWB/vss00CvStatusData.php?pAction=LoadPaymentGridData
207,151-18-000022,First and Final,1230554.0,50853.0,1179701.0,000016,2020-05-21,RTGS 000317,2021-03-29,Paid (RTGS),Sri. K C Sreedhar,IFMS-GRID,https://accounts.bbmp.gov.in/vssWB/vss00CvStatusData.php?pAction=LoadPaymentGridData
208,151-18-000030,First and Final,2982915.0,384522.0,2598393.0,000093,2020-07-22,RTGS 000302,2021-03-23,Paid (RTGS),M/s KRIDL,IFMS-GRID,https://accounts.bbmp.gov.in/vssWB/vss00CvStatusData.php?pAction=LoadPaymentGridData
209,151-20-000066,First and Final,600295.0,30557.0,569738.0,000206,2020-12-18,RTGS 000279,2021-02-24,Paid (RTGS),Sri Abhishek C,IFMS-GRID,https://accounts.bbmp.gov.in/vssWB/vss00CvStatusData.php?pAction=LoadPaymentGridData
210,151-17-000001,First and Final,2323944.0,265100.0,2058844.0,000176,2018-10-06,004393,2021-02-22,000278 / 24-Feb-2021 in RTGS,TECHNICAL MANAGER-3,S01,https://data.opencity.in/dataset/d22cea6d-5256-43af-8ad5-68db551e0760/resource/1ccbab74-ca87-465f-826b-5fd1b4b81a5f/download/f68edd0d-7e8b-4386-89cc-a7c946785c8a.csv
211,151-18-000049,First and Final,1212298.0,50421.0,1161877.0,000043,2020-06-19,RTGS 000271,2021-02-04,Paid (RTGS),Sri. R M Ravi,IFMS-GRID,https://accounts.bbmp.gov.in/vssWB/vss00CvStatusData.php?pAction=LoadPaymentGridData
212,115-20-000035,Final,1961260.0,198125.0,1763135.0,000058,2020-10-20,RTGS 000244,2021-01-01,Paid (RTGS),NAKSHTRA CONSTRUCTIONS Pro : Nalinadevi J,IFMS-GRID,https://accounts.bbmp.gov.in/vssWB/vss00CvStatusData.php?pAction=LoadPaymentGridData
213,151-19-000021,First and Final,932559.0,83670.0,848889.0,000046,2020-06-19,RTGS 000213,2020-11-25,Paid (RTGS),M/s KRIDL,IFMS-GRID,https://accounts.bbmp.gov.in/vssWB/vss00CvStatusData.php?pAction=LoadPaymentGridData
214,151-18-000001,First and Final,476070.0,47607.0,428463.0,000016,2018-04-11,RTGS 000295,2018-12-18,Paid (RTGS),Civil Experts Consultants and Testing Center Pro Sri. Raghu R K,IFMS-GRID,https://accounts.bbmp.gov.in/vssWB/vss00CvStatusData.php?pAction=LoadPaymentGridData
214,151-18-000001,Running,13195911.0,568517.0,12627394.0,000086,2019-08-01,RTGS 000218,2019-10-11,Paid (RTGS),Mr NAGARAJ M T,IFMS-GRID,https://accounts.bbmp.gov.in/vssWB/vss00CvStatusData.php?pAction=LoadPaymentGridData
214,151-18-000001,Running,4504958.0,170222.0,4334736.0,000231,2020-02-20,RTGS 000201,2020-10-27,Paid (RTGS),Mr NAGARAJ M T,IFMS-GRID,https://accounts.bbmp.gov.in/vssWB/vss00CvStatusData.php?pAction=LoadPaymentGridData
215,151-19-000027,First and Final,990364.0,112983.0,877381.0,000097,2020-08-07,RTGS 000200,2020-10-23,Paid (RTGS),M/s KRIDL,IFMS-GRID,https://accounts.bbmp.gov.in/vssWB/vss00CvStatusData.php?pAction=LoadPaymentGridData
216,151-19-000023,First and Final,1489292.0,144367.0,1344925.0,000054,2020-06-26,RTGS 000197,2020-10-20,Paid (RTGS),M/s KRIDL,IFMS-GRID,https://accounts.bbmp.gov.in/vssWB/vss00CvStatusData.php?pAction=LoadPaymentGridData
217,151-18-000031,First and Final,8776776.0,1009256.0,7767520.0,000049,2020-06-22,RTGS 000193,2020-10-16,Paid (RTGS),M/s KRIDL,IFMS-GRID,https://accounts.bbmp.gov.in/vssWB/vss00CvStatusData.php?pAction=LoadPaymentGridData
218,147-19-000019,First and Final,1498806.0,144175.0,1354631.0,000053,2020-06-26,RTGS 000193,2020-10-16,Paid (RTGS),M/s KRIDL,IFMS-GRID,https://accounts.bbmp.gov.in/vssWB/vss00CvStatusData.php?pAction=LoadPaymentGridData
219,151-17-000029,First and Final,3360419.0,338797.0,3021622.0,000067,2018-06-29,002104,2020-09-08,000254 / 15-Jan-2021 in RTGS,Sri. M R Chandrashekar,S01,https://data.opencity.in/dataset/d22cea6d-5256-43af-8ad5-68db551e0760/resource/1ccbab74-ca87-465f-826b-5fd1b4b81a5f/download/f68edd0d-7e8b-4386-89cc-a7c946785c8a.csv
220,147-17-000016,First and Final,4886950.0,444238.0,4442712.0,000169,2018-10-23,001724,2020-07-08,000153 / 13-Jul-2020 in RTGS,N Venkatesh,S02,https://data.opencity.in/dataset/d22cea6d-5256-43af-8ad5-68db551e0760/resource/9781e788-6c7b-4978-a600-abf3836b2a37/download/e51f4570-bde5-4fa7-bdd7-ec131041ea35.csv
221,151-19-000020,First and Final,1968852.0,75117.0,1893735.0,000013,2020-05-20,RTGS 000141,2020-07-07,Paid (RTGS),Smt Hemavathi,IFMS-GRID,https://accounts.bbmp.gov.in/vssWB/vss00CvStatusData.php?pAction=LoadPaymentGridData
222,147-17-000086,First and Final,4133834.0,318501.0,3815333.0,000135,2018-09-28,001292,2020-06-25,000117 / 03-Jul-2020 in RTGS,Sri. K R Pratheek,S02,https://data.opencity.in/dataset/d22cea6d-5256-43af-8ad5-68db551e0760/resource/9781e788-6c7b-4978-a600-abf3836b2a37/download/e51f4570-bde5-4fa7-bdd7-ec131041ea35.csv
223,147-17-000063,First and Final,2876251.0,224213.0,2652038.0,000132,2018-09-28,001291,2020-06-25,000117 / 03-Jul-2020 in RTGS,Sri. K R Pratheek,S02,https://data.opencity.in/dataset/d22cea6d-5256-43af-8ad5-68db551e0760/resource/9781e788-6c7b-4978-a600-abf3836b2a37/download/e51f4570-bde5-4fa7-bdd7-ec131041ea35.csv
224,147-17-000083,First and Final,3684588.0,281604.0,3402984.0,000130,2018-09-28,001282,2020-06-25,000117 / 03-Jul-2020 in RTGS,Sri. K R Pratheek,S02,https://data.opencity.in/dataset/d22cea6d-5256-43af-8ad5-68db551e0760/resource/9781e788-6c7b-4978-a600-abf3836b2a37/download/e51f4570-bde5-4fa7-bdd7-ec131041ea35.csv
225,147-17-000038,First and Final,2481070.0,196155.0,2284915.0,000149,2018-09-30,001295,2020-06-25,000117 / 03-Jul-2020 in RTGS,K R Pratheek,S02,https://data.opencity.in/dataset/d22cea6d-5256-43af-8ad5-68db551e0760/resource/9781e788-6c7b-4978-a600-abf3836b2a37/download/e51f4570-bde5-4fa7-bdd7-ec131041ea35.csv
226,147-17-000039,First and Final,1434378.0,111839.0,1322539.0,000128,2018-09-28,001114,2020-06-24,000092 / 24-Jun-2020 in RTGS,Sri. K R Pratheek,S02,https://data.opencity.in/dataset/d22cea6d-5256-43af-8ad5-68db551e0760/resource/9781e788-6c7b-4978-a600-abf3836b2a37/download/e51f4570-bde5-4fa7-bdd7-ec131041ea35.csv
227,151-17-000096,First and Final,3630393.0,111236.0,3519157.0,000109,2018-08-31,000421,2020-05-28,000060 / 03-Jun-2020 in RTGS,Sri. Jagadish Mariyappa,S01,https://data.opencity.in/dataset/d22cea6d-5256-43af-8ad5-68db551e0760/resource/1ccbab74-ca87-465f-826b-5fd1b4b81a5f/download/f68edd0d-7e8b-4386-89cc-a7c946785c8a.csv
228,151-17-000097,First and Final,4923147.0,374543.0,4548604.0,000106,2018-08-30,000350,2020-05-28,000053 / 01-Jun-2020 in RTGS,Sri K C Sreedhar,S01,https://data.opencity.in/dataset/d22cea6d-5256-43af-8ad5-68db551e0760/resource/1ccbab74-ca87-465f-826b-5fd1b4b81a5f/download/f68edd0d-7e8b-4386-89cc-a7c946785c8a.csv
229,151-17-000025,First and Final,3917642.0,288151.0,3629491.0,000099,2018-08-14,000349,2020-05-28,000053 / 01-Jun-2020 in RTGS,K C Sridhar,S01,https://data.opencity.in/dataset/d22cea6d-5256-43af-8ad5-68db551e0760/resource/1ccbab74-ca87-465f-826b-5fd1b4b81a5f/download/f68edd0d-7e8b-4386-89cc-a7c946785c8a.csv
230,151-17-000030,First and Final,3402590.0,251582.0,3151008.0,000098,2018-08-14,000348,2020-05-28,000053 / 01-Jun-2020 in RTGS,K C Sridhar,S01,https://data.opencity.in/dataset/d22cea6d-5256-43af-8ad5-68db551e0760/resource/1ccbab74-ca87-465f-826b-5fd1b4b81a5f/download/f68edd0d-7e8b-4386-89cc-a7c946785c8a.csv
231,147-17-000059,First and Final,2670445.0,108783.0,2561662.0,000108,2018-08-31,000420,2020-05-28,000060 / 03-Jun-2020 in RTGS,Sri Jagadish Mariyappa,S02,https://data.opencity.in/dataset/d22cea6d-5256-43af-8ad5-68db551e0760/resource/9781e788-6c7b-4978-a600-abf3836b2a37/download/e51f4570-bde5-4fa7-bdd7-ec131041ea35.csv
232,147-17-000085,First and Final,1723752.0,70435.0,1653317.0,000107,2018-08-31,000419,2020-05-28,000060 / 03-Jun-2020 in RTGS,Sri Jagadish Mariyappa,S02,https://data.opencity.in/dataset/d22cea6d-5256-43af-8ad5-68db551e0760/resource/9781e788-6c7b-4978-a600-abf3836b2a37/download/e51f4570-bde5-4fa7-bdd7-ec131041ea35.csv
233,151-17-000023,First and Final,8563159.0,637983.0,7925176.0,000105,2018-08-30,000432,2020-05-28,000061 / 05-Jun-2020 in RTGS,Sri K C Sreedhar,S01,https://data.opencity.in/dataset/d22cea6d-5256-43af-8ad5-68db551e0760/resource/1ccbab74-ca87-465f-826b-5fd1b4b81a5f/download/f68edd0d-7e8b-4386-89cc-a7c946785c8a.csv
234,151-18-000032,Running,3673303.0,363131.0,3310172.0,000136,2018-11-22,RTGS 000296,2018-12-19,Paid (RTGS),Sri. B.K.Bhaskar (Sri Bharathi Electricals),IFMS-GRID,https://accounts.bbmp.gov.in/vssWB/vss00CvStatusData.php?pAction=LoadPaymentGridData
234,151-18-000032,Second and Final,589670.0,58294.0,531376.0,000241,2020-01-30,RTGS 000441,2020-03-23,Paid (RTGS),Sri. B.K.Bhaskar (Sri Bharathi Electricals),IFMS-GRID,https://accounts.bbmp.gov.in/vssWB/vss00CvStatusData.php?pAction=LoadPaymentGridData
235,151-17-000082,First and Final,1444028.0,40324.0,1403704.0,000094,2018-08-09,009072,2020-03-17,000021 / 21-May-2020 in RTGS,C Pushparaj,S01,https://data.opencity.in/dataset/d22cea6d-5256-43af-8ad5-68db551e0760/resource/1ccbab74-ca87-465f-826b-5fd1b4b81a5f/download/f68edd0d-7e8b-4386-89cc-a7c946785c8a.csv
236,151-17-000024,First and Final,8167458.0,604888.0,7562570.0,000090,2018-08-08,008778,2020-03-04,000420 / 09-Mar-2020 in RTGS,M Ramesh,S01,https://data.opencity.in/dataset/d22cea6d-5256-43af-8ad5-68db551e0760/resource/1ccbab74-ca87-465f-826b-5fd1b4b81a5f/download/f68edd0d-7e8b-4386-89cc-a7c946785c8a.csv
237,151-17-000037,First and Final,6011703.0,446830.0,5564873.0,000092,2018-08-08,008780,2020-03-04,000420 / 09-Mar-2020 in RTGS,Sri. M Ramesh,S01,https://data.opencity.in/dataset/d22cea6d-5256-43af-8ad5-68db551e0760/resource/1ccbab74-ca87-465f-826b-5fd1b4b81a5f/download/f68edd0d-7e8b-4386-89cc-a7c946785c8a.csv
238,147-19-000020,First and Final,1339718.0,157974.0,1181744.0,000205,2020-01-17,RTGS 000407,2020-02-28,Paid (RTGS),M/s KRILD,IFMS-GRID,https://accounts.bbmp.gov.in/vssWB/vss00CvStatusData.php?pAction=LoadPaymentGridData
239,151-19-000028,First and Final,966863.0,79954.0,886909.0,000198,2020-01-03,RTGS 000382,2020-02-07,Paid (RTGS),Sri Rangashamaiah,IFMS-GRID,https://accounts.bbmp.gov.in/vssWB/vss00CvStatusData.php?pAction=LoadPaymentGridData
240,304-17-000188,First and Final,9729078.0,969499.0,8759579.0,000016,2019-12-09,RTGS 000338,2020-01-09,Paid (RTGS),K.Somappa,IFMS-GRID,https://accounts.bbmp.gov.in/vssWB/vss00CvStatusData.php?pAction=LoadPaymentGridData
241,151-17-000004,First and Final,1369487.0,112234.0,1257253.0,000058,2018-06-02,007090,2020-01-08,000336 / 09-Jan-2020 in RTGS,Sri. R M Ravi,S01,https://data.opencity.in/dataset/d22cea6d-5256-43af-8ad5-68db551e0760/resource/1ccbab74-ca87-465f-826b-5fd1b4b81a5f/download/f68edd0d-7e8b-4386-89cc-a7c946785c8a.csv
242,151-16-000014,First and Final,5145767.0,390699.0,4755068.0,000054,2018-05-21,006785,2019-12-12,000320 / 24-Dec-2019 in RTGS,M/s KRIDL,S01,https://data.opencity.in/dataset/d22cea6d-5256-43af-8ad5-68db551e0760/resource/1ccbab74-ca87-465f-826b-5fd1b4b81a5f/download/f68edd0d-7e8b-4386-89cc-a7c946785c8a.csv
243,151-18-000051,First and Final,2479503.0,282315.0,2197188.0,000088,2019-10-23,RTGS 000285,2019-11-29,Paid (RTGS),KRIDL,IFMS-GRID,https://accounts.bbmp.gov.in/vssWB/vss00CvStatusData.php?pAction=LoadPaymentGridData
244,147-18-000023,First and Final,1190608.0,112692.0,1077916.0,000128,2019-09-30,RTGS 000275,2019-11-21,Paid (RTGS),Sri. R Govindaraju,IFMS-GRID,https://accounts.bbmp.gov.in/vssWB/vss00CvStatusData.php?pAction=LoadPaymentGridData
245,151-18-000023,First and Final,1201947.0,71145.0,1130802.0,000127,2019-09-24,RTGS 000243,2019-10-30,Paid (RTGS),Sri. Hitesh Kumar S,IFMS-GRID,https://accounts.bbmp.gov.in/vssWB/vss00CvStatusData.php?pAction=LoadPaymentGridData
246,151-18-000027,First and Final,3497830.0,350710.0,3147120.0,000124,2019-08-31,RTGS 000220,2019-10-14,Paid (RTGS),Sri. R Govindaraju,IFMS-GRID,https://accounts.bbmp.gov.in/vssWB/vss00CvStatusData.php?pAction=LoadPaymentGridData
247,151-18-000042,First and Final,1416200.0,55028.0,1361172.0,000081,2019-07-25,RTGS 000220,2019-10-14,Paid (RTGS),Sri. K C Sreedhar,IFMS-GRID,https://accounts.bbmp.gov.in/vssWB/vss00CvStatusData.php?pAction=LoadPaymentGridData
248,148-18-000025,First and Final,8251283.0,1256085.0,6995198.0,000126,2019-08-31,RTGS 000204,2019-09-27,Paid (RTGS),M/s KRIDL,IFMS-GRID,https://accounts.bbmp.gov.in/vssWB/vss00CvStatusData.php?pAction=LoadPaymentGridData
249,151-19-000019,First and Final,1966887.0,68127.0,1898760.0,000101,2019-08-16,RTGS 000192,2019-09-18,Paid (RTGS),Smt. H S Hemavathi,IFMS-GRID,https://accounts.bbmp.gov.in/vssWB/vss00CvStatusData.php?pAction=LoadPaymentGridData
250,151-19-000015,First and Final,1214875.0,59354.0,1155521.0,000146,2019-08-17,RTGS 000192,2019-09-18,Paid (RTGS),M/s. K.S. Mohan (Vijayalakshmi Associates),IFMS-GRID,https://accounts.bbmp.gov.in/vssWB/vss00CvStatusData.php?pAction=LoadPaymentGridData
251,151-11-000024,,458419.0,32548.0,425871.0,,,,,,M/s.Devi electrucals,S24,https://data.opencity.in/dataset/968e5202-74ed-4279-92df-7b7a1a111108/resource/29791ed4-40b0-41bf-b6a5-b40da512f48d/download/b55132eb-758d-4df8-a7d7-2fd6169fb4dc.csv
251,151-11-000024,First and Final,458419.0,32548.0,425871.0,276,,RTGS 001078,2015-10-09,Paid (RTGS),M/s.Devi electrucals,IFMS-GRID,https://accounts.bbmp.gov.in/vssWB/vss00CvStatusData.php?pAction=LoadPaymentGridData
251,151-11-000024,Final,3983687.0,203164.0,3780523.0,000048,2019-06-11,004574,2019-08-17,000160 / 20-Aug-2019 in RTGS,M/s Ashoka Biogreen Pvt Ltd,S01,https://data.opencity.in/dataset/d22cea6d-5256-43af-8ad5-68db551e0760/resource/1ccbab74-ca87-465f-826b-5fd1b4b81a5f/download/f68edd0d-7e8b-4386-89cc-a7c946785c8a.csv
252,151-19-000004,First and Final,1976486.0,230305.0,1746181.0,000071,2019-07-12,004607,2019-08-17,000193 / 19-Sep-2019 in RTGS,M/s KRIDL,S01,https://data.opencity.in/dataset/d22cea6d-5256-43af-8ad5-68db551e0760/resource/1ccbab74-ca87-465f-826b-5fd1b4b81a5f/download/f68edd0d-7e8b-4386-89cc-a7c946785c8a.csv
253,151-19-000003,First and Final,1968391.0,222417.0,1745974.0,000072,2019-07-12,004611,2019-08-17,000193 / 19-Sep-2019 in RTGS,M/s KRIDL,S01,https://data.opencity.in/dataset/d22cea6d-5256-43af-8ad5-68db551e0760/resource/1ccbab74-ca87-465f-826b-5fd1b4b81a5f/download/f68edd0d-7e8b-4386-89cc-a7c946785c8a.csv
254,151-19-000005,First and Final,1964847.0,229582.0,1735265.0,000070,2019-07-12,004608,2019-08-17,000193 / 19-Sep-2019 in RTGS,M/s KRIDL,S01,https://data.opencity.in/dataset/d22cea6d-5256-43af-8ad5-68db551e0760/resource/1ccbab74-ca87-465f-826b-5fd1b4b81a5f/download/f68edd0d-7e8b-4386-89cc-a7c946785c8a.csv
255,151-19-000006,First and Final,1906908.0,235049.0,1671859.0,000073,2019-07-12,004609,2019-08-17,000193 / 19-Sep-2019 in RTGS,M/s KRIDL,S01,https://data.opencity.in/dataset/d22cea6d-5256-43af-8ad5-68db551e0760/resource/1ccbab74-ca87-465f-826b-5fd1b4b81a5f/download/f68edd0d-7e8b-4386-89cc-a7c946785c8a.csv
256,151-18-000025,First and Final,2584077.0,153658.0,2430419.0,000069,2019-07-10,RTGS 000155,2019-08-16,Paid (RTGS),Sri. Ramaraju Purushotham,IFMS-GRID,https://accounts.bbmp.gov.in/vssWB/vss00CvStatusData.php?pAction=LoadPaymentGridData
257,151-17-000093,Final,3740732.0,350404.0,3390328.0,000181,2018-03-30,004496,2019-08-14,000158 / 19-Aug-2019 in RTGS,N Santosh,S01,https://data.opencity.in/dataset/d22cea6d-5256-43af-8ad5-68db551e0760/resource/1ccbab74-ca87-465f-826b-5fd1b4b81a5f/download/f68edd0d-7e8b-4386-89cc-a7c946785c8a.csv
258,151-18-000038,First and Final,403722.0,36872.0,366850.0,000040,2019-05-29,RTGS 000119,2019-07-22,Paid (RTGS),Srinivasan C,IFMS-GRID,https://accounts.bbmp.gov.in/vssWB/vss00CvStatusData.php?pAction=LoadPaymentGridData
259,151-18-000040,First and Final,503594.0,49745.0,453849.0,000024,2019-05-04,RTGS 000119,2019-07-22,Paid (RTGS),Manjunatha N,IFMS-GRID,https://accounts.bbmp.gov.in/vssWB/vss00CvStatusData.php?pAction=LoadPaymentGridData
260,151-18-000043,First and Final,938528.0,45466.0,893062.0,000055,2019-06-01,RTGS 000119,2019-07-22,Paid (RTGS),Smt C Pushpa (M P Constructiohn),IFMS-GRID,https://accounts.bbmp.gov.in/vssWB/vss00CvStatusData.php?pAction=LoadPaymentGridData
261,151-18-000039,First and Final,1961896.0,95229.0,1866667.0,000050,2019-05-31,RTGS 000119,2019-07-22,Paid (RTGS),Sri. Lakshman H Pujari,IFMS-GRID,https://accounts.bbmp.gov.in/vssWB/vss00CvStatusData.php?pAction=LoadPaymentGridData
262,151-18-000021,First and Final,6006441.0,281397.0,5725044.0,000054,2019-06-01,RTGS 000119,2019-07-22,Paid (RTGS),K Sathish nayak,IFMS-GRID,https://accounts.bbmp.gov.in/vssWB/vss00CvStatusData.php?pAction=LoadPaymentGridData
263,151-17-000031,First and Final,3935589.0,378139.0,3557450.0,000149,2018-02-21,003701,2019-07-18,000122 / 23-Jul-2019 in RTGS,K. C. Sridhar,S01,https://data.opencity.in/dataset/d22cea6d-5256-43af-8ad5-68db551e0760/resource/1ccbab74-ca87-465f-826b-5fd1b4b81a5f/download/f68edd0d-7e8b-4386-89cc-a7c946785c8a.csv
264,151-17-000032,First and Final,3956912.0,390077.0,3566835.0,000148,2018-02-21,003698,2019-07-18,000122 / 23-Jul-2019 in RTGS,K C Sridhar,S01,https://data.opencity.in/dataset/d22cea6d-5256-43af-8ad5-68db551e0760/resource/1ccbab74-ca87-465f-826b-5fd1b4b81a5f/download/f68edd0d-7e8b-4386-89cc-a7c946785c8a.csv
265,151-16-000015,First and Final,7126358.0,569155.0,6557203.0,000140,2018-02-19,003729,2019-07-18,000122 / 23-Jul-2019 in RTGS,M/s KRIDL,S01,https://data.opencity.in/dataset/d22cea6d-5256-43af-8ad5-68db551e0760/resource/1ccbab74-ca87-465f-826b-5fd1b4b81a5f/download/f68edd0d-7e8b-4386-89cc-a7c946785c8a.csv
266,304-15-000370,Running,14254056.0,,,000017,2017-04-27,RTGS 000053,2017-05-11,Paid (RTGS),B.Y. Perumaiah,S45,https://data.opencity.in/dataset/968e5202-74ed-4279-92df-7b7a1a111108/resource/2f981c34-c500-454a-a321-3bd89670f4fc/download/bba9c3ae-f8f5-48fc-9b96-9a3544dfbafc.csv
266,304-15-000370,Running,220000.0,,,000020,2017-08-11,RTGS 000206,2017-09-03,Paid (RTGS),M/s Tejus Consultants,S45,https://data.opencity.in/dataset/968e5202-74ed-4279-92df-7b7a1a111108/resource/2f981c34-c500-454a-a321-3bd89670f4fc/download/bba9c3ae-f8f5-48fc-9b96-9a3544dfbafc.csv
266,304-15-000370,Second and Final,20694635.0,,,000037,2018-02-23,RTGS 000405,2018-03-02,Paid (RTGS),B.Y. Perumaiah,S45,https://data.opencity.in/dataset/968e5202-74ed-4279-92df-7b7a1a111108/resource/2f981c34-c500-454a-a321-3bd89670f4fc/download/bba9c3ae-f8f5-48fc-9b96-9a3544dfbafc.csv
266,304-15-000370,First and Final,333000.0,33300.0,299700.0,000038,2018-03-06,RTGS 000426,2018-03-20,Paid (RTGS),M/s Tejus Consultants,IFMS-GRID,https://accounts.bbmp.gov.in/vssWB/vss00CvStatusData.php?pAction=LoadPaymentGridData
266,304-15-000370,Second and Final,220000.0,,,000039,2018-03-06,RTGS 000426,2018-03-20,Paid (RTGS),M/s Tejus Consultants,S45,https://data.opencity.in/dataset/968e5202-74ed-4279-92df-7b7a1a111108/resource/2f981c34-c500-454a-a321-3bd89670f4fc/download/bba9c3ae-f8f5-48fc-9b96-9a3544dfbafc.csv
266,304-15-000370,Running,25582823.0,1318512.0,24264311.0,000015,2019-02-01,RTGS 000340,2019-02-06,Paid (RTGS),B Y PERUMAIAH,IFMS-GRID,https://accounts.bbmp.gov.in/vssWB/vss00CvStatusData.php?pAction=LoadPaymentGridData
266,304-15-000370,Running,355300.0,35530.0,319770.0,000016,2019-02-04,RTGS 000340,2019-02-06,Paid (RTGS),M/s Tejus Consultants,IFMS-GRID,https://accounts.bbmp.gov.in/vssWB/vss00CvStatusData.php?pAction=LoadPaymentGridData
266,304-15-000370,Second and Final,4365522.0,248400.0,4117122.0,000021,2019-03-14,RTGS 000380,2019-03-20,Paid (RTGS),B Y PERUMAIAH,IFMS-GRID,https://accounts.bbmp.gov.in/vssWB/vss00CvStatusData.php?pAction=LoadPaymentGridData
266,304-15-000370,,62700.0,6270.0,56430.0,000007,2019-06-20,RTGS 000104,2019-07-03,Paid (RTGS),M/s Tejus Consultants,IFMS-GRID,https://accounts.bbmp.gov.in/vssWB/vss00CvStatusData.php?pAction=LoadPaymentGridData
267,304-15-000371,Running,6859903.0,,,000042,2018-03-17,RTGS 000426,2018-03-20,Paid (RTGS),B Y Perumaiah,S45,https://data.opencity.in/dataset/968e5202-74ed-4279-92df-7b7a1a111108/resource/2f981c34-c500-454a-a321-3bd89670f4fc/download/bba9c3ae-f8f5-48fc-9b96-9a3544dfbafc.csv
267,304-15-000371,Running,5903000.0,125000.0,5777000.0,000010,2018-09-15,RTGS 205,2018-09-18,Paid (RTGS),B Y Perumaiah,S43,https://data.opencity.in/dataset/968e5202-74ed-4279-92df-7b7a1a111108/resource/06812e7e-70a0-43c7-82b8-02e6cd1968c7/download/9cee35c1-eb78-4dbe-b248-8b7cfb5dadba.csv
267,304-15-000371,Running,198000.0,19800.0,178200.0,000014,2019-01-25,RTGS 000340,2019-02-06,Paid (RTGS),M/s Tejus Consultants,IFMS-GRID,https://accounts.bbmp.gov.in/vssWB/vss00CvStatusData.php?pAction=LoadPaymentGridData
267,304-15-000371,Running,6593309.0,368203.0,6225106.0,000004,2019-05-17,RTGS 000054,2019-05-21,Paid (RTGS),Sri.Perumaiah,IFMS-GRID,https://accounts.bbmp.gov.in/vssWB/vss00CvStatusData.php?pAction=LoadPaymentGridData
267,304-15-000371,Second and Final,22000.0,2200.0,19800.0,000006,2019-06-20,RTGS 000104,2019-07-03,Paid (RTGS),M/s Tejus Consultants,IFMS-GRID,https://accounts.bbmp.gov.in/vssWB/vss00CvStatusData.php?pAction=LoadPaymentGridData
268,148-15-000010,Running,1425277.0,172459.0,1252818.0,000053,2017-10-25,002589,2019-06-11,000076 / 12-Jun-2019 in RTGS,K Srikanta,S03,https://data.opencity.in/dataset/d22cea6d-5256-43af-8ad5-68db551e0760/resource/bcc85853-64d8-4ffb-b213-ff1c769f1ddf/download/ba583625-49c9-4e9f-89b4-764b9e9773cd.csv
269,151-17-000035,First and Final,692205.0,54146.0,638059.0,000056,2017-10-28,001984,2019-05-22,000057 / 24-May-2019 in RTGS,Hitesh kumar S,S01,https://data.opencity.in/dataset/d22cea6d-5256-43af-8ad5-68db551e0760/resource/1ccbab74-ca87-465f-826b-5fd1b4b81a5f/download/f68edd0d-7e8b-4386-89cc-a7c946785c8a.csv
270,151-18-000036,First and Final,2618538.0,131746.0,2486792.0,000230,2019-02-19,RTGS 000053,2019-05-21,Paid (RTGS),Sri. N Chethan Kumar,IFMS-GRID,https://accounts.bbmp.gov.in/vssWB/vss00CvStatusData.php?pAction=LoadPaymentGridData
271,151-17-000088,Final,23194865.0,1299130.0,21895735.0,000138,2019-03-19,RTGS 000014,2019-04-11,Paid (RTGS),Billapur Yellappa Perumaiah,IFMS-GRID,https://accounts.bbmp.gov.in/vssWB/vss00CvStatusData.php?pAction=LoadPaymentGridData
272,151-18-000046,First and Final,3985262.0,499617.0,3485645.0,000257,2019-03-29,RTGS 000013,2019-04-11,Paid (RTGS),M/s KRIDL,IFMS-GRID,https://accounts.bbmp.gov.in/vssWB/vss00CvStatusData.php?pAction=LoadPaymentGridData
273,151-18-000045,First and Final,4594945.0,463333.0,4131612.0,000249,2019-03-12,RTGS 000386,2019-03-26,Paid (RTGS),KRIDL,IFMS-GRID,https://accounts.bbmp.gov.in/vssWB/vss00CvStatusData.php?pAction=LoadPaymentGridData
274,151-18-000048,First and Final,3985977.0,397892.0,3588085.0,000250,2019-03-12,RTGS 000386,2019-03-26,Paid (RTGS),KRIDL,IFMS-GRID,https://accounts.bbmp.gov.in/vssWB/vss00CvStatusData.php?pAction=LoadPaymentGridData
275,151-18-000047,First and Final,2682250.0,268197.0,2414053.0,000248,2019-03-12,RTGS 000386,2019-03-26,Paid (RTGS),kridl,IFMS-GRID,https://accounts.bbmp.gov.in/vssWB/vss00CvStatusData.php?pAction=LoadPaymentGridData
276,151-18-000029,First and Final,3269544.0,358092.0,2911452.0,000211,2019-01-21,RTGS 000368,2019-03-06,Paid (RTGS),Sri. N Chathan Kumar,IFMS-GRID,https://accounts.bbmp.gov.in/vssWB/vss00CvStatusData.php?pAction=LoadPaymentGridData
277,148-17-000051,First and Final,3266273.0,166579.0,3099694.0,000079,2017-12-29,009292,2019-02-19,000358 / 25-Feb-2019 in RTGS,M/S.Shree Bharathi Electricals(B.K.Bhaskar),S03,https://data.opencity.in/dataset/d22cea6d-5256-43af-8ad5-68db551e0760/resource/bcc85853-64d8-4ffb-b213-ff1c769f1ddf/download/ba583625-49c9-4e9f-89b4-764b9e9773cd.csv
278,151-17-000065,First and Final,1163100.0,56193.0,1106907.0,000181,2018-11-24,RTGS 000296,2018-12-19,Paid (RTGS),Sri. Hitesh Kumar S,IFMS-GRID,https://accounts.bbmp.gov.in/vssWB/vss00CvStatusData.php?pAction=LoadPaymentGridData
279,151-17-000003,First and Final,7321961.0,569858.0,6752103.0,000165,2018-03-10,007621,2018-11-28,000280 / 03-Dec-2018 in RTGS,K Satish Nayak,S01,https://data.opencity.in/dataset/d22cea6d-5256-43af-8ad5-68db551e0760/resource/1ccbab74-ca87-465f-826b-5fd1b4b81a5f/download/f68edd0d-7e8b-4386-89cc-a7c946785c8a.csv
280,148-18-000024,Running,8526387.0,1081657.0,7444730.0,000170,2018-10-23,RTGS 000277,2018-11-28,Paid (RTGS),M/s KRIDL,IFMS-GRID,https://accounts.bbmp.gov.in/vssWB/vss00CvStatusData.php?pAction=LoadPaymentGridData
281,151-14-000065,Running,4029448.0,1387021.0,2642427.0,000181,2015-07-17,002419,2017-05-31,000402 / 22-Feb-2018 in RTGS,KRIDL,S01,https://data.opencity.in/dataset/d22cea6d-5256-43af-8ad5-68db551e0760/resource/1ccbab74-ca87-465f-826b-5fd1b4b81a5f/download/f68edd0d-7e8b-4386-89cc-a7c946785c8a.csv
281,151-14-000065,Second and Final,3372205.0,872205.0,2500000.0,000077,2017-12-06,007361,2018-11-16,000271 / 20-Nov-2018 in RTGS,KRIDL,S01,https://data.opencity.in/dataset/d22cea6d-5256-43af-8ad5-68db551e0760/resource/1ccbab74-ca87-465f-826b-5fd1b4b81a5f/download/f68edd0d-7e8b-4386-89cc-a7c946785c8a.csv
282,151-18-000015,First and Final,3482978.0,369196.0,3113782.0,000129,2018-09-29,RTGS 000251,2018-10-27,Paid (RTGS),"Executive Engineer -3, KRIDL",IFMS-GRID,https://accounts.bbmp.gov.in/vssWB/vss00CvStatusData.php?pAction=LoadPaymentGridData
283,151-14-000004,First and Final,1808854.0,269949.0,1538905.0,000400,2017-03-31,006991,2018-10-27,000254 / 30-Oct-2018 in RTGS,M/s KRIDL,S01,https://data.opencity.in/dataset/d22cea6d-5256-43af-8ad5-68db551e0760/resource/1ccbab74-ca87-465f-826b-5fd1b4b81a5f/download/f68edd0d-7e8b-4386-89cc-a7c946785c8a.csv
284,151-18-000052,First and Final,995883.0,105564.0,890319.0,000121,2018-09-29,RTGS 000251,2018-10-27,Paid (RTGS),"Executive Engineer-3, KRIDL",IFMS-GRID,https://accounts.bbmp.gov.in/vssWB/vss00CvStatusData.php?pAction=LoadPaymentGridData
285,151-18-000014,First and Final,4998957.0,529890.0,4469067.0,000058,2018-09-03,RTGS 000245,2018-10-17,Paid (RTGS),"Executive Engineer-3, Karnataka Rural Infrastructure",IFMS-GRID,https://accounts.bbmp.gov.in/vssWB/vss00CvStatusData.php?pAction=LoadPaymentGridData
286,147-17-000088,First and Final,1901288.0,153992.0,1747296.0,000136,2018-02-08,006642,2018-10-12,000241 / 16-Oct-2018 in RTGS,K Satish Nayak,S02,https://data.opencity.in/dataset/d22cea6d-5256-43af-8ad5-68db551e0760/resource/9781e788-6c7b-4978-a600-abf3836b2a37/download/e51f4570-bde5-4fa7-bdd7-ec131041ea35.csv
287,151-18-000012,Running,7909000.0,488600.0,7420400.0,000063,2017-12-12,RTGS 000228,2018-10-12,Paid (RTGS),Manjunath S,IFMS-GRID,https://accounts.bbmp.gov.in/vssWB/vss00CvStatusData.php?pAction=LoadPaymentGridData
287,151-18-000012,Second and Final,7328500.0,197500.0,7131000.0,000106,2018-01-17,RTGS 000228,2018-10-12,Paid (RTGS),Manjunath S,IFMS-GRID,https://accounts.bbmp.gov.in/vssWB/vss00CvStatusData.php?pAction=LoadPaymentGridData
288,151-18-000013,Running,9386000.0,229300.0,9156700.0,000094,2018-07-31,RTGS 000232,2018-10-12,Paid (RTGS),G M Ravindra,IFMS-GRID,https://accounts.bbmp.gov.in/vssWB/vss00CvStatusData.php?pAction=LoadPaymentGridData
289,147-17-000004,First and Final,1132400.0,166507.0,965893.0,019/17,2017-04-28,006095,2018-10-03,000230 / 12-Oct-2018 in RTGS,KRIDL,S02,https://data.opencity.in/dataset/d22cea6d-5256-43af-8ad5-68db551e0760/resource/9781e788-6c7b-4978-a600-abf3836b2a37/download/e51f4570-bde5-4fa7-bdd7-ec131041ea35.csv
289,147-17-000004,First and Final,1132400.0,166507.0,965893.0,019,,RTGS 000230,2018-10-12,Paid (RTGS),KRIDL,IFMS-GRID,https://accounts.bbmp.gov.in/vssWB/vss00CvStatusData.php?pAction=LoadPaymentGridData
290,147-13-000042,First and Final,623543.0,77147.0,546396.0,290/13,2014-02-21,005253,2016-01-30,002686 / 10-Feb-2016 in RTGS,M/s.Durga Enterprises,S02,https://data.opencity.in/dataset/d22cea6d-5256-43af-8ad5-68db551e0760/resource/9781e788-6c7b-4978-a600-abf3836b2a37/download/e51f4570-bde5-4fa7-bdd7-ec131041ea35.csv
290,147-13-000042,Running,1572958.0,185313.0,1387645.0,000164,2015-06-30,001721,2017-05-18,000066 / 23-May-2017 in RTGS,M/s KRIDL,S02,https://data.opencity.in/dataset/d22cea6d-5256-43af-8ad5-68db551e0760/resource/9781e788-6c7b-4978-a600-abf3836b2a37/download/e51f4570-bde5-4fa7-bdd7-ec131041ea35.csv
290,147-13-000042,First and Final,623543.0,77147.0,546396.0,290,,RTGS 002686,2016-02-10,Paid (RTGS),M/s.Durga Enterprises,IFMS-GRID,https://accounts.bbmp.gov.in/vssWB/vss00CvStatusData.php?pAction=LoadPaymentGridData
290,147-13-000042,Second and Final,185232.0,28909.0,156323.0,000176,2016-08-22,006085,2018-10-01,000231 / 12-Oct-2018 in RTGS,M/s KRIDL,S02,https://data.opencity.in/dataset/d22cea6d-5256-43af-8ad5-68db551e0760/resource/9781e788-6c7b-4978-a600-abf3836b2a37/download/e51f4570-bde5-4fa7-bdd7-ec131041ea35.csv
291,151-18-000034,Running,2423000.0,183000.0,2241000.0,000100,2018-08-16,RTGS 208,2018-09-20,Paid (RTGS),M/s KRIDL,S43,https://data.opencity.in/dataset/968e5202-74ed-4279-92df-7b7a1a111108/resource/06812e7e-70a0-43c7-82b8-02e6cd1968c7/download/9cee35c1-eb78-4dbe-b248-8b7cfb5dadba.csv
292,151-17-000039,First and Final,1450844.0,109008.0,1341836.0,000093,2017-12-14,005711,2018-09-07,000204 / 14-Sep-2018 in RTGS,Sathish Nayak,S01,https://data.opencity.in/dataset/d22cea6d-5256-43af-8ad5-68db551e0760/resource/1ccbab74-ca87-465f-826b-5fd1b4b81a5f/download/f68edd0d-7e8b-4386-89cc-a7c946785c8a.csv
293,151-17-000079,First and Final,2912387.0,221777.0,2690610.0,000092,2017-12-14,005710,2018-09-07,000204 / 14-Sep-2018 in RTGS,Sathis Nayak,S01,https://data.opencity.in/dataset/d22cea6d-5256-43af-8ad5-68db551e0760/resource/1ccbab74-ca87-465f-826b-5fd1b4b81a5f/download/f68edd0d-7e8b-4386-89cc-a7c946785c8a.csv
294,151-17-000111,First and Final,2998000.0,250000.0,2748000.0,000081,2018-08-04,RTGS 194,2018-09-06,Paid (RTGS),M/s KRIDL,S43,https://data.opencity.in/dataset/968e5202-74ed-4279-92df-7b7a1a111108/resource/06812e7e-70a0-43c7-82b8-02e6cd1968c7/download/9cee35c1-eb78-4dbe-b248-8b7cfb5dadba.csv
295,151-16-000005,Final,1026960.0,121990.0,904970.0,000414,2017-03-31,005179,2018-08-14,000174 / 18-Aug-2018 in RTGS,Sri. Narasimha N,S01,https://data.opencity.in/dataset/d22cea6d-5256-43af-8ad5-68db551e0760/resource/1ccbab74-ca87-465f-826b-5fd1b4b81a5f/download/f68edd0d-7e8b-4386-89cc-a7c946785c8a.csv
296,304-14-000047,Running,3818000.0,468000.0,3349000.0,000049,2015-11-02,RTGS 169,2018-08-14,Paid (RTGS),M/s KRIDL,S43,https://data.opencity.in/dataset/968e5202-74ed-4279-92df-7b7a1a111108/resource/06812e7e-70a0-43c7-82b8-02e6cd1968c7/download/9cee35c1-eb78-4dbe-b248-8b7cfb5dadba.csv
296,304-14-000047,Final,3817850.0,468419.0,3349431.0,000067,2015-12-16,RTGS 000169,2018-08-14,Paid (RTGS),M/s KRIDL,IFMS-GRID,https://accounts.bbmp.gov.in/vssWB/vss00CvStatusData.php?pAction=LoadPaymentGridData
297,304-14-000048,Running,1790000.0,231000.0,1559000.0,000036,2015-11-02,RTGS 169,2018-08-14,Paid (RTGS),M/s KRIDL,S43,https://data.opencity.in/dataset/968e5202-74ed-4279-92df-7b7a1a111108/resource/06812e7e-70a0-43c7-82b8-02e6cd1968c7/download/9cee35c1-eb78-4dbe-b248-8b7cfb5dadba.csv
297,304-14-000048,Final,1789624.0,230904.0,1558720.0,000065,2015-12-16,RTGS 000169,2018-08-14,Paid (RTGS),M/s KRIDL,IFMS-GRID,https://accounts.bbmp.gov.in/vssWB/vss00CvStatusData.php?pAction=LoadPaymentGridData
298,151-15-000011,Final,2461203.0,293193.0,2168010.0,000399,2017-03-31,005173,2018-08-14,000174 / 18-Aug-2018 in RTGS,Sri. K R Pratheek,S01,https://data.opencity.in/dataset/d22cea6d-5256-43af-8ad5-68db551e0760/resource/1ccbab74-ca87-465f-826b-5fd1b4b81a5f/download/f68edd0d-7e8b-4386-89cc-a7c946785c8a.csv
299,R-174-18-000001,Final,2015897.0,307803.0,1708094.0,000473,2013-12-30,RTGS 000153,2018-08-03,Paid (RTGS),KRIDL,IFMS-GRID,https://accounts.bbmp.gov.in/vssWB/vss00CvStatusData.php?pAction=LoadPaymentGridData
300,151-16-000034,First and Final,8909211.0,1054908.0,7854303.0,000363,2017-02-08,004540,2018-07-28,000152 / 03-Aug-2018 in RTGS,M/s KRIDL,S01,https://data.opencity.in/dataset/d22cea6d-5256-43af-8ad5-68db551e0760/resource/1ccbab74-ca87-465f-826b-5fd1b4b81a5f/download/f68edd0d-7e8b-4386-89cc-a7c946785c8a.csv
301,151-17-000002,First and Final,794500.0,121900.0,672600.0,000269,2017-01-16,003824,2018-07-16,000128 / 18-Jul-2018 in RTGS,KRIDL,S01,https://data.opencity.in/dataset/d22cea6d-5256-43af-8ad5-68db551e0760/resource/1ccbab74-ca87-465f-826b-5fd1b4b81a5f/download/f68edd0d-7e8b-4386-89cc-a7c946785c8a.csv
302,151-16-000008,Running,989789.0,125807.0,863982.0,000089,2016-06-30,003467,2018-07-10,000125 / 16-Jul-2018 in RTGS,Chandrashekar M R,S01,https://data.opencity.in/dataset/d22cea6d-5256-43af-8ad5-68db551e0760/resource/1ccbab74-ca87-465f-826b-5fd1b4b81a5f/download/f68edd0d-7e8b-4386-89cc-a7c946785c8a.csv
303,148-17-000028,First and Final,4984000.0,375000.0,4608000.0,000061,2018-06-11,RTGS 104,2018-07-02,Paid (RTGS),M/s KRIDL,S43,https://data.opencity.in/dataset/968e5202-74ed-4279-92df-7b7a1a111108/resource/06812e7e-70a0-43c7-82b8-02e6cd1968c7/download/9cee35c1-eb78-4dbe-b248-8b7cfb5dadba.csv
304,307-15-000029,Running,1085000.0,67000.0,1018000.0,000323,2017-03-27,RTGS 108,2018-07-02,Paid (RTGS),Sri.Prakash Babu,S43,https://data.opencity.in/dataset/968e5202-74ed-4279-92df-7b7a1a111108/resource/06812e7e-70a0-43c7-82b8-02e6cd1968c7/download/9cee35c1-eb78-4dbe-b248-8b7cfb5dadba.csv
305,151-15-000002,First and Final,922528.0,113399.0,809129.0,000396,2017-03-31,003018,2018-06-26,000108 / 02-Jul-2018 in RTGS,Sri. K R Pratheek,S01,https://data.opencity.in/dataset/d22cea6d-5256-43af-8ad5-68db551e0760/resource/1ccbab74-ca87-465f-826b-5fd1b4b81a5f/download/f68edd0d-7e8b-4386-89cc-a7c946785c8a.csv
306,151-15-000013,First and Final,1922992.0,252850.0,1670142.0,000193,2016-08-31,009621,2018-02-07,000387 / 09-Feb-2018 in RTGS,Satish Nayak,S01,https://data.opencity.in/dataset/d22cea6d-5256-43af-8ad5-68db551e0760/resource/1ccbab74-ca87-465f-826b-5fd1b4b81a5f/download/f68edd0d-7e8b-4386-89cc-a7c946785c8a.csv
306,151-15-000013,Final,59842.0,7240.0,52602.0,000196,2016-09-14,002921,2018-06-25,000103 / 27-Jun-2018 in RTGS,Satish Nayak,S01,https://data.opencity.in/dataset/d22cea6d-5256-43af-8ad5-68db551e0760/resource/1ccbab74-ca87-465f-826b-5fd1b4b81a5f/download/f68edd0d-7e8b-4386-89cc-a7c946785c8a.csv
307,151-16-000113,First and Final,905665.0,91413.0,814252.0,000052,2018-05-19,002646,2018-06-18,000100 / 25-Jun-2018 in RTGS,Sri. Sunil J,S01,https://data.opencity.in/dataset/d22cea6d-5256-43af-8ad5-68db551e0760/resource/1ccbab74-ca87-465f-826b-5fd1b4b81a5f/download/f68edd0d-7e8b-4386-89cc-a7c946785c8a.csv
308,151-18-000053,First and Final,4807000.0,162310.0,4644690.0,000031,2018-05-28,RTGS 000084,2018-06-14,Paid (RTGS),M/s DRF Constructions Pvt. Ltd,IFMS-GRID,https://accounts.bbmp.gov.in/vssWB/vss00CvStatusData.php?pAction=LoadPaymentGridData
309,151-18-000050,First and Final,4007000.0,306000.0,3702000.0,000047,2018-05-17,RTGS 73,2018-06-06,Paid (RTGS),M/s KRIDL,S43,https://data.opencity.in/dataset/968e5202-74ed-4279-92df-7b7a1a111108/resource/06812e7e-70a0-43c7-82b8-02e6cd1968c7/download/9cee35c1-eb78-4dbe-b248-8b7cfb5dadba.csv
310,151-13-000033,Final,10716182.0,4295366.0,6420816.0,000026,2016-02-29,001988,2018-05-26,000063 / 01-Jun-2018 in RTGS,Technical Manager (South),S01,https://data.opencity.in/dataset/d22cea6d-5256-43af-8ad5-68db551e0760/resource/1ccbab74-ca87-465f-826b-5fd1b4b81a5f/download/f68edd0d-7e8b-4386-89cc-a7c946785c8a.csv
311,151-17-000009,First and Final,2497783.0,364699.0,2133084.0,000304,2017-03-31,001892,2018-05-25,000065 / 01-Jun-2018 in RTGS,KRIDL,S01,https://data.opencity.in/dataset/d22cea6d-5256-43af-8ad5-68db551e0760/resource/1ccbab74-ca87-465f-826b-5fd1b4b81a5f/download/f68edd0d-7e8b-4386-89cc-a7c946785c8a.csv
312,151-17-000010,First and Final,2498350.0,364775.0,2133575.0,000305,2017-03-31,001893,2018-05-25,000065 / 01-Jun-2018 in RTGS,KRIDL,S01,https://data.opencity.in/dataset/d22cea6d-5256-43af-8ad5-68db551e0760/resource/1ccbab74-ca87-465f-826b-5fd1b4b81a5f/download/f68edd0d-7e8b-4386-89cc-a7c946785c8a.csv
313,151-17-000011,First and Final,2497574.0,364670.0,2132904.0,000306,2017-03-31,001895,2018-05-25,000065 / 01-Jun-2018 in RTGS,KRIDL,S01,https://data.opencity.in/dataset/d22cea6d-5256-43af-8ad5-68db551e0760/resource/1ccbab74-ca87-465f-826b-5fd1b4b81a5f/download/f68edd0d-7e8b-4386-89cc-a7c946785c8a.csv
314,151-17-000012,First and Final,2497665.0,364682.0,2132983.0,000303,2017-03-31,001891,2018-05-25,000065 / 01-Jun-2018 in RTGS,KRIDL,S01,https://data.opencity.in/dataset/d22cea6d-5256-43af-8ad5-68db551e0760/resource/1ccbab74-ca87-465f-826b-5fd1b4b81a5f/download/f68edd0d-7e8b-4386-89cc-a7c946785c8a.csv
315,151-17-000064,Running,1980000.0,198000.0,1782000.0,000058,2017-03-30,RTGS 000029,2017-04-24,Paid (RTGS),M/s Tejus Consultants,IFMS-GRID,https://accounts.bbmp.gov.in/vssWB/vss00CvStatusData.php?pAction=LoadPaymentGridData
315,151-17-000064,Running,49015846.0,2119491.0,46896355.0,000062,2017-11-16,RTGS 000315,2017-12-01,Paid (RTGS),M/s Amrutha Construction Pvt Ltd Sri. P Venkateshwara Roa,IFMS-GRID,https://accounts.bbmp.gov.in/vssWB/vss00CvStatusData.php?pAction=LoadPaymentGridData
315,151-17-000064,Running,38662224.0,1598529.0,37063695.0,000071,2017-11-18,RTGS 000312,2017-11-29,Paid (RTGS),M/s Amrutha Construction Pvt Ltd Sri. P Venkateshwara Roa,IFMS-GRID,https://accounts.bbmp.gov.in/vssWB/vss00CvStatusData.php?pAction=LoadPaymentGridData
315,151-17-000064,Running,30343925.0,1340660.0,29003265.0,000070,2017-11-18,RTGS 000315,2017-12-01,Paid (RTGS),M/s Amrutha Construction Pvt Ltd Sri. P Venkateshwara Roa,IFMS-GRID,https://accounts.bbmp.gov.in/vssWB/vss00CvStatusData.php?pAction=LoadPaymentGridData
315,151-17-000064,Running,61576838.0,2008881.0,59567957.0,000105,2017-12-29,RTGS 000364,2018-01-20,Paid (RTGS),M/s Amrutha Construction Pvt Ltd Sri. P Venkateshwara Roa,IFMS-GRID,https://accounts.bbmp.gov.in/vssWB/vss00CvStatusData.php?pAction=LoadPaymentGridData
315,151-17-000064,Running,28484591.0,1183015.0,27301576.0,000178,2018-03-19,RTGS 000007,2018-04-06,Paid (RTGS),M/s Amrutha Construction Pvt Ltd Sri. P Venkateshwara Roa,IFMS-GRID,https://accounts.bbmp.gov.in/vssWB/vss00CvStatusData.php?pAction=LoadPaymentGridData
315,151-17-000064,Running,1443200.0,144320.0,1298880.0,000027,2018-04-27,RTGS 000055,2018-05-21,Paid (RTGS),M/s SV Civil Engineering Consultants,IFMS-GRID,https://accounts.bbmp.gov.in/vssWB/vss00CvStatusData.php?pAction=LoadPaymentGridData
316,151-16-000017,First and Final,1957000.0,139000.0,1818000.0,000053,2018-03-22,RTGS 43,2018-05-09,Paid (RTGS),SRI P SURESH KUMAR,S43,https://data.opencity.in/dataset/968e5202-74ed-4279-92df-7b7a1a111108/resource/06812e7e-70a0-43c7-82b8-02e6cd1968c7/download/9cee35c1-eb78-4dbe-b248-8b7cfb5dadba.csv
317,151-16-000009,First and Final,786475.0,91048.0,695427.0,000155,2016-07-30,000835,2018-04-30,000032 / 03-May-2018 in RTGS,Sri. N Venkatesh Babu,S01,https://data.opencity.in/dataset/d22cea6d-5256-43af-8ad5-68db551e0760/resource/1ccbab74-ca87-465f-826b-5fd1b4b81a5f/download/f68edd0d-7e8b-4386-89cc-a7c946785c8a.csv
318,147-18-000036,First and Final,1284000.0,101000.0,1182000.0,000006,2018-04-09,RTGS 27,2018-04-26,Paid (RTGS),M/s KRIDL,S43,https://data.opencity.in/dataset/968e5202-74ed-4279-92df-7b7a1a111108/resource/06812e7e-70a0-43c7-82b8-02e6cd1968c7/download/9cee35c1-eb78-4dbe-b248-8b7cfb5dadba.csv
319,147-18-000041,First and Final,1200000.0,101000.0,1099000.0,000007,2018-04-09,RTGS 27,2018-04-26,Paid (RTGS),M/s KRIDL,S43,https://data.opencity.in/dataset/968e5202-74ed-4279-92df-7b7a1a111108/resource/06812e7e-70a0-43c7-82b8-02e6cd1968c7/download/9cee35c1-eb78-4dbe-b248-8b7cfb5dadba.csv
320,147-18-000038,First and Final,1199000.0,95000.0,1104000.0,000014,2018-04-09,RTGS 27,2018-04-26,Paid (RTGS),M/s KRIDL,S43,https://data.opencity.in/dataset/968e5202-74ed-4279-92df-7b7a1a111108/resource/06812e7e-70a0-43c7-82b8-02e6cd1968c7/download/9cee35c1-eb78-4dbe-b248-8b7cfb5dadba.csv
321,147-18-000040,First and Final,1199000.0,95000.0,1104000.0,000010,2018-04-09,RTGS 27,2018-04-26,Paid (RTGS),M/s KRIDL,S43,https://data.opencity.in/dataset/968e5202-74ed-4279-92df-7b7a1a111108/resource/06812e7e-70a0-43c7-82b8-02e6cd1968c7/download/9cee35c1-eb78-4dbe-b248-8b7cfb5dadba.csv
322,147-18-000035,First and Final,1198000.0,95000.0,1103000.0,000009,2018-04-09,RTGS 27,2018-04-26,Paid (RTGS),M/s KRIDL,S43,https://data.opencity.in/dataset/968e5202-74ed-4279-92df-7b7a1a111108/resource/06812e7e-70a0-43c7-82b8-02e6cd1968c7/download/9cee35c1-eb78-4dbe-b248-8b7cfb5dadba.csv
323,147-18-000039,First and Final,1197000.0,95000.0,1102000.0,000013,2018-04-09,RTGS 27,2018-04-26,Paid (RTGS),M/s KRIDL,S43,https://data.opencity.in/dataset/968e5202-74ed-4279-92df-7b7a1a111108/resource/06812e7e-70a0-43c7-82b8-02e6cd1968c7/download/9cee35c1-eb78-4dbe-b248-8b7cfb5dadba.csv
324,147-18-000042,First and Final,1195000.0,94000.0,1102000.0,000011,2018-04-09,RTGS 27,2018-04-26,Paid (RTGS),M/s KRIDL,S43,https://data.opencity.in/dataset/968e5202-74ed-4279-92df-7b7a1a111108/resource/06812e7e-70a0-43c7-82b8-02e6cd1968c7/download/9cee35c1-eb78-4dbe-b248-8b7cfb5dadba.csv
325,147-18-000037,First and Final,998000.0,80000.0,918000.0,000012,2018-04-09,RTGS 27,2018-04-26,Paid (RTGS),M/s KRIDL,S43,https://data.opencity.in/dataset/968e5202-74ed-4279-92df-7b7a1a111108/resource/06812e7e-70a0-43c7-82b8-02e6cd1968c7/download/9cee35c1-eb78-4dbe-b248-8b7cfb5dadba.csv
326,151-18-000028,Running,8500000.0,0.0,8500000.0,000150,2018-02-23,RTGS 000427,2018-03-21,Paid (RTGS),Chairman BWSSB,IFMS-GRID,https://accounts.bbmp.gov.in/vssWB/vss00CvStatusData.php?pAction=LoadPaymentGridData
327,151-16-000006,First and Final,989935.0,113881.0,876054.0,000088,2016-06-30,010492,2018-03-15,000440 / 27-Mar-2018 in RTGS,Shivalingegowda N,S01,https://data.opencity.in/dataset/d22cea6d-5256-43af-8ad5-68db551e0760/resource/1ccbab74-ca87-465f-826b-5fd1b4b81a5f/download/f68edd0d-7e8b-4386-89cc-a7c946785c8a.csv
328,151-15-000028,First and Final,720166.0,86699.0,633467.0,161/16,2016-06-24,010062,2018-03-02,000416 / 08-Mar-2018 in RTGS,N.Krishnappa,S01,https://data.opencity.in/dataset/d22cea6d-5256-43af-8ad5-68db551e0760/resource/1ccbab74-ca87-465f-826b-5fd1b4b81a5f/download/f68edd0d-7e8b-4386-89cc-a7c946785c8a.csv
328,151-15-000028,First and Final,720166.0,86699.0,633467.0,161,,RTGS 000416,2018-03-08,Paid (RTGS),N.Krishnappa,IFMS-GRID,https://accounts.bbmp.gov.in/vssWB/vss00CvStatusData.php?pAction=LoadPaymentGridData
329,151-16-000011,First and Final,949813.0,122428.0,827385.0,000094,2016-06-30,010127,2018-03-02,000418 / 12-Mar-2018 in RTGS,Sri N Dayanada,S01,https://data.opencity.in/dataset/d22cea6d-5256-43af-8ad5-68db551e0760/resource/1ccbab74-ca87-465f-826b-5fd1b4b81a5f/download/f68edd0d-7e8b-4386-89cc-a7c946785c8a.csv
330,151-16-000007,First and Final,939995.0,110438.0,829557.0,000093,2016-06-30,010126,2018-03-02,000418 / 12-Mar-2018 in RTGS,Sri. Vijaya Kumar K,S01,https://data.opencity.in/dataset/d22cea6d-5256-43af-8ad5-68db551e0760/resource/1ccbab74-ca87-465f-826b-5fd1b4b81a5f/download/f68edd0d-7e8b-4386-89cc-a7c946785c8a.csv
331,151-17-000084,First and Final,5571831.0,593128.0,4978703.0,000138,2018-02-12,RTGS 000396,2018-02-21,Paid (RTGS),M/s KRDIL,IFMS-GRID,https://accounts.bbmp.gov.in/vssWB/vss00CvStatusData.php?pAction=LoadPaymentGridData
332,151-16-000019,Running,4901861.0,362736.0,4539125.0,000311,2016-12-30,RTGS 000186,2017-02-10,Paid (RTGS),Sri. Ramaiah Lokesh,IFMS-GRID,https://accounts.bbmp.gov.in/vssWB/vss00CvStatusData.php?pAction=LoadPaymentGridData
332,151-16-000019,Running,4945865.0,365992.0,4579873.0,000310,2016-12-30,RTGS 000186,2017-02-10,Paid (RTGS),Sri. Ramaiah Lokesh,IFMS-GRID,https://accounts.bbmp.gov.in/vssWB/vss00CvStatusData.php?pAction=LoadPaymentGridData
332,151-16-000019,Running,5171669.0,382705.0,4788964.0,000309,2016-12-30,RTGS 000186,2017-02-10,Paid (RTGS),Sri. Ramaiah Lokesh,IFMS-GRID,https://accounts.bbmp.gov.in/vssWB/vss00CvStatusData.php?pAction=LoadPaymentGridData
332,151-16-000019,Running,18632823.0,1436601.0,17196222.0,000075,2016-12-30,RTGS 000380,2018-02-05,Paid (RTGS),Sri. Ramaiah Lokesh,IFMS-GRID,https://accounts.bbmp.gov.in/vssWB/vss00CvStatusData.php?pAction=LoadPaymentGridData
332,151-16-000019,Running,9271862.0,688300.0,8583562.0,000404,2017-03-31,RTGS 000051,2017-05-10,Paid (RTGS),Sri. Ramaiah Lokesh,IFMS-GRID,https://accounts.bbmp.gov.in/vssWB/vss00CvStatusData.php?pAction=LoadPaymentGridData
332,151-16-000019,Running,14938049.0,1109983.0,13828066.0,000403,2017-03-31,RTGS 000051,2017-05-10,Paid (RTGS),Sri. Ramaiah Lokesh,IFMS-GRID,https://accounts.bbmp.gov.in/vssWB/vss00CvStatusData.php?pAction=LoadPaymentGridData
333,304-16-000012,First and Final,9616068.0,1163544.0,8452524.0,000011,2016-05-27,RTGS 000372,2018-02-01,Paid (RTGS),KRIDL,IFMS-GRID,https://accounts.bbmp.gov.in/vssWB/vss00CvStatusData.php?pAction=LoadPaymentGridData
334,151-17-000070,Running,4928979.0,147540.0,4781439.0,000114,2018-01-02,RTGS 000350,2018-01-04,Paid (RTGS),M/s KRIDL,IFMS-GRID,https://accounts.bbmp.gov.in/vssWB/vss00CvStatusData.php?pAction=LoadPaymentGridData
335,151-17-000071,Running,4956081.0,148323.0,4807758.0,000112,2018-01-02,RTGS 000350,2018-01-04,Paid (RTGS),M/s KRIDL,IFMS-GRID,https://accounts.bbmp.gov.in/vssWB/vss00CvStatusData.php?pAction=LoadPaymentGridData
336,151-17-000073,Running,3921405.0,118401.0,3803004.0,000109,2018-01-02,RTGS 000350,2018-01-04,Paid (RTGS),M/s KRIDL,IFMS-GRID,https://accounts.bbmp.gov.in/vssWB/vss00CvStatusData.php?pAction=LoadPaymentGridData
337,151-17-000072,Running,859512.0,67720.0,791792.0,000084,2017-12-12,RTGS 000328,2017-12-14,Paid (RTGS),M/s KRIDL,IFMS-GRID,https://accounts.bbmp.gov.in/vssWB/vss00CvStatusData.php?pAction=LoadPaymentGridData
337,151-17-000072,Running,2137082.0,64683.0,2072399.0,000113,2018-01-02,RTGS 000350,2018-01-04,Paid (RTGS),M/s KRIDL,IFMS-GRID,https://accounts.bbmp.gov.in/vssWB/vss00CvStatusData.php?pAction=LoadPaymentGridData
338,151-17-000067,Running,2985848.0,91346.0,2894502.0,000111,2018-01-02,RTGS 000350,2018-01-04,Paid (RTGS),M/s KRIDL,IFMS-GRID,https://accounts.bbmp.gov.in/vssWB/vss00CvStatusData.php?pAction=LoadPaymentGridData
339,151-17-000075,Running,4727037.0,354944.0,4372093.0,000087,2017-12-12,RTGS 000328,2017-12-14,Paid (RTGS),M/s KRIDL,IFMS-GRID,https://accounts.bbmp.gov.in/vssWB/vss00CvStatusData.php?pAction=LoadPaymentGridData
340,151-17-000069,Running,4929136.0,369692.0,4559444.0,000085,2017-12-12,RTGS 000328,2017-12-14,Paid (RTGS),M/s KRIDL,IFMS-GRID,https://accounts.bbmp.gov.in/vssWB/vss00CvStatusData.php?pAction=LoadPaymentGridData
341,151-17-000066,Running,4870605.0,365316.0,4505289.0,000086,2017-12-12,RTGS 000328,2017-12-14,Paid (RTGS),M/s KRIDL,IFMS-GRID,https://accounts.bbmp.gov.in/vssWB/vss00CvStatusData.php?pAction=LoadPaymentGridData
342,151-17-000068,Running,3890852.0,305878.0,3584974.0,000089,2017-12-12,RTGS 000328,2017-12-14,Paid (RTGS),M/s KRIDL,IFMS-GRID,https://accounts.bbmp.gov.in/vssWB/vss00CvStatusData.php?pAction=LoadPaymentGridData
343,151-17-000074,Running,2924172.0,229180.0,2694992.0,000088,2017-12-12,RTGS 000328,2017-12-14,Paid (RTGS),M/s KRIDL,IFMS-GRID,https://accounts.bbmp.gov.in/vssWB/vss00CvStatusData.php?pAction=LoadPaymentGridData
344,151-17-000063,First and Final,629341.0,32088.0,597253.0,000025,2017-11-25,RTGS 000317,2017-12-06,Paid (RTGS),M/S M.S.Manje Gowda (Sri Manjunatha Electricals),IFMS-GRID,https://accounts.bbmp.gov.in/vssWB/vss00CvStatusData.php?pAction=LoadPaymentGridData
345,151-16-000016,First and Final,4564293.0,544892.0,4019401.0,000477,2016-03-31,007008,2017-10-25,000260 / 28-Oct-2017 in RTGS,M/s KRIDL,S01,https://data.opencity.in/dataset/d22cea6d-5256-43af-8ad5-68db551e0760/resource/1ccbab74-ca87-465f-826b-5fd1b4b81a5f/download/f68edd0d-7e8b-4386-89cc-a7c946785c8a.csv
346,151-17-000027,Final,1973128.0,248748.0,1724380.0,000043,2017-08-05,006776,2017-10-13,000253 / 17-Oct-2017 in RTGS,Sri. B M Rangegowda,S01,https://data.opencity.in/dataset/d22cea6d-5256-43af-8ad5-68db551e0760/resource/1ccbab74-ca87-465f-826b-5fd1b4b81a5f/download/f68edd0d-7e8b-4386-89cc-a7c946785c8a.csv
347,148-15-000014,First and Final,1561150.0,118542.0,1442608.0,216/15,2016-01-22,006272,2017-09-25,000241 / 06-Oct-2017 in RTGS,M/s.Sathya Enterprises,S03,https://data.opencity.in/dataset/d22cea6d-5256-43af-8ad5-68db551e0760/resource/bcc85853-64d8-4ffb-b213-ff1c769f1ddf/download/ba583625-49c9-4e9f-89b4-764b9e9773cd.csv
347,148-15-000014,First and Final,1561150.0,118542.0,1442608.0,216,,RTGS 000241,2017-10-06,Paid (RTGS),M/s.Sathya Enterprises,IFMS-GRID,https://accounts.bbmp.gov.in/vssWB/vss00CvStatusData.php?pAction=LoadPaymentGridData
348,151-16-000027,First and Final,9977074.0,1456653.0,8520421.0,000078,2017-06-30,RTGS 000237,2017-09-27,Paid (RTGS),The Technical Manager-3,IFMS-GRID,https://accounts.bbmp.gov.in/vssWB/vss00CvStatusData.php?pAction=LoadPaymentGridData
349,151-15-000009,Final,2878454.0,,,000045,2017-08-21,RTGS 000222,2017-09-16,Paid (RTGS),R M Ravi,S45,https://data.opencity.in/dataset/968e5202-74ed-4279-92df-7b7a1a111108/resource/2f981c34-c500-454a-a321-3bd89670f4fc/download/bba9c3ae-f8f5-48fc-9b96-9a3544dfbafc.csv
350,151-16-000010,First and Final,514025.0,149927.0,364098.0,000197,2016-08-31,004979,2017-08-22,000196 / 23-Aug-2017 in RTGS,Patel B,S01,https://data.opencity.in/dataset/d22cea6d-5256-43af-8ad5-68db551e0760/resource/1ccbab74-ca87-465f-826b-5fd1b4b81a5f/download/f68edd0d-7e8b-4386-89cc-a7c946785c8a.csv
351,151-16-000013,First and Final,977671.0,116954.0,860717.0,000194,2016-08-31,004977,2017-08-22,000196 / 23-Aug-2017 in RTGS,Patel B,S01,https://data.opencity.in/dataset/d22cea6d-5256-43af-8ad5-68db551e0760/resource/1ccbab74-ca87-465f-826b-5fd1b4b81a5f/download/f68edd0d-7e8b-4386-89cc-a7c946785c8a.csv
352,151-15-000012,First and Final,1191150.0,145216.0,1045934.0,000398,2017-03-31,RTGS 000171,2017-08-07,Paid (RTGS),Sri. K R Pratheek,IFMS-GRID,https://accounts.bbmp.gov.in/vssWB/vss00CvStatusData.php?pAction=LoadPaymentGridData
353,151-15-000006,First and Final,1994722.0,264053.0,1730669.0,000308,2015-09-30,004516,2017-08-04,000174 / 08-Aug-2017 in RTGS,R Lakshmi KPWD Contractor,S01,https://data.opencity.in/dataset/d22cea6d-5256-43af-8ad5-68db551e0760/resource/1ccbab74-ca87-465f-826b-5fd1b4b81a5f/download/f68edd0d-7e8b-4386-89cc-a7c946785c8a.csv
354,151-14-000036,First and Final,1760231.0,206424.0,1553807.0,000370,2015-11-30,004385,2017-08-01,000167 / 03-Aug-2017 in RTGS,M/s KRIDL,S01,https://data.opencity.in/dataset/d22cea6d-5256-43af-8ad5-68db551e0760/resource/1ccbab74-ca87-465f-826b-5fd1b4b81a5f/download/f68edd0d-7e8b-4386-89cc-a7c946785c8a.csv
355,151-11-000039,First and Final,5770113.0,700482.0,5069631.0,000252,2015-08-31,004044,2017-07-20,000151 / 22-Jul-2017 in RTGS,Nagineni Muniswamy Krishnamurthy,S01,https://data.opencity.in/dataset/d22cea6d-5256-43af-8ad5-68db551e0760/resource/1ccbab74-ca87-465f-826b-5fd1b4b81a5f/download/f68edd0d-7e8b-4386-89cc-a7c946785c8a.csv
356,151-14-000008,First and Final,926158.0,109802.0,816356.0,000161,2015-06-30,003989,2017-07-17,000144 / 18-Jul-2017 in RTGS,Sri. Pratheek,S01,https://data.opencity.in/dataset/d22cea6d-5256-43af-8ad5-68db551e0760/resource/1ccbab74-ca87-465f-826b-5fd1b4b81a5f/download/f68edd0d-7e8b-4386-89cc-a7c946785c8a.csv
357,151-14-000006,First and Final,2046000.0,372714.0,1673286.0,000180,2015-07-17,003239,2017-06-19,000117 / 23-Jun-2017 in RTGS,K Seetharam,S01,https://data.opencity.in/dataset/d22cea6d-5256-43af-8ad5-68db551e0760/resource/1ccbab74-ca87-465f-826b-5fd1b4b81a5f/download/f68edd0d-7e8b-4386-89cc-a7c946785c8a.csv
358,151-15-000029,,1765085.0,199765.0,1565320.0,,,,,,N.Krishnappa,S42,https://data.opencity.in/dataset/968e5202-74ed-4279-92df-7b7a1a111108/resource/2f2db789-e055-42b8-9e85-f18f6a605916/download/36d1ad41-0ae0-4c33-8981-4d5846c9ab07.csv
358,151-15-000029,First and Final,1765085.0,199765.0,1565320.0,160,,RTGS 000097,2017-06-14,Paid (RTGS),N.Krishnappa,IFMS-GRID,https://accounts.bbmp.gov.in/vssWB/vss00CvStatusData.php?pAction=LoadPaymentGridData
359,151-15-000031,,982045.0,111686.0,870359.0,,,,,,N.Krishnappa,S42,https://data.opencity.in/dataset/968e5202-74ed-4279-92df-7b7a1a111108/resource/2f2db789-e055-42b8-9e85-f18f6a605916/download/36d1ad41-0ae0-4c33-8981-4d5846c9ab07.csv
359,151-15-000031,First and Final,982045.0,111686.0,870359.0,463,,RTGS 000097,2017-06-14,Paid (RTGS),N.Krishnappa,IFMS-GRID,https://accounts.bbmp.gov.in/vssWB/vss00CvStatusData.php?pAction=LoadPaymentGridData
360,151-14-000059,First and Final,4581634.0,667503.0,3914131.0,000305,2015-09-30,003070,2017-06-14,000100 / 14-Jun-2017 in RTGS,M/s KRIDL,S01,https://data.opencity.in/dataset/d22cea6d-5256-43af-8ad5-68db551e0760/resource/1ccbab74-ca87-465f-826b-5fd1b4b81a5f/download/f68edd0d-7e8b-4386-89cc-a7c946785c8a.csv
361,151-14-000032,Second and Final,646382.0,70988.0,575394.0,000306,2015-09-30,003071,2017-06-14,000100 / 14-Jun-2017 in RTGS,M/s KRIDL,S01,https://data.opencity.in/dataset/d22cea6d-5256-43af-8ad5-68db551e0760/resource/1ccbab74-ca87-465f-826b-5fd1b4b81a5f/download/f68edd0d-7e8b-4386-89cc-a7c946785c8a.csv
361,151-14-000032,Running,3655480.0,543719.0,3111761.0,000307,2015-09-30,003072,2017-06-14,000100 / 14-Jun-2017 in RTGS,M/s KRIDL,S01,https://data.opencity.in/dataset/d22cea6d-5256-43af-8ad5-68db551e0760/resource/1ccbab74-ca87-465f-826b-5fd1b4b81a5f/download/f68edd0d-7e8b-4386-89cc-a7c946785c8a.csv
362,151-13-000011,First and Final,569943.0,71262.0,498681.0,000309,2015-09-30,003073,2017-06-14,000100 / 14-Jun-2017 in RTGS,V Lakshmi Kanth,S01,https://data.opencity.in/dataset/d22cea6d-5256-43af-8ad5-68db551e0760/resource/1ccbab74-ca87-465f-826b-5fd1b4b81a5f/download/f68edd0d-7e8b-4386-89cc-a7c946785c8a.csv
363,151-16-000002,First and Final,960126.0,123852.0,836274.0,000128,2016-07-28,002715,2017-06-07,000091 / 07-Jun-2017 in RTGS,Sri Gopala Krishna,S01,https://data.opencity.in/dataset/d22cea6d-5256-43af-8ad5-68db551e0760/resource/1ccbab74-ca87-465f-826b-5fd1b4b81a5f/download/f68edd0d-7e8b-4386-89cc-a7c946785c8a.csv
364,151-16-000012,First and Final,1538414.0,192521.0,1345893.0,000091,2016-06-30,002697,2017-06-06,000092 / 09-Jun-2017 in RTGS,Sri. Sathis Nayak,S01,https://data.opencity.in/dataset/d22cea6d-5256-43af-8ad5-68db551e0760/resource/1ccbab74-ca87-465f-826b-5fd1b4b81a5f/download/f68edd0d-7e8b-4386-89cc-a7c946785c8a.csv
365,151-13-000031,Final,10779185.0,4307265.0,6471920.0,000027,2016-02-29,002564,2017-06-03,000091 / 07-Jun-2017 in RTGS,"M/s KRIDL,Technical Manager (South)",S01,https://data.opencity.in/dataset/d22cea6d-5256-43af-8ad5-68db551e0760/resource/1ccbab74-ca87-465f-826b-5fd1b4b81a5f/download/f68edd0d-7e8b-4386-89cc-a7c946785c8a.csv
366,151-13-000032,Final,10447470.0,4198985.0,6248485.0,000025,2016-02-29,002565,2017-06-03,000091 / 07-Jun-2017 in RTGS,"M/s KRIDL, Technical Manager (South)",S01,https://data.opencity.in/dataset/d22cea6d-5256-43af-8ad5-68db551e0760/resource/1ccbab74-ca87-465f-826b-5fd1b4b81a5f/download/f68edd0d-7e8b-4386-89cc-a7c946785c8a.csv
367,151-16-000018,,1758852.0,225549.0,1533303.0,,,,,,P.Suresh kumar,S42,https://data.opencity.in/dataset/968e5202-74ed-4279-92df-7b7a1a111108/resource/2f2db789-e055-42b8-9e85-f18f6a605916/download/36d1ad41-0ae0-4c33-8981-4d5846c9ab07.csv
367,151-16-000018,Running,1758852.0,225549.0,1533303.0,008,,RTGS 000083,2017-06-01,Paid (RTGS),P.Suresh kumar,IFMS-GRID,https://accounts.bbmp.gov.in/vssWB/vss00CvStatusData.php?pAction=LoadPaymentGridData
368,151-14-000052,First and Final,1558500.0,244045.0,1314455.0,260/15,2015-08-10,002327,2017-05-30,000084 / 01-Jun-2017 in RTGS,KRIDL,S01,https://data.opencity.in/dataset/d22cea6d-5256-43af-8ad5-68db551e0760/resource/1ccbab74-ca87-465f-826b-5fd1b4b81a5f/download/f68edd0d-7e8b-4386-89cc-a7c946785c8a.csv
368,151-14-000052,First and Final,1558500.0,244045.0,1314455.0,260,,RTGS 000084,2017-06-01,Paid (RTGS),KRIDL,IFMS-GRID,https://accounts.bbmp.gov.in/vssWB/vss00CvStatusData.php?pAction=LoadPaymentGridData
369,151-14-000060,Final,3706288.0,0.0,3706288.0,00140.,2015-06-29,002191,2017-05-25,000080 / 31-May-2017 in RTGS,M/s KRIDL,S01,https://data.opencity.in/dataset/d22cea6d-5256-43af-8ad5-68db551e0760/resource/1ccbab74-ca87-465f-826b-5fd1b4b81a5f/download/f68edd0d-7e8b-4386-89cc-a7c946785c8a.csv
369,151-14-000060,Running,7251938.0,4751938.0,2500000.0,000140,2015-06-29,005105,2016-09-07,000117 / 07-Sep-2016 in RTGS,KRIDL,S01,https://data.opencity.in/dataset/d22cea6d-5256-43af-8ad5-68db551e0760/resource/1ccbab74-ca87-465f-826b-5fd1b4b81a5f/download/f68edd0d-7e8b-4386-89cc-a7c946785c8a.csv
369,151-14-000060,Final,3706288.0,0.0,3706288.0,002191,2017-05-25,RTGS 000080,2017-05-31,Paid (RTGS),M/s KRIDL,IFMS-GRID,https://accounts.bbmp.gov.in/vssWB/vss00CvStatusData.php?pAction=LoadPaymentGridData
370,151-14-000033,Final,2983560.0,440598.0,2542962.0,000137,2015-06-27,002422,2017-05-31,000084 / 01-Jun-2017 in RTGS,M/s KRIDL,S01,https://data.opencity.in/dataset/d22cea6d-5256-43af-8ad5-68db551e0760/resource/1ccbab74-ca87-465f-826b-5fd1b4b81a5f/download/f68edd0d-7e8b-4386-89cc-a7c946785c8a.csv
371,151-15-000010,First and Final,2014874.0,265202.0,1749672.0,000138,2015-06-29,001807,2017-05-18,000066 / 23-May-2017 in RTGS,T Venkatesh,S01,https://data.opencity.in/dataset/d22cea6d-5256-43af-8ad5-68db551e0760/resource/1ccbab74-ca87-465f-826b-5fd1b4b81a5f/download/f68edd0d-7e8b-4386-89cc-a7c946785c8a.csv
372,151-14-000061,First and Final,7276182.0,1049128.0,6227054.0,000139,2015-06-29,001587,2017-05-15,000056 / 18-May-2017 in RTGS,KRIDL,S01,https://data.opencity.in/dataset/d22cea6d-5256-43af-8ad5-68db551e0760/resource/1ccbab74-ca87-465f-826b-5fd1b4b81a5f/download/f68edd0d-7e8b-4386-89cc-a7c946785c8a.csv
373,151-14-000062,First and Final,3428856.0,489842.0,2939014.0,000153,2015-06-29,001588,2017-05-15,000056 / 18-May-2017 in RTGS,M/s KRIDL,S01,https://data.opencity.in/dataset/d22cea6d-5256-43af-8ad5-68db551e0760/resource/1ccbab74-ca87-465f-826b-5fd1b4b81a5f/download/f68edd0d-7e8b-4386-89cc-a7c946785c8a.csv
374,147-13-000043,First and Final,281337.0,34811.0,246526.0,289/13,2014-02-21,003357,2015-09-28,001078 / 09-Oct-2015 in RTGS,M/s.Durga Enterprises,S02,https://data.opencity.in/dataset/d22cea6d-5256-43af-8ad5-68db551e0760/resource/9781e788-6c7b-4978-a600-abf3836b2a37/download/e51f4570-bde5-4fa7-bdd7-ec131041ea35.csv
374,147-13-000043,First and Final,1770069.0,207533.0,1562536.0,000043,2015-04-30,001520,2017-05-15,000056 / 18-May-2017 in RTGS,M/s KRIDL,S02,https://data.opencity.in/dataset/d22cea6d-5256-43af-8ad5-68db551e0760/resource/9781e788-6c7b-4978-a600-abf3836b2a37/download/e51f4570-bde5-4fa7-bdd7-ec131041ea35.csv
374,147-13-000043,First and Final,281337.0,34811.0,246526.0,289,,RTGS 001078,2015-10-09,Paid (RTGS),M/s.Durga Enterprises,IFMS-GRID,https://accounts.bbmp.gov.in/vssWB/vss00CvStatusData.php?pAction=LoadPaymentGridData
375,148-16-000031,Running,11167600.0,767350.0,10400250.0,000003,2017-04-17,RTGS 000036,2017-04-27,Paid (RTGS),G M Ravindra,IFMS-GRID,https://accounts.bbmp.gov.in/vssWB/vss00CvStatusData.php?pAction=LoadPaymentGridData
376,148-16-000011,First and Final,596908.0,71831.0,525077.0,000033,2016-06-16,000833,2017-04-25,000034 / 27-Apr-2017 in RTGS,Sri. Ramanjaneyulu Konanki,S03,https://data.opencity.in/dataset/d22cea6d-5256-43af-8ad5-68db551e0760/resource/bcc85853-64d8-4ffb-b213-ff1c769f1ddf/download/ba583625-49c9-4e9f-89b4-764b9e9773cd.csv
377,151-13-000008,First and Final,1580710.0,202264.0,1378446.0,000045,2015-04-30,000828,2017-04-24,000033 / 26-Apr-2017 in RTGS,Sri. N Shivalinge Gowda,S01,https://data.opencity.in/dataset/d22cea6d-5256-43af-8ad5-68db551e0760/resource/1ccbab74-ca87-465f-826b-5fd1b4b81a5f/download/f68edd0d-7e8b-4386-89cc-a7c946785c8a.csv
378,151-15-000015,First and Final,574743.0,39078.0,535665.0,017/15,2015-04-29,000428,2017-04-19,000025 / 21-Apr-2017 in RTGS,M/s.A.K.Enterprises,S01,https://data.opencity.in/dataset/d22cea6d-5256-43af-8ad5-68db551e0760/resource/1ccbab74-ca87-465f-826b-5fd1b4b81a5f/download/f68edd0d-7e8b-4386-89cc-a7c946785c8a.csv
378,151-15-000015,First and Final,574743.0,39078.0,535665.0,017,,RTGS 000025,2017-04-21,Paid (RTGS),M/s.A.K.Enterprises,IFMS-GRID,https://accounts.bbmp.gov.in/vssWB/vss00CvStatusData.php?pAction=LoadPaymentGridData
379,151-15-000017,First and Final,3055484.0,225105.0,2830379.0,300/15,2016-03-30,008711,2017-03-30,000238 / 31-Mar-2017 in RTGS,M/s.Vijayalakshmi Associates,S01,https://data.opencity.in/dataset/d22cea6d-5256-43af-8ad5-68db551e0760/resource/1ccbab74-ca87-465f-826b-5fd1b4b81a5f/download/f68edd0d-7e8b-4386-89cc-a7c946785c8a.csv
379,151-15-000017,First and Final,3055484.0,225105.0,2830379.0,300,,RTGS 000238,2017-03-31,Paid (RTGS),M/s.Vijayalakshmi Associates,IFMS-GRID,https://accounts.bbmp.gov.in/vssWB/vss00CvStatusData.php?pAction=LoadPaymentGridData
380,151-14-000023,First and Final,1953144.0,275307.0,1677837.0,000478,2014-12-31,006886,2017-01-23,000179 / 28-Jan-2017 in RTGS,KRIDL,S01,https://data.opencity.in/dataset/d22cea6d-5256-43af-8ad5-68db551e0760/resource/1ccbab74-ca87-465f-826b-5fd1b4b81a5f/download/f68edd0d-7e8b-4386-89cc-a7c946785c8a.csv
381,151-14-000011,First and Final,1894115.0,267132.0,1626983.0,000479,2014-12-31,006888,2017-01-23,000179 / 28-Jan-2017 in RTGS,KRIDL,S01,https://data.opencity.in/dataset/d22cea6d-5256-43af-8ad5-68db551e0760/resource/1ccbab74-ca87-465f-826b-5fd1b4b81a5f/download/f68edd0d-7e8b-4386-89cc-a7c946785c8a.csv
382,151-16-000025,Running,16986002.0,1256082.0,15729920.0,000261,2016-10-28,RTGS 000162,2016-12-29,Paid (RTGS),Sri. Ramaiah Lokesh,IFMS-GRID,https://accounts.bbmp.gov.in/vssWB/vss00CvStatusData.php?pAction=LoadPaymentGridData
383,151-14-000034,Final,4306496.0,622378.0,3684118.0,000440,2014-11-28,006162,2016-12-22,000157 / 23-Dec-2016 in RTGS,KRIDL,S01,https://data.opencity.in/dataset/d22cea6d-5256-43af-8ad5-68db551e0760/resource/1ccbab74-ca87-465f-826b-5fd1b4b81a5f/download/f68edd0d-7e8b-4386-89cc-a7c946785c8a.csv
384,151-14-000022,Final,1971046.0,277586.0,1693460.0,000441,2014-11-28,006163,2016-12-22,000157 / 23-Dec-2016 in RTGS,KRIDL,S01,https://data.opencity.in/dataset/d22cea6d-5256-43af-8ad5-68db551e0760/resource/1ccbab74-ca87-465f-826b-5fd1b4b81a5f/download/f68edd0d-7e8b-4386-89cc-a7c946785c8a.csv
385,148-14-000028,First and Final,603790.0,80603.0,523187.0,000442,2014-11-28,006159,2016-12-22,000157 / 23-Dec-2016 in RTGS,KRIDL,S03,https://data.opencity.in/dataset/d22cea6d-5256-43af-8ad5-68db551e0760/resource/bcc85853-64d8-4ffb-b213-ff1c769f1ddf/download/ba583625-49c9-4e9f-89b4-764b9e9773cd.csv
386,147-13-000052,First and Final,1218580.0,172325.0,1046255.0,000407,2014-10-31,005951,2016-11-29,000153 / 15-Dec-2016 in RTGS,KRIDL,S02,https://data.opencity.in/dataset/d22cea6d-5256-43af-8ad5-68db551e0760/resource/9781e788-6c7b-4978-a600-abf3836b2a37/download/e51f4570-bde5-4fa7-bdd7-ec131041ea35.csv
387,151-14-000021,Final,1964162.0,275633.0,1688529.0,000412,2014-10-31,005510,2016-09-29,000146 / 25-Nov-2016 in RTGS,KRIDL,S01,https://data.opencity.in/dataset/d22cea6d-5256-43af-8ad5-68db551e0760/resource/1ccbab74-ca87-465f-826b-5fd1b4b81a5f/download/f68edd0d-7e8b-4386-89cc-a7c946785c8a.csv
388,151-14-000029,Final,4894565.0,705967.0,4188598.0,000408,2014-10-31,005302,2016-09-23,000139 / 05-Nov-2016 in RTGS,KRIDL,S01,https://data.opencity.in/dataset/d22cea6d-5256-43af-8ad5-68db551e0760/resource/1ccbab74-ca87-465f-826b-5fd1b4b81a5f/download/f68edd0d-7e8b-4386-89cc-a7c946785c8a.csv
389,151-14-000027,Final,4891692.0,705553.0,4186139.0,000411,2014-10-31,005306,2016-09-23,000139 / 05-Nov-2016 in RTGS,KRIDL,S01,https://data.opencity.in/dataset/d22cea6d-5256-43af-8ad5-68db551e0760/resource/1ccbab74-ca87-465f-826b-5fd1b4b81a5f/download/f68edd0d-7e8b-4386-89cc-a7c946785c8a.csv
390,151-14-000028,Final,4878264.0,703628.0,4174636.0,000409,2014-10-31,005304,2016-09-23,000139 / 05-Nov-2016 in RTGS,KRIDL,S01,https://data.opencity.in/dataset/d22cea6d-5256-43af-8ad5-68db551e0760/resource/1ccbab74-ca87-465f-826b-5fd1b4b81a5f/download/f68edd0d-7e8b-4386-89cc-a7c946785c8a.csv
391,151-14-000030,First and Final,4820467.0,695334.0,4125133.0,000427,2014-10-31,005307,2016-09-23,000139 / 05-Nov-2016 in RTGS,KRIDL,S01,https://data.opencity.in/dataset/d22cea6d-5256-43af-8ad5-68db551e0760/resource/1ccbab74-ca87-465f-826b-5fd1b4b81a5f/download/f68edd0d-7e8b-4386-89cc-a7c946785c8a.csv
392,151-14-000026,Final,4804658.0,693065.0,4111593.0,000410,2014-10-31,005305,2016-09-23,000139 / 05-Nov-2016 in RTGS,KRIDL,S01,https://data.opencity.in/dataset/d22cea6d-5256-43af-8ad5-68db551e0760/resource/1ccbab74-ca87-465f-826b-5fd1b4b81a5f/download/f68edd0d-7e8b-4386-89cc-a7c946785c8a.csv
393,151-14-000005,First and Final,1956749.0,274407.0,1682342.0,000425,2014-10-31,005329,2016-09-23,000144 / 15-Nov-2016 in RTGS,KRIDL,S01,https://data.opencity.in/dataset/d22cea6d-5256-43af-8ad5-68db551e0760/resource/1ccbab74-ca87-465f-826b-5fd1b4b81a5f/download/f68edd0d-7e8b-4386-89cc-a7c946785c8a.csv
394,151-14-000010,First and Final,1470079.0,207203.0,1262876.0,000426,2014-10-31,005330,2016-09-23,000144 / 15-Nov-2016 in RTGS,KRIDL,S01,https://data.opencity.in/dataset/d22cea6d-5256-43af-8ad5-68db551e0760/resource/1ccbab74-ca87-465f-826b-5fd1b4b81a5f/download/f68edd0d-7e8b-4386-89cc-a7c946785c8a.csv
395,R-174-14-000001,First and Final,3440856.0,456790.0,2984066.0,000003,2015-01-31,RTGS 000087,2016-07-29,Paid (RTGS),SHRUSHTI,IFMS-GRID,https://accounts.bbmp.gov.in/vssWB/vss00CvStatusData.php?pAction=LoadPaymentGridData
396,148-14-000011,First and Final,1185364.0,168998.0,1016366.0,000314,2014-08-30,003960,2016-07-23,000086 / 29-Jul-2016 in RTGS,KRIDL,S03,https://data.opencity.in/dataset/d22cea6d-5256-43af-8ad5-68db551e0760/resource/bcc85853-64d8-4ffb-b213-ff1c769f1ddf/download/ba583625-49c9-4e9f-89b4-764b9e9773cd.csv
397,148-14-000021,First and Final,4801546.0,683807.0,4117739.0,000316,2014-08-30,003752,2016-07-19,000083 / 22-Jul-2016 in RTGS,KRIDL,S03,https://data.opencity.in/dataset/d22cea6d-5256-43af-8ad5-68db551e0760/resource/bcc85853-64d8-4ffb-b213-ff1c769f1ddf/download/ba583625-49c9-4e9f-89b4-764b9e9773cd.csv
398,147-13-000037,First and Final,1979270.0,286255.0,1693015.0,000311,2014-08-30,003753,2016-07-19,000083 / 22-Jul-2016 in RTGS,KRIDL,S02,https://data.opencity.in/dataset/d22cea6d-5256-43af-8ad5-68db551e0760/resource/9781e788-6c7b-4978-a600-abf3836b2a37/download/e51f4570-bde5-4fa7-bdd7-ec131041ea35.csv
399,148-14-000022,First and Final,1623485.0,249869.0,1373616.0,416/14,2014-11-29,002875,2016-06-20,000067 / 23-Jun-2016 in RTGS,Technical Manager 2,S03,https://data.opencity.in/dataset/d22cea6d-5256-43af-8ad5-68db551e0760/resource/bcc85853-64d8-4ffb-b213-ff1c769f1ddf/download/ba583625-49c9-4e9f-89b4-764b9e9773cd.csv
399,148-14-000022,First and Final,1623485.0,249869.0,1373616.0,416,,RTGS 000067,2016-06-23,Paid (RTGS),Technical Manager 2,IFMS-GRID,https://accounts.bbmp.gov.in/vssWB/vss00CvStatusData.php?pAction=LoadPaymentGridData
400,147-13-000036,First and Final,1957890.0,276095.0,1681795.0,000276,2014-07-31,002992,2016-06-21,000066 / 23-Jun-2016 in RTGS,KRIDL,S02,https://data.opencity.in/dataset/d22cea6d-5256-43af-8ad5-68db551e0760/resource/9781e788-6c7b-4978-a600-abf3836b2a37/download/e51f4570-bde5-4fa7-bdd7-ec131041ea35.csv
401,147-13-000041,First and Final,1574270.0,230165.0,1344105.0,000275,2014-07-31,002991,2016-06-21,000066 / 23-Jun-2016 in RTGS,KRIDL,S02,https://data.opencity.in/dataset/d22cea6d-5256-43af-8ad5-68db551e0760/resource/9781e788-6c7b-4978-a600-abf3836b2a37/download/e51f4570-bde5-4fa7-bdd7-ec131041ea35.csv
402,147-12-000026,First and Final,1301960.0,182645.0,1119315.0,000274,2014-07-31,002988,2016-06-21,000066 / 23-Jun-2016 in RTGS,T T Vasanth Kumar,S02,https://data.opencity.in/dataset/d22cea6d-5256-43af-8ad5-68db551e0760/resource/9781e788-6c7b-4978-a600-abf3836b2a37/download/e51f4570-bde5-4fa7-bdd7-ec131041ea35.csv
403,151-15-000016,First and Final,652504.0,26753.0,625751.0,074/15,2015-06-22,002124,2016-06-08,000053 / 13-Jun-2016 in RTGS,M/s.Sri Durga Enterprises,S01,https://data.opencity.in/dataset/d22cea6d-5256-43af-8ad5-68db551e0760/resource/1ccbab74-ca87-465f-826b-5fd1b4b81a5f/download/f68edd0d-7e8b-4386-89cc-a7c946785c8a.csv
403,151-15-000016,First and Final,652504.0,26753.0,625751.0,074,,RTGS 000053,2016-06-13,Paid (RTGS),M/s.Sri Durga Enterprises,IFMS-GRID,https://accounts.bbmp.gov.in/vssWB/vss00CvStatusData.php?pAction=LoadPaymentGridData
404,151-15-000018,First and Final,333576.0,23685.0,309891.0,072/15,2015-06-18,001891,2016-06-03,000047 / 09-Jun-2016 in RTGS,M/s.Sri Durga Enterprises,S01,https://data.opencity.in/dataset/d22cea6d-5256-43af-8ad5-68db551e0760/resource/1ccbab74-ca87-465f-826b-5fd1b4b81a5f/download/f68edd0d-7e8b-4386-89cc-a7c946785c8a.csv
404,151-15-000018,First and Final,333576.0,23685.0,309891.0,072,,RTGS 000047,2016-06-09,Paid (RTGS),M/s.Sri Durga Enterprises,IFMS-GRID,https://accounts.bbmp.gov.in/vssWB/vss00CvStatusData.php?pAction=LoadPaymentGridData
405,147-11-000038,First and Final,2130070.0,309785.0,1820285.0,000204,2014-06-30,002177,2016-06-08,000052 / 13-Jun-2016 in RTGS,M Nagesh,S02,https://data.opencity.in/dataset/d22cea6d-5256-43af-8ad5-68db551e0760/resource/9781e788-6c7b-4978-a600-abf3836b2a37/download/e51f4570-bde5-4fa7-bdd7-ec131041ea35.csv
406,151-14-000007,First and Final,2082974.0,276409.0,1806565.0,000206,2014-06-30,002180,2016-06-08,000052 / 13-Jun-2016 in RTGS,Patel B,S01,https://data.opencity.in/dataset/d22cea6d-5256-43af-8ad5-68db551e0760/resource/1ccbab74-ca87-465f-826b-5fd1b4b81a5f/download/f68edd0d-7e8b-4386-89cc-a7c946785c8a.csv
407,147-13-000053,First and Final,825110.0,105800.0,719310.0,000200,2014-06-30,002181,2016-06-08,000052 / 13-Jun-2016 in RTGS,B S Vishwanath,S02,https://data.opencity.in/dataset/d22cea6d-5256-43af-8ad5-68db551e0760/resource/9781e788-6c7b-4978-a600-abf3836b2a37/download/e51f4570-bde5-4fa7-bdd7-ec131041ea35.csv
408,151-14-000038,Running,6350691.0,933955.0,5416736.0,000149,2014-07-30,001827,2016-06-01,000047 / 09-Jun-2016 in RTGS,M/s.KRIDL,S01,https://data.opencity.in/dataset/d22cea6d-5256-43af-8ad5-68db551e0760/resource/1ccbab74-ca87-465f-826b-5fd1b4b81a5f/download/f68edd0d-7e8b-4386-89cc-a7c946785c8a.csv
408,151-14-000038,Second and Final,3492172.0,526122.0,2966050.0,000183,2014-08-25,001828,2016-06-01,000047 / 09-Jun-2016 in RTGS,M/s.KRIDL,S01,https://data.opencity.in/dataset/d22cea6d-5256-43af-8ad5-68db551e0760/resource/1ccbab74-ca87-465f-826b-5fd1b4b81a5f/download/f68edd0d-7e8b-4386-89cc-a7c946785c8a.csv
409,151-13-000002,First and Final,1183410.0,148241.0,1035169.0,000419,2014-10-31,001832,2016-06-01,000047 / 09-Jun-2016 in RTGS,M Nagesh,S01,https://data.opencity.in/dataset/d22cea6d-5256-43af-8ad5-68db551e0760/resource/1ccbab74-ca87-465f-826b-5fd1b4b81a5f/download/f68edd0d-7e8b-4386-89cc-a7c946785c8a.csv
410,151-13-000009,First and Final,1914730.0,255383.0,1659347.0,000143,2014-05-31,001548,2016-05-25,000037 / 27-May-2016 in RTGS,R M Ravi,S01,https://data.opencity.in/dataset/d22cea6d-5256-43af-8ad5-68db551e0760/resource/1ccbab74-ca87-465f-826b-5fd1b4b81a5f/download/f68edd0d-7e8b-4386-89cc-a7c946785c8a.csv
411,151-13-000012,First and Final,1808534.0,239820.0,1568714.0,000142,2014-05-31,001547,2016-05-25,000037 / 27-May-2016 in RTGS,R M Ravi,S01,https://data.opencity.in/dataset/d22cea6d-5256-43af-8ad5-68db551e0760/resource/1ccbab74-ca87-465f-826b-5fd1b4b81a5f/download/f68edd0d-7e8b-4386-89cc-a7c946785c8a.csv
412,151-13-000013,First and Final,1471520.0,196102.0,1275418.0,000141,2014-05-31,001546,2016-05-25,000037 / 27-May-2016 in RTGS,R M Ravi,S01,https://data.opencity.in/dataset/d22cea6d-5256-43af-8ad5-68db551e0760/resource/1ccbab74-ca87-465f-826b-5fd1b4b81a5f/download/f68edd0d-7e8b-4386-89cc-a7c946785c8a.csv
413,307-15-000093,Running,4123050.0,258450.0,3864600.0,000030,2015-05-21,RTGS 000693,2015-08-27,Paid (RTGS),Manu.L,IFMS-GRID,https://accounts.bbmp.gov.in/vssWB/vss00CvStatusData.php?pAction=LoadPaymentGridData
413,307-15-000093,Running,5072700.0,319150.0,4753550.0,000133,2015-08-31,RTGS 001327,2015-12-14,Paid (RTGS),Manu.L,IFMS-GRID,https://accounts.bbmp.gov.in/vssWB/vss00CvStatusData.php?pAction=LoadPaymentGridData
413,307-15-000093,Running,1779600.0,113600.0,1666000.0,000228,2015-12-28,RTGS 002756,2016-02-16,Paid (RTGS),Manu.L,IFMS-GRID,https://accounts.bbmp.gov.in/vssWB/vss00CvStatusData.php?pAction=LoadPaymentGridData
413,307-15-000093,Fourth and Final,4535050.0,305700.0,4229350.0,000324,2016-03-31,RTGS 000019,2016-05-06,Paid (RTGS),Manu.L,IFMS-GRID,https://accounts.bbmp.gov.in/vssWB/vss00CvStatusData.php?pAction=LoadPaymentGridData
414,151-13-000029,First and Final,9404530.0,3682317.0,5722213.0,000013,2015-11-20,RTGS 000017,2016-05-03,Paid (RTGS),M/s KRIDL,IFMS-GRID,https://accounts.bbmp.gov.in/vssWB/vss00CvStatusData.php?pAction=LoadPaymentGridData
415,304-15-000018,First and Final,8993725.0,1088241.0,7905484.0,000068,2015-11-20,RTGS 000014,2016-04-29,Paid (RTGS),M/s KRIDL,IFMS-GRID,https://accounts.bbmp.gov.in/vssWB/vss00CvStatusData.php?pAction=LoadPaymentGridData
416,151-14-000054,First and Final,952605.0,145175.0,807430.0,259/15,2015-08-10,000445,2016-04-26,000014 / 29-Apr-2016 in RTGS,KRIDL,S01,https://data.opencity.in/dataset/d22cea6d-5256-43af-8ad5-68db551e0760/resource/1ccbab74-ca87-465f-826b-5fd1b4b81a5f/download/f68edd0d-7e8b-4386-89cc-a7c946785c8a.csv
416,151-14-000054,First and Final,952605.0,145175.0,807430.0,259,,RTGS 000014,2016-04-29,Paid (RTGS),KRIDL,IFMS-GRID,https://accounts.bbmp.gov.in/vssWB/vss00CvStatusData.php?pAction=LoadPaymentGridData
417,151-14-000053,First and Final,1701045.0,273290.0,1427755.0,000260,2015-08-10,000444,2016-04-26,000014 / 29-Apr-2016 in RTGS,Technical Manager,S01,https://data.opencity.in/dataset/d22cea6d-5256-43af-8ad5-68db551e0760/resource/1ccbab74-ca87-465f-826b-5fd1b4b81a5f/download/f68edd0d-7e8b-4386-89cc-a7c946785c8a.csv
418,151-14-000057,First and Final,650605.0,97230.0,553375.0,000257,2015-08-10,000443,2016-04-26,000014 / 29-Apr-2016 in RTGS,KRIDL,S01,https://data.opencity.in/dataset/d22cea6d-5256-43af-8ad5-68db551e0760/resource/1ccbab74-ca87-465f-826b-5fd1b4b81a5f/download/f68edd0d-7e8b-4386-89cc-a7c946785c8a.csv
419,151-13-000030,First and Final,10511760.0,4100241.0,6411519.0,000012,2015-11-20,RTGS 000002,2016-04-06,Paid (RTGS),Technical Manager (South),IFMS-GRID,https://accounts.bbmp.gov.in/vssWB/vss00CvStatusData.php?pAction=LoadPaymentGridData
420,304-14-000051,Running,356335.0,21380.0,334955.0,000037,2015-11-02,RTGS 002513,2016-02-04,Paid (RTGS),KRIDL,IFMS-GRID,https://accounts.bbmp.gov.in/vssWB/vss00CvStatusData.php?pAction=LoadPaymentGridData
420,304-14-000051,Running,620636.0,275478.0,345158.0,000088,2016-02-27,RTGS 000003,2016-04-06,Paid (RTGS),KRIDL,IFMS-GRID,https://accounts.bbmp.gov.in/vssWB/vss00CvStatusData.php?pAction=LoadPaymentGridData
421,304-14-000214,Running,5461180.0,702033.0,4759147.0,000041,2014-10-29,RTGS 000408,2015-08-04,Paid (RTGS),KRIDL,IFMS-GRID,https://accounts.bbmp.gov.in/vssWB/vss00CvStatusData.php?pAction=LoadPaymentGridData
421,304-14-000214,Running,61740.0,3705.0,58035.0,000032,2015-11-02,RTGS 002760,2016-02-16,Paid (RTGS),M/s K K Plastic Waste Management Ltd,IFMS-GRID,https://accounts.bbmp.gov.in/vssWB/vss00CvStatusData.php?pAction=LoadPaymentGridData
421,304-14-000214,Second and Final,4383408.0,701298.0,3682110.0,000087,2016-02-27,RTGS 003105,2016-03-31,Paid (RTGS),KRIDL,IFMS-GRID,https://accounts.bbmp.gov.in/vssWB/vss00CvStatusData.php?pAction=LoadPaymentGridData
422,304-14-000246,Running,503803.0,30228.0,473575.0,000046,2015-11-02,RTGS 002757,2016-02-16,Paid (RTGS),M/s K K Plastic Waste Management Ltd,IFMS-GRID,https://accounts.bbmp.gov.in/vssWB/vss00CvStatusData.php?pAction=LoadPaymentGridData
423,147-13-000062,First and Final,852885.0,109000.0,743885.0,000578,2014-01-31,005190,2016-01-27,002647 / 09-Feb-2016 in RTGS,C Raghu Rama Chandra,S02,https://data.opencity.in/dataset/d22cea6d-5256-43af-8ad5-68db551e0760/resource/9781e788-6c7b-4978-a600-abf3836b2a37/download/e51f4570-bde5-4fa7-bdd7-ec131041ea35.csv
424,151-12-000021,First and Final,1043818.0,145959.0,897859.0,000580,2014-01-31,004934,2016-01-09,002455 / 27-Jan-2016 in RTGS,Manjunath N,S01,https://data.opencity.in/dataset/d22cea6d-5256-43af-8ad5-68db551e0760/resource/1ccbab74-ca87-465f-826b-5fd1b4b81a5f/download/f68edd0d-7e8b-4386-89cc-a7c946785c8a.csv
425,151-15-000014,First and Final,2843880.0,331405.0,2512475.0,173/15,2015-06-30,004150,2015-12-11,001633 / 19-Dec-2015 in RTGS,Sri.G.N. Prasanna,S01,https://data.opencity.in/dataset/d22cea6d-5256-43af-8ad5-68db551e0760/resource/1ccbab74-ca87-465f-826b-5fd1b4b81a5f/download/f68edd0d-7e8b-4386-89cc-a7c946785c8a.csv
425,151-15-000014,First and Final,2843880.0,331405.0,2512475.0,173,,RTGS 001633,2015-12-19,Paid (RTGS),Sri.G.N. Prasanna,IFMS-GRID,https://accounts.bbmp.gov.in/vssWB/vss00CvStatusData.php?pAction=LoadPaymentGridData
426,151-14-000001,First and Final,1433939.0,191560.0,1242379.0,000160,2015-06-30,003850,2015-11-18,001410 / 15-Dec-2015 in RTGS,K R Pratheek,S01,https://data.opencity.in/dataset/d22cea6d-5256-43af-8ad5-68db551e0760/resource/1ccbab74-ca87-465f-826b-5fd1b4b81a5f/download/f68edd0d-7e8b-4386-89cc-a7c946785c8a.csv
427,151-13-000004,First and Final,1424871.0,196467.0,1228404.0,000157,2015-06-30,003845,2015-11-18,001406 / 15-Dec-2015 in RTGS,K R Pratheek,S01,https://data.opencity.in/dataset/d22cea6d-5256-43af-8ad5-68db551e0760/resource/1ccbab74-ca87-465f-826b-5fd1b4b81a5f/download/f68edd0d-7e8b-4386-89cc-a7c946785c8a.csv
428,151-13-000014,Final,1726427.0,232621.0,1493806.0,000572,2014-01-31,003439,2015-09-30,001075 / 09-Oct-2015 in RTGS,N Shivalinge Gowda,S01,https://data.opencity.in/dataset/d22cea6d-5256-43af-8ad5-68db551e0760/resource/1ccbab74-ca87-465f-826b-5fd1b4b81a5f/download/f68edd0d-7e8b-4386-89cc-a7c946785c8a.csv
429,151-11-000040,Final,3593520.0,498012.0,3095508.0,000143,2013-06-29,000497,2015-06-28,000094 / 06-Jul-2015 in RTGS,Kemparaju N,S01,https://data.opencity.in/dataset/d22cea6d-5256-43af-8ad5-68db551e0760/resource/1ccbab74-ca87-465f-826b-5fd1b4b81a5f/download/f68edd0d-7e8b-4386-89cc-a7c946785c8a.csv
430,151-12-000015,Final,1684532.0,228012.0,1456520.0,000310,2013-08-31,000498,2015-06-28,000094 / 06-Jul-2015 in RTGS,M B Banuprasad,S01,https://data.opencity.in/dataset/d22cea6d-5256-43af-8ad5-68db551e0760/resource/1ccbab74-ca87-465f-826b-5fd1b4b81a5f/download/f68edd0d-7e8b-4386-89cc-a7c946785c8a.csv
431,151-11-000045,Final,938303.0,127229.0,811074.0,000286,2013-08-31,000495,2015-06-28,000094 / 06-Jul-2015 in RTGS,G Pradeep,S01,https://data.opencity.in/dataset/d22cea6d-5256-43af-8ad5-68db551e0760/resource/1ccbab74-ca87-465f-826b-5fd1b4b81a5f/download/f68edd0d-7e8b-4386-89cc-a7c946785c8a.csv
432,147-13-000063,Final,1864650.0,254760.0,1609890.0,000371,2013-09-30,000259,2015-06-19,000044 / 02-Jul-2015 in RTGS,C KRISHNA,S02,https://data.opencity.in/dataset/d22cea6d-5256-43af-8ad5-68db551e0760/resource/9781e788-6c7b-4978-a600-abf3836b2a37/download/e51f4570-bde5-4fa7-bdd7-ec131041ea35.csv
