bill_id,job_number,bill_no,bill_date,description,ward,regime,ddo,contractor,bill_type,gross,nett,deduction,rtgs_no,rtgs_dates,cbr_no,cbr_date,scope_basis,scope_reason,job_previously_known,bill_previously_known,in_project,source_url
181,147-13-000063,000371,2013-09-30,Improvements to road side drains and Footpath of 3 rd main 2nd main from Bheema chandra Kalyana mantappa to towards Tata indicom and Road connecting From 1 st main road to Tata indicom and Surrounding area roads in 7th block Koramangala in ward no. 147,147,198,ddo421  Assistant Executive Engineer Koramangala South Zone,C KRISHNA,Final,1864650.0,1609890.0,254760.0,000044,2015-07-02,000259,2015-06-19,description,"Work description names Koramangala: ""…and Surrounding area roads in 7th block Koramangala in ward no. 147…""",1,0,147-13-000063,https://accounts.bbmp.gov.in/vssWB/vss00CvStatusData.php?pAction=LoadPaymentGridData&pDateFrom=01-Jul-2015&pDateTo=30-Sep-2015&pBudgetHeadID=-1&pWardIDs=&pDDOID=-1&pDDOIDs=
152,151-12-000034,000145,2013-06-29,Repairs to Borewells including Pipeline etc in ward no 151 Koramangala,151,198,ddo421  Assistant Executive Engineer Koramangala South Zone,L ANAND,Final,462562.0,390282.0,72280.0,000094,2015-07-06,000494,2015-06-28,description,"Work description names Koramangala: ""…s including Pipeline etc in ward no 151 Koramangala…""",1,0,,https://accounts.bbmp.gov.in/vssWB/vss00CvStatusData.php?pAction=LoadPaymentGridData&pDateFrom=01-Jul-2015&pDateTo=30-Sep-2015&pBudgetHeadID=-1&pWardIDs=&pDDOID=-1&pDDOIDs=
158,151-11-000045,000286,2013-08-31,Improvements and repairs to shoulder drains in ward no. 151 (Koramangala),151,198,ddo421  Assistant Executive Engineer Koramangala South Zone,G Pradeep,Final,938303.0,811074.0,127229.0,000094,2015-07-06,000495,2015-06-28,description,"Work description names Koramangala: ""…irs to shoulder drains in ward no. 151 (Koramangala)…""",1,0,151-11-000045,https://accounts.bbmp.gov.in/vssWB/vss00CvStatusData.php?pAction=LoadPaymentGridData&pDateFrom=01-Jul-2015&pDateTo=30-Sep-2015&pBudgetHeadID=-1&pWardIDs=&pDDOID=-1&pDDOIDs=
195,151-11-000040,000143,2013-06-29,Improvements to secondary drain from Reddy Jana sangha college To 80ft road Koramangala in ward no. 151,151,198,ddo421  Assistant Executive Engineer Koramangala South Zone,Kemparaju N,Final,3593520.0,3095508.0,498012.0,000094,2015-07-06,000497,2015-06-28,description,"Work description names Koramangala: ""…Reddy Jana sangha college To 80ft road Koramangala in ward no. 151…""",1,0,151-11-000040,https://accounts.bbmp.gov.in/vssWB/vss00CvStatusData.php?pAction=LoadPaymentGridData&pDateFrom=01-Jul-2015&pDateTo=30-Sep-2015&pBudgetHeadID=-1&pWardIDs=&pDDOID=-1&pDDOIDs=
204,151-12-000015,000310,2013-08-31,Providing road side drains percolation pits in ward no 151,151,198,ddo421  Assistant Executive Engineer Koramangala South Zone,M B Banuprasad,Final,1684532.0,1456520.0,228012.0,000094,2015-07-06,000498,2015-06-28,ward_prefix,Booked to Koramangala ward (151 under the 198-ward map) (ward map inferred from the job-code year),1,0,151-12-000015,https://accounts.bbmp.gov.in/vssWB/vss00CvStatusData.php?pAction=LoadPaymentGridData&pDateFrom=01-Jul-2015&pDateTo=30-Sep-2015&pBudgetHeadID=-1&pWardIDs=&pDDOID=-1&pDDOIDs=
2288,304-14-000214,000041,2014-10-29,Improvements and Asphalting to 7th cross from 100feet road to 80 feet road in Koramangala,304,dept,ddo316  Executive Engineer Major Road South Central Zone,KRIDL,Running,5461180.0,4759147.0,702033.0,000408,2015-08-04,001879,2015-08-04,description,"Work description names Koramangala: ""…ss from 100feet road to 80 feet road in Koramangala…""",1,1,304-14-000214,https://accounts.bbmp.gov.in/vssWB/vss00CvStatusData.php?pAction=LoadPaymentGridData&pDateFrom=01-Jul-2015&pDateTo=30-Sep-2015&pBudgetHeadID=-1&pWardIDs=&pDDOID=-1&pDDOIDs=
3711,307-15-000093,000030,2015-05-21,Construction of elemental bridge across 80 feet road Koramangala for SWD K-113(near passport office),307,dept,ddo313  Chief Engineer SWD Central Zone,Manu.L,Running,4123050.0,3864600.0,258450.0,000693,2015-08-27,002498,2015-08-27,description,"Work description names Koramangala: ""…of elemental bridge across 80 feet road Koramangala for SWD K-113(near passport o…""",1,1,307-15-000093,https://accounts.bbmp.gov.in/vssWB/vss00CvStatusData.php?pAction=LoadPaymentGridData&pDateFrom=01-Jul-2015&pDateTo=30-Sep-2015&pBudgetHeadID=-1&pWardIDs=&pDDOID=-1&pDDOIDs=
1610,151-13-000019,177,2013-08-24,Upgradation of lighting in Koramangala Ward No 151,151,198,ddo258  Executive Engineer Electrical South Zone,Sri.Shankara Manja,First and Final,488173.0,429104.0,59069.0,000790,2015-09-01,002522,2015-08-29,description,"Work description names Koramangala: ""…Upgradation of lighting in Koramangala Ward No 151…""",1,0,,https://accounts.bbmp.gov.in/vssWB/vss00CvStatusData.php?pAction=LoadPaymentGridData&pDateFrom=01-Jul-2015&pDateTo=30-Sep-2015&pBudgetHeadID=-1&pWardIDs=&pDDOID=-1&pDDOIDs=
2531,151-13-000022,000428,2013-10-31,Providing asphalting to roads at 2nd block and surrounding roads in ward No.151,151,198,ddo421  Assistant Executive Engineer Koramangala South Zone,K K Plastic waste management Pvt Ltd,Final,99178.0,93228.0,5950.0,000869,2015-09-10,002913,2015-09-09,ward_prefix,Booked to Koramangala ward (151 under the 198-ward map) (ward map inferred from the job-code year),1,0,,https://accounts.bbmp.gov.in/vssWB/vss00CvStatusData.php?pAction=LoadPaymentGridData&pDateFrom=01-Jul-2015&pDateTo=30-Sep-2015&pBudgetHeadID=-1&pWardIDs=&pDDOID=-1&pDDOIDs=
2541,151-13-000021,000427,2013-10-31,Providing asphalting to roads at Kuduremukha colony and 3rd 4th main roads 1st block and surrounding roads in ward No.151,151,198,ddo421  Assistant Executive Engineer Koramangala South Zone,K K Plastic waste management Pvt Ltd,Final,93000.0,87420.0,5580.0,000869,2015-09-10,002916,2015-09-09,ward_prefix,Booked to Koramangala ward (151 under the 198-ward map) (ward map inferred from the job-code year),1,0,,https://accounts.bbmp.gov.in/vssWB/vss00CvStatusData.php?pAction=LoadPaymentGridData&pDateFrom=01-Jul-2015&pDateTo=30-Sep-2015&pBudgetHeadID=-1&pWardIDs=&pDDOID=-1&pDDOIDs=
2546,147-13-000066,000489,2013-12-26,"Providing asphalting to roads at 7th and 8th block Koramangala , Rajendra Nagara and surrounding Area roads in ward No.147",147,198,ddo421  Assistant Executive Engineer Koramangala South Zone,K K Plastic waste Management Ltd,Final,77450.0,72800.0,4650.0,000908,2015-09-15,002915,2015-09-09,description,"Work description names Koramangala: ""…sphalting to roads at 7th and 8th block Koramangala , Rajendra Nagara and surroun…""",1,0,,https://accounts.bbmp.gov.in/vssWB/vss00CvStatusData.php?pAction=LoadPaymentGridData&pDateFrom=01-Jul-2015&pDateTo=30-Sep-2015&pBudgetHeadID=-1&pWardIDs=&pDDOID=-1&pDDOIDs=
2543,148-13-000016,000488,2013-12-26,"Providing Asphalting to roads at National Games Village in and around Tungabadra ,Gattaprabha,Malaprabha and Surrounding Block roads and surrounding area Ejipura roads in ward no. 148(Ejipura)",148,198,ddo421  Assistant Executive Engineer Koramangala South Zone,K K Plastic waste Management Pvt Ltd,Final,82772.0,77807.0,4965.0,000908,2015-09-15,002935,2015-09-11,description,"Work description names Koramangala: ""…Providing Asphalting to roads at National Games Village in and around Tungabadra ,…""",1,0,,https://accounts.bbmp.gov.in/vssWB/vss00CvStatusData.php?pAction=LoadPaymentGridData&pDateFrom=01-Jul-2015&pDateTo=30-Sep-2015&pBudgetHeadID=-1&pWardIDs=&pDDOID=-1&pDDOIDs=
2542,151-13-000023,000430,2013-10-31,Providing asphalting to 2nd 3rd 7th cross roads 6th block and K.R. Garden 8th block with surrounding roads in ward No.151,151,198,ddo421  Assistant Executive Engineer Koramangala South Zone,K K Plastic waste Management Pvt Ltd,Final,56864.0,53453.0,3411.0,000908,2015-09-15,002936,2015-09-11,ward_prefix,Booked to Koramangala ward (151 under the 198-ward map) (ward map inferred from the job-code year),1,0,,https://accounts.bbmp.gov.in/vssWB/vss00CvStatusData.php?pAction=LoadPaymentGridData&pDateFrom=01-Jul-2015&pDateTo=30-Sep-2015&pBudgetHeadID=-1&pWardIDs=&pDDOID=-1&pDDOIDs=
2530,151-13-000020,000429,2013-10-31,Providing asphalting to roads at jakkasandra extension 11th 14th main 3rd block and surrounding roads in ward No.151,151,198,ddo421  Assistant Executive Engineer Koramangala South Zone,K K Plastic Waste Management Pvt Ltd,Final,97470.0,91623.0,5847.0,000908,2015-09-15,002937,2015-09-11,ward_prefix,Booked to Koramangala ward (151 under the 198-ward map) (ward map inferred from the job-code year),1,0,,https://accounts.bbmp.gov.in/vssWB/vss00CvStatusData.php?pAction=LoadPaymentGridData&pDateFrom=01-Jul-2015&pDateTo=30-Sep-2015&pBudgetHeadID=-1&pWardIDs=&pDDOID=-1&pDDOIDs=
2537,151-13-000024,000426,2013-10-31,"Providing Asphalting to roads at 4th, 5th cross roads 4th block and 17th B main 5th block and industrial layout and surrounding roads in ward no. 151 (Koramangala)",151,198,ddo421  Assistant Executive Engineer Koramangala South Zone,K K Plastic waste Management Pvt Ltd,Final,82717.0,77755.0,4962.0,000908,2015-09-15,002938,2015-09-11,description,"Work description names Koramangala: ""…and surrounding roads in ward no. 151 (Koramangala)…""",1,0,,https://accounts.bbmp.gov.in/vssWB/vss00CvStatusData.php?pAction=LoadPaymentGridData&pDateFrom=01-Jul-2015&pDateTo=30-Sep-2015&pBudgetHeadID=-1&pWardIDs=&pDDOID=-1&pDDOIDs=
2539,151-13-000027,000431,2013-10-31,Providing asphalting to roads at 16th A to C roads 4th block and surrounding cross roads in ward No.151 (Koramangala),151,198,ddo421  Assistant Executive Engineer Koramangala South Zone,K K Plastic waste Management Pvt Ltd,Final,47692.0,39676.0,8016.0,000908,2015-09-15,002939,2015-09-11,description,"Work description names Koramangala: ""…surrounding cross roads in ward No.151 (Koramangala)…""",1,0,,https://accounts.bbmp.gov.in/vssWB/vss00CvStatusData.php?pAction=LoadPaymentGridData&pDateFrom=01-Jul-2015&pDateTo=30-Sep-2015&pBudgetHeadID=-1&pWardIDs=&pDDOID=-1&pDDOIDs=
3223,151-13-000014,000572,2014-01-31,Improvements to road side drains and footpath to 17th E main and surrounding areas 5th block in ward no.151 Koramangala,151,198,ddo421  Assistant Executive Engineer Koramangala South Zone,N Shivalinge Gowda,Final,1726427.0,1493806.0,232621.0,001075,2015-10-09,003439,2015-09-30,description,"Work description names Koramangala: ""…rounding areas 5th block in ward no.151 Koramangala…""",1,0,151-13-000014,https://accounts.bbmp.gov.in/vssWB/vss00CvStatusData.php?pAction=LoadPaymentGridData&pDateFrom=01-Oct-2015&pDateTo=31-Dec-2015&pBudgetHeadID=-1&pWardIDs=&pDDOID=-1&pDDOIDs=
4215,147-13-000043,289,,Improvements to drain and beautification of footpath at 20th main road Reach-II and surrounding roads at 7th block Koramangala in ward no 147,147,198,ddo258  Executive Engineer Electrical South Zone,M/s.Durga Enterprises,First and Final,281337.0,246526.0,34811.0,001078,2015-10-09,003357,2015-09-28,description,"Work description names Koramangala: ""…h-II and surrounding roads at 7th block Koramangala in ward no 147…""",1,0,147-13-000043,https://accounts.bbmp.gov.in/vssWB/vss00CvStatusData.php?pAction=LoadPaymentGridData&pDateFrom=01-Oct-2015&pDateTo=31-Dec-2015&pBudgetHeadID=-1&pWardIDs=&pDDOID=-1&pDDOIDs=
4162,151-11-000024,276,,"Setting up and operation of Nisurgruna Bio-gas plant for Bio degredable waste of 5MT capacity based on Bhabha Atomic Research centre technology in ward no 151, Koramangala 3rd Block, Under High Tension line, Koramangala",151,198,ddo258  Executive Engineer Electrical South Zone,M/s.Devi electrucals,First and Final,458419.0,425871.0,32548.0,001078,2015-10-09,003360,2015-09-28,description,"Work description names Koramangala: ""…earch centre technology in ward no 151, Koramangala 3rd Block, Under High Tension…""",1,0,151-11-000024,https://accounts.bbmp.gov.in/vssWB/vss00CvStatusData.php?pAction=LoadPaymentGridData&pDateFrom=01-Oct-2015&pDateTo=31-Dec-2015&pBudgetHeadID=-1&pWardIDs=&pDDOID=-1&pDDOIDs=
3624,151-13-000007,000571,2014-01-31,Desilting of drains in ward No. 151 Koramangala,151,198,ddo421  Assistant Executive Engineer Koramangala South Zone,N Balashankar,First and Final,470824.0,411153.0,59671.0,001211,2015-11-16,003736,2015-10-09,description,"Work description names Koramangala: ""…Desilting of drains in ward No. 151 Koramangala…""",1,0,,https://accounts.bbmp.gov.in/vssWB/vss00CvStatusData.php?pAction=LoadPaymentGridData&pDateFrom=01-Oct-2015&pDateTo=31-Dec-2015&pBudgetHeadID=-1&pWardIDs=&pDDOID=-1&pDDOIDs=
5460,307-15-000093,000133,2015-08-31,Construction of elemental bridge across 80 feet road Koramangala for SWD K-113(near passport office),307,dept,ddo313  Chief Engineer SWD Central Zone,Manu.L,Running,5072700.0,4753550.0,319150.0,001327,2015-12-14,004070,2015-11-26,description,"Work description names Koramangala: ""…of elemental bridge across 80 feet road Koramangala for SWD K-113(near passport o…""",1,1,307-15-000093,https://accounts.bbmp.gov.in/vssWB/vss00CvStatusData.php?pAction=LoadPaymentGridData&pDateFrom=01-Oct-2015&pDateTo=31-Dec-2015&pBudgetHeadID=-1&pWardIDs=&pDDOID=-1&pDDOIDs=
5272,151-13-000004,000157,2015-06-30,Filling of Pot Holes and Road cut Portions by asphalt and concrete to Main and Cross roads in ward no 151 Koramangala for the year 2012-13,151,198,ddo421  Assistant Executive Engineer Koramangala South Zone,K R Pratheek,First and Final,1424871.0,1228404.0,196467.0,001406,2015-12-15,003845,2015-11-18,description,"Work description names Koramangala: ""…to Main and Cross roads in ward no 151 Koramangala for the year 2012-13…""",1,0,151-13-000004,https://accounts.bbmp.gov.in/vssWB/vss00CvStatusData.php?pAction=LoadPaymentGridData&pDateFrom=01-Oct-2015&pDateTo=31-Dec-2015&pBudgetHeadID=-1&pWardIDs=&pDDOID=-1&pDDOIDs=
5267,151-14-000001,000160,2015-06-30,Filling of Pot Holes for the year 2013 14 in ward No.151 Koramangala,151,198,ddo421  Assistant Executive Engineer Koramangala South Zone,K R Pratheek,First and Final,1433939.0,1242379.0,191560.0,001410,2015-12-15,003850,2015-11-18,description,"Work description names Koramangala: ""…les for the year 2013 14 in ward No.151 Koramangala…""",1,0,151-14-000001,https://accounts.bbmp.gov.in/vssWB/vss00CvStatusData.php?pAction=LoadPaymentGridData&pDateFrom=01-Oct-2015&pDateTo=31-Dec-2015&pBudgetHeadID=-1&pWardIDs=&pDDOID=-1&pDDOIDs=
5447,151-15-000014,173,,Providing and laying Granite Slabs to existing gallery steps in Koramangala 3rd block Play Ground in ward no 151 Koramangala,151,198,ddo422  Executive Engineer Project - South Zone,Sri.G.N. Prasanna,First and Final,2843880.0,2512475.0,331405.0,001633,2015-12-19,004150,2015-12-11,description,"Work description names Koramangala: ""…nite Slabs to existing gallery steps in Koramangala 3rd block Play Ground in ward…""",1,0,151-15-000014,https://accounts.bbmp.gov.in/vssWB/vss00CvStatusData.php?pAction=LoadPaymentGridData&pDateFrom=01-Oct-2015&pDateTo=31-Dec-2015&pBudgetHeadID=-1&pWardIDs=&pDDOID=-1&pDDOIDs=
7646,304-14-000047,000049,2015-11-02,Improvements to Drain and footpath and Asphalting to Koramangala 80 feet Road (from Sarjapur Road to Sony world),304,dept,ddo316  Executive Engineer Major Road South Central Zone,M/s K K Plastic Waste Management Ltd,Running,383344.0,360343.0,23001.0,002108,2016-01-13,004695,2016-01-07,description,"Work description names Koramangala: ""…to Drain and footpath and Asphalting to Koramangala 80 feet Road (from Sarjapur R…""",1,0,304-14-000047,https://accounts.bbmp.gov.in/vssWB/vss00CvStatusData.php?pAction=LoadPaymentGridData&pDateFrom=01-Jan-2016&pDateTo=31-Mar-2016&pBudgetHeadID=-1&pWardIDs=&pDDOID=-1&pDDOIDs=
7645,304-14-000048,000036,2015-11-02,Improvements to Drain and footpath and Asphalting to Koramangala 80 feet Road (from Sony world to Ejipura Drain),304,dept,ddo316  Executive Engineer Major Road South Central Zone,M/s K K Plastic Waste Management Ltd,Running,408470.0,383962.0,24508.0,002121,2016-01-13,004711,2016-01-07,description,"Work description names Koramangala: ""…to Drain and footpath and Asphalting to Koramangala 80 feet Road (from Sony world…""",1,0,304-14-000048,https://accounts.bbmp.gov.in/vssWB/vss00CvStatusData.php?pAction=LoadPaymentGridData&pDateFrom=01-Jan-2016&pDateTo=31-Mar-2016&pBudgetHeadID=-1&pWardIDs=&pDDOID=-1&pDDOIDs=
5296,151-12-000021,000580,2014-01-31,Filling of Pot Holes and Road cut Portions by asphalt and concrete to Main and Cross roads in ward no 151 Koramangala for the year 2011 12,151,198,ddo421  Assistant Executive Engineer Koramangala South Zone,Manjunath N,First and Final,1043818.0,897859.0,145959.0,002455,2016-01-27,004934,2016-01-09,description,"Work description names Koramangala: ""…to Main and Cross roads in ward no 151 Koramangala for the year 2011 12…""",1,0,151-12-000021,https://accounts.bbmp.gov.in/vssWB/vss00CvStatusData.php?pAction=LoadPaymentGridData&pDateFrom=01-Jan-2016&pDateTo=31-Mar-2016&pBudgetHeadID=-1&pWardIDs=&pDDOID=-1&pDDOIDs=
8139,304-14-000051,000037,2015-11-02,Improvement and Asphalting to 5th cross and 1st Cross in Koramangala(from 20th main to 17th main).,304,dept,ddo316  Executive Engineer Major Road South Central Zone,KRIDL,Running,356335.0,334955.0,21380.0,002513,2016-02-04,005088,2016-01-21,description,"Work description names Koramangala: ""…sphalting to 5th cross and 1st Cross in Koramangala(from 20th main to 17th main).…""",1,0,304-14-000051,https://accounts.bbmp.gov.in/vssWB/vss00CvStatusData.php?pAction=LoadPaymentGridData&pDateFrom=01-Jan-2016&pDateTo=31-Mar-2016&pBudgetHeadID=-1&pWardIDs=&pDDOID=-1&pDDOIDs=
6012,147-13-000062,000578,2014-01-31,Improvements to road side drains and Footpath of 1 st cross road and Surrounding area roads in 8th block Koramangala in ward no. 147,147,198,ddo421  Assistant Executive Engineer Koramangala South Zone,C Raghu Rama Chandra,First and Final,852885.0,743885.0,109000.0,002647,2016-02-09,005190,2016-01-27,description,"Work description names Koramangala: ""…and Surrounding area roads in 8th block Koramangala in ward no. 147…""",1,0,147-13-000062,https://accounts.bbmp.gov.in/vssWB/vss00CvStatusData.php?pAction=LoadPaymentGridData&pDateFrom=01-Jan-2016&pDateTo=31-Mar-2016&pBudgetHeadID=-1&pWardIDs=&pDDOID=-1&pDDOIDs=
3252,147-13-000042,290,,Improvements to drain and beautification of footpath at 20th main road Reach-1 and surrounding roads at 7th block Koramangala in ward no 147,147,198,ddo258  Executive Engineer Electrical South Zone,M/s.Durga Enterprises,First and Final,623543.0,546396.0,77147.0,002686,2016-02-10,005253,2016-01-30,description,"Work description names Koramangala: ""…ch-1 and surrounding roads at 7th block Koramangala in ward no 147…""",1,0,147-13-000042,https://accounts.bbmp.gov.in/vssWB/vss00CvStatusData.php?pAction=LoadPaymentGridData&pDateFrom=01-Jan-2016&pDateTo=31-Mar-2016&pBudgetHeadID=-1&pWardIDs=&pDDOID=-1&pDDOIDs=
8571,307-15-000093,000228,2015-12-28,Construction of elemental bridge across 80 feet road Koramangala for SWD K-113(near passport office),307,dept,ddo313  Chief Engineer SWD Central Zone,Manu.L,Running,1779600.0,1666000.0,113600.0,002756,2016-02-16,005312,2016-02-01,description,"Work description names Koramangala: ""…of elemental bridge across 80 feet road Koramangala for SWD K-113(near passport o…""",1,1,307-15-000093,https://accounts.bbmp.gov.in/vssWB/vss00CvStatusData.php?pAction=LoadPaymentGridData&pDateFrom=01-Jan-2016&pDateTo=31-Mar-2016&pBudgetHeadID=-1&pWardIDs=&pDDOID=-1&pDDOIDs=
8367,304-14-000246,000046,2015-11-02,Improvements and Asphalting to Koramanagala 100 feet road from Hosur road to Sarjapura road from 7th cross to 80ft road.,304,dept,ddo316  Executive Engineer Major Road South Central Zone,M/s K K Plastic Waste Management Ltd,Running,503803.0,473575.0,30228.0,002757,2016-02-16,005313,2016-02-01,description,"Work description names Koramangala: ""…Improvements and Asphalting to Koramanagala 100 feet road from Hosur road…""",1,0,304-14-000246,https://accounts.bbmp.gov.in/vssWB/vss00CvStatusData.php?pAction=LoadPaymentGridData&pDateFrom=01-Jan-2016&pDateTo=31-Mar-2016&pBudgetHeadID=-1&pWardIDs=&pDDOID=-1&pDDOIDs=
8361,304-14-000050,000034,2015-11-02,Improvements and Asphalting to Sarjapura main road (from 1st block Koramangala to 14th main jakkasandra) and 14th main HSR layout (from Sarjapura road to outer ring road),304,dept,ddo316  Executive Engineer Major Road South Central Zone,M/s K K Plastic Waste Management Ltd,Running,416334.0,391354.0,24980.0,002759,2016-02-16,005315,2016-02-01,description,"Work description names Koramangala: ""…to Sarjapura main road (from 1st block Koramangala to 14th main jakkasandra) and…""",1,0,,https://accounts.bbmp.gov.in/vssWB/vss00CvStatusData.php?pAction=LoadPaymentGridData&pDateFrom=01-Jan-2016&pDateTo=31-Mar-2016&pBudgetHeadID=-1&pWardIDs=&pDDOID=-1&pDDOIDs=
8364,304-14-000214,000032,2015-11-02,Improvements and Asphalting to 7th cross from 100feet road to 80 feet road in Koramangala,304,dept,ddo316  Executive Engineer Major Road South Central Zone,M/s K K Plastic Waste Management Ltd,Running,61740.0,58035.0,3705.0,002760,2016-02-16,005316,2016-02-01,description,"Work description names Koramangala: ""…ss from 100feet road to 80 feet road in Koramangala…""",1,1,304-14-000214,https://accounts.bbmp.gov.in/vssWB/vss00CvStatusData.php?pAction=LoadPaymentGridData&pDateFrom=01-Jan-2016&pDateTo=31-Mar-2016&pBudgetHeadID=-1&pWardIDs=&pDDOID=-1&pDDOIDs=
12846,304-14-000214,000087,2016-02-27,Improvements and Asphalting to 7th cross from 100feet road to 80 feet road in Koramangala,304,dept,ddo316  Executive Engineer Major Road South Central Zone,KRIDL,Second and Final,4383408.0,3682110.0,701298.0,003105,2016-03-31,006630,2016-03-28,description,"Work description names Koramangala: ""…ss from 100feet road to 80 feet road in Koramangala…""",1,1,304-14-000214,https://accounts.bbmp.gov.in/vssWB/vss00CvStatusData.php?pAction=LoadPaymentGridData&pDateFrom=01-Jan-2016&pDateTo=31-Mar-2016&pBudgetHeadID=-1&pWardIDs=&pDDOID=-1&pDDOIDs=
10294,151-13-000030,000012,2015-11-20,Construction of Dry Waste garbage segregation processing unit at Koramangala industrial area in ward no 151,151,198,ddo341  Assistant Executive Engineer M P E D Central Zone,Technical Manager (South),First and Final,10511760.0,6411519.0,4100241.0,000002,2016-04-06,006668,2016-03-30,description,"Work description names Koramangala: ""…garbage segregation processing unit at Koramangala industrial area in ward no 15…""",1,1,151-13-000030,https://accounts.bbmp.gov.in/vssWB/vss00CvStatusData.php?pAction=LoadPaymentGridData&pDateFrom=01-Apr-2016&pDateTo=30-Jun-2016&pBudgetHeadID=-1&pWardIDs=&pDDOID=-1&pDDOIDs=
12850,304-14-000051,000088,2016-02-27,Improvement and Asphalting to 5th cross and 1st Cross in Koramangala(from 20th main to 17th main).,304,dept,ddo316  Executive Engineer Major Road South Central Zone,KRIDL,Running,620636.0,345158.0,275478.0,000003,2016-04-06,000007,2016-04-01,description,"Work description names Koramangala: ""…sphalting to 5th cross and 1st Cross in Koramangala(from 20th main to 17th main).…""",1,0,304-14-000051,https://accounts.bbmp.gov.in/vssWB/vss00CvStatusData.php?pAction=LoadPaymentGridData&pDateFrom=01-Apr-2016&pDateTo=30-Jun-2016&pBudgetHeadID=-1&pWardIDs=&pDDOID=-1&pDDOIDs=
4028,309-15-000018,000506,2015-01-28,Flood relief work in Koramangala Sub Division (ward no 148 147 151 and 173),309,dept,ddo421  Assistant Executive Engineer Koramangala South Zone,M/s KRIDL,First and Final,378631.0,335469.0,43162.0,000005,2016-04-07,006175,2016-03-09,description,"Work description names Koramangala: ""…Flood relief work in Koramangala Sub Division (ward no 148 147…""",1,0,,https://accounts.bbmp.gov.in/vssWB/vss00CvStatusData.php?pAction=LoadPaymentGridData&pDateFrom=01-Apr-2016&pDateTo=30-Jun-2016&pBudgetHeadID=-1&pWardIDs=&pDDOID=-1&pDDOIDs=
8579,151-13-000016,244,,Improvement to lighting in parks in Koramangala Ward No 151,151,198,ddo258  Executive Engineer Electrical South Zone,M/s.Vijayalakshmi Associates,First and Final,157914.0,146300.0,11614.0,000014,2016-04-29,000048,2016-04-11,description,"Work description names Koramangala: ""…Improvement to lighting in parks in Koramangala Ward No 151…""",1,0,,https://accounts.bbmp.gov.in/vssWB/vss00CvStatusData.php?pAction=LoadPaymentGridData&pDateFrom=01-Apr-2016&pDateTo=30-Jun-2016&pBudgetHeadID=-1&pWardIDs=&pDDOID=-1&pDDOIDs=
8562,151-12-000037,263,,Providing Special repaires to Highmast Park panel boards timer control box in ward 151,151,198,ddo258  Executive Engineer Electrical South Zone,M/s.Meghana Electricals,First and Final,38334.0,35613.0,2721.0,000014,2016-04-29,000049,2016-04-11,ward_prefix,Booked to Koramangala ward (151 under the 198-ward map) (ward map inferred from the job-code year),1,0,,https://accounts.bbmp.gov.in/vssWB/vss00CvStatusData.php?pAction=LoadPaymentGridData&pDateFrom=01-Apr-2016&pDateTo=30-Jun-2016&pBudgetHeadID=-1&pWardIDs=&pDDOID=-1&pDDOIDs=
6762,304-15-000018,000068,2015-11-20,Widening of Suranjandas road from Old Madras Road to Old Airport Road near Kuvempu circle on Varthur Road reg. Shifting of Existing 11 KV UG Cables (S-7 Sub Divisioin Koramangala Division-BESCOM),304,dept,ddo330  Executive Engineer T E C Central Zone,M/s KRIDL,First and Final,8993725.0,7905484.0,1088241.0,000014,2016-04-29,000295,2016-04-19,description,"Work description names Koramangala: ""…ting 11 KV UG Cables (S-7 Sub Divisioin Koramangala Division-BESCOM)…""",0,0,304-15-000018,https://accounts.bbmp.gov.in/vssWB/vss00CvStatusData.php?pAction=LoadPaymentGridData&pDateFrom=01-Apr-2016&pDateTo=30-Jun-2016&pBudgetHeadID=-1&pWardIDs=&pDDOID=-1&pDDOIDs=
8273,151-14-000057,000257,2015-08-10,Improvements to park (Judge Park) at 8th block 28th main in ward No: 151,151,198,ddo422  Executive Engineer Project - South Zone,KRIDL,First and Final,650605.0,553375.0,97230.0,000014,2016-04-29,000443,2016-04-26,ward_prefix,Booked to Koramangala ward (151 under the 198-ward map) (ward map inferred from the job-code year),1,0,151-14-000057,https://accounts.bbmp.gov.in/vssWB/vss00CvStatusData.php?pAction=LoadPaymentGridData&pDateFrom=01-Apr-2016&pDateTo=30-Jun-2016&pBudgetHeadID=-1&pWardIDs=&pDDOID=-1&pDDOIDs=
8281,151-14-000053,000260,2015-08-10,Developments of new park 5th Block K.H.B. Colony Koramangala in ward No: 151.,151,198,ddo422  Executive Engineer Project - South Zone,Technical Manager,First and Final,1701045.0,1427755.0,273290.0,000014,2016-04-29,000444,2016-04-26,description,"Work description names Koramangala: ""…nts of new park 5th Block K.H.B. Colony Koramangala in ward No: 151.…""",1,0,151-14-000053,https://accounts.bbmp.gov.in/vssWB/vss00CvStatusData.php?pAction=LoadPaymentGridData&pDateFrom=01-Apr-2016&pDateTo=30-Jun-2016&pBudgetHeadID=-1&pWardIDs=&pDDOID=-1&pDDOIDs=
8229,151-14-000054,259,,Development of Swabhimana Karanji park 4th block Koramangala in ward No: 151.,151,198,ddo422  Executive Engineer Project - South Zone,KRIDL,First and Final,952605.0,807430.0,145175.0,000014,2016-04-29,000445,2016-04-26,description,"Work description names Koramangala: ""…nt of Swabhimana Karanji park 4th block Koramangala in ward No: 151.…""",1,0,151-14-000054,https://accounts.bbmp.gov.in/vssWB/vss00CvStatusData.php?pAction=LoadPaymentGridData&pDateFrom=01-Apr-2016&pDateTo=30-Jun-2016&pBudgetHeadID=-1&pWardIDs=&pDDOID=-1&pDDOIDs=
10309,151-13-000029,000013,2015-11-20,Construction of Wet Waste garbage segregation processing unit at Koramangala industrial area in ward no 151,151,198,ddo341  Assistant Executive Engineer M P E D Central Zone,M/s KRIDL,First and Final,9404530.0,5722213.0,3682317.0,000017,2016-05-03,000677,2016-04-30,description,"Work description names Koramangala: ""…garbage segregation processing unit at Koramangala industrial area in ward no 15…""",1,1,151-13-000029,https://accounts.bbmp.gov.in/vssWB/vss00CvStatusData.php?pAction=LoadPaymentGridData&pDateFrom=01-Apr-2016&pDateTo=30-Jun-2016&pBudgetHeadID=-1&pWardIDs=&pDDOID=-1&pDDOIDs=
17090,307-15-000093,000324,2016-03-31,Construction of elemental bridge across 80 feet road Koramangala for SWD K-113(near passport office),307,dept,ddo313  Chief Engineer SWD Central Zone,Manu.L,Fourth and Final,4535050.0,4229350.0,305700.0,000019,2016-05-06,000755,2016-04-30,description,"Work description names Koramangala: ""…of elemental bridge across 80 feet road Koramangala for SWD K-113(near passport o…""",1,1,307-15-000093,https://accounts.bbmp.gov.in/vssWB/vss00CvStatusData.php?pAction=LoadPaymentGridData&pDateFrom=01-Apr-2016&pDateTo=30-Jun-2016&pBudgetHeadID=-1&pWardIDs=&pDDOID=-1&pDDOIDs=
3197,151-13-000017,345,,Providing 250Watts SV fittings Control wire Control switches Park lightings in ward 151,151,198,ddo258  Executive Engineer Electrical South Zone,M/s.Mutatthi Electricals,First and Final,49645.0,43639.0,6006.0,000036,2016-05-27,001491,2016-05-24,ward_prefix,Booked to Koramangala ward (151 under the 198-ward map) (ward map inferred from the job-code year),1,0,,https://accounts.bbmp.gov.in/vssWB/vss00CvStatusData.php?pAction=LoadPaymentGridData&pDateFrom=01-Apr-2016&pDateTo=30-Jun-2016&pBudgetHeadID=-1&pWardIDs=&pDDOID=-1&pDDOIDs=
13134,151-13-000013,000141,2014-05-31,Improvements to road side drains and footpath to 17th A and D main and surrounding areas 6th block in ward no.151 Koramangala,151,198,ddo421  Assistant Executive Engineer Koramangala South Zone,R M Ravi,First and Final,1471520.0,1275418.0,196102.0,000037,2016-05-27,001546,2016-05-25,description,"Work description names Koramangala: ""…rounding areas 6th block in ward no.151 Koramangala…""",1,0,151-13-000013,https://accounts.bbmp.gov.in/vssWB/vss00CvStatusData.php?pAction=LoadPaymentGridData&pDateFrom=01-Apr-2016&pDateTo=30-Jun-2016&pBudgetHeadID=-1&pWardIDs=&pDDOID=-1&pDDOIDs=
13132,151-13-000012,000142,2014-05-31,Improvements to road side drains and footpath to 2nd cross 3rd block in ward no.151 Koramangala,151,198,ddo421  Assistant Executive Engineer Koramangala South Zone,R M Ravi,First and Final,1808534.0,1568714.0,239820.0,000037,2016-05-27,001547,2016-05-25,description,"Work description names Koramangala: ""…h to 2nd cross 3rd block in ward no.151 Koramangala…""",1,0,151-13-000012,https://accounts.bbmp.gov.in/vssWB/vss00CvStatusData.php?pAction=LoadPaymentGridData&pDateFrom=01-Apr-2016&pDateTo=30-Jun-2016&pBudgetHeadID=-1&pWardIDs=&pDDOID=-1&pDDOIDs=
13135,151-13-000009,000143,2014-05-31,Improvements to drains and footpaths at 3rd main and 2nd cross Road 1st Block in ward No.151 Koramangala,151,198,ddo421  Assistant Executive Engineer Koramangala South Zone,R M Ravi,First and Final,1914730.0,1659347.0,255383.0,000037,2016-05-27,001548,2016-05-25,description,"Work description names Koramangala: ""…2nd cross Road 1st Block in ward No.151 Koramangala…""",1,0,151-13-000009,https://accounts.bbmp.gov.in/vssWB/vss00CvStatusData.php?pAction=LoadPaymentGridData&pDateFrom=01-Apr-2016&pDateTo=30-Jun-2016&pBudgetHeadID=-1&pWardIDs=&pDDOID=-1&pDDOIDs=
5187,151-13-000001,000153,2014-05-31,Emergency works Reserve funds in ward no 151 Koramangala for the year 2012-13,151,198,ddo421  Assistant Executive Engineer Koramangala South Zone,Sri. M Ramachadra,First and Final,1941022.0,1685280.0,255742.0,000041,2016-05-30,001632,2016-05-27,description,"Work description names Koramangala: ""…ency works Reserve funds in ward no 151 Koramangala for the year 2012-13…""",1,0,,https://accounts.bbmp.gov.in/vssWB/vss00CvStatusData.php?pAction=LoadPaymentGridData&pDateFrom=01-Apr-2016&pDateTo=30-Jun-2016&pBudgetHeadID=-1&pWardIDs=&pDDOID=-1&pDDOIDs=
8280,151-14-000038,000149,2014-07-30,"Providing tubuler poles, 250 w ts SV fittings, aerial bunched cable along with connected accessories to Sarjapura main road and adugodi, egipura, koramangala, jakkasandra in ward No.147, 148, 151 173.",151,198,ddo258  Executive Engineer Electrical South Zone,M/s.KRIDL,Running,6350691.0,5416736.0,933955.0,000047,2016-06-09,001827,2016-06-01,description,"Work description names Koramangala: ""…rjapura main road and adugodi, egipura, koramangala, jakkasandra in ward No.147,…""",1,1,151-14-000038,https://accounts.bbmp.gov.in/vssWB/vss00CvStatusData.php?pAction=LoadPaymentGridData&pDateFrom=01-Apr-2016&pDateTo=30-Jun-2016&pBudgetHeadID=-1&pWardIDs=&pDDOID=-1&pDDOIDs=
8283,151-14-000038,000183,2014-08-25,"Providing tubuler poles, 250 w ts SV fittings, aerial bunched cable along with connected accessories to Sarjapura main road and adugodi, egipura, koramangala, jakkasandra in ward No.147, 148, 151 173.",151,198,ddo258  Executive Engineer Electrical South Zone,M/s.KRIDL,Second and Final,3492172.0,2966050.0,526122.0,000047,2016-06-09,001828,2016-06-01,description,"Work description names Koramangala: ""…rjapura main road and adugodi, egipura, koramangala, jakkasandra in ward No.147,…""",1,1,151-14-000038,https://accounts.bbmp.gov.in/vssWB/vss00CvStatusData.php?pAction=LoadPaymentGridData&pDateFrom=01-Apr-2016&pDateTo=30-Jun-2016&pBudgetHeadID=-1&pWardIDs=&pDDOID=-1&pDDOIDs=
11877,151-14-000003,000253,2015-08-31,Annual ward Maintainance for the year 2013 14 in ward No.151 Koramangala,151,198,ddo421  Assistant Executive Engineer Koramangala South Zone,M Nagesh,First and Final,2092800.0,1829694.0,263106.0,000047,2016-06-09,001829,2016-06-01,description,"Work description names Koramangala: ""…nce for the year 2013 14 in ward No.151 Koramangala…""",1,0,,https://accounts.bbmp.gov.in/vssWB/vss00CvStatusData.php?pAction=LoadPaymentGridData&pDateFrom=01-Apr-2016&pDateTo=30-Jun-2016&pBudgetHeadID=-1&pWardIDs=&pDDOID=-1&pDDOIDs=
4510,151-13-000002,000419,2014-10-31,Engaging Private Tractor and Labours For Maintenance of Footpath Roads and Road side drains Emergency Works at 1st 2nd 3rd 4th block Kuduremukha colony and siddartha colony in ward no 151 Koramangala for the year 2012-13,151,198,ddo421  Assistant Executive Engineer Koramangala South Zone,M Nagesh,First and Final,1183410.0,1035169.0,148241.0,000047,2016-06-09,001832,2016-06-01,description,"Work description names Koramangala: ""…ony and siddartha colony in ward no 151 Koramangala for the year 2012-13…""",1,0,151-13-000002,https://accounts.bbmp.gov.in/vssWB/vss00CvStatusData.php?pAction=LoadPaymentGridData&pDateFrom=01-Apr-2016&pDateTo=30-Jun-2016&pBudgetHeadID=-1&pWardIDs=&pDDOID=-1&pDDOIDs=
11129,151-15-000018,072,,Providing high mast lighting system in Sarjapura Road Opp St Johns Hospital gate in Koramangala ward no 151,151,198,ddo258  Executive Engineer Electrical South Zone,M/s.Sri Durga Enterprises,First and Final,333576.0,309891.0,23685.0,000047,2016-06-09,001891,2016-06-03,description,"Work description names Koramangala: ""…pura Road Opp St Johns Hospital gate in Koramangala ward no 151…""",1,0,151-15-000018,https://accounts.bbmp.gov.in/vssWB/vss00CvStatusData.php?pAction=LoadPaymentGridData&pDateFrom=01-Apr-2016&pDateTo=30-Jun-2016&pBudgetHeadID=-1&pWardIDs=&pDDOID=-1&pDDOIDs=
11879,147-11-000038,000204,2014-06-30,"Providing Cement concrete to road near shiva theater and surrounding areas at 8th block, Koramangala in ward no. 147",147,198,ddo421  Assistant Executive Engineer Koramangala South Zone,M Nagesh,First and Final,2130070.0,1820285.0,309785.0,000052,2016-06-13,002177,2016-06-08,description,"Work description names Koramangala: ""…ter and surrounding areas at 8th block, Koramangala in ward no. 147…""",1,0,147-11-000038,https://accounts.bbmp.gov.in/vssWB/vss00CvStatusData.php?pAction=LoadPaymentGridData&pDateFrom=01-Apr-2016&pDateTo=30-Jun-2016&pBudgetHeadID=-1&pWardIDs=&pDDOID=-1&pDDOIDs=
10333,151-14-000007,000206,2014-06-30,Improvements to drain footpath 17th HB main KHB colony and surrounding area in ward No.151 Koramangala,151,198,ddo421  Assistant Executive Engineer Koramangala South Zone,Patel B,First and Final,2082974.0,1806565.0,276409.0,000052,2016-06-13,002180,2016-06-08,description,"Work description names Koramangala: ""…ony and surrounding area in ward No.151 Koramangala…""",1,0,151-14-000007,https://accounts.bbmp.gov.in/vssWB/vss00CvStatusData.php?pAction=LoadPaymentGridData&pDateFrom=01-Apr-2016&pDateTo=30-Jun-2016&pBudgetHeadID=-1&pWardIDs=&pDDOID=-1&pDDOIDs=
10937,147-13-000053,000200,2014-06-30,Improvements to road side drains and Footpath of 1st E cross road and Surrounding area roads in 8th block Koramangala in ward no. 147,147,198,ddo421  Assistant Executive Engineer Koramangala South Zone,B S Vishwanath,First and Final,825110.0,719310.0,105800.0,000052,2016-06-13,002181,2016-06-08,description,"Work description names Koramangala: ""…and Surrounding area roads in 8th block Koramangala in ward no. 147…""",1,0,147-13-000053,https://accounts.bbmp.gov.in/vssWB/vss00CvStatusData.php?pAction=LoadPaymentGridData&pDateFrom=01-Apr-2016&pDateTo=30-Jun-2016&pBudgetHeadID=-1&pWardIDs=&pDDOID=-1&pDDOIDs=
12920,151-15-000016,074,,Providing lightings to Beauty Spot in Koramangala 5th A Block in Koramangala ward no 151,151,198,ddo258  Executive Engineer Electrical South Zone,M/s.Sri Durga Enterprises,First and Final,652504.0,625751.0,26753.0,000053,2016-06-13,002124,2016-06-08,description,"Work description names Koramangala: ""…Providing lightings to Beauty Spot in Koramangala 5th A Block in Koramangala wa…""",1,0,151-15-000016,https://accounts.bbmp.gov.in/vssWB/vss00CvStatusData.php?pAction=LoadPaymentGridData&pDateFrom=01-Apr-2016&pDateTo=30-Jun-2016&pBudgetHeadID=-1&pWardIDs=&pDDOID=-1&pDDOIDs=
11217,147-12-000026,000274,2014-07-31,Improvements to drains and providing precast slabs at 2 nd D main and surrounding cross roads 8th block Koramangala in ward no 147,147,198,ddo421  Assistant Executive Engineer Koramangala South Zone,T T Vasanth Kumar,First and Final,1301960.0,1119315.0,182645.0,000066,2016-06-23,002988,2016-06-21,description,"Work description names Koramangala: ""…n and surrounding cross roads 8th block Koramangala in ward no 147…""",1,0,147-12-000026,https://accounts.bbmp.gov.in/vssWB/vss00CvStatusData.php?pAction=LoadPaymentGridData&pDateFrom=01-Apr-2016&pDateTo=30-Jun-2016&pBudgetHeadID=-1&pWardIDs=&pDDOID=-1&pDDOIDs=
10381,147-13-000041,000275,2014-07-31,Improvements to drain and beautification of footpath at 1st main road from 20th main to dead end and surrounding roads at 7th block Koramangala in ward no 147,147,198,ddo421  Assistant Executive Engineer Koramangala South Zone,KRIDL,First and Final,1574270.0,1344105.0,230165.0,000066,2016-06-23,002991,2016-06-21,description,"Work description names Koramangala: ""…end and surrounding roads at 7th block Koramangala in ward no 147…""",1,0,147-13-000041,https://accounts.bbmp.gov.in/vssWB/vss00CvStatusData.php?pAction=LoadPaymentGridData&pDateFrom=01-Apr-2016&pDateTo=30-Jun-2016&pBudgetHeadID=-1&pWardIDs=&pDDOID=-1&pDDOIDs=
10376,147-13-000036,000276,2014-07-31,Construction of RCC Box to shiva theater road right side from Shaneshwara temple to 2nd cross road and surrounding roads at 8th block Koramangala in ward no 147,147,198,ddo421  Assistant Executive Engineer Koramangala South Zone,KRIDL,First and Final,1957890.0,1681795.0,276095.0,000066,2016-06-23,002992,2016-06-21,description,"Work description names Koramangala: ""…road and surrounding roads at 8th block Koramangala in ward no 147…""",1,0,147-13-000036,https://accounts.bbmp.gov.in/vssWB/vss00CvStatusData.php?pAction=LoadPaymentGridData&pDateFrom=01-Apr-2016&pDateTo=30-Jun-2016&pBudgetHeadID=-1&pWardIDs=&pDDOID=-1&pDDOIDs=
6726,148-14-000022,416,,Improvements to Children park at National games village at Judge colony in ward No: 148 Ejipura.,148,198,ddo422  Executive Engineer Project - South Zone,Technical Manager 2,First and Final,1623485.0,1373616.0,249869.0,000067,2016-06-23,002875,2016-06-20,description,"Work description names Koramangala: ""…Improvements to Children park at National games village at Judge colony in ward No…""",1,0,148-14-000022,https://accounts.bbmp.gov.in/vssWB/vss00CvStatusData.php?pAction=LoadPaymentGridData&pDateFrom=01-Apr-2016&pDateTo=30-Jun-2016&pBudgetHeadID=-1&pWardIDs=&pDDOID=-1&pDDOIDs=
10327,148-14-000021,000316,2014-08-30,Providing Chainlink fencing to Existing Mini forest at Rear side of Malaprabha and Gataprabha Block in National games village in Ward No.148 ( Ejipura ),148,198,ddo421  Assistant Executive Engineer Koramangala South Zone,KRIDL,First and Final,4801546.0,4117739.0,683807.0,000083,2016-07-22,003752,2016-07-19,description,"Work description names Koramangala: ""…e of Malaprabha and Gataprabha Block in National games village in Ward No.148 ( Ejipura )…""",1,0,148-14-000021,https://accounts.bbmp.gov.in/vssWB/vss00CvStatusData.php?pAction=LoadPaymentGridData&pDateFrom=01-Jul-2016&pDateTo=30-Sep-2016&pBudgetHeadID=-1&pWardIDs=&pDDOID=-1&pDDOIDs=
12468,147-13-000037,000311,2014-08-30,Construction of RCC Box drain to lawrence school road from 2nd C main road towards 2nd H main road and surrounding roads at 8th block Koramangala in ward no 147,147,198,ddo421  Assistant Executive Engineer Koramangala South Zone,KRIDL,First and Final,1979270.0,1693015.0,286255.0,000083,2016-07-22,003753,2016-07-19,description,"Work description names Koramangala: ""…road and surrounding roads at 8th block Koramangala in ward no 147…""",1,0,147-13-000037,https://accounts.bbmp.gov.in/vssWB/vss00CvStatusData.php?pAction=LoadPaymentGridData&pDateFrom=01-Jul-2016&pDateTo=30-Sep-2016&pBudgetHeadID=-1&pWardIDs=&pDDOID=-1&pDDOIDs=
10330,148-14-000011,000314,2014-08-30,Providing kerb stones to roads of National games village and other improvements in ward No.148 Ejipura,148,198,ddo421  Assistant Executive Engineer Koramangala South Zone,KRIDL,First and Final,1185364.0,1016366.0,168998.0,000086,2016-07-29,003960,2016-07-23,description,"Work description names Koramangala: ""…Providing kerb stones to roads of National games village and other improvements in…""",1,0,148-14-000011,https://accounts.bbmp.gov.in/vssWB/vss00CvStatusData.php?pAction=LoadPaymentGridData&pDateFrom=01-Jul-2016&pDateTo=30-Sep-2016&pBudgetHeadID=-1&pWardIDs=&pDDOID=-1&pDDOIDs=
9967,R-174-14-000001,000003,2015-01-31,PRVD CHAIN LINK FENCING PATHWAY AND OTHER DEV WORKS TO THE PARK at 7TH MN 15TH CROSS SECTOR-6 ( BESIDE LARENSE SCHOOL) W.N 132 IN BOMMANAHALLI ZONE,174,225,ddo438  Executive Engineer Project Division Bomanahalli Zone,SHRUSHTI,First and Final,3440856.0,2984066.0,456790.0,000087,2016-07-29,003918,2016-07-22,ward_prefix,Booked to Koramangala ward (174 under the 225-ward map) (ward map inferred from the job-code year),0,0,r-174-14-000001,https://accounts.bbmp.gov.in/vssWB/vss00CvStatusData.php?pAction=LoadPaymentGridData&pDateFrom=01-Jul-2016&pDateTo=30-Sep-2016&pBudgetHeadID=-1&pWardIDs=&pDDOID=-1&pDDOIDs=
18303,151-15-000003,000475,2016-03-31,Annual Maintainance work for the year 2014 15 in ward No 151 Koramangala,151,198,ddo421  Assistant Executive Engineer Koramangala South Zone,Venkataraju K,First and Final,998045.0,879279.0,118766.0,000090,2016-08-02,004013,2016-07-26,description,"Work description names Koramangala: ""…ork for the year 2014 15 in ward No 151 Koramangala…""",1,0,,https://accounts.bbmp.gov.in/vssWB/vss00CvStatusData.php?pAction=LoadPaymentGridData&pDateFrom=01-Jul-2016&pDateTo=30-Sep-2016&pBudgetHeadID=-1&pWardIDs=&pDDOID=-1&pDDOIDs=
40208,151-14-000060,000140,2015-06-29,"Providing Cement concrete designer tiles to footpath Northern side and Improvement to drains at 8th main, 3rd and 4th Block in ward No: 151 (Koramangala)",151,198,ddo421  Assistant Executive Engineer Koramangala South Zone,KRIDL,Running,7251938.0,2500000.0,4751938.0,000117,2016-09-07,005105,2016-09-07,description,"Work description names Koramangala: ""…ain, 3rd and 4th Block in ward No: 151 (Koramangala)…""",1,1,151-14-000060,https://accounts.bbmp.gov.in/vssWB/vss00CvStatusData.php?pAction=LoadPaymentGridData&pDateFrom=01-Jul-2016&pDateTo=30-Sep-2016&pBudgetHeadID=-1&pWardIDs=&pDDOID=-1&pDDOIDs=
8321,151-14-000029,000408,2014-10-31,"Improvements to drains and footpaths at 17th F-2 ,3,4 main roads and surrounding roads 6th block in ward no 151 Koramanagala",151,198,ddo421  Assistant Executive Engineer Koramangala South Zone,KRIDL,Final,4894565.0,4188598.0,705967.0,000139,2016-11-05,005302,2016-09-23,description,"Work description names Koramangala: ""…rounding roads 6th block in ward no 151 Koramanagala…""",1,0,151-14-000029,https://accounts.bbmp.gov.in/vssWB/vss00CvStatusData.php?pAction=LoadPaymentGridData&pDateFrom=01-Oct-2016&pDateTo=31-Dec-2016&pBudgetHeadID=-1&pWardIDs=&pDDOID=-1&pDDOIDs=
8322,151-14-000028,000409,2014-10-31,Improvements to drains and footpaths at 9th A 10th 11th 11th A main roads and surrounding roads 4th block in ward no 151 Koramanagala,151,198,ddo421  Assistant Executive Engineer Koramangala South Zone,KRIDL,Final,4878264.0,4174636.0,703628.0,000139,2016-11-05,005304,2016-09-23,description,"Work description names Koramangala: ""…rounding roads 4th block in ward no 151 Koramanagala…""",1,0,151-14-000028,https://accounts.bbmp.gov.in/vssWB/vss00CvStatusData.php?pAction=LoadPaymentGridData&pDateFrom=01-Oct-2016&pDateTo=31-Dec-2016&pBudgetHeadID=-1&pWardIDs=&pDDOID=-1&pDDOIDs=
8323,151-14-000026,000410,2014-10-31,Improvements to drains and footpaths at 3rd 4th 5th cross road and surrounding roads of 1st block in ward no 151 Koramangala,151,198,ddo421  Assistant Executive Engineer Koramangala South Zone,KRIDL,Final,4804658.0,4111593.0,693065.0,000139,2016-11-05,005305,2016-09-23,description,"Work description names Koramangala: ""…nding roads of 1st block in ward no 151 Koramangala…""",1,0,151-14-000026,https://accounts.bbmp.gov.in/vssWB/vss00CvStatusData.php?pAction=LoadPaymentGridData&pDateFrom=01-Oct-2016&pDateTo=31-Dec-2016&pBudgetHeadID=-1&pWardIDs=&pDDOID=-1&pDDOIDs=
8318,151-14-000027,000411,2014-10-31,Improvements to drains and footpaths at 8th A B C main road J block and 14th main road 3rd block surrounding roads of 1st block in ward no 151 Koramangala,151,198,ddo421  Assistant Executive Engineer Koramangala South Zone,KRIDL,Final,4891692.0,4186139.0,705553.0,000139,2016-11-05,005306,2016-09-23,description,"Work description names Koramangala: ""…nding roads of 1st block in ward no 151 Koramangala…""",1,0,151-14-000027,https://accounts.bbmp.gov.in/vssWB/vss00CvStatusData.php?pAction=LoadPaymentGridData&pDateFrom=01-Oct-2016&pDateTo=31-Dec-2016&pBudgetHeadID=-1&pWardIDs=&pDDOID=-1&pDDOIDs=
12410,151-14-000030,000427,2014-10-31,Improvements to drains and footpaths at A B C main road Koramangala village main road and surrounding roads 8th block in ward no 151 Koramanagala,151,198,ddo421  Assistant Executive Engineer Koramangala South Zone,KRIDL,First and Final,4820467.0,4125133.0,695334.0,000139,2016-11-05,005307,2016-09-23,description,"Work description names Koramangala: ""…drains and footpaths at A B C main road Koramangala village main road and surroun…""",1,0,151-14-000030,https://accounts.bbmp.gov.in/vssWB/vss00CvStatusData.php?pAction=LoadPaymentGridData&pDateFrom=01-Oct-2016&pDateTo=31-Dec-2016&pBudgetHeadID=-1&pWardIDs=&pDDOID=-1&pDDOIDs=
10616,151-14-000005,000425,2014-10-31,Improvements to drain and footpath 6th A and B cross 3rd block and surrounding area in ward No.151 Koramangala,151,198,ddo421  Assistant Executive Engineer Koramangala South Zone,KRIDL,First and Final,1956749.0,1682342.0,274407.0,000144,2016-11-15,005329,2016-09-23,description,"Work description names Koramangala: ""…ock and surrounding area in ward No.151 Koramangala…""",1,0,151-14-000005,https://accounts.bbmp.gov.in/vssWB/vss00CvStatusData.php?pAction=LoadPaymentGridData&pDateFrom=01-Oct-2016&pDateTo=31-Dec-2016&pBudgetHeadID=-1&pWardIDs=&pDDOID=-1&pDDOIDs=
10618,151-14-000010,000426,2014-10-31,Improvements to drain and footpath 17th D main Corporation Bank road 6th block and surrounding area in ward No 151 Koramangala,151,198,ddo421  Assistant Executive Engineer Koramangala South Zone,KRIDL,First and Final,1470079.0,1262876.0,207203.0,000144,2016-11-15,005330,2016-09-23,description,"Work description names Koramangala: ""…ock and surrounding area in ward No 151 Koramangala…""",1,0,151-14-000010,https://accounts.bbmp.gov.in/vssWB/vss00CvStatusData.php?pAction=LoadPaymentGridData&pDateFrom=01-Oct-2016&pDateTo=31-Dec-2016&pBudgetHeadID=-1&pWardIDs=&pDDOID=-1&pDDOIDs=
8319,151-14-000021,000412,2014-10-31,Improvements to road side drains and footpaths at 1st cross road (Behink Sipani Bhavan) and 1st A cross road (Park Surrounding area) 4th B block and surrounding area in ward no 151,151,198,ddo421  Assistant Executive Engineer Koramangala South Zone,KRIDL,Final,1964162.0,1688529.0,275633.0,000146,2016-11-25,005510,2016-09-29,ward_prefix,Booked to Koramangala ward (151 under the 198-ward map) (ward map inferred from the job-code year),1,0,151-14-000021,https://accounts.bbmp.gov.in/vssWB/vss00CvStatusData.php?pAction=LoadPaymentGridData&pDateFrom=01-Oct-2016&pDateTo=31-Dec-2016&pBudgetHeadID=-1&pWardIDs=&pDDOID=-1&pDDOIDs=
11225,147-13-000052,000407,2014-10-31,Improvements to road side drains and Footpath of 1st F Main road and Surrounding area roads in 8th block Koramangala in ward no. 147,147,198,ddo421  Assistant Executive Engineer Koramangala South Zone,KRIDL,First and Final,1218580.0,1046255.0,172325.0,000153,2016-12-15,005951,2016-11-29,description,"Work description names Koramangala: ""…and Surrounding area roads in 8th block Koramangala in ward no. 147…""",1,0,147-13-000052,https://accounts.bbmp.gov.in/vssWB/vss00CvStatusData.php?pAction=LoadPaymentGridData&pDateFrom=01-Oct-2016&pDateTo=31-Dec-2016&pBudgetHeadID=-1&pWardIDs=&pDDOID=-1&pDDOIDs=
23328,148-14-000028,000442,2014-11-28,Improvements and Other Development works at Rear side of Sharavathi and Kaveri blocks of National Games Village and surrounding area in ward no 148,148,198,ddo421  Assistant Executive Engineer Koramangala South Zone,KRIDL,First and Final,603790.0,523187.0,80603.0,000157,2016-12-23,006159,2016-12-22,description,"Work description names Koramangala: ""…side of Sharavathi and Kaveri blocks of National Games Village and surrounding area in wa…""",1,0,148-14-000028,https://accounts.bbmp.gov.in/vssWB/vss00CvStatusData.php?pAction=LoadPaymentGridData&pDateFrom=01-Oct-2016&pDateTo=31-Dec-2016&pBudgetHeadID=-1&pWardIDs=&pDDOID=-1&pDDOIDs=
8406,151-14-000034,000440,2014-11-28,Improvements to Drains and footpath and J block and 3rd block and Surrounding roads Koramanagala in ward No.151 Kormanagala,151,198,ddo421  Assistant Executive Engineer Koramangala South Zone,KRIDL,Final,4306496.0,3684118.0,622378.0,000157,2016-12-23,006162,2016-12-22,description,"Work description names Koramangala: ""…ock and 3rd block and Surrounding roads Koramanagala in ward No.151 Kormanagala…""",1,0,151-14-000034,https://accounts.bbmp.gov.in/vssWB/vss00CvStatusData.php?pAction=LoadPaymentGridData&pDateFrom=01-Oct-2016&pDateTo=31-Dec-2016&pBudgetHeadID=-1&pWardIDs=&pDDOID=-1&pDDOIDs=
8408,151-14-000022,000441,2014-11-28,Improvements to road side drains and footpaths at 16th C main road 4th block and surrounding area in ward no 151,151,198,ddo421  Assistant Executive Engineer Koramangala South Zone,KRIDL,Final,1971046.0,1693460.0,277586.0,000157,2016-12-23,006163,2016-12-22,ward_prefix,Booked to Koramangala ward (151 under the 198-ward map) (ward map inferred from the job-code year),1,0,151-14-000022,https://accounts.bbmp.gov.in/vssWB/vss00CvStatusData.php?pAction=LoadPaymentGridData&pDateFrom=01-Oct-2016&pDateTo=31-Dec-2016&pBudgetHeadID=-1&pWardIDs=&pDDOID=-1&pDDOIDs=
56524,151-16-000025,000261,2016-10-28,Asphalting to 1st block Koramangala in ward no151 Koramangala,151,198,ddo421  Assistant Executive Engineer Koramangala South Zone,Sri. Ramaiah Lokesh,Running,16986002.0,15729920.0,1256082.0,000162,2016-12-29,006129,2016-12-20,description,"Work description names Koramangala: ""…Asphalting to 1st block Koramangala in ward no151 Koramangala…""",1,1,151-16-000025,https://accounts.bbmp.gov.in/vssWB/vss00CvStatusData.php?pAction=LoadPaymentGridData&pDateFrom=01-Oct-2016&pDateTo=31-Dec-2016&pBudgetHeadID=-1&pWardIDs=&pDDOID=-1&pDDOIDs=
10615,151-14-000023,000478,2014-12-31,Improvements to road side drains and footpaths at 1st cross road (From 8th main road to 80 feet road) 4th B block and surrounding area in ward no 151,151,198,ddo421  Assistant Executive Engineer Koramangala South Zone,KRIDL,First and Final,1953144.0,1677837.0,275307.0,000179,2017-01-28,006886,2017-01-23,ward_prefix,Booked to Koramangala ward (151 under the 198-ward map) (ward map inferred from the job-code year),1,0,151-14-000023,https://accounts.bbmp.gov.in/vssWB/vss00CvStatusData.php?pAction=LoadPaymentGridData&pDateFrom=01-Jan-2017&pDateTo=31-Mar-2017&pBudgetHeadID=-1&pWardIDs=&pDDOID=-1&pDDOIDs=
10617,151-14-000011,000479,2014-12-31,Improvements to drain and footpath 1st A and B cross road Biside beside Bajaj show room and surrounding area 8th block in ward No 151 Koramangala,151,198,ddo421  Assistant Executive Engineer Koramangala South Zone,KRIDL,First and Final,1894115.0,1626983.0,267132.0,000179,2017-01-28,006888,2017-01-23,description,"Work description names Koramangala: ""…rrounding area 8th block in ward No 151 Koramangala…""",1,0,151-14-000011,https://accounts.bbmp.gov.in/vssWB/vss00CvStatusData.php?pAction=LoadPaymentGridData&pDateFrom=01-Jan-2017&pDateTo=31-Mar-2017&pBudgetHeadID=-1&pWardIDs=&pDDOID=-1&pDDOIDs=
11897,148-12-000007,000494,2014-12-31,Providing rain water harvesting at NGV Play ground in ward no 148 (Ejipura),148,198,ddo421  Assistant Executive Engineer Koramangala South Zone,B G Srinivasa,First and Final,128217.0,102833.0,25384.0,000179,2017-01-28,006927,2017-01-25,description,"Work description names Koramangala: ""…Providing rain water harvesting at NGV Play ground in ward no 148 (E…""",1,0,,https://accounts.bbmp.gov.in/vssWB/vss00CvStatusData.php?pAction=LoadPaymentGridData&pDateFrom=01-Jan-2017&pDateTo=31-Mar-2017&pBudgetHeadID=-1&pWardIDs=&pDDOID=-1&pDDOIDs=
65617,151-16-000019,000311,2016-12-30,Comprehensive Development of roads by providing asphalting drains and foorpaths in ward no 151 and 173 in BTM Layout Division,151,198,ddo421  Assistant Executive Engineer Koramangala South Zone,Sri. Ramaiah Lokesh,Running,4901861.0,4539125.0,362736.0,000186,2017-02-10,007129,2017-02-07,ward_prefix,Booked to Koramangala ward (151 under the 198-ward map) (ward map inferred from the job-code year),1,1,151-16-000019,https://accounts.bbmp.gov.in/vssWB/vss00CvStatusData.php?pAction=LoadPaymentGridData&pDateFrom=01-Jan-2017&pDateTo=31-Mar-2017&pBudgetHeadID=-1&pWardIDs=&pDDOID=-1&pDDOIDs=
65616,151-16-000019,000310,2016-12-30,Comprehensive Development of roads by providing asphalting drains and foorpaths in ward no 151 and 173 in BTM Layout Division,151,198,ddo421  Assistant Executive Engineer Koramangala South Zone,Sri. Ramaiah Lokesh,Running,4945865.0,4579873.0,365992.0,000186,2017-02-10,007130,2017-02-07,ward_prefix,Booked to Koramangala ward (151 under the 198-ward map) (ward map inferred from the job-code year),1,1,151-16-000019,https://accounts.bbmp.gov.in/vssWB/vss00CvStatusData.php?pAction=LoadPaymentGridData&pDateFrom=01-Jan-2017&pDateTo=31-Mar-2017&pBudgetHeadID=-1&pWardIDs=&pDDOID=-1&pDDOIDs=
65615,151-16-000019,000309,2016-12-30,Comprehensive Development of roads by providing asphalting drains and foorpaths in ward no 151 and 173 in BTM Layout Division,151,198,ddo421  Assistant Executive Engineer Koramangala South Zone,Sri. Ramaiah Lokesh,Running,5171669.0,4788964.0,382705.0,000186,2017-02-10,007131,2017-02-07,ward_prefix,Booked to Koramangala ward (151 under the 198-ward map) (ward map inferred from the job-code year),1,1,151-16-000019,https://accounts.bbmp.gov.in/vssWB/vss00CvStatusData.php?pAction=LoadPaymentGridData&pDateFrom=01-Jan-2017&pDateTo=31-Mar-2017&pBudgetHeadID=-1&pWardIDs=&pDDOID=-1&pDDOIDs=
30114,151-15-000017,300,,"Providing street light fittings poles, timers in Koramangala ward no 151",151,198,ddo258  Executive Engineer Electrical South Zone,M/s.Vijayalakshmi Associates,First and Final,3055484.0,2830379.0,225105.0,000238,2017-03-31,008711,2017-03-30,description,"Work description names Koramangala: ""…street light fittings poles, timers in Koramangala ward no 151…""",1,0,151-15-000017,https://accounts.bbmp.gov.in/vssWB/vss00CvStatusData.php?pAction=LoadPaymentGridData&pDateFrom=01-Jan-2017&pDateTo=31-Mar-2017&pBudgetHeadID=-1&pWardIDs=&pDDOID=-1&pDDOIDs=
13745,151-15-000015,017,,Providing flood lightings to Basket Ball Court and pathway lightings to Koramangala 3rd block 12th Main Ground in Koramangala ward no 151,151,198,ddo258  Executive Engineer Electrical South Zone,M/s.A.K.Enterprises,First and Final,574743.0,535665.0,39078.0,000025,2017-04-21,000428,2017-04-19,description,"Work description names Koramangala: ""…ket Ball Court and pathway lightings to Koramangala 3rd block 12th Main Ground in…""",1,0,151-15-000015,https://accounts.bbmp.gov.in/vssWB/vss00CvStatusData.php?pAction=LoadPaymentGridData&pDateFrom=01-Apr-2017&pDateTo=30-Jun-2017&pBudgetHeadID=-1&pWardIDs=&pDDOID=-1&pDDOIDs=
79409,151-17-000064,000058,2017-03-30,"Consultancy services for preparation of DPR for the work of Improvements to drain, footpath and Asphalting to selected Arterial Sub Arterial Roads and other connecting roads in South zone South 2016-17-Package No.17.",151,198,ddo316  Executive Engineer Major Road South Central Zone,M/s Tejus Consultants,Running,1980000.0,1782000.0,198000.0,000029,2017-04-24,000592,2017-04-22,ward_prefix,Booked to Koramangala ward (151 under the 198-ward map) (ward map inferred from the job-code year),1,0,151-17-000064,https://accounts.bbmp.gov.in/vssWB/vss00CvStatusData.php?pAction=LoadPaymentGridData&pDateFrom=01-Apr-2017&pDateTo=30-Jun-2017&pBudgetHeadID=-1&pWardIDs=&pDDOID=-1&pDDOIDs=
74461,151-13-000008,000045,2015-04-30,Improvements and construction of new culverts in ward No. 151 Koramangala,151,198,ddo421  Assistant Executive Engineer Koramangala South Zone,Sri. N Shivalinge Gowda,First and Final,1580710.0,1378446.0,202264.0,000033,2017-04-26,000828,2017-04-24,description,"Work description names Koramangala: ""…ruction of new culverts in ward No. 151 Koramangala…""",1,0,151-13-000008,https://accounts.bbmp.gov.in/vssWB/vss00CvStatusData.php?pAction=LoadPaymentGridData&pDateFrom=01-Apr-2017&pDateTo=30-Jun-2017&pBudgetHeadID=-1&pWardIDs=&pDDOID=-1&pDDOIDs=
32931,148-16-000011,000033,2016-06-16,Digging of New borewell Erection of Pumpset and providing pipeline at National games village in ward No.148 Ejipuara,148,198,ddo421  Assistant Executive Engineer Koramangala South Zone,Sri. Ramanjaneyulu Konanki,First and Final,596908.0,525077.0,71831.0,000034,2017-04-27,000833,2017-04-25,description,"Work description names Koramangala: ""…on of Pumpset and providing pipeline at National games village in ward No.148 Ejipuara…""",1,1,148-16-000011,https://accounts.bbmp.gov.in/vssWB/vss00CvStatusData.php?pAction=LoadPaymentGridData&pDateFrom=01-Apr-2017&pDateTo=30-Jun-2017&pBudgetHeadID=-1&pWardIDs=&pDDOID=-1&pDDOIDs=
80791,148-16-000031,000003,2017-04-17,Construction of RCC Box drain from passport office to KPWD quarters and culverts across 80 feet ring road in Kormangala ward no.148 Ejipura,148,198,ddo313  Chief Engineer SWD Central Zone,G M Ravindra,Running,11167600.0,10400250.0,767350.0,000036,2017-04-27,000960,2017-04-27,description,"Work description names Koramangala: ""…nd culverts across 80 feet ring road in Kormangala ward no.148 Ejipura…""",1,1,148-16-000031,https://accounts.bbmp.gov.in/vssWB/vss00CvStatusData.php?pAction=LoadPaymentGridData&pDateFrom=01-Apr-2017&pDateTo=30-Jun-2017&pBudgetHeadID=-1&pWardIDs=&pDDOID=-1&pDDOIDs=
81268,151-16-000019,000404,2017-03-31,Comprehensive Development of roads by providing asphalting drains and foorpaths in ward no 151 and 173 in BTM Layout Division,151,198,ddo421  Assistant Executive Engineer Koramangala South Zone,Sri. Ramaiah Lokesh,Running,9271862.0,8583562.0,688300.0,000051,2017-05-10,001318,2017-05-06,ward_prefix,Booked to Koramangala ward (151 under the 198-ward map) (ward map inferred from the job-code year),1,1,151-16-000019,https://accounts.bbmp.gov.in/vssWB/vss00CvStatusData.php?pAction=LoadPaymentGridData&pDateFrom=01-Apr-2017&pDateTo=30-Jun-2017&pBudgetHeadID=-1&pWardIDs=&pDDOID=-1&pDDOIDs=
81267,151-16-000019,000403,2017-03-31,Comprehensive Development of roads by providing asphalting drains and foorpaths in ward no 151 and 173 in BTM Layout Division,151,198,ddo421  Assistant Executive Engineer Koramangala South Zone,Sri. Ramaiah Lokesh,Running,14938049.0,13828066.0,1109983.0,000051,2017-05-10,001319,2017-05-06,ward_prefix,Booked to Koramangala ward (151 under the 198-ward map) (ward map inferred from the job-code year),1,1,151-16-000019,https://accounts.bbmp.gov.in/vssWB/vss00CvStatusData.php?pAction=LoadPaymentGridData&pDateFrom=01-Apr-2017&pDateTo=30-Jun-2017&pBudgetHeadID=-1&pWardIDs=&pDDOID=-1&pDDOIDs=
83007,304-15-000370,000017,2017-04-27,Improvements of Mesthri Palya Park at Koramangala.,304,dept,ddo316  Executive Engineer Major Road South Central Zone,B.Y. Perumaiah,Running,14254056.0,13254573.0,999483.0,000053,2017-05-11,001487,2017-05-10,description,"Work description names Koramangala: ""…Improvements of Mesthri Palya Park at Koramangala.…""",1,1,304-15-000370,https://accounts.bbmp.gov.in/vssWB/vss00CvStatusData.php?pAction=LoadPaymentGridData&pDateFrom=01-Apr-2017&pDateTo=30-Jun-2017&pBudgetHeadID=-1&pWardIDs=&pDDOID=-1&pDDOIDs=
83288,147-13-000043,000043,2015-04-30,Improvements to drain and beautification of footpath at 20th main road Reach-II and surrounding roads at 7th block Koramangala in ward no 147,147,198,ddo421  Assistant Executive Engineer Koramangala South Zone,M/s KRIDL,First and Final,1770069.0,1562536.0,207533.0,000056,2017-05-18,001520,2017-05-15,description,"Work description names Koramangala: ""…h-II and surrounding roads at 7th block Koramangala in ward no 147…""",1,0,147-13-000043,https://accounts.bbmp.gov.in/vssWB/vss00CvStatusData.php?pAction=LoadPaymentGridData&pDateFrom=01-Apr-2017&pDateTo=30-Jun-2017&pBudgetHeadID=-1&pWardIDs=&pDDOID=-1&pDDOIDs=
53347,151-14-000061,000139,2015-06-29,"Providing Cement concrete designer tiles to footpath Southern side and Improvement to drains at 8th main, 3rd and 4th Block in ward No: 151 (Koramangala)",151,198,ddo421  Assistant Executive Engineer Koramangala South Zone,KRIDL,First and Final,7276182.0,6227054.0,1049128.0,000056,2017-05-18,001587,2017-05-15,description,"Work description names Koramangala: ""…ain, 3rd and 4th Block in ward No: 151 (Koramangala)…""",1,1,151-14-000061,https://accounts.bbmp.gov.in/vssWB/vss00CvStatusData.php?pAction=LoadPaymentGridData&pDateFrom=01-Apr-2017&pDateTo=30-Jun-2017&pBudgetHeadID=-1&pWardIDs=&pDDOID=-1&pDDOIDs=
70403,151-14-000062,000153,2015-06-29,"Providing Cement concrete designer tiles to footpath and Improvements to drains at 16th main, 3rd block in ward No: 151 (Koramangala)",151,198,ddo421  Assistant Executive Engineer Koramangala South Zone,M/s KRIDL,First and Final,3428856.0,2939014.0,489842.0,000056,2017-05-18,001588,2017-05-15,description,"Work description names Koramangala: ""…t 16th main, 3rd block in ward No: 151 (Koramangala)…""",1,0,151-14-000062,https://accounts.bbmp.gov.in/vssWB/vss00CvStatusData.php?pAction=LoadPaymentGridData&pDateFrom=01-Apr-2017&pDateTo=30-Jun-2017&pBudgetHeadID=-1&pWardIDs=&pDDOID=-1&pDDOIDs=
83284,147-13-000042,000164,2015-06-30,Improvements to drain and beautification of footpath at 20th main road Reach-1 and surrounding roads at 7th block Koramangala in ward no 147,147,198,ddo421  Assistant Executive Engineer Koramangala South Zone,M/s KRIDL,Running,1572958.0,1387645.0,185313.0,000066,2017-05-23,001721,2017-05-18,description,"Work description names Koramangala: ""…ch-1 and surrounding roads at 7th block Koramangala in ward no 147…""",1,0,147-13-000042,https://accounts.bbmp.gov.in/vssWB/vss00CvStatusData.php?pAction=LoadPaymentGridData&pDateFrom=01-Apr-2017&pDateTo=30-Jun-2017&pBudgetHeadID=-1&pWardIDs=&pDDOID=-1&pDDOIDs=
55753,151-15-000010,000138,2015-06-29,Improvements to drain and footpath at 1st cross surrounding roads Kudremmukha colony in ward No.151 Koramangala,151,198,ddo421  Assistant Executive Engineer Koramangala South Zone,T Venkatesh,First and Final,2014874.0,1749672.0,265202.0,000066,2017-05-23,001807,2017-05-18,description,"Work description names Koramangala: ""…roads Kudremmukha colony in ward No.151 Koramangala…""",1,0,151-15-000010,https://accounts.bbmp.gov.in/vssWB/vss00CvStatusData.php?pAction=LoadPaymentGridData&pDateFrom=01-Apr-2017&pDateTo=30-Jun-2017&pBudgetHeadID=-1&pWardIDs=&pDDOID=-1&pDDOIDs=
83816,151-14-000060,002191,2017-05-25,"Providing Cement concrete designer tiles to footpath Northern side and Improvement to drains at 8th main, 3rd and 4th Block in ward No: 151 (Koramangala)",151,198,ddo421  Assistant Executive Engineer Koramangala South Zone,M/s KRIDL,Final,3706288.0,3706288.0,0.0,000080,2017-05-31,002191,2017-05-25,description,"Work description names Koramangala: ""…ain, 3rd and 4th Block in ward No: 151 (Koramangala)…""",1,1,151-14-000060,https://accounts.bbmp.gov.in/vssWB/vss00CvStatusData.php?pAction=LoadPaymentGridData&pDateFrom=01-Apr-2017&pDateTo=30-Jun-2017&pBudgetHeadID=-1&pWardIDs=&pDDOID=-1&pDDOIDs=
82128,151-16-000018,008,,Improvements to park and construction of reading room gazebo at Lakshmi devi park in 6th block 80 road koramangala in ward no 151,151,198,ddo422  Executive Engineer Project - South Zone,P.Suresh kumar,Running,1758852.0,1533303.0,225549.0,000083,2017-06-01,002444,2017-05-31,description,"Work description names Koramangala: ""…Lakshmi devi park in 6th block 80 road koramangala in ward no 151…""",1,1,151-16-000018,https://accounts.bbmp.gov.in/vssWB/vss00CvStatusData.php?pAction=LoadPaymentGridData&pDateFrom=01-Apr-2017&pDateTo=30-Jun-2017&pBudgetHeadID=-1&pWardIDs=&pDDOID=-1&pDDOIDs=
8242,151-14-000052,260,,"Development of Triangular park in 5th block opposite to Raghavendra school 4th Cross, K.H.B colony Koramangala in ward No: 151.",151,198,ddo422  Executive Engineer Project - South Zone,KRIDL,First and Final,1558500.0,1314455.0,244045.0,000084,2017-06-01,002327,2017-05-30,description,"Work description names Koramangala: ""…havendra school 4th Cross, K.H.B colony Koramangala in ward No: 151.…""",1,0,151-14-000052,https://accounts.bbmp.gov.in/vssWB/vss00CvStatusData.php?pAction=LoadPaymentGridData&pDateFrom=01-Apr-2017&pDateTo=30-Jun-2017&pBudgetHeadID=-1&pWardIDs=&pDDOID=-1&pDDOIDs=
87850,151-14-000033,000137,2015-06-27,Improvements to Drains and footpath and service road frfom 20th main to Madiwala Chech Post. 4th B cross Industrial Layout 5th block and Surrounding roads Koramanagala in ward No.151 Kormanagala,151,198,ddo421  Assistant Executive Engineer Koramangala South Zone,M/s KRIDL,Final,2983560.0,2542962.0,440598.0,000084,2017-06-01,002422,2017-05-31,description,"Work description names Koramangala: ""…Layout 5th block and Surrounding roads Koramanagala in ward No.151 Kormanagala…""",1,0,151-14-000033,https://accounts.bbmp.gov.in/vssWB/vss00CvStatusData.php?pAction=LoadPaymentGridData&pDateFrom=01-Apr-2017&pDateTo=30-Jun-2017&pBudgetHeadID=-1&pWardIDs=&pDDOID=-1&pDDOIDs=
24817,151-13-000031,000027,2016-02-29,Providing interlocking pavement to drive way and southern side parking yard of garbage segregation processing unit at Koramangala industrial area in ward no 151,151,198,ddo341  Assistant Executive Engineer M P E D Central Zone,"M/s KRIDL,Technical Manager (South)",Final,10779185.0,6471920.0,4307265.0,000091,2017-06-07,002564,2017-06-03,description,"Work description names Koramangala: ""…garbage segregation processing unit at Koramangala industrial area in ward no 15…""",1,1,151-13-000031,https://accounts.bbmp.gov.in/vssWB/vss00CvStatusData.php?pAction=LoadPaymentGridData&pDateFrom=01-Apr-2017&pDateTo=30-Jun-2017&pBudgetHeadID=-1&pWardIDs=&pDDOID=-1&pDDOIDs=
24703,151-13-000032,000025,2016-02-29,Construction of RCC drain for garbage segregation processing unit at Koramangala industrial area in ward no 151,151,198,ddo341  Assistant Executive Engineer M P E D Central Zone,"M/s KRIDL, Technical Manager (South)",Final,10447470.0,6248485.0,4198985.0,000091,2017-06-07,002565,2017-06-03,description,"Work description names Koramangala: ""…garbage segregation processing unit at Koramangala industrial area in ward no 15…""",1,1,151-13-000032,https://accounts.bbmp.gov.in/vssWB/vss00CvStatusData.php?pAction=LoadPaymentGridData&pDateFrom=01-Apr-2017&pDateTo=30-Jun-2017&pBudgetHeadID=-1&pWardIDs=&pDDOID=-1&pDDOIDs=
36560,151-16-000002,000128,2016-07-28,Filling of Pot holes to road cutting portion and bad reaches for the year 2015-16 in ward No.151 (Koramangala),151,198,ddo421  Assistant Executive Engineer Koramangala South Zone,Sri Gopala Krishna,First and Final,960126.0,836274.0,123852.0,000091,2017-06-07,002715,2017-06-07,description,"Work description names Koramangala: ""…es for the year 2015-16 in ward No.151 (Koramangala)…""",1,0,151-16-000002,https://accounts.bbmp.gov.in/vssWB/vss00CvStatusData.php?pAction=LoadPaymentGridData&pDateFrom=01-Apr-2017&pDateTo=30-Jun-2017&pBudgetHeadID=-1&pWardIDs=&pDDOID=-1&pDDOIDs=
39586,151-16-000012,000091,2016-06-30,Sinking energizing and Commissioning of borewell at Koramangala village and Surrounding area in ward No.151(Koramangala),151,198,ddo421  Assistant Executive Engineer Koramangala South Zone,Sri. Sathis Nayak,First and Final,1538414.0,1345893.0,192521.0,000092,2017-06-09,002697,2017-06-06,description,"Work description names Koramangala: ""…gizing and Commissioning of borewell at Koramangala village and Surrounding area…""",1,0,151-16-000012,https://accounts.bbmp.gov.in/vssWB/vss00CvStatusData.php?pAction=LoadPaymentGridData&pDateFrom=01-Apr-2017&pDateTo=30-Jun-2017&pBudgetHeadID=-1&pWardIDs=&pDDOID=-1&pDDOIDs=
42821,151-15-000029,160,,Improvement to park (judge park) Balance work at 8th Block 28th main in ward no 151,151,198,ddo422  Executive Engineer Project - South Zone,N.Krishnappa,First and Final,1765085.0,1565320.0,199765.0,000097,2017-06-14,002928,2017-06-12,ward_prefix,Booked to Koramangala ward (151 under the 198-ward map) (ward map inferred from the job-code year),1,1,151-15-000029,https://accounts.bbmp.gov.in/vssWB/vss00CvStatusData.php?pAction=LoadPaymentGridData&pDateFrom=01-Apr-2017&pDateTo=30-Jun-2017&pBudgetHeadID=-1&pWardIDs=&pDDOID=-1&pDDOIDs=
63929,151-15-000031,463,,Providing shelter plateform and badminton court to Rectangular park 4th C block Korumangala ward no 151,151,198,ddo422  Executive Engineer Project - South Zone,N.Krishnappa,First and Final,982045.0,870359.0,111686.0,000097,2017-06-14,002929,2017-06-12,ward_prefix,Booked to Koramangala ward (151 under the 198-ward map) (ward map inferred from the job-code year),1,1,151-15-000031,https://accounts.bbmp.gov.in/vssWB/vss00CvStatusData.php?pAction=LoadPaymentGridData&pDateFrom=01-Apr-2017&pDateTo=30-Jun-2017&pBudgetHeadID=-1&pWardIDs=&pDDOID=-1&pDDOIDs=
77926,151-14-000059,000305,2015-09-30,"Providing Cement concrete designer tiles to footpath and Improvements to drains at 1st main, 1st block, in ward No: 151 (Koramangala)",151,198,ddo421  Assistant Executive Engineer Koramangala South Zone,M/s KRIDL,First and Final,4581634.0,3914131.0,667503.0,000100,2017-06-14,003070,2017-06-14,description,"Work description names Koramangala: ""…t 1st main, 1st block, in ward No: 151 (Koramangala)…""",1,0,151-14-000059,https://accounts.bbmp.gov.in/vssWB/vss00CvStatusData.php?pAction=LoadPaymentGridData&pDateFrom=01-Apr-2017&pDateTo=30-Jun-2017&pBudgetHeadID=-1&pWardIDs=&pDDOID=-1&pDDOIDs=
88711,151-14-000032,000306,2015-09-30,Improvements to Drains and footpath and 6th cross (KML club road) 6th block and surouding roads Kormangala in ward No.151 Kormanagala,151,198,ddo421  Assistant Executive Engineer Koramangala South Zone,M/s KRIDL,Second and Final,646382.0,575394.0,70988.0,000100,2017-06-14,003071,2017-06-14,description,"Work description names Koramangala: ""…lub road) 6th block and surouding roads Kormangala in ward No.151 Kormanagala…""",1,0,151-14-000032,https://accounts.bbmp.gov.in/vssWB/vss00CvStatusData.php?pAction=LoadPaymentGridData&pDateFrom=01-Apr-2017&pDateTo=30-Jun-2017&pBudgetHeadID=-1&pWardIDs=&pDDOID=-1&pDDOIDs=
60312,151-14-000032,000307,2015-09-30,Improvements to Drains and footpath and 6th cross (KML club road) 6th block and surouding roads Kormangala in ward No.151 Kormanagala,151,198,ddo421  Assistant Executive Engineer Koramangala South Zone,M/s KRIDL,Running,3655480.0,3111761.0,543719.0,000100,2017-06-14,003072,2017-06-14,description,"Work description names Koramangala: ""…lub road) 6th block and surouding roads Kormangala in ward No.151 Kormanagala…""",1,0,151-14-000032,https://accounts.bbmp.gov.in/vssWB/vss00CvStatusData.php?pAction=LoadPaymentGridData&pDateFrom=01-Apr-2017&pDateTo=30-Jun-2017&pBudgetHeadID=-1&pWardIDs=&pDDOID=-1&pDDOIDs=
81269,151-13-000011,000309,2015-09-30,"Improvements to road side drains and footpath to cross road op.to Krishna temple, 5th block LIC office road SBI colony in ward No.151 Koramangala",151,198,ddo421  Assistant Executive Engineer Koramangala South Zone,V Lakshmi Kanth,First and Final,569943.0,498681.0,71262.0,000100,2017-06-14,003073,2017-06-14,description,"Work description names Koramangala: ""…C office road SBI colony in ward No.151 Koramangala…""",1,0,151-13-000011,https://accounts.bbmp.gov.in/vssWB/vss00CvStatusData.php?pAction=LoadPaymentGridData&pDateFrom=01-Apr-2017&pDateTo=30-Jun-2017&pBudgetHeadID=-1&pWardIDs=&pDDOID=-1&pDDOIDs=
89957,304-17-000105,22,,"Construction of Elevated corridor by integrating Ejipura main road-Inner Ring Road junction, Sony World junction and Kendriya Sadana junction along 100ft. Inner Ring Road, Koramangala, Bangalore.",304,dept,ddo341  Assistant Executive Engineer M P E D Central Zone,M/s Simplex Infrastructures Limited,Running,101600000.0,99568000.0,2032000.0,000109,2017-06-21,003279,2017-06-19,description,"Work description names Koramangala: ""…junction along 100ft. Inner Ring Road, Koramangala, Bangalore.…""",1,1,304-17-000105,https://accounts.bbmp.gov.in/vssWB/vss00CvStatusData.php?pAction=LoadPaymentGridData&pDateFrom=01-Apr-2017&pDateTo=30-Jun-2017&pBudgetHeadID=-1&pWardIDs=&pDDOID=-1&pDDOIDs=
76497,151-14-000006,000180,2015-07-17,Improvements to drain and footpath 1st A cross 12th main road 4th block Biside Telephone exchange surrounding area in ward No.151 Koramangala,151,198,ddo421  Assistant Executive Engineer Koramangala South Zone,K Seetharam,First and Final,2046000.0,1673286.0,372714.0,000117,2017-06-23,003239,2017-06-19,description,"Work description names Koramangala: ""…xchange surrounding area in ward No.151 Koramangala…""",1,0,151-14-000006,https://accounts.bbmp.gov.in/vssWB/vss00CvStatusData.php?pAction=LoadPaymentGridData&pDateFrom=01-Apr-2017&pDateTo=30-Jun-2017&pBudgetHeadID=-1&pWardIDs=&pDDOID=-1&pDDOIDs=
88243,151-13-000006,000310,2015-09-30,Maintenance and repairs of Borewells in ward No. 151 Koramangala,151,198,ddo421  Assistant Executive Engineer Koramangala South Zone,N Balashankar,Final,460973.0,409305.0,51668.0,000117,2017-06-23,003327,2017-06-21,description,"Work description names Koramangala: ""…nd repairs of Borewells in ward No. 151 Koramangala…""",1,0,,https://accounts.bbmp.gov.in/vssWB/vss00CvStatusData.php?pAction=LoadPaymentGridData&pDateFrom=01-Apr-2017&pDateTo=30-Jun-2017&pBudgetHeadID=-1&pWardIDs=&pDDOID=-1&pDDOIDs=
94394,151-14-000008,000161,2015-06-30,Providing cement concrete to Sanitary cutting reaches Mestry Palya in ward No.151 Koramangala,151,198,ddo421  Assistant Executive Engineer Koramangala South Zone,Sri. Pratheek,First and Final,926158.0,816356.0,109802.0,000144,2017-07-18,003989,2017-07-17,description,"Work description names Koramangala: ""…ing reaches Mestry Palya in ward No.151 Koramangala…""",1,0,151-14-000008,https://accounts.bbmp.gov.in/vssWB/vss00CvStatusData.php?pAction=LoadPaymentGridData&pDateFrom=01-Jul-2017&pDateTo=30-Sep-2017&pBudgetHeadID=-1&pWardIDs=&pDDOID=-1&pDDOIDs=
96982,151-11-000039,000252,2015-08-31,"Improvements to secondary drain (nadu beedi) at 8th block, Koramangala village in ward no. 151",151,198,ddo421  Assistant Executive Engineer Koramangala South Zone,Nagineni Muniswamy Krishnamurthy,First and Final,5770113.0,5069631.0,700482.0,000151,2017-07-22,004044,2017-07-20,description,"Work description names Koramangala: ""…ondary drain (nadu beedi) at 8th block, Koramangala village in ward no. 151…""",1,1,151-11-000039,https://accounts.bbmp.gov.in/vssWB/vss00CvStatusData.php?pAction=LoadPaymentGridData&pDateFrom=01-Jul-2017&pDateTo=30-Sep-2017&pBudgetHeadID=-1&pWardIDs=&pDDOID=-1&pDDOIDs=
88707,151-14-000036,000370,2015-11-30,Improvements to Drains Shoulder Drains and Providing Design concrete tiles to Footpath at Jyothi nivasd collage road Industrial Layout 5th Block in ward No.151 Kormanagala,151,198,ddo421  Assistant Executive Engineer Koramangala South Zone,M/s KRIDL,First and Final,1760231.0,1553807.0,206424.0,000167,2017-08-03,004385,2017-08-01,description,"Work description names Koramangala: ""…ustrial Layout 5th Block in ward No.151 Kormanagala…""",1,0,151-14-000036,https://accounts.bbmp.gov.in/vssWB/vss00CvStatusData.php?pAction=LoadPaymentGridData&pDateFrom=01-Jul-2017&pDateTo=30-Sep-2017&pBudgetHeadID=-1&pWardIDs=&pDDOID=-1&pDDOIDs=
94582,151-15-000012,000398,2017-03-31,Providing cement concrete to cross road near Om shakthi temple and surrounding area 1st block in ward No 151 Koramangala,151,198,ddo421  Assistant Executive Engineer Koramangala South Zone,Sri. K R Pratheek,First and Final,1191150.0,1045934.0,145216.0,000171,2017-08-07,004580,2017-08-05,description,"Work description names Koramangala: ""…rrounding area 1st block in ward No 151 Koramangala…""",1,0,151-15-000012,https://accounts.bbmp.gov.in/vssWB/vss00CvStatusData.php?pAction=LoadPaymentGridData&pDateFrom=01-Jul-2017&pDateTo=30-Sep-2017&pBudgetHeadID=-1&pWardIDs=&pDDOID=-1&pDDOIDs=
10342,151-15-000006,000308,2015-09-30,Providing flooring to class rooms and other allied works at Govt School Koramangala village in ward No 151 Koramangala,151,198,ddo421  Assistant Executive Engineer Koramangala South Zone,R Lakshmi KPWD Contractor,First and Final,1994722.0,1730669.0,264053.0,000174,2017-08-08,004516,2017-08-04,description,"Work description names Koramangala: ""…s and other allied works at Govt School Koramangala village in ward No 151 Korama…""",1,0,151-15-000006,https://accounts.bbmp.gov.in/vssWB/vss00CvStatusData.php?pAction=LoadPaymentGridData&pDateFrom=01-Jul-2017&pDateTo=30-Sep-2017&pBudgetHeadID=-1&pWardIDs=&pDDOID=-1&pDDOIDs=
68112,151-16-000013,000194,2016-08-31,Providing Concreting to Damaged Roads and Concreting Asphalting to Road cut portion done by BWSSB to lay Sanitary and Water line in and around Meshtri Palya Village 4th block club road and surrounding area in ward No.151(Koramangala),151,198,ddo421  Assistant Executive Engineer Koramangala South Zone,Patel B,First and Final,977671.0,860717.0,116954.0,000196,2017-08-23,004977,2017-08-22,description,"Work description names Koramangala: ""…oad and surrounding area in ward No.151(Koramangala)…""",1,0,151-16-000013,https://accounts.bbmp.gov.in/vssWB/vss00CvStatusData.php?pAction=LoadPaymentGridData&pDateFrom=01-Jul-2017&pDateTo=30-Sep-2017&pBudgetHeadID=-1&pWardIDs=&pDDOID=-1&pDDOIDs=
68113,151-16-000004,000195,2016-08-31,Urgent work under Emergency grant for the year 2015-16 in ward No.151 (Koramangala),151,198,ddo421  Assistant Executive Engineer Koramangala South Zone,B Patel,First and Final,1473654.0,1275185.0,198469.0,000196,2017-08-23,004978,2017-08-22,description,"Work description names Koramangala: ""…nt for the year 2015-16 in ward No.151 (Koramangala)…""",1,0,,https://accounts.bbmp.gov.in/vssWB/vss00CvStatusData.php?pAction=LoadPaymentGridData&pDateFrom=01-Jul-2017&pDateTo=30-Sep-2017&pBudgetHeadID=-1&pWardIDs=&pDDOID=-1&pDDOIDs=
68111,151-16-000010,000197,2016-08-31,"Removing,Resetting,Desilting and Other Improvements to Existing Drain at 5th ,6th , 8th block and Surrounding area roads in ward No.151(Koramangala)",151,198,ddo421  Assistant Executive Engineer Koramangala South Zone,Patel B,First and Final,514025.0,364098.0,149927.0,000196,2017-08-23,004979,2017-08-22,description,"Work description names Koramangala: ""…d Surrounding area roads in ward No.151(Koramangala)…""",1,1,151-16-000010,https://accounts.bbmp.gov.in/vssWB/vss00CvStatusData.php?pAction=LoadPaymentGridData&pDateFrom=01-Jul-2017&pDateTo=30-Sep-2017&pBudgetHeadID=-1&pWardIDs=&pDDOID=-1&pDDOIDs=
103567,304-15-000370,000020,2017-08-11,"Consultancy services for Construction Supervision, Project Management and Quality Control for the Work of Improvements and Development of Mesthri Palya Park in Koramangala in South Zone.",304,dept,ddo316  Executive Engineer Major Road South Central Zone,M/s Tejus Consultants,Running,220000.0,198000.0,22000.0,000206,2017-09-03,005296,2017-09-01,description,"Work description names Koramangala: ""…nd Development of Mesthri Palya Park in Koramangala in South Zone.…""",1,1,304-15-000370,https://accounts.bbmp.gov.in/vssWB/vss00CvStatusData.php?pAction=LoadPaymentGridData&pDateFrom=01-Jul-2017&pDateTo=30-Sep-2017&pBudgetHeadID=-1&pWardIDs=&pDDOID=-1&pDDOIDs=
105152,151-15-000009,000045,2017-08-21,Improvements to drain and footpath at 18th C D and surrounding road 6th block in ward No 151 Koramangala,151,198,ddo421  Assistant Executive Engineer Koramangala South Zone,R M Ravi,Final,2878454.0,2682870.0,195584.0,000222,2017-09-16,005865,2017-09-14,description,"Work description names Koramangala: ""…rrounding road 6th block in ward No 151 Koramangala…""",1,1,151-15-000009,https://accounts.bbmp.gov.in/vssWB/vss00CvStatusData.php?pAction=LoadPaymentGridData&pDateFrom=01-Jul-2017&pDateTo=30-Sep-2017&pBudgetHeadID=-1&pWardIDs=&pDDOID=-1&pDDOIDs=
9463,151-11-000041,324,,Construction of Library building in ward no. 151 (Koramangala),151,198,ddo258  Executive Engineer Electrical South Zone,M/s.Almas Constructions,First and Final,30965.0,26392.0,4573.0,000228,2017-09-21,005953,2017-09-16,description,"Work description names Koramangala: ""…on of Library building in ward no. 151 (Koramangala)…""",1,0,,https://accounts.bbmp.gov.in/vssWB/vss00CvStatusData.php?pAction=LoadPaymentGridData&pDateFrom=01-Jul-2017&pDateTo=30-Sep-2017&pBudgetHeadID=-1&pWardIDs=&pDDOID=-1&pDDOIDs=
110501,151-16-000027,000078,2017-06-30,Providing Energy Efficient LED Street Light Fittings to Koramangala Ring road 80feet Road and other important roads coming in ward 151 and 148.,151,198,ddo258  Executive Engineer Electrical South Zone,The Technical Manager-3,First and Final,9977074.0,8520421.0,1456653.0,000237,2017-09-27,006385,2017-09-27,description,"Work description names Koramangala: ""…Efficient LED Street Light Fittings to Koramangala Ring road 80feet Road and oth…""",1,1,151-16-000027,https://accounts.bbmp.gov.in/vssWB/vss00CvStatusData.php?pAction=LoadPaymentGridData&pDateFrom=01-Jul-2017&pDateTo=30-Sep-2017&pBudgetHeadID=-1&pWardIDs=&pDDOID=-1&pDDOIDs=
11137,148-15-000014,216,,Providing electrical repairs to street lighting system in National Games Village in egipura ward no 148,148,198,ddo258  Executive Engineer Electrical South Zone,M/s.Sathya Enterprises,First and Final,1561150.0,1442608.0,118542.0,000241,2017-10-06,006272,2017-09-25,description,"Work description names Koramangala: ""…al repairs to street lighting system in National Games Village in egipura ward no 148…""",1,0,148-15-000014,https://accounts.bbmp.gov.in/vssWB/vss00CvStatusData.php?pAction=LoadPaymentGridData&pDateFrom=01-Oct-2017&pDateTo=31-Dec-2017&pBudgetHeadID=-1&pWardIDs=&pDDOID=-1&pDDOIDs=
49495,151-15-000007,000443,2016-03-18,Desilting and improvements to shoulders in ward No 151 Koramangala,151,198,ddo421  Assistant Executive Engineer Koramangala South Zone,Jagadisha K M,First and Final,499771.0,436051.0,63720.0,000247,2017-10-12,006650,2017-10-10,description,"Work description names Koramangala: ""…mprovements to shoulders in ward No 151 Koramangala…""",1,0,,https://accounts.bbmp.gov.in/vssWB/vss00CvStatusData.php?pAction=LoadPaymentGridData&pDateFrom=01-Oct-2017&pDateTo=31-Dec-2017&pBudgetHeadID=-1&pWardIDs=&pDDOID=-1&pDDOIDs=
102144,151-17-000027,000043,2017-08-05,Filling of Pot holes to road cutting portion and bad reaches for the year 2016-17 in ward No.151 Koramangala,151,198,ddo421  Assistant Executive Engineer Koramangala South Zone,Sri. B M Rangegowda,Final,1973128.0,1724380.0,248748.0,000253,2017-10-17,006776,2017-10-13,description,"Work description names Koramangala: ""…hes for the year 2016-17 in ward No.151 Koramangala…""",1,0,151-17-000027,https://accounts.bbmp.gov.in/vssWB/vss00CvStatusData.php?pAction=LoadPaymentGridData&pDateFrom=01-Oct-2017&pDateTo=31-Dec-2017&pBudgetHeadID=-1&pWardIDs=&pDDOID=-1&pDDOIDs=
88699,151-16-000016,000477,2016-03-31,Improvements to drains and Footpath at 1st cross J Block 5th cross road and surrounding roads of SBI Colony in ward no 151 Koramangala,151,198,ddo421  Assistant Executive Engineer Koramangala South Zone,M/s KRIDL,First and Final,4564293.0,4019401.0,544892.0,000260,2017-10-28,007008,2017-10-25,description,"Work description names Koramangala: ""…ding roads of SBI Colony in ward no 151 Koramangala…""",1,0,151-16-000016,https://accounts.bbmp.gov.in/vssWB/vss00CvStatusData.php?pAction=LoadPaymentGridData&pDateFrom=01-Oct-2017&pDateTo=31-Dec-2017&pBudgetHeadID=-1&pWardIDs=&pDDOID=-1&pDDOIDs=
124346,151-17-000064,000071,2017-11-18,"Comprehensive Development of bad Roadsand Improvements to roads side drains footpaths, asphalting and concreting including culvertsSWD to selected main and other connecting roads of Packing No BTM 01, in ward no 151,in BTM Division of south zone (14 works )",151,198,ddo421  Assistant Executive Engineer Koramangala South Zone,M/s Amrutha Construction Pvt Ltd Sri. P Venkateshwara Roa,Running,38662224.0,37063695.0,1598529.0,000312,2017-11-29,008239,2017-11-29,ward_prefix,Booked to Koramangala ward (151 under the 198-ward map) (ward map inferred from the job-code year),1,0,151-17-000064,https://accounts.bbmp.gov.in/vssWB/vss00CvStatusData.php?pAction=LoadPaymentGridData&pDateFrom=01-Oct-2017&pDateTo=31-Dec-2017&pBudgetHeadID=-1&pWardIDs=&pDDOID=-1&pDDOIDs=
122162,151-17-000064,000062,2017-11-16,"Comprehensive Development of bad Roadsand Improvements to roads side drains footpaths, asphalting and concreting including culvertsSWD to selected main and other connecting roads of Packing No BTM 01, in ward no 151,in BTM Division of south zone (14 works )",151,198,ddo421  Assistant Executive Engineer Koramangala South Zone,M/s Amrutha Construction Pvt Ltd Sri. P Venkateshwara Roa,Running,49015846.0,46896355.0,2119491.0,000315,2017-12-01,008265,2017-11-30,ward_prefix,Booked to Koramangala ward (151 under the 198-ward map) (ward map inferred from the job-code year),1,0,151-17-000064,https://accounts.bbmp.gov.in/vssWB/vss00CvStatusData.php?pAction=LoadPaymentGridData&pDateFrom=01-Oct-2017&pDateTo=31-Dec-2017&pBudgetHeadID=-1&pWardIDs=&pDDOID=-1&pDDOIDs=
123996,151-17-000064,000070,2017-11-18,"Comprehensive Development of bad Roadsand Improvements to roads side drains footpaths, asphalting and concreting including culvertsSWD to selected main and other connecting roads of Packing No BTM 01, in ward no 151,in BTM Division of south zone (14 works )",151,198,ddo421  Assistant Executive Engineer Koramangala South Zone,M/s Amrutha Construction Pvt Ltd Sri. P Venkateshwara Roa,Running,30343925.0,29003265.0,1340660.0,000315,2017-12-01,008266,2017-11-30,ward_prefix,Booked to Koramangala ward (151 under the 198-ward map) (ward map inferred from the job-code year),1,0,151-17-000064,https://accounts.bbmp.gov.in/vssWB/vss00CvStatusData.php?pAction=LoadPaymentGridData&pDateFrom=01-Oct-2017&pDateTo=31-Dec-2017&pBudgetHeadID=-1&pWardIDs=&pDDOID=-1&pDDOIDs=
125015,151-17-000063,000025,2017-11-25,Providing and fixing of LED Street lights in Ward No 151 in BTM Layout Division,151,198,ddo258  Executive Engineer Electrical South Zone,M/S M.S.Manje Gowda (Sri Manjunatha Electricals),First and Final,629341.0,597253.0,32088.0,000317,2017-12-06,008315,2017-12-05,ward_prefix,Booked to Koramangala ward (151 under the 198-ward map) (ward map inferred from the job-code year),1,1,151-17-000063,https://accounts.bbmp.gov.in/vssWB/vss00CvStatusData.php?pAction=LoadPaymentGridData&pDateFrom=01-Oct-2017&pDateTo=31-Dec-2017&pBudgetHeadID=-1&pWardIDs=&pDDOID=-1&pDDOIDs=
129128,151-17-000072,000084,2017-12-12,Comprehensive development of drains footpath and roads in 8th block koramangala in ward no.151,151,198,ddo421  Assistant Executive Engineer Koramangala South Zone,M/s KRIDL,Running,859512.0,791792.0,67720.0,000328,2017-12-14,008510,2017-12-13,description,"Work description names Koramangala: ""…drains footpath and roads in 8th block koramangala in ward no.151…""",1,0,151-17-000072,https://accounts.bbmp.gov.in/vssWB/vss00CvStatusData.php?pAction=LoadPaymentGridData&pDateFrom=01-Oct-2017&pDateTo=31-Dec-2017&pBudgetHeadID=-1&pWardIDs=&pDDOID=-1&pDDOIDs=
129129,151-17-000069,000085,2017-12-12,Comprehensive development of drains footpath and roads in 4th block koramangala in ward no.151,151,198,ddo421  Assistant Executive Engineer Koramangala South Zone,M/s KRIDL,Running,4929136.0,4559444.0,369692.0,000328,2017-12-14,008511,2017-12-13,description,"Work description names Koramangala: ""…drains footpath and roads in 4th block koramangala in ward no.151…""",1,0,151-17-000069,https://accounts.bbmp.gov.in/vssWB/vss00CvStatusData.php?pAction=LoadPaymentGridData&pDateFrom=01-Oct-2017&pDateTo=31-Dec-2017&pBudgetHeadID=-1&pWardIDs=&pDDOID=-1&pDDOIDs=
129130,151-17-000066,000086,2017-12-12,Comprehensive development of drains and roads in 1st block Koramangala in ward no. 151,151,198,ddo421  Assistant Executive Engineer Koramangala South Zone,M/s KRIDL,Running,4870605.0,4505289.0,365316.0,000328,2017-12-14,008512,2017-12-13,description,"Work description names Koramangala: ""…opment of drains and roads in 1st block Koramangala in ward no. 151…""",1,0,151-17-000066,https://accounts.bbmp.gov.in/vssWB/vss00CvStatusData.php?pAction=LoadPaymentGridData&pDateFrom=01-Oct-2017&pDateTo=31-Dec-2017&pBudgetHeadID=-1&pWardIDs=&pDDOID=-1&pDDOIDs=
129131,151-17-000075,000087,2017-12-12,Comprehensive development of drains footpath and roads in 6th block koramangala ward no.151,151,198,ddo421  Assistant Executive Engineer Koramangala South Zone,M/s KRIDL,Running,4727037.0,4372093.0,354944.0,000328,2017-12-14,008513,2017-12-13,description,"Work description names Koramangala: ""…drains footpath and roads in 6th block koramangala ward no.151…""",1,1,151-17-000075,https://accounts.bbmp.gov.in/vssWB/vss00CvStatusData.php?pAction=LoadPaymentGridData&pDateFrom=01-Oct-2017&pDateTo=31-Dec-2017&pBudgetHeadID=-1&pWardIDs=&pDDOID=-1&pDDOIDs=
129132,151-17-000068,000089,2017-12-12,Comprehensive development of drains footpath and roads in 3rd block koramangala in ward no.151,151,198,ddo421  Assistant Executive Engineer Koramangala South Zone,M/s KRIDL,Running,3890852.0,3584974.0,305878.0,000328,2017-12-14,008514,2017-12-13,description,"Work description names Koramangala: ""…drains footpath and roads in 3rd block koramangala in ward no.151…""",1,0,151-17-000068,https://accounts.bbmp.gov.in/vssWB/vss00CvStatusData.php?pAction=LoadPaymentGridData&pDateFrom=01-Oct-2017&pDateTo=31-Dec-2017&pBudgetHeadID=-1&pWardIDs=&pDDOID=-1&pDDOIDs=
129127,151-17-000074,000088,2017-12-12,Comprehensive development of drains footpath and roads in jakkasandra extension ward no.151,151,198,ddo421  Assistant Executive Engineer Koramangala South Zone,M/s KRIDL,Running,2924172.0,2694992.0,229180.0,000328,2017-12-14,008515,2017-12-13,ward_prefix,Booked to Koramangala ward (151 under the 198-ward map) (ward map inferred from the job-code year),1,0,151-17-000074,https://accounts.bbmp.gov.in/vssWB/vss00CvStatusData.php?pAction=LoadPaymentGridData&pDateFrom=01-Oct-2017&pDateTo=31-Dec-2017&pBudgetHeadID=-1&pWardIDs=&pDDOID=-1&pDDOIDs=
134111,151-17-000073,000109,2018-01-02,"Comprehensive development of drains footpath and roads in Siddarth colony, Vishweshwaraiah guest house, kendriya sadana",151,198,ddo421  Assistant Executive Engineer Koramangala South Zone,M/s KRIDL,Running,3921405.0,3803004.0,118401.0,000350,2018-01-04,008832,2018-01-03,ward_prefix,Booked to Koramangala ward (151 under the 198-ward map) (ward map inferred from the job-code year),1,0,151-17-000073,https://accounts.bbmp.gov.in/vssWB/vss00CvStatusData.php?pAction=LoadPaymentGridData&pDateFrom=01-Jan-2018&pDateTo=31-Mar-2018&pBudgetHeadID=-1&pWardIDs=&pDDOID=-1&pDDOIDs=
134125,151-17-000067,000111,2018-01-02,Comprehensive development of drains footpath and roads in 2nd block koramangala in ward no.151,151,198,ddo421  Assistant Executive Engineer Koramangala South Zone,M/s KRIDL,Running,2985848.0,2894502.0,91346.0,000350,2018-01-04,008834,2018-01-03,description,"Work description names Koramangala: ""…drains footpath and roads in 2nd block koramangala in ward no.151…""",1,0,151-17-000067,https://accounts.bbmp.gov.in/vssWB/vss00CvStatusData.php?pAction=LoadPaymentGridData&pDateFrom=01-Jan-2018&pDateTo=31-Mar-2018&pBudgetHeadID=-1&pWardIDs=&pDDOID=-1&pDDOIDs=
134133,151-17-000071,000112,2018-01-02,"Comprehensive development of drains footpath and roads in 5th block, industrial layout, koramangala in ward no.151",151,198,ddo421  Assistant Executive Engineer Koramangala South Zone,M/s KRIDL,Running,4956081.0,4807758.0,148323.0,000350,2018-01-04,008835,2018-01-03,description,"Work description names Koramangala: ""…roads in 5th block, industrial layout, koramangala in ward no.151…""",1,0,151-17-000071,https://accounts.bbmp.gov.in/vssWB/vss00CvStatusData.php?pAction=LoadPaymentGridData&pDateFrom=01-Jan-2018&pDateTo=31-Mar-2018&pBudgetHeadID=-1&pWardIDs=&pDDOID=-1&pDDOIDs=
134146,151-17-000072,000113,2018-01-02,Comprehensive development of drains footpath and roads in 8th block koramangala in ward no.151,151,198,ddo421  Assistant Executive Engineer Koramangala South Zone,M/s KRIDL,Running,2137082.0,2072399.0,64683.0,000350,2018-01-04,008836,2018-01-03,description,"Work description names Koramangala: ""…drains footpath and roads in 8th block koramangala in ward no.151…""",1,0,151-17-000072,https://accounts.bbmp.gov.in/vssWB/vss00CvStatusData.php?pAction=LoadPaymentGridData&pDateFrom=01-Jan-2018&pDateTo=31-Mar-2018&pBudgetHeadID=-1&pWardIDs=&pDDOID=-1&pDDOIDs=
134162,151-17-000070,000114,2018-01-02,"Comprehensive development of drains footpath and roads in 5th block, KHB colony, koramangala in ward no.151",151,198,ddo421  Assistant Executive Engineer Koramangala South Zone,M/s KRIDL,Running,4928979.0,4781439.0,147540.0,000350,2018-01-04,008837,2018-01-03,description,"Work description names Koramangala: ""…ath and roads in 5th block, KHB colony, koramangala in ward no.151…""",1,1,151-17-000070,https://accounts.bbmp.gov.in/vssWB/vss00CvStatusData.php?pAction=LoadPaymentGridData&pDateFrom=01-Jan-2018&pDateTo=31-Mar-2018&pBudgetHeadID=-1&pWardIDs=&pDDOID=-1&pDDOIDs=
133332,151-17-000064,000105,2017-12-29,"Comprehensive Development of bad Roadsand Improvements to roads side drains footpaths, asphalting and concreting including culvertsSWD to selected main and other connecting roads of Packing No BTM 01, in ward no 151,in BTM Division of south zone (14 works )",151,198,ddo421  Assistant Executive Engineer Koramangala South Zone,M/s Amrutha Construction Pvt Ltd Sri. P Venkateshwara Roa,Running,61576838.0,59567957.0,2008881.0,000364,2018-01-20,009100,2018-01-19,ward_prefix,Booked to Koramangala ward (151 under the 198-ward map) (ward map inferred from the job-code year),1,0,151-17-000064,https://accounts.bbmp.gov.in/vssWB/vss00CvStatusData.php?pAction=LoadPaymentGridData&pDateFrom=01-Jan-2018&pDateTo=31-Mar-2018&pBudgetHeadID=-1&pWardIDs=&pDDOID=-1&pDDOIDs=
29156,304-16-000012,000011,2016-05-27,Improvements to drain and Footpath and asphalting to bad reaches of Koramangala Inner Ring Road from Domlur Fly Over to Ejipura junction in East Divistion,304,dept,ddo315  Executive Engineer Major Road East Central Zone,KRIDL,First and Final,9616068.0,8452524.0,1163544.0,000372,2018-02-01,009254,2018-01-30,description,"Work description names Koramangala: ""…otpath and asphalting to bad reaches of Koramangala Inner Ring Road from Domlur F…""",1,1,304-16-000012,https://accounts.bbmp.gov.in/vssWB/vss00CvStatusData.php?pAction=LoadPaymentGridData&pDateFrom=01-Jan-2018&pDateTo=31-Mar-2018&pBudgetHeadID=-1&pWardIDs=&pDDOID=-1&pDDOIDs=
113974,151-16-000019,000075,2016-12-30,Comprehensive Development of roads by providing asphalting drains and foorpaths in ward no 151 and 173 in BTM Layout Division,151,198,ddo421  Assistant Executive Engineer Koramangala South Zone,Sri. Ramaiah Lokesh,Running,18632823.0,17196222.0,1436601.0,000380,2018-02-05,009452,2018-02-02,ward_prefix,Booked to Koramangala ward (151 under the 198-ward map) (ward map inferred from the job-code year),1,1,151-16-000019,https://accounts.bbmp.gov.in/vssWB/vss00CvStatusData.php?pAction=LoadPaymentGridData&pDateFrom=01-Jan-2018&pDateTo=31-Mar-2018&pBudgetHeadID=-1&pWardIDs=&pDDOID=-1&pDDOIDs=
55700,151-15-000013,000193,2016-08-31,Urgent work under emergency grant for the year 2014 15 (Maintenance of Building Work),151,198,ddo421  Assistant Executive Engineer Koramangala South Zone,Satish Nayak,First and Final,1922992.0,1670142.0,252850.0,000387,2018-02-09,009621,2018-02-07,ward_prefix,Booked to Koramangala ward (151 under the 198-ward map) (ward map inferred from the job-code year),1,0,151-15-000013,https://accounts.bbmp.gov.in/vssWB/vss00CvStatusData.php?pAction=LoadPaymentGridData&pDateFrom=01-Jan-2018&pDateTo=31-Mar-2018&pBudgetHeadID=-1&pWardIDs=&pDDOID=-1&pDDOIDs=
142904,151-17-000084,000138,2018-02-12,Comprohensive development of drains and other developmental works at koramangala village in ward no.151,151,198,ddo421  Assistant Executive Engineer Koramangala South Zone,M/s KRDIL,First and Final,5571831.0,4978703.0,593128.0,000396,2018-02-21,009897,2018-02-21,description,"Work description names Koramangala: ""…drains and other developmental works at koramangala village in ward no.151…""",1,1,151-17-000084,https://accounts.bbmp.gov.in/vssWB/vss00CvStatusData.php?pAction=LoadPaymentGridData&pDateFrom=01-Jan-2018&pDateTo=31-Mar-2018&pBudgetHeadID=-1&pWardIDs=&pDDOID=-1&pDDOIDs=
29453,151-14-000065,000181,2015-07-17,Providing Cement concrete designer tiles to footpath and Improvements to drains at Sarjapura service road upto SWD in ward No: 151 (Koramangala),151,198,ddo421  Assistant Executive Engineer Koramangala South Zone,KRIDL,Running,4029448.0,2642427.0,1387021.0,000402,2018-02-22,002419,2017-05-31,description,"Work description names Koramangala: ""…service road upto SWD in ward No: 151 (Koramangala)…""",1,1,151-14-000065,https://accounts.bbmp.gov.in/vssWB/vss00CvStatusData.php?pAction=LoadPaymentGridData&pDateFrom=01-Jan-2018&pDateTo=31-Mar-2018&pBudgetHeadID=-1&pWardIDs=&pDDOID=-1&pDDOIDs=
144514,304-15-000370,000037,2018-02-23,Improvements and Development of Mesthri Palya Park in Koramangala.,304,dept,ddo316  Executive Engineer Major Road South Central Zone,B.Y. Perumaiah,Second and Final,20694635.0,19914421.0,780214.0,000405,2018-03-02,009939,2018-03-01,description,"Work description names Koramangala: ""…nd Development of Mesthri Palya Park in Koramangala.…""",1,1,304-15-000370,https://accounts.bbmp.gov.in/vssWB/vss00CvStatusData.php?pAction=LoadPaymentGridData&pDateFrom=01-Jan-2018&pDateTo=31-Mar-2018&pBudgetHeadID=-1&pWardIDs=&pDDOID=-1&pDDOIDs=
42822,151-15-000028,161,,Improvement to 18th main park 6th block Korumangala in ward no 151,151,198,ddo422  Executive Engineer Project - South Zone,N.Krishnappa,First and Final,720166.0,633467.0,86699.0,000416,2018-03-08,010062,2018-03-02,ward_prefix,Booked to Koramangala ward (151 under the 198-ward map) (ward map inferred from the job-code year),1,1,151-15-000028,https://accounts.bbmp.gov.in/vssWB/vss00CvStatusData.php?pAction=LoadPaymentGridData&pDateFrom=01-Jan-2018&pDateTo=31-Mar-2018&pBudgetHeadID=-1&pWardIDs=&pDDOID=-1&pDDOIDs=
93674,151-16-000007,000093,2016-06-30,"Providing flagging course and covering slab to drain at 16th Main and surrounding area 4th block, in ward No.151 (Koramangala)",151,198,ddo421  Assistant Executive Engineer Koramangala South Zone,Sri. Vijaya Kumar K,First and Final,939995.0,829557.0,110438.0,000418,2018-03-12,010126,2018-03-02,description,"Work description names Koramangala: ""…ounding area 4th block, in ward No.151 (Koramangala)…""",1,0,151-16-000007,https://accounts.bbmp.gov.in/vssWB/vss00CvStatusData.php?pAction=LoadPaymentGridData&pDateFrom=01-Jan-2018&pDateTo=31-Mar-2018&pBudgetHeadID=-1&pWardIDs=&pDDOID=-1&pDDOIDs=
93675,151-16-000011,000094,2016-06-30,"Providing flagging course and covering slab to drain at 12th Main,4th cross and surrounding area 4th block, in ward No.151 (Koramangala)",151,198,ddo421  Assistant Executive Engineer Koramangala South Zone,Sri N Dayanada,First and Final,949813.0,827385.0,122428.0,000418,2018-03-12,010127,2018-03-02,description,"Work description names Koramangala: ""…ounding area 4th block, in ward No.151 (Koramangala)…""",1,0,151-16-000011,https://accounts.bbmp.gov.in/vssWB/vss00CvStatusData.php?pAction=LoadPaymentGridData&pDateFrom=01-Jan-2018&pDateTo=31-Mar-2018&pBudgetHeadID=-1&pWardIDs=&pDDOID=-1&pDDOIDs=
149260,304-15-000370,000038,2018-03-06,Consultancy services for preparation of DPR for the work of Improvements and Development of Mesthri Palya Park in Koramangala Bangalore,304,dept,ddo316  Executive Engineer Major Road South Central Zone,M/s Tejus Consultants,First and Final,333000.0,299700.0,33300.0,000426,2018-03-20,010540,2018-03-17,description,"Work description names Koramangala: ""…nd Development of Mesthri Palya Park in Koramangala Bangalore…""",1,1,304-15-000370,https://accounts.bbmp.gov.in/vssWB/vss00CvStatusData.php?pAction=LoadPaymentGridData&pDateFrom=01-Jan-2018&pDateTo=31-Mar-2018&pBudgetHeadID=-1&pWardIDs=&pDDOID=-1&pDDOIDs=
149252,304-15-000370,000039,2018-03-06,"Consultancy services for Construction Supervision, Project Management and Quality Control for the Work of Improvements and Development of Mesthri Palya Park in Koramangala in South Zone.",304,dept,ddo316  Executive Engineer Major Road South Central Zone,M/s Tejus Consultants,Second and Final,220000.0,198000.0,22000.0,000426,2018-03-20,010541,2018-03-17,description,"Work description names Koramangala: ""…nd Development of Mesthri Palya Park in Koramangala in South Zone.…""",1,1,304-15-000370,https://accounts.bbmp.gov.in/vssWB/vss00CvStatusData.php?pAction=LoadPaymentGridData&pDateFrom=01-Jan-2018&pDateTo=31-Mar-2018&pBudgetHeadID=-1&pWardIDs=&pDDOID=-1&pDDOIDs=
152602,304-15-000371,000042,2018-03-17,Improvements and Development of Beauty Spot Park in Koramangala.,304,dept,ddo316  Executive Engineer Major Road South Central Zone,B Y Perumaiah,Running,6859903.0,6655112.0,204791.0,000426,2018-03-20,010569,2018-03-20,description,"Work description names Koramangala: ""…and Development of Beauty Spot Park in Koramangala.…""",1,1,304-15-000371,https://accounts.bbmp.gov.in/vssWB/vss00CvStatusData.php?pAction=LoadPaymentGridData&pDateFrom=01-Jan-2018&pDateTo=31-Mar-2018&pBudgetHeadID=-1&pWardIDs=&pDDOID=-1&pDDOIDs=
146270,151-18-000028,000150,2018-02-23,Improvements to existing U.G.D Lines and water supply feeder lines in Ward No. 151 Koramangala,151,198,ddo421  Assistant Executive Engineer Koramangala South Zone,Chairman BWSSB,Running,8500000.0,8500000.0,0.0,000427,2018-03-21,010563,2018-03-19,description,"Work description names Koramangala: ""…ter supply feeder lines in Ward No. 151 Koramangala…""",1,1,151-18-000028,https://accounts.bbmp.gov.in/vssWB/vss00CvStatusData.php?pAction=LoadPaymentGridData&pDateFrom=01-Jan-2018&pDateTo=31-Mar-2018&pBudgetHeadID=-1&pWardIDs=&pDDOID=-1&pDDOIDs=
92703,151-16-000006,000088,2016-06-30,Improvements to Drain at 17th B Main from 5th cross towards 2nd cross 5th block and Surrounding area in ward No.151 (Koramangala),151,198,ddo421  Assistant Executive Engineer Koramangala South Zone,Shivalingegowda N,First and Final,989935.0,876054.0,113881.0,000440,2018-03-27,010492,2018-03-15,description,"Work description names Koramangala: ""…ck and Surrounding area in ward No.151 (Koramangala)…""",1,0,151-16-000006,https://accounts.bbmp.gov.in/vssWB/vss00CvStatusData.php?pAction=LoadPaymentGridData&pDateFrom=01-Jan-2018&pDateTo=31-Mar-2018&pBudgetHeadID=-1&pWardIDs=&pDDOID=-1&pDDOIDs=
145425,151-15-000035,000141,2018-02-22,"Shifting of LT/HT Over head line, Poles & TC Structure near Wipro Park Junction in Koramangala O&M for the work of Improvements of Junction at Wipro signal. Iswarya signal in ward No. 151",151,198,ddo330  Executive Engineer T E C Central Zone,EWxecutive Engineer (TEC),Running,113060.0,113060.0,0.0,000004,2018-04-04,000189,2018-04-04,description,"Work description names Koramangala: ""…C Structure near Wipro Park Junction in Koramangala O&M for the work of Improveme…""",1,0,,https://accounts.bbmp.gov.in/vssWB/vss00CvStatusData.php?pAction=LoadPaymentGridData&pDateFrom=01-Apr-2018&pDateTo=30-Jun-2018&pBudgetHeadID=-1&pWardIDs=&pDDOID=-1&pDDOIDs=
145401,151-15-000035,000140,2018-02-22,"Shifting of LT/HT Over head line, Poles & TC Structure near Maharaja Hotel Signal in Koramangala O&M for the work of Improvements of Junction at Wipro signal. Iswarya signal in ward No. 151",151,198,ddo330  Executive Engineer T E C Central Zone,Executive Engineer (TEC),Running,75569.0,75569.0,0.0,000004,2018-04-04,000191,2018-04-04,description,"Work description names Koramangala: ""…Structure near Maharaja Hotel Signal in Koramangala O&M for the work of Improveme…""",1,0,,https://accounts.bbmp.gov.in/vssWB/vss00CvStatusData.php?pAction=LoadPaymentGridData&pDateFrom=01-Apr-2018&pDateTo=30-Jun-2018&pBudgetHeadID=-1&pWardIDs=&pDDOID=-1&pDDOIDs=
145454,151-15-000035,000142,2018-02-22,"Shifting of LT/HT Over head line, Poles & TC Structure near Aishwarya Store Junction,1st block in Koramangala O&M. for the work of Improvements of Junction at Wipro signal. Iswarya signal in ward No. 151",151,198,ddo330  Executive Engineer T E C Central Zone,Executive Engineer (TEC),Running,2604.0,2604.0,0.0,000004,2018-04-04,000192,2018-04-04,description,"Work description names Koramangala: ""…r Aishwarya Store Junction,1st block in Koramangala O&M. for the work of Improvem…""",1,0,,https://accounts.bbmp.gov.in/vssWB/vss00CvStatusData.php?pAction=LoadPaymentGridData&pDateFrom=01-Apr-2018&pDateTo=30-Jun-2018&pBudgetHeadID=-1&pWardIDs=&pDDOID=-1&pDDOIDs=
152922,151-17-000064,000178,2018-03-19,"Comprehensive Development of bad Roadsand Improvements to roads side drains footpaths, asphalting and concreting including culvertsSWD to selected main and other connecting roads of Packing No BTM 01, in ward no 151,in BTM Division of south zone (14 works )",151,198,ddo421  Assistant Executive Engineer Koramangala South Zone,M/s Amrutha Construction Pvt Ltd Sri. P Venkateshwara Roa,Running,28484591.0,27301576.0,1183015.0,000007,2018-04-06,000316,2018-04-06,ward_prefix,Booked to Koramangala ward (151 under the 198-ward map) (ward map inferred from the job-code year),1,0,151-17-000064,https://accounts.bbmp.gov.in/vssWB/vss00CvStatusData.php?pAction=LoadPaymentGridData&pDateFrom=01-Apr-2018&pDateTo=30-Jun-2018&pBudgetHeadID=-1&pWardIDs=&pDDOID=-1&pDDOIDs=
157554,147-18-000036,000006,2018-04-09,Restoration of BWSSB Road cut portion at Ambedkar park and surrounding areas 8th block koramangala and surrounding Areas at 8th block koramangala in Adugudi Ward NO 147,147,198,ddo421  Assistant Executive Engineer Koramangala South Zone,M/s KRIDL,First and Final,1283633.0,1182419.0,101214.0,000027,2018-04-26,000664,2018-04-24,description,"Work description names Koramangala: ""…ar park and surrounding areas 8th block koramangala and surrounding Areas at 8th…""",1,0,147-18-000036,https://accounts.bbmp.gov.in/vssWB/vss00CvStatusData.php?pAction=LoadPaymentGridData&pDateFrom=01-Apr-2018&pDateTo=30-Jun-2018&pBudgetHeadID=-1&pWardIDs=&pDDOID=-1&pDDOIDs=
157551,147-18-000041,000007,2018-04-09,Restoration of BWSSB Road cut portion at 1st Cross 1st B main and surrounding area 7th block koramangala in Adugudi ward NO 147,147,198,ddo421  Assistant Executive Engineer Koramangala South Zone,M/s KRIDL,First and Final,1200000.0,1099108.0,100892.0,000027,2018-04-26,000665,2018-04-24,description,"Work description names Koramangala: ""…t B main and surrounding area 7th block koramangala in Adugudi ward NO 147…""",1,0,147-18-000041,https://accounts.bbmp.gov.in/vssWB/vss00CvStatusData.php?pAction=LoadPaymentGridData&pDateFrom=01-Apr-2018&pDateTo=30-Jun-2018&pBudgetHeadID=-1&pWardIDs=&pDDOID=-1&pDDOIDs=
157531,147-18-000038,000014,2018-04-09,Restoration of BWSSB Road cut portion at Mangala kalyanamantapa road and AdgudiI main road in 8th block koramangala ward No 147,147,198,ddo421  Assistant Executive Engineer Koramangala South Zone,M/s KRIDL,First and Final,1198702.0,1103855.0,94847.0,000027,2018-04-26,000666,2018-04-24,description,"Work description names Koramangala: ""…road and AdgudiI main road in 8th block koramangala ward No 147…""",1,0,147-18-000038,https://accounts.bbmp.gov.in/vssWB/vss00CvStatusData.php?pAction=LoadPaymentGridData&pDateFrom=01-Apr-2018&pDateTo=30-Jun-2018&pBudgetHeadID=-1&pWardIDs=&pDDOID=-1&pDDOIDs=
157532,147-18-000035,000009,2018-04-09,Restoration of BWSSB Road cut portion at Chamundeswari park and surrounding area in 8th block koramangala Adugudi ward No 147,147,198,ddo421  Assistant Executive Engineer Koramangala South Zone,M/s KRIDL,First and Final,1198245.0,1103432.0,94813.0,000027,2018-04-26,000668,2018-04-25,description,"Work description names Koramangala: ""…park and surrounding area in 8th block koramangala Adugudi ward No 147…""",1,0,147-18-000035,https://accounts.bbmp.gov.in/vssWB/vss00CvStatusData.php?pAction=LoadPaymentGridData&pDateFrom=01-Apr-2018&pDateTo=30-Jun-2018&pBudgetHeadID=-1&pWardIDs=&pDDOID=-1&pDDOIDs=
157540,147-18-000040,000010,2018-04-09,"Restoration of BWSSB Road cut portion at 3rd Cross 4th Cross ,5th Cross Road 7th Block Koramangala in Adugudi ward NO 147",147,198,ddo421  Assistant Executive Engineer Koramangala South Zone,M/s KRIDL,First and Final,1199355.0,1104458.0,94897.0,000027,2018-04-26,000669,2018-04-25,description,"Work description names Koramangala: ""…oss 4th Cross ,5th Cross Road 7th Block Koramangala in Adugudi ward NO 147…""",1,0,147-18-000040,https://accounts.bbmp.gov.in/vssWB/vss00CvStatusData.php?pAction=LoadPaymentGridData&pDateFrom=01-Apr-2018&pDateTo=30-Jun-2018&pBudgetHeadID=-1&pWardIDs=&pDDOID=-1&pDDOIDs=
157558,147-18-000042,000011,2018-04-09,Restoration of BWSSB Road cut portion and other Improvements works at 1st cross and surrounding area at 8th Block Koramangala in Adugudi ward No 147,147,198,ddo421  Assistant Executive Engineer Koramangala South Zone,M/s KRIDL,First and Final,1195365.0,1101768.0,93597.0,000027,2018-04-26,000670,2018-04-25,description,"Work description names Koramangala: ""…cross and surrounding area at 8th Block Koramangala in Adugudi ward No 147…""",1,0,147-18-000042,https://accounts.bbmp.gov.in/vssWB/vss00CvStatusData.php?pAction=LoadPaymentGridData&pDateFrom=01-Apr-2018&pDateTo=30-Jun-2018&pBudgetHeadID=-1&pWardIDs=&pDDOID=-1&pDDOIDs=
157556,147-18-000037,000012,2018-04-09,Restoration of BWSSB Road cut portion at Shiva Temple and surrounding area 8th block Koramangala in Adugodi ward no 147,147,198,ddo421  Assistant Executive Engineer Koramangala South Zone,M/s KRIDL,First and Final,997623.0,917847.0,79776.0,000027,2018-04-26,000671,2018-04-25,description,"Work description names Koramangala: ""…a Temple and surrounding area 8th block Koramangala in Adugodi ward no 147…""",1,0,147-18-000037,https://accounts.bbmp.gov.in/vssWB/vss00CvStatusData.php?pAction=LoadPaymentGridData&pDateFrom=01-Apr-2018&pDateTo=30-Jun-2018&pBudgetHeadID=-1&pWardIDs=&pDDOID=-1&pDDOIDs=
157545,147-18-000039,000013,2018-04-09,Restoration of BWSSB Road cut portion at 1st Main 7th Block koramangala in Adugudi ward NO 147,147,198,ddo421  Assistant Executive Engineer Koramangala South Zone,M/s KRIDL,First and Final,1196954.0,1102237.0,94717.0,000027,2018-04-26,000672,2018-04-25,description,"Work description names Koramangala: ""…Road cut portion at 1st Main 7th Block koramangala in Adugudi ward NO 147…""",1,0,147-18-000039,https://accounts.bbmp.gov.in/vssWB/vss00CvStatusData.php?pAction=LoadPaymentGridData&pDateFrom=01-Apr-2018&pDateTo=30-Jun-2018&pBudgetHeadID=-1&pWardIDs=&pDDOID=-1&pDDOIDs=
56190,147-15-000022,000173,2016-07-30,Improvements to burial ground at 7th and 8th block Koramangala in ward no 147 (Adugodi),147,198,ddo421  Assistant Executive Engineer Koramangala South Zone,Nandish Gowda G R,First and Final,472038.0,409633.0,62405.0,000032,2018-05-03,000792,2018-04-30,description,"Work description names Koramangala: ""…s to burial ground at 7th and 8th block Koramangala in ward no 147 (Adugodi)…""",1,0,,https://accounts.bbmp.gov.in/vssWB/vss00CvStatusData.php?pAction=LoadPaymentGridData&pDateFrom=01-Apr-2018&pDateTo=30-Jun-2018&pBudgetHeadID=-1&pWardIDs=&pDDOID=-1&pDDOIDs=
95100,151-16-000009,000155,2016-07-30,Removing Resetting Desilting and Other Improvements to Existing Drain at 1st block 3rd block and Surrounding area roads in ward No.151(Koramangala),151,198,ddo421  Assistant Executive Engineer Koramangala South Zone,Sri. N Venkatesh Babu,First and Final,786475.0,695427.0,91048.0,000032,2018-05-03,000835,2018-04-30,description,"Work description names Koramangala: ""…d Surrounding area roads in ward No.151(Koramangala)…""",1,0,151-16-000009,https://accounts.bbmp.gov.in/vssWB/vss00CvStatusData.php?pAction=LoadPaymentGridData&pDateFrom=01-Apr-2018&pDateTo=30-Jun-2018&pBudgetHeadID=-1&pWardIDs=&pDDOID=-1&pDDOIDs=
152933,151-16-000017,000053,2018-03-22,Improvements to park next to Naidu Kalyana Mantapa in Koramangala in ward no 151,151,198,ddo422  Executive Engineer Project - South Zone,SRI P SURESH KUMAR,First and Final,1956925.0,1817975.0,138950.0,000043,2018-05-09,001113,2018-05-07,description,"Work description names Koramangala: ""…o park next to Naidu Kalyana Mantapa in Koramangala in ward no 151…""",1,0,151-16-000017,https://accounts.bbmp.gov.in/vssWB/vss00CvStatusData.php?pAction=LoadPaymentGridData&pDateFrom=01-Apr-2018&pDateTo=30-Jun-2018&pBudgetHeadID=-1&pWardIDs=&pDDOID=-1&pDDOIDs=
68114,151-14-000002,000196,2016-08-31,Emegency grant for the year 2013 14 in ward No.151 Koramangala,151,198,ddo421  Assistant Executive Engineer Koramangala South Zone,Patel B,First and Final,1970830.0,1686032.0,284798.0,000052,2018-05-18,001471,2018-05-16,description,"Work description names Koramangala: ""…ant for the year 2013 14 in ward No.151 Koramangala…""",1,0,,https://accounts.bbmp.gov.in/vssWB/vss00CvStatusData.php?pAction=LoadPaymentGridData&pDateFrom=01-Apr-2018&pDateTo=30-Jun-2018&pBudgetHeadID=-1&pWardIDs=&pDDOID=-1&pDDOIDs=
161095,151-17-000064,000027,2018-04-27,"Providing PMC Service including Quality Control and supervising for the work of Comprehensive Development of bad Roadsand Improvements to roads side drains footpaths, asphalting and concreting including culvertsSWD to selected main and other connecting roads of Packing No BTM 01, in ward no 151,in BTM Division of south zone (14 works )",151,198,ddo421  Assistant Executive Engineer Koramangala South Zone,M/s SV Civil Engineering Consultants,Running,1443200.0,1298880.0,144320.0,000055,2018-05-21,001569,2018-05-18,ward_prefix,Booked to Koramangala ward (151 under the 198-ward map) (ward map inferred from the job-code year),1,0,151-17-000064,https://accounts.bbmp.gov.in/vssWB/vss00CvStatusData.php?pAction=LoadPaymentGridData&pDateFrom=01-Apr-2018&pDateTo=30-Jun-2018&pBudgetHeadID=-1&pWardIDs=&pDDOID=-1&pDDOIDs=
24751,151-13-000033,000026,2016-02-29,Providing pre coated galvaluminium sheet cladding to boundary line at Koramangala industrial area in ward no 151,151,198,ddo341  Assistant Executive Engineer M P E D Central Zone,Technical Manager (South),Final,10716182.0,6420816.0,4295366.0,000063,2018-06-01,001988,2018-05-26,description,"Work description names Koramangala: ""…nium sheet cladding to boundary line at Koramangala industrial area in ward no 15…""",1,1,151-13-000033,https://accounts.bbmp.gov.in/vssWB/vss00CvStatusData.php?pAction=LoadPaymentGridData&pDateFrom=01-Apr-2018&pDateTo=30-Jun-2018&pBudgetHeadID=-1&pWardIDs=&pDDOID=-1&pDDOIDs=
84269,151-17-000012,000303,2017-03-31,"Providing street light fittings, poles, timers, cable, ABC in Koramangala village Kathalipalya and surrounding area in ward no 151",151,198,ddo258  Executive Engineer Electrical South Zone,KRIDL,First and Final,2497665.0,2132983.0,364682.0,000065,2018-06-01,001891,2018-05-25,description,"Work description names Koramangala: ""…fittings, poles, timers, cable, ABC in Koramangala village Kathalipalya and surr…""",1,0,151-17-000012,https://accounts.bbmp.gov.in/vssWB/vss00CvStatusData.php?pAction=LoadPaymentGridData&pDateFrom=01-Apr-2018&pDateTo=30-Jun-2018&pBudgetHeadID=-1&pWardIDs=&pDDOID=-1&pDDOIDs=
84311,151-17-000009,000304,2017-03-31,"Providing street light fittings, poles, timers, cable, ABC to important roads in Koramangala 3rd block and surrounding area in ward no 151",151,198,ddo258  Executive Engineer Electrical South Zone,KRIDL,First and Final,2497783.0,2133084.0,364699.0,000065,2018-06-01,001892,2018-05-25,description,"Work description names Koramangala: ""…imers, cable, ABC to important roads in Koramangala 3rd block and surrounding are…""",1,0,151-17-000009,https://accounts.bbmp.gov.in/vssWB/vss00CvStatusData.php?pAction=LoadPaymentGridData&pDateFrom=01-Apr-2018&pDateTo=30-Jun-2018&pBudgetHeadID=-1&pWardIDs=&pDDOID=-1&pDDOIDs=
84313,151-17-000010,000305,2017-03-31,"Providing street light fittings, poles, timers, cable, ABC to important roads in Koramangala 1st block and surrounding area in ward no 151",151,198,ddo258  Executive Engineer Electrical South Zone,KRIDL,First and Final,2498350.0,2133575.0,364775.0,000065,2018-06-01,001893,2018-05-25,description,"Work description names Koramangala: ""…imers, cable, ABC to important roads in Koramangala 1st block and surrounding are…""",1,0,151-17-000010,https://accounts.bbmp.gov.in/vssWB/vss00CvStatusData.php?pAction=LoadPaymentGridData&pDateFrom=01-Apr-2018&pDateTo=30-Jun-2018&pBudgetHeadID=-1&pWardIDs=&pDDOID=-1&pDDOIDs=
84307,151-17-000011,000306,2017-03-31,"Providing street light fittings, poles, timers, cable, ABC to important roads in Koramangala 6th block and surrounding area in ward no 151",151,198,ddo258  Executive Engineer Electrical South Zone,KRIDL,First and Final,2497574.0,2132904.0,364670.0,000065,2018-06-01,001895,2018-05-25,description,"Work description names Koramangala: ""…imers, cable, ABC to important roads in Koramangala 6th block and surrounding are…""",1,0,151-17-000011,https://accounts.bbmp.gov.in/vssWB/vss00CvStatusData.php?pAction=LoadPaymentGridData&pDateFrom=01-Apr-2018&pDateTo=30-Jun-2018&pBudgetHeadID=-1&pWardIDs=&pDDOID=-1&pDDOIDs=
163700,151-18-000050,000047,2018-05-17,Improvements of BBMP park in 2nd block Koramangala Opp to Kendriya Sadana Gate in ward no 151 Koramangala,151,198,ddo421  Assistant Executive Engineer Koramangala South Zone,M/s KRIDL,First and Final,4007255.0,3701536.0,305719.0,000073,2018-06-06,002079,2018-05-31,description,"Work description names Koramangala: ""…Improvements of BBMP park in 2nd block Koramangala Opp to Kendriya Sadana Gate i…""",1,0,151-18-000050,https://accounts.bbmp.gov.in/vssWB/vss00CvStatusData.php?pAction=LoadPaymentGridData&pDateFrom=01-Apr-2018&pDateTo=30-Jun-2018&pBudgetHeadID=-1&pWardIDs=&pDDOID=-1&pDDOIDs=
165734,151-18-000053,000031,2018-05-28,Improvements of Storm water drain Allied works in BTM Layout Constituency Koramangala Valley,151,198,ddo313  Chief Engineer SWD Central Zone,M/s DRF Constructions Pvt. Ltd,First and Final,4807000.0,4644690.0,162310.0,000084,2018-06-14,002441,2018-06-12,ward_prefix,Booked to Koramangala ward (151 under the 198-ward map) (ward map inferred from the job-code year),0,0,151-18-000053,https://accounts.bbmp.gov.in/vssWB/vss00CvStatusData.php?pAction=LoadPaymentGridData&pDateFrom=01-Apr-2018&pDateTo=30-Jun-2018&pBudgetHeadID=-1&pWardIDs=&pDDOID=-1&pDDOIDs=
164045,151-16-000112,000051,2018-05-19,Improvements to drian and roads at mestry palya village in ward no 151,151,198,ddo421  Assistant Executive Engineer Koramangala South Zone,Sri. Sunil J,First and Final,416371.0,377484.0,38887.0,000100,2018-06-25,002645,2018-06-18,ward_prefix,Booked to Koramangala ward (151 under the 198-ward map) (ward map inferred from the job-code year),1,0,,https://accounts.bbmp.gov.in/vssWB/vss00CvStatusData.php?pAction=LoadPaymentGridData&pDateFrom=01-Apr-2018&pDateTo=30-Jun-2018&pBudgetHeadID=-1&pWardIDs=&pDDOID=-1&pDDOIDs=
164066,151-16-000113,000052,2018-05-19,Providing concreting to road cutting portion @ koramangala village mestri palya village in ward no 151 koramangala,151,198,ddo421  Assistant Executive Engineer Koramangala South Zone,Sri. Sunil J,First and Final,905665.0,814252.0,91413.0,000100,2018-06-25,002646,2018-06-18,description,"Work description names Koramangala: ""…ng concreting to road cutting portion @ koramangala village mestri palya village…""",1,1,151-16-000113,https://accounts.bbmp.gov.in/vssWB/vss00CvStatusData.php?pAction=LoadPaymentGridData&pDateFrom=01-Apr-2018&pDateTo=30-Jun-2018&pBudgetHeadID=-1&pWardIDs=&pDDOID=-1&pDDOIDs=
55019,151-15-000013,000196,2016-09-14,Urgent work under emergency grant for the year 2014 15 in ward No 151. Koramangala,151,198,ddo258  Executive Engineer Electrical South Zone,Satish Nayak,Final,59842.0,52602.0,7240.0,000103,2018-06-27,002921,2018-06-25,description,"Work description names Koramangala: ""…nt for the year 2014 15 in ward No 151. Koramangala…""",1,0,151-15-000013,https://accounts.bbmp.gov.in/vssWB/vss00CvStatusData.php?pAction=LoadPaymentGridData&pDateFrom=01-Apr-2018&pDateTo=30-Jun-2018&pBudgetHeadID=-1&pWardIDs=&pDDOID=-1&pDDOIDs=
56495,307-15-000026,000195,2016-09-29,Excavation of accumulated earth for preventing flood from Adugodi main road to Koramangala 80 feet road in K-113 Ward no.147 Audugodi,307,dept,ddo313  Chief Engineer SWD Central Zone,Sri.Prasanna Kumar,Running,364450.0,340200.0,24250.0,000103,2018-06-27,002984,2018-06-26,description,"Work description names Koramangala: ""…venting flood from Adugodi main road to Koramangala 80 feet road in K-113 Ward no…""",1,0,,https://accounts.bbmp.gov.in/vssWB/vss00CvStatusData.php?pAction=LoadPaymentGridData&pDateFrom=01-Apr-2018&pDateTo=30-Jun-2018&pBudgetHeadID=-1&pWardIDs=&pDDOID=-1&pDDOIDs=
168037,148-17-000028,000061,2018-06-11,Comprehensive development works in NGV Complex in ward No. 148 (Ejipura),148,198,ddo421  Assistant Executive Engineer Koramangala South Zone,M/s KRIDL,First and Final,4983503.0,4608373.0,375130.0,000104,2018-07-02,002977,2018-06-25,description,"Work description names Koramangala: ""…Comprehensive development works in NGV Complex in ward No. 148 (Ejip…""",1,0,148-17-000028,https://accounts.bbmp.gov.in/vssWB/vss00CvStatusData.php?pAction=LoadPaymentGridData&pDateFrom=01-Jul-2018&pDateTo=30-Sep-2018&pBudgetHeadID=-1&pWardIDs=&pDDOID=-1&pDDOIDs=
113653,151-15-000005,000147,2017-06-30,Maintenance and repairs of bore wells for the year 2014-15 in ward No 151 Koramanagala,151,198,ddo421  Assistant Executive Engineer Koramangala South Zone,Venkataraju K,First and Final,496076.0,440012.0,56064.0,000107,2018-07-02,003180,2018-06-29,description,"Work description names Koramangala: ""…lls for the year 2014-15 in ward No 151 Koramanagala…""",1,0,,https://accounts.bbmp.gov.in/vssWB/vss00CvStatusData.php?pAction=LoadPaymentGridData&pDateFrom=01-Jul-2018&pDateTo=30-Sep-2018&pBudgetHeadID=-1&pWardIDs=&pDDOID=-1&pDDOIDs=
84121,307-15-000029,000323,2017-03-27,Excavation of accumulated earth for preventing flood from Bannerughatta road upto joining point K-200 in Kormanagala valley K-206 Ward no.171 Gurappanapalya,307,dept,ddo313  Chief Engineer SWD Central Zone,Sri.Prakash Babu,Running,1085250.0,1018100.0,67150.0,000108,2018-07-02,002893,2018-06-25,description,"Work description names Koramangala: ""…ghatta road upto joining point K-200 in Kormanagala valley K-206 Ward no.171 Gura…""",1,0,307-15-000029,https://accounts.bbmp.gov.in/vssWB/vss00CvStatusData.php?pAction=LoadPaymentGridData&pDateFrom=01-Jul-2018&pDateTo=30-Sep-2018&pBudgetHeadID=-1&pWardIDs=&pDDOID=-1&pDDOIDs=
94580,151-15-000002,000396,2017-03-31,Asphalting to road cutting portion and bad reaches for the year 2014 15 in ward No 151 Koramangala,151,198,ddo421  Assistant Executive Engineer Koramangala South Zone,Sri. K R Pratheek,First and Final,922528.0,809129.0,113399.0,000108,2018-07-02,003018,2018-06-26,description,"Work description names Koramangala: ""…hes for the year 2014 15 in ward No 151 Koramangala…""",1,0,151-15-000002,https://accounts.bbmp.gov.in/vssWB/vss00CvStatusData.php?pAction=LoadPaymentGridData&pDateFrom=01-Jul-2018&pDateTo=30-Sep-2018&pBudgetHeadID=-1&pWardIDs=&pDDOID=-1&pDDOIDs=
47081,151-16-000008,000089,2016-06-30,"Providing flagging course and covering slab to drain at 18th Main,4th cross and surrounding area 6th block in ward No.151 (Koramangala)",151,198,ddo421  Assistant Executive Engineer Koramangala South Zone,Chandrashekar M R,Running,989789.0,863982.0,125807.0,000125,2018-07-16,003467,2018-07-10,description,"Work description names Koramangala: ""…rounding area 6th block in ward No.151 (Koramangala)…""",1,0,151-16-000008,https://accounts.bbmp.gov.in/vssWB/vss00CvStatusData.php?pAction=LoadPaymentGridData&pDateFrom=01-Jul-2018&pDateTo=30-Sep-2018&pBudgetHeadID=-1&pWardIDs=&pDDOID=-1&pDDOIDs=
127988,151-16-000001,000039,2017-12-12,Operation and Maintenance of Street Lighting System in Ward No.151 Package S-27 of South Zone,151,198,ddo258  Executive Engineer Electrical South Zone,M/S Vijayalakshmi Associates,Running,1429529.0,1313532.0,115997.0,000127,2018-07-18,003580,2018-07-11,ward_prefix,Booked to Koramangala ward (151 under the 198-ward map) (ward map inferred from the job-code year),1,1,151-16-000001,https://accounts.bbmp.gov.in/vssWB/vss00CvStatusData.php?pAction=LoadPaymentGridData&pDateFrom=01-Jul-2018&pDateTo=30-Sep-2018&pBudgetHeadID=-1&pWardIDs=&pDDOID=-1&pDDOIDs=
69680,151-17-000002,000269,2017-01-16,Size Stone Masonary in SWD K-11e Koramangala 8th block near ajendranagar slum in ward no 151,151,198,ddo313  Chief Engineer SWD Central Zone,KRIDL,First and Final,794500.0,672600.0,121900.0,000128,2018-07-18,003824,2018-07-16,description,"Work description names Koramangala: ""…Size Stone Masonary in SWD K-11e Koramangala 8th block near ajendranagar s…""",1,0,151-17-000002,https://accounts.bbmp.gov.in/vssWB/vss00CvStatusData.php?pAction=LoadPaymentGridData&pDateFrom=01-Jul-2018&pDateTo=30-Sep-2018&pBudgetHeadID=-1&pWardIDs=&pDDOID=-1&pDDOIDs=
75996,307-15-000028,000299,2017-03-01,Excavation of accumulated earth for preventing flood from Ch: 7000 to 8500m in K-104 near NGV Ward no.148 Ejipura,307,dept,ddo313  Chief Engineer SWD Central Zone,Sri.B.P.Naveen,Running,1019050.0,951100.0,67950.0,000142,2018-07-26,003980,2018-07-19,description,"Work description names Koramangala: ""…od from Ch: 7000 to 8500m in K-104 near NGV Ward no.148 Ejipura…""",1,0,,https://accounts.bbmp.gov.in/vssWB/vss00CvStatusData.php?pAction=LoadPaymentGridData&pDateFrom=01-Jul-2018&pDateTo=30-Sep-2018&pBudgetHeadID=-1&pWardIDs=&pDDOID=-1&pDDOIDs=
152552,151-16-000001,000118,2018-03-17,Operation and Maintenance of Street Lighting System in Ward No.151 Package S-27 of South Zone,151,198,ddo258  Executive Engineer Electrical South Zone,M/S Vijayalakshmi Associates,Running,486644.0,449092.0,37552.0,000146,2018-07-27,004311,2018-07-25,ward_prefix,Booked to Koramangala ward (151 under the 198-ward map) (ward map inferred from the job-code year),1,1,151-16-000001,https://accounts.bbmp.gov.in/vssWB/vss00CvStatusData.php?pAction=LoadPaymentGridData&pDateFrom=01-Jul-2018&pDateTo=30-Sep-2018&pBudgetHeadID=-1&pWardIDs=&pDDOID=-1&pDDOIDs=
89638,151-16-000034,000363,2017-02-08,"Improvements to road side drains and footpath at 16th A1, Mestry Palya main road (Parallel to 100 ft road) and surroundings cross roads in 4th B block in ward no 151 Koramangala",151,198,ddo421  Assistant Executive Engineer Koramangala South Zone,M/s KRIDL,First and Final,8909211.0,7854303.0,1054908.0,000152,2018-08-03,004540,2018-07-28,description,"Work description names Koramangala: ""…oss roads in 4th B block in ward no 151 Koramangala…""",1,1,151-16-000034,https://accounts.bbmp.gov.in/vssWB/vss00CvStatusData.php?pAction=LoadPaymentGridData&pDateFrom=01-Jul-2018&pDateTo=30-Sep-2018&pBudgetHeadID=-1&pWardIDs=&pDDOID=-1&pDDOIDs=
111965,R-174-18-000001,000473,2013-12-30,Construction of new drains and paving concrete lanes of Ibbaluru village,174,225,ddo440  Assistant Executive Engineer Bommanahalli Sub Division Bomanahalli Zone,KRIDL,Final,2015897.0,1708094.0,307803.0,000153,2018-08-03,004471,2018-07-27,ward_prefix,Booked to Koramangala ward (174 under the 225-ward map) (ward map inferred from the job-code year),0,0,r-174-18-000001,https://accounts.bbmp.gov.in/vssWB/vss00CvStatusData.php?pAction=LoadPaymentGridData&pDateFrom=01-Jul-2018&pDateTo=30-Sep-2018&pBudgetHeadID=-1&pWardIDs=&pDDOID=-1&pDDOIDs=
180520,304-17-000105,000031,2018-07-21,"Construction of Elevated corridor by integrating Ejipura main road-Inner Ring Road junction, Sony World junction and Kendriya Sadana junction along 100ft. Inner Ring Road, Koramangala, Bangalore.",304,dept,ddo341  Assistant Executive Engineer M P E D Central Zone,M/s Simplex Infrastructures Limited,Running,74128860.0,72819360.0,1309500.0,000154,2018-08-04,004828,2018-08-03,description,"Work description names Koramangala: ""…junction along 100ft. Inner Ring Road, Koramangala, Bangalore.…""",1,1,304-17-000105,https://accounts.bbmp.gov.in/vssWB/vss00CvStatusData.php?pAction=LoadPaymentGridData&pDateFrom=01-Jul-2018&pDateTo=30-Sep-2018&pBudgetHeadID=-1&pWardIDs=&pDDOID=-1&pDDOIDs=
35081,304-14-000047,000067,2015-12-16,Improvements to Drain and footpath and Asphalting to Koramangala 80 feet Road (from Sarjapur Road to Sony world),304,dept,ddo316  Executive Engineer Major Road South Central Zone,M/s KRIDL,Final,3817850.0,3349431.0,468419.0,000169,2018-08-14,004956,2018-08-07,description,"Work description names Koramangala: ""…to Drain and footpath and Asphalting to Koramangala 80 feet Road (from Sarjapur R…""",1,0,304-14-000047,https://accounts.bbmp.gov.in/vssWB/vss00CvStatusData.php?pAction=LoadPaymentGridData&pDateFrom=01-Jul-2018&pDateTo=30-Sep-2018&pBudgetHeadID=-1&pWardIDs=&pDDOID=-1&pDDOIDs=
35086,304-14-000048,000065,2015-12-16,Improvements to Drain and footpath and Asphalting to Koramangala 80 feet Road (from Sony world to Ejipura Drain),304,dept,ddo316  Executive Engineer Major Road South Central Zone,M/s KRIDL,Final,1789624.0,1558720.0,230904.0,000169,2018-08-14,004958,2018-08-07,description,"Work description names Koramangala: ""…to Drain and footpath and Asphalting to Koramangala 80 feet Road (from Sony world…""",1,0,304-14-000048,https://accounts.bbmp.gov.in/vssWB/vss00CvStatusData.php?pAction=LoadPaymentGridData&pDateFrom=01-Jul-2018&pDateTo=30-Sep-2018&pBudgetHeadID=-1&pWardIDs=&pDDOID=-1&pDDOIDs=
94386,151-15-000011,000399,2017-03-31,Providing cement concrete to 5th cross 4th block in ward No 151 Koramangala,151,198,ddo421  Assistant Executive Engineer Koramangala South Zone,Sri. K R Pratheek,Final,2461203.0,2168010.0,293193.0,000174,2018-08-18,005173,2018-08-14,description,"Work description names Koramangala: ""…e to 5th cross 4th block in ward No 151 Koramangala…""",1,0,151-15-000011,https://accounts.bbmp.gov.in/vssWB/vss00CvStatusData.php?pAction=LoadPaymentGridData&pDateFrom=01-Jul-2018&pDateTo=30-Sep-2018&pBudgetHeadID=-1&pWardIDs=&pDDOID=-1&pDDOIDs=
94384,151-16-000005,000414,2017-03-31,Construction of New Culverts and Maintainance of Existing Damaged Culverts at 5th 6th 8th block and surrounding area for the year 2015-16 in ward No.151 (Koramangala),151,198,ddo421  Assistant Executive Engineer Koramangala South Zone,Sri. Narasimha N,Final,1026960.0,904970.0,121990.0,000174,2018-08-18,005179,2018-08-14,description,"Work description names Koramangala: ""…ea for the year 2015-16 in ward No.151 (Koramangala)…""",1,1,151-16-000005,https://accounts.bbmp.gov.in/vssWB/vss00CvStatusData.php?pAction=LoadPaymentGridData&pDateFrom=01-Jul-2018&pDateTo=30-Sep-2018&pBudgetHeadID=-1&pWardIDs=&pDDOID=-1&pDDOIDs=
91055,151-16-000003,000045,2017-05-30,Annual Maintainance work for the year 2015-16 in ward No.151 (Koramangala),151,198,ddo421  Assistant Executive Engineer Koramangala South Zone,Sri. M Nagesh,First and Final,1257684.0,1105504.0,152180.0,000189,2018-09-03,005521,2018-08-29,description,"Work description names Koramangala: ""…rk for the year 2015-16 in ward No.151 (Koramangala)…""",1,0,,https://accounts.bbmp.gov.in/vssWB/vss00CvStatusData.php?pAction=LoadPaymentGridData&pDateFrom=01-Jul-2018&pDateTo=30-Sep-2018&pBudgetHeadID=-1&pWardIDs=&pDDOID=-1&pDDOIDs=
180721,151-17-000111,000081,2018-08-04,Construction and improvements of toilets in W N 151 Koramangala,151,198,ddo421  Assistant Executive Engineer Koramangala South Zone,M/s KRIDL,First and Final,2997566.0,2747883.0,249683.0,000194,2018-09-06,005603,2018-09-04,description,"Work description names Koramangala: ""…and improvements of toilets in W N 151 Koramangala…""",1,0,151-17-000111,https://accounts.bbmp.gov.in/vssWB/vss00CvStatusData.php?pAction=LoadPaymentGridData&pDateFrom=01-Jul-2018&pDateTo=30-Sep-2018&pBudgetHeadID=-1&pWardIDs=&pDDOID=-1&pDDOIDs=
129779,151-17-000079,000092,2017-12-14,Drilling of Borewells in Koramangala and surrounding areas in Ward No.151 (Koramangala),151,198,ddo421  Assistant Executive Engineer Koramangala South Zone,Sathis Nayak,First and Final,2912387.0,2690610.0,221777.0,000204,2018-09-14,005710,2018-09-07,description,"Work description names Koramangala: ""…Drilling of Borewells in Koramangala and surrounding areas in Ward…""",1,1,151-17-000079,https://accounts.bbmp.gov.in/vssWB/vss00CvStatusData.php?pAction=LoadPaymentGridData&pDateFrom=01-Jul-2018&pDateTo=30-Sep-2018&pBudgetHeadID=-1&pWardIDs=&pDDOID=-1&pDDOIDs=
129773,151-17-000039,000093,2017-12-14,Annual maintenence and repair of borewells and water supply pipelines in ward no 151,151,198,ddo421  Assistant Executive Engineer Koramangala South Zone,Sathish Nayak,First and Final,1450844.0,1341836.0,109008.0,000204,2018-09-14,005711,2018-09-07,ward_prefix,Booked to Koramangala ward (151 under the 198-ward map) (ward map inferred from the job-code year),1,1,151-17-000039,https://accounts.bbmp.gov.in/vssWB/vss00CvStatusData.php?pAction=LoadPaymentGridData&pDateFrom=01-Jul-2018&pDateTo=30-Sep-2018&pBudgetHeadID=-1&pWardIDs=&pDDOID=-1&pDDOIDs=
192685,304-15-000371,000010,2018-09-15,Improvements and Development of Beauty Spot Park in Koramangala.,304,dept,ddo316  Executive Engineer Major Road South Central Zone,B Y Perumaiah,Running,5902575.0,5777320.0,125255.0,000205,2018-09-18,005767,2018-09-17,description,"Work description names Koramangala: ""…and Development of Beauty Spot Park in Koramangala.…""",1,1,304-15-000371,https://accounts.bbmp.gov.in/vssWB/vss00CvStatusData.php?pAction=LoadPaymentGridData&pDateFrom=01-Jul-2018&pDateTo=30-Sep-2018&pBudgetHeadID=-1&pWardIDs=&pDDOID=-1&pDDOIDs=
183048,151-18-000034,000100,2018-08-16,Construction of Leaf Compost Building and providing High capacity Leaf Shredder machine in HT Line in Ward No. 151 Koramangala,151,198,ddo421  Assistant Executive Engineer Koramangala South Zone,M/s KRIDL,Running,2423130.0,2240504.0,182626.0,000208,2018-09-20,005805,2018-09-18,description,"Work description names Koramangala: ""…dder machine in HT Line in Ward No. 151 Koramangala…""",1,0,151-18-000034,https://accounts.bbmp.gov.in/vssWB/vss00CvStatusData.php?pAction=LoadPaymentGridData&pDateFrom=01-Jul-2018&pDateTo=30-Sep-2018&pBudgetHeadID=-1&pWardIDs=&pDDOID=-1&pDDOIDs=
129159,151-18-000012,000063,2017-12-12,Construction of RCC Box Culvert and drains at 80 feet Ring Road opposite to BMTC and Construction of drain at Jakkasandra extension in ward No.151,151,198,ddo313  Chief Engineer SWD Central Zone,Manjunath S,Running,7909000.0,7420400.0,488600.0,000228,2018-10-12,006262,2018-10-07,ward_prefix,Booked to Koramangala ward (151 under the 198-ward map) (ward map inferred from the job-code year),0,0,151-18-000012,https://accounts.bbmp.gov.in/vssWB/vss00CvStatusData.php?pAction=LoadPaymentGridData&pDateFrom=01-Oct-2018&pDateTo=31-Dec-2018&pBudgetHeadID=-1&pWardIDs=&pDDOID=-1&pDDOIDs=
138139,151-18-000012,000106,2018-01-17,Construction of RCC Box Culvert and drains at 80 feet Ring Road opposite to BMTC and Construction of drain at Jakkasandra extension in ward No.151,151,198,ddo313  Chief Engineer SWD Central Zone,Manjunath S,Second and Final,7328500.0,7131000.0,197500.0,000228,2018-10-12,006263,2018-10-07,ward_prefix,Booked to Koramangala ward (151 under the 198-ward map) (ward map inferred from the job-code year),0,0,151-18-000012,https://accounts.bbmp.gov.in/vssWB/vss00CvStatusData.php?pAction=LoadPaymentGridData&pDateFrom=01-Oct-2018&pDateTo=31-Dec-2018&pBudgetHeadID=-1&pWardIDs=&pDDOID=-1&pDDOIDs=
107553,147-17-000004,019,,Improvements to park in 7th block Koramangala in ward no 147,147,198,ddo422  Executive Engineer Project - South Zone,KRIDL,First and Final,1132400.0,965893.0,166507.0,000230,2018-10-12,006095,2018-10-03,description,"Work description names Koramangala: ""…Improvements to park in 7th block Koramangala in ward no 147…""",1,0,147-17-000004,https://accounts.bbmp.gov.in/vssWB/vss00CvStatusData.php?pAction=LoadPaymentGridData&pDateFrom=01-Oct-2018&pDateTo=31-Dec-2018&pBudgetHeadID=-1&pWardIDs=&pDDOID=-1&pDDOIDs=
143883,147-13-000042,000176,2016-08-22,Improvements to drain and beautification of footpath at 20th main road Reach-1 and surrounding roads at 7th block Koramangala in ward no 147,147,198,ddo421  Assistant Executive Engineer Koramangala South Zone,M/s KRIDL,Second and Final,185232.0,156323.0,28909.0,000231,2018-10-12,006085,2018-10-01,description,"Work description names Koramangala: ""…ch-1 and surrounding roads at 7th block Koramangala in ward no 147…""",1,0,147-13-000042,https://accounts.bbmp.gov.in/vssWB/vss00CvStatusData.php?pAction=LoadPaymentGridData&pDateFrom=01-Oct-2018&pDateTo=31-Dec-2018&pBudgetHeadID=-1&pWardIDs=&pDDOID=-1&pDDOIDs=
182906,151-18-000013,000094,2018-07-31,Construction of RCC Box drain from Mesthry playa Lake to Joining of K-100 in 4th Block Koramangala in ward No. 151,151,198,ddo313  Chief Engineer SWD Central Zone,G M Ravindra,Running,9386000.0,9156700.0,229300.0,000232,2018-10-12,006351,2018-10-07,description,"Work description names Koramangala: ""…playa Lake to Joining of  in 4th Block Koramangala in ward No. 151…""",0,0,151-18-000013,https://accounts.bbmp.gov.in/vssWB/vss00CvStatusData.php?pAction=LoadPaymentGridData&pDateFrom=01-Oct-2018&pDateTo=31-Dec-2018&pBudgetHeadID=-1&pWardIDs=&pDDOID=-1&pDDOIDs=
142606,147-17-000088,000136,2018-02-08,"Additional contsruction of Govt.School,Rajendranagar, 8th block Koramangala in Adugodi ward No.147",147,198,ddo421  Assistant Executive Engineer Koramangala South Zone,K Satish Nayak,First and Final,1901288.0,1747296.0,153992.0,000241,2018-10-16,006642,2018-10-12,description,"Work description names Koramangala: ""…of Govt.School,Rajendranagar, 8th block Koramangala in Adugodi ward No.147…""",1,1,147-17-000088,https://accounts.bbmp.gov.in/vssWB/vss00CvStatusData.php?pAction=LoadPaymentGridData&pDateFrom=01-Oct-2018&pDateTo=31-Dec-2018&pBudgetHeadID=-1&pWardIDs=&pDDOID=-1&pDDOIDs=
190493,151-18-000014,000058,2018-09-03,Providing Street lights Timer Control and other Public lighting accessories in Koramangala and surrounding areas ward no 151,151,198,ddo258  Executive Engineer Electrical South Zone,"Executive Engineer-3, Karnataka Rural Infrastructure",First and Final,4998957.0,4469067.0,529890.0,000245,2018-10-17,006830,2018-10-16,description,"Work description names Koramangala: ""…nd other Public lighting accessories in Koramangala and surrounding areas ward no…""",0,0,151-18-000014,https://accounts.bbmp.gov.in/vssWB/vss00CvStatusData.php?pAction=LoadPaymentGridData&pDateFrom=01-Oct-2018&pDateTo=31-Dec-2018&pBudgetHeadID=-1&pWardIDs=&pDDOID=-1&pDDOIDs=
196996,151-18-000052,000121,2018-09-29,Providing LED Street lights in ward no 151,151,198,ddo258  Executive Engineer Electrical South Zone,"Executive Engineer-3, KRIDL",First and Final,995883.0,890319.0,105564.0,000251,2018-10-27,006959,2018-10-26,ward_prefix,Booked to Koramangala ward (151 under the 198-ward map) (ward map inferred from the job-code year),0,0,151-18-000052,https://accounts.bbmp.gov.in/vssWB/vss00CvStatusData.php?pAction=LoadPaymentGridData&pDateFrom=01-Oct-2018&pDateTo=31-Dec-2018&pBudgetHeadID=-1&pWardIDs=&pDDOID=-1&pDDOIDs=
197172,151-18-000015,000129,2018-09-29,Repairs and Upgradation of lightings at parks and play grounds at Koramangala ward no 151,151,198,ddo258  Executive Engineer Electrical South Zone,"Executive Engineer -3, KRIDL",First and Final,3482978.0,3113782.0,369196.0,000251,2018-10-27,006964,2018-10-26,description,"Work description names Koramangala: ""…lightings at parks and play grounds at Koramangala ward no 151…""",0,0,151-18-000015,https://accounts.bbmp.gov.in/vssWB/vss00CvStatusData.php?pAction=LoadPaymentGridData&pDateFrom=01-Oct-2018&pDateTo=31-Dec-2018&pBudgetHeadID=-1&pWardIDs=&pDDOID=-1&pDDOIDs=
196029,151-18-000035,000159,2018-10-06,Beautification of various Black spots in Ward 151 Koramangala,151,198,ddo421  Assistant Executive Engineer Koramangala South Zone,Sri. Hitesh Kumar S,First and Final,816206.0,758418.0,57788.0,000251,2018-10-27,006970,2018-10-26,description,"Work description names Koramangala: ""…tion of various Black spots in Ward 151 Koramangala…""",0,0,,https://accounts.bbmp.gov.in/vssWB/vss00CvStatusData.php?pAction=LoadPaymentGridData&pDateFrom=01-Oct-2018&pDateTo=31-Dec-2018&pBudgetHeadID=-1&pWardIDs=&pDDOID=-1&pDDOIDs=
95267,151-14-000004,000400,2017-03-31,Providing concreting to road cut portion in Siddartha Colony in ward no 151,151,198,ddo421  Assistant Executive Engineer Koramangala South Zone,M/s KRIDL,First and Final,1808854.0,1538905.0,269949.0,000254,2018-10-30,006991,2018-10-27,ward_prefix,Booked to Koramangala ward (151 under the 198-ward map) (ward map inferred from the job-code year),1,0,151-14-000004,https://accounts.bbmp.gov.in/vssWB/vss00CvStatusData.php?pAction=LoadPaymentGridData&pDateFrom=01-Oct-2018&pDateTo=31-Dec-2018&pBudgetHeadID=-1&pWardIDs=&pDDOID=-1&pDDOIDs=
201529,304-17-000105,000065,2018-10-16,"Construction of Elevated corridor by integrating Ejipura main road-Inner Ring Road junction, Sony World junction and Kendriya Sadana junction along 100ft. Inner Ring Road, Koramangala, Bangalore.",304,dept,ddo341  Assistant Executive Engineer M P E D Central Zone,M/s Simplex Infrastructures Limited,Running,77667100.0,74959843.0,2707257.0,000257,2018-10-31,007123,2018-10-29,description,"Work description names Koramangala: ""…junction along 100ft. Inner Ring Road, Koramangala, Bangalore.…""",1,1,304-17-000105,https://accounts.bbmp.gov.in/vssWB/vss00CvStatusData.php?pAction=LoadPaymentGridData&pDateFrom=01-Oct-2018&pDateTo=31-Dec-2018&pBudgetHeadID=-1&pWardIDs=&pDDOID=-1&pDDOIDs=
124598,151-14-000065,000077,2017-12-06,Providing Cement concrete designer tiles to footpath and Improvements to drains at Sarjapura service road upto SWD in ward No: 151 (Koramangala),151,198,ddo421  Assistant Executive Engineer Koramangala South Zone,KRIDL,Second and Final,3372205.0,2500000.0,872205.0,000271,2018-11-20,007361,2018-11-16,description,"Work description names Koramangala: ""…service road upto SWD in ward No: 151 (Koramangala)…""",1,1,151-14-000065,https://accounts.bbmp.gov.in/vssWB/vss00CvStatusData.php?pAction=LoadPaymentGridData&pDateFrom=01-Oct-2018&pDateTo=31-Dec-2018&pBudgetHeadID=-1&pWardIDs=&pDDOID=-1&pDDOIDs=
192408,148-18-000024,000170,2018-10-23,Development Bautification and laying of missing Cobble stones in NGV all blocks in ward No. 148,148,198,ddo421  Assistant Executive Engineer Koramangala South Zone,M/s KRIDL,Running,8526387.0,7444730.0,1081657.0,000277,2018-11-28,007627,2018-11-28,description,"Work description names Koramangala: ""…and laying of missing Cobble stones in NGV all blocks in ward No. 148…""",0,0,148-18-000024,https://accounts.bbmp.gov.in/vssWB/vss00CvStatusData.php?pAction=LoadPaymentGridData&pDateFrom=01-Oct-2018&pDateTo=31-Dec-2018&pBudgetHeadID=-1&pWardIDs=&pDDOID=-1&pDDOIDs=
150246,151-17-000003,000165,2018-03-10,Digging of New Borewell erection of pumpset and providing pipeline at Siddartha colony Koramangala village Koramangala other block and surrounding area in Koramangala Ward no 151,151,198,ddo421  Assistant Executive Engineer Koramangala South Zone,K Satish Nayak,First and Final,7321961.0,6752103.0,569858.0,000280,2018-12-03,007621,2018-11-28,description,"Work description names Koramangala: ""…providing pipeline at Siddartha colony Koramangala village Koramangala other blo…""",1,1,151-17-000003,https://accounts.bbmp.gov.in/vssWB/vss00CvStatusData.php?pAction=LoadPaymentGridData&pDateFrom=01-Oct-2018&pDateTo=31-Dec-2018&pBudgetHeadID=-1&pWardIDs=&pDDOID=-1&pDDOIDs=
156744,151-18-000001,000016,2018-04-11,Comprehensive development of bad road and improvement to road side drains footpath asphalting and concreteting including culverts to selected main and other connecting roads in ward no 151 176 in BTM Division of South Zone Package-6 3 works (DPR),151,198,ddo421  Assistant Executive Engineer Koramangala South Zone,Civil Experts Consultants and Testing Center Pro Sri. Raghu R K,First and Final,476070.0,428463.0,47607.0,000295,2018-12-18,008088,2018-12-18,ward_prefix,Booked to Koramangala ward (151 under the 198-ward map) (ward map inferred from the job-code year),0,0,151-18-000001,https://accounts.bbmp.gov.in/vssWB/vss00CvStatusData.php?pAction=LoadPaymentGridData&pDateFrom=01-Oct-2018&pDateTo=31-Dec-2018&pBudgetHeadID=-1&pWardIDs=&pDDOID=-1&pDDOIDs=
208465,151-18-000032,000136,2018-11-22,Construction and improvement of Compound wall in DWCC centre and other improvement works in HT Line in Ward No. 151 Koramangala,151,198,ddo258  Executive Engineer Electrical South Zone,Sri. B.K.Bhaskar (Sri Bharathi Electricals),Running,3673303.0,3310172.0,363131.0,000296,2018-12-19,008049,2018-12-17,description,"Work description names Koramangala: ""…vement works in HT Line in Ward No. 151 Koramangala…""",0,0,151-18-000032,https://accounts.bbmp.gov.in/vssWB/vss00CvStatusData.php?pAction=LoadPaymentGridData&pDateFrom=01-Oct-2018&pDateTo=31-Dec-2018&pBudgetHeadID=-1&pWardIDs=&pDDOID=-1&pDDOIDs=
208601,151-17-000065,000181,2018-11-24,Providing drinking water works in Ward No 151 in BTM Layout Division,151,198,ddo421  Assistant Executive Engineer Koramangala South Zone,Sri. Hitesh Kumar S,First and Final,1163100.0,1106907.0,56193.0,000296,2018-12-19,008062,2018-12-17,ward_prefix,Booked to Koramangala ward (151 under the 198-ward map) (ward map inferred from the job-code year),0,0,151-17-000065,https://accounts.bbmp.gov.in/vssWB/vss00CvStatusData.php?pAction=LoadPaymentGridData&pDateFrom=01-Oct-2018&pDateTo=31-Dec-2018&pBudgetHeadID=-1&pWardIDs=&pDDOID=-1&pDDOIDs=
216261,304-17-000105,000084,2018-12-21,"Construction of Elevated corridor by integrating Ejipura main road-Inner Ring Road junction, Sony World junction and Kendriya Sadana junction along 100ft. Inner Ring Road, Koramangala, Bangalore.",304,dept,ddo341  Assistant Executive Engineer M P E D Central Zone,M/s Simplex Infrastructures Limited,Running,60333800.0,58269515.0,2064285.0,000307,2018-12-29,008416,2018-12-29,description,"Work description names Koramangala: ""…junction along 100ft. Inner Ring Road, Koramangala, Bangalore.…""",1,1,304-17-000105,https://accounts.bbmp.gov.in/vssWB/vss00CvStatusData.php?pAction=LoadPaymentGridData&pDateFrom=01-Oct-2018&pDateTo=31-Dec-2018&pBudgetHeadID=-1&pWardIDs=&pDDOID=-1&pDDOIDs=
224601,304-15-000371,000014,2019-01-25,"Consultancy services for construction supervision, Project Management and quality control for the work of Improvements and development of Beauty Spot in Koramangala in South Zone",304,dept,ddo316  Executive Engineer Major Road South Central Zone,M/s Tejus Consultants,Running,198000.0,178200.0,19800.0,000340,2019-02-06,009073,2019-02-06,description,"Work description names Koramangala: ""…ments and development of Beauty Spot in Koramangala in South Zone…""",1,1,304-15-000371,https://accounts.bbmp.gov.in/vssWB/vss00CvStatusData.php?pAction=LoadPaymentGridData&pDateFrom=01-Jan-2019&pDateTo=31-Mar-2019&pBudgetHeadID=-1&pWardIDs=&pDDOID=-1&pDDOIDs=
226036,304-15-000370,000015,2019-02-01,Improvements and Development of Mesthri Palya Park in Koramangala.,304,dept,ddo316  Executive Engineer Major Road South Central Zone,B Y PERUMAIAH,Running,25582823.0,24264311.0,1318512.0,000340,2019-02-06,009077,2019-02-06,description,"Work description names Koramangala: ""…nd Development of Mesthri Palya Park in Koramangala.…""",1,1,304-15-000370,https://accounts.bbmp.gov.in/vssWB/vss00CvStatusData.php?pAction=LoadPaymentGridData&pDateFrom=01-Jan-2019&pDateTo=31-Mar-2019&pBudgetHeadID=-1&pWardIDs=&pDDOID=-1&pDDOIDs=
226668,304-15-000370,000016,2019-02-04,"Consultancy Services for Construction Supervision, Project Management and Quality Control for the work of Improvements and Development of Mesthri Palya Park in Koramangala in south zone Balance Work - Phase-2.",304,dept,ddo316  Executive Engineer Major Road South Central Zone,M/s Tejus Consultants,Running,355300.0,319770.0,35530.0,000340,2019-02-06,009083,2019-02-06,description,"Work description names Koramangala: ""…nd Development of Mesthri Palya Park in Koramangala in south zone Balance Work -…""",1,1,304-15-000370,https://accounts.bbmp.gov.in/vssWB/vss00CvStatusData.php?pAction=LoadPaymentGridData&pDateFrom=01-Jan-2019&pDateTo=31-Mar-2019&pBudgetHeadID=-1&pWardIDs=&pDDOID=-1&pDDOIDs=
132470,148-17-000051,000079,2017-12-29,Providing Park lighting and playground lighting and Street lights at NGV in ward No.148 Ejipura of BTM Constituency,148,198,ddo258  Executive Engineer Electrical South Zone,M/S.Shree Bharathi Electricals(B.K.Bhaskar),First and Final,3266273.0,3099694.0,166579.0,000358,2019-02-25,009292,2019-02-19,description,"Work description names Koramangala: ""…layground lighting and Street lights at NGV in ward No.148 Ejipura of BTM…""",1,1,148-17-000051,https://accounts.bbmp.gov.in/vssWB/vss00CvStatusData.php?pAction=LoadPaymentGridData&pDateFrom=01-Jan-2019&pDateTo=31-Mar-2019&pBudgetHeadID=-1&pWardIDs=&pDDOID=-1&pDDOIDs=
230383,304-17-000105,000106,2019-02-16,"Construction of Elevated corridor by integrating Ejipura main road-Inner Ring Road junction, Sony World junction and Kendriya Sadana junction along 100ft. Inner Ring Road, Koramangala, Bangalore.",304,dept,ddo341  Assistant Executive Engineer M P E D Central Zone,M/s Simplex Infrastructures Limited,Running,62360040.0,59963523.0,2396517.0,000366,2019-03-05,009534,2019-03-02,description,"Work description names Koramangala: ""…junction along 100ft. Inner Ring Road, Koramangala, Bangalore.…""",1,1,304-17-000105,https://accounts.bbmp.gov.in/vssWB/vss00CvStatusData.php?pAction=LoadPaymentGridData&pDateFrom=01-Jan-2019&pDateTo=31-Mar-2019&pBudgetHeadID=-1&pWardIDs=&pDDOID=-1&pDDOIDs=
223735,151-18-000029,000211,2019-01-21,"Improvement to CC roads, 6th Block Koramangala and surrounding areas in Ward No. 151 Koramangala",151,198,ddo421  Assistant Executive Engineer Koramangala South Zone,Sri. N Chathan Kumar,First and Final,3269544.0,2911452.0,358092.0,000368,2019-03-06,009505,2019-03-01,description,"Work description names Koramangala: ""…Improvement to CC roads, 6th Block Koramangala and surrounding areas in Ward…""",0,0,151-18-000029,https://accounts.bbmp.gov.in/vssWB/vss00CvStatusData.php?pAction=LoadPaymentGridData&pDateFrom=01-Jan-2019&pDateTo=31-Mar-2019&pBudgetHeadID=-1&pWardIDs=&pDDOID=-1&pDDOIDs=
236958,304-15-000370,000021,2019-03-14,Improvements and Development of Mesthri Palya Park in Koramangala.,304,dept,ddo316  Executive Engineer Major Road South Central Zone,B Y PERUMAIAH,Second and Final,4365522.0,4117122.0,248400.0,000380,2019-03-20,009873,2019-03-20,description,"Work description names Koramangala: ""…nd Development of Mesthri Palya Park in Koramangala.…""",1,1,304-15-000370,https://accounts.bbmp.gov.in/vssWB/vss00CvStatusData.php?pAction=LoadPaymentGridData&pDateFrom=01-Jan-2019&pDateTo=31-Mar-2019&pBudgetHeadID=-1&pWardIDs=&pDDOID=-1&pDDOIDs=
235746,151-18-000045,000249,2019-03-12,Restoration of BWSSB road Cut Portion in roads under 5th Block KHB colony and surrounding roads in Koramangala in Ward No.151,151,198,ddo421  Assistant Executive Engineer Koramangala South Zone,KRIDL,First and Final,4594945.0,4131612.0,463333.0,000386,2019-03-26,009963,2019-03-26,description,"Work description names Koramangala: ""…ock KHB colony and surrounding roads in Koramangala in Ward No.151…""",0,0,151-18-000045,https://accounts.bbmp.gov.in/vssWB/vss00CvStatusData.php?pAction=LoadPaymentGridData&pDateFrom=01-Jan-2019&pDateTo=31-Mar-2019&pBudgetHeadID=-1&pWardIDs=&pDDOID=-1&pDDOIDs=
235774,151-18-000047,000248,2019-03-12,Providing flagging coarse to drains and improvement of footpath in 3rd Block and 4th Block in ward No. 151 (Koramangala),151,198,ddo421  Assistant Executive Engineer Koramangala South Zone,kridl,First and Final,2682250.0,2414053.0,268197.0,000386,2019-03-26,009966,2019-03-26,description,"Work description names Koramangala: ""…rd Block and 4th Block in ward No. 151 (Koramangala)…""",0,0,151-18-000047,https://accounts.bbmp.gov.in/vssWB/vss00CvStatusData.php?pAction=LoadPaymentGridData&pDateFrom=01-Jan-2019&pDateTo=31-Mar-2019&pBudgetHeadID=-1&pWardIDs=&pDDOID=-1&pDDOIDs=
235768,151-18-000048,000250,2019-03-12,"Restoration of BWSSB road Cut Portion in roads under 3rd Block, 4th block and surrounding roads in Koramangala in Ward No.151",151,198,ddo421  Assistant Executive Engineer Koramangala South Zone,KRIDL,First and Final,3985977.0,3588085.0,397892.0,000386,2019-03-26,009967,2019-03-26,description,"Work description names Koramangala: ""…ock, 4th block and surrounding roads in Koramangala in Ward No.151…""",0,0,151-18-000048,https://accounts.bbmp.gov.in/vssWB/vss00CvStatusData.php?pAction=LoadPaymentGridData&pDateFrom=01-Jan-2019&pDateTo=31-Mar-2019&pBudgetHeadID=-1&pWardIDs=&pDDOID=-1&pDDOIDs=
230139,151-18-000037,000233,2019-02-25,Maintenance of Cremotoriam Burrial grounds in ward no 151 Koramangala,151,198,ddo421  Assistant Executive Engineer Koramangala South Zone,Srinivasan C,First and Final,446351.0,405691.0,40660.0,000389,2019-03-28,010028,2019-03-27,description,"Work description names Koramangala: ""…motoriam Burrial grounds in ward no 151 Koramangala…""",0,0,,https://accounts.bbmp.gov.in/vssWB/vss00CvStatusData.php?pAction=LoadPaymentGridData&pDateFrom=01-Jan-2019&pDateTo=31-Mar-2019&pBudgetHeadID=-1&pWardIDs=&pDDOID=-1&pDDOIDs=
238995,304-17-000105,000121,2019-03-23,"Construction of Elevated corridor by integrating Ejipura main road-Inner Ring Road junction, Sony World junction and Kendriya Sadana junction along 100ft. Inner Ring Road, Koramangala, Bangalore.",304,dept,ddo341  Assistant Executive Engineer M P E D Central Zone,M/s Simplex Infrastructures Limited,Running,74041330.0,50912899.0,23128431.0,000002,2019-04-04,000005,2019-04-03,description,"Work description names Koramangala: ""…junction along 100ft. Inner Ring Road, Koramangala, Bangalore.…""",1,1,304-17-000105,https://accounts.bbmp.gov.in/vssWB/vss00CvStatusData.php?pAction=LoadPaymentGridData&pDateFrom=01-Apr-2019&pDateTo=30-Jun-2019&pBudgetHeadID=-1&pWardIDs=&pDDOID=-1&pDDOIDs=
114966,151-15-000004,000148,2017-06-30,Providing Organic waste cutter shredder in ward No151 Koramangala,151,198,ddo421  Assistant Executive Engineer Koramangala South Zone,Poornachandra K V,Final,467367.0,358289.0,109078.0,000012,2019-04-11,000130,2019-04-08,description,"Work description names Koramangala: ""…nic waste cutter shredder in ward No151 Koramangala…""",1,0,,https://accounts.bbmp.gov.in/vssWB/vss00CvStatusData.php?pAction=LoadPaymentGridData&pDateFrom=01-Apr-2019&pDateTo=30-Jun-2019&pBudgetHeadID=-1&pWardIDs=&pDDOID=-1&pDDOIDs=
239576,151-18-000046,000257,2019-03-29,Restoration of BWSSB road Cut Portion in roads under 6th Block and surrounding roads in Koramangala in Ward No.151,151,198,ddo421  Assistant Executive Engineer Koramangala South Zone,M/s KRIDL,First and Final,3985262.0,3485645.0,499617.0,000013,2019-04-11,000366,2019-04-11,description,"Work description names Koramangala: ""…nder 6th Block and surrounding roads in Koramangala in Ward No.151…""",0,0,151-18-000046,https://accounts.bbmp.gov.in/vssWB/vss00CvStatusData.php?pAction=LoadPaymentGridData&pDateFrom=01-Apr-2019&pDateTo=30-Jun-2019&pBudgetHeadID=-1&pWardIDs=&pDDOID=-1&pDDOIDs=
238123,151-17-000088,000138,2019-03-19,Development of park at south zone Koramangala ward No 151 south zone,151,198,ddo611  Executive Engineer 1 - Projects 2 Central Zone,Billapur Yellappa Perumaiah,Final,23194865.0,21895735.0,1299130.0,000014,2019-04-11,000304,2019-04-10,description,"Work description names Koramangala: ""…Development of park at south zone Koramangala ward No 151 south zone…""",0,0,151-17-000088,https://accounts.bbmp.gov.in/vssWB/vss00CvStatusData.php?pAction=LoadPaymentGridData&pDateFrom=01-Apr-2019&pDateTo=30-Jun-2019&pBudgetHeadID=-1&pWardIDs=&pDDOID=-1&pDDOIDs=
191224,151-16-000001,000070,2018-09-05,Operation and Maintenance of Street Lighting System in Ward No.151 Package S-27 of South Zone,151,198,ddo258  Executive Engineer Electrical South Zone,M/S Vijayalakshmi Associates,Running,953019.0,881156.0,71863.0,000017,2019-04-12,000413,2019-04-11,ward_prefix,Booked to Koramangala ward (151 under the 198-ward map) (ward map inferred from the job-code year),1,1,151-16-000001,https://accounts.bbmp.gov.in/vssWB/vss00CvStatusData.php?pAction=LoadPaymentGridData&pDateFrom=01-Apr-2019&pDateTo=30-Jun-2019&pBudgetHeadID=-1&pWardIDs=&pDDOID=-1&pDDOIDs=
235237,307-19-000009,000247,2019-03-08,Construction of parallel Drain to SWD K-100 by laying RCC hume Pipes all along the Koramangala 80 feet Road from Sony World Junction via Maharaja Signal to Belanduru lake and othe area alternate drains for carrying the excess water of Koramangala and adjacent areas to Bellandur lake DPR work,307,dept,ddo421  Assistant Executive Engineer Koramangala South Zone,Civil Quality Consultants and Engineers Pro Smt. Mamatha K N,First and Final,2999000.0,2699100.0,299900.0,000026,2019-04-24,000867,2019-04-23,description,"Work description names Koramangala: ""…by laying RCC hume Pipes all along the Koramangala 80 feet Road from Sony World…""",0,0,307-19-000009,https://accounts.bbmp.gov.in/vssWB/vss00CvStatusData.php?pAction=LoadPaymentGridData&pDateFrom=01-Apr-2019&pDateTo=30-Jun-2019&pBudgetHeadID=-1&pWardIDs=&pDDOID=-1&pDDOIDs=
222782,151-16-000001,000171,2019-01-17,Operation and Maintenance of Street Lighting System in Ward No.151 Package S-27 of South Zone,151,198,ddo258  Executive Engineer Electrical South Zone,M/S Vijayalakshmi Associates,Running,794183.0,729297.0,64886.0,000029,2019-04-25,000790,2019-04-23,ward_prefix,Booked to Koramangala ward (151 under the 198-ward map) (ward map inferred from the job-code year),1,1,151-16-000001,https://accounts.bbmp.gov.in/vssWB/vss00CvStatusData.php?pAction=LoadPaymentGridData&pDateFrom=01-Apr-2019&pDateTo=30-Jun-2019&pBudgetHeadID=-1&pWardIDs=&pDDOID=-1&pDDOIDs=
141837,151-17-000034,000141,2018-02-19,Depot collection for the year 2016-17 in ward No.151 Koramangala,151,198,ddo421  Assistant Executive Engineer Koramangala South Zone,Kumar,First and Final,495931.0,435303.0,60628.0,000031,2019-04-27,001043,2019-04-25,description,"Work description names Koramangala: ""…ion for the year 2016-17 in ward No.151 Koramangala…""",1,0,,https://accounts.bbmp.gov.in/vssWB/vss00CvStatusData.php?pAction=LoadPaymentGridData&pDateFrom=01-Apr-2019&pDateTo=30-Jun-2019&pBudgetHeadID=-1&pWardIDs=&pDDOID=-1&pDDOIDs=
241954,307-19-000015,000008,2019-04-11,Detailed estimate for maintenance desilting of all storm water drains in Koramangala Zone,307,dept,ddo313  Chief Engineer SWD Central Zone,M/s R K Brothers Infraprop Proventures Private Limited,Running,14731000.0,14011046.0,719954.0,000033,2019-05-03,001170,2019-04-26,description,"Work description names Koramangala: ""…desilting of all storm water drains in Koramangala Zone…""",0,0,307-19-000015,https://accounts.bbmp.gov.in/vssWB/vss00CvStatusData.php?pAction=LoadPaymentGridData&pDateFrom=01-Apr-2019&pDateTo=30-Jun-2019&pBudgetHeadID=-1&pWardIDs=&pDDOID=-1&pDDOIDs=
225625,151-18-000036,000230,2019-02-19,"Improvement to CC roads, in 4th Block Koramangala and surrounding ares in Ward No. 151 Koramangala",151,198,ddo421  Assistant Executive Engineer Koramangala South Zone,Sri. N Chethan Kumar,First and Final,2618538.0,2486792.0,131746.0,000053,2019-05-21,001784,2019-05-18,description,"Work description names Koramangala: ""…Improvement to CC roads, in 4th Block Koramangala and surrounding ares in Ward…""",0,0,151-18-000036,https://accounts.bbmp.gov.in/vssWB/vss00CvStatusData.php?pAction=LoadPaymentGridData&pDateFrom=01-Apr-2019&pDateTo=30-Jun-2019&pBudgetHeadID=-1&pWardIDs=&pDDOID=-1&pDDOIDs=
248159,304-15-000371,000004,2019-05-17,Improvements and Development of Beauty Spot Park in Koramangala.,304,dept,ddo316  Executive Engineer Major Road South Central Zone,Sri.Perumaiah,Running,6593309.0,6225106.0,368203.0,000054,2019-05-21,001780,2019-05-18,description,"Work description names Koramangala: ""…and Development of Beauty Spot Park in Koramangala.…""",1,1,304-15-000371,https://accounts.bbmp.gov.in/vssWB/vss00CvStatusData.php?pAction=LoadPaymentGridData&pDateFrom=01-Apr-2019&pDateTo=30-Jun-2019&pBudgetHeadID=-1&pWardIDs=&pDDOID=-1&pDDOIDs=
118755,151-17-000035,000056,2017-10-28,"Providing Cement Concrete to 5th cross, Jakkasandra extension in Koramangala, Ward No.151",151,198,ddo421  Assistant Executive Engineer Koramangala South Zone,Hitesh kumar S,First and Final,692205.0,638059.0,54146.0,000057,2019-05-24,001984,2019-05-22,description,"Work description names Koramangala: ""…to 5th cross, Jakkasandra extension in Koramangala, Ward No.151…""",1,0,151-17-000035,https://accounts.bbmp.gov.in/vssWB/vss00CvStatusData.php?pAction=LoadPaymentGridData&pDateFrom=01-Apr-2019&pDateTo=30-Jun-2019&pBudgetHeadID=-1&pWardIDs=&pDDOID=-1&pDDOIDs=
124453,151-17-000028,000065,2017-11-18,Urgent work under Emergency grant for the year 2016-17 in ward No.151 Koramangala,151,198,ddo421  Assistant Executive Engineer Koramangala South Zone,Sri. Patel B,Running,1550779.0,1399658.0,151121.0,000065,2019-05-30,002154,2019-05-28,description,"Work description names Koramangala: ""…ant for the year 2016-17 in ward No.151 Koramangala…""",1,0,,https://accounts.bbmp.gov.in/vssWB/vss00CvStatusData.php?pAction=LoadPaymentGridData&pDateFrom=01-Apr-2019&pDateTo=30-Jun-2019&pBudgetHeadID=-1&pWardIDs=&pDDOID=-1&pDDOIDs=
13484,147-12-000042,000015,2014-04-30,Sinking energing and Commissioning including pipeline and ecection of mini water tank for the new borewells at 8th block koramangala in ward 147,147,198,ddo421  Assistant Executive Engineer Koramangala South Zone,R Jagadish,First and Final,499880.0,427485.0,72395.0,000072,2019-06-07,002487,2019-06-06,description,"Work description names Koramangala: ""…tank for the new borewells at 8th block koramangala in ward 147…""",1,0,,https://accounts.bbmp.gov.in/vssWB/vss00CvStatusData.php?pAction=LoadPaymentGridData&pDateFrom=01-Apr-2019&pDateTo=30-Jun-2019&pBudgetHeadID=-1&pWardIDs=&pDDOID=-1&pDDOIDs=
118366,148-15-000010,000053,2017-10-25,Providing Chain link fencing and other developmental works at National games village and Pranidaya sangha in ward No 148,148,198,ddo421  Assistant Executive Engineer Koramangala South Zone,K Srikanta,Running,1425277.0,1252818.0,172459.0,000076,2019-06-12,002589,2019-06-11,description,"Work description names Koramangala: ""…encing and other developmental works at National games village and Pranidaya sangha in wa…""",1,0,148-15-000010,https://accounts.bbmp.gov.in/vssWB/vss00CvStatusData.php?pAction=LoadPaymentGridData&pDateFrom=01-Apr-2019&pDateTo=30-Jun-2019&pBudgetHeadID=-1&pWardIDs=&pDDOID=-1&pDDOIDs=
250089,304-17-000105,000033,2019-05-28,"Construction of Elevated corridor by integrating Ejipura main road-Inner Ring Road junction, Sony World junction and Kendriya Sadana junction along 100ft. Inner Ring Road, Koramangala, Bangalore.",304,dept,ddo341  Assistant Executive Engineer M P E D Central Zone,M/s Simplex Infrastructures Limited,Running,72120035.0,49200857.0,22919178.0,000082,2019-06-13,002551,2019-06-10,description,"Work description names Koramangala: ""…junction along 100ft. Inner Ring Road, Koramangala, Bangalore.…""",1,1,304-17-000105,https://accounts.bbmp.gov.in/vssWB/vss00CvStatusData.php?pAction=LoadPaymentGridData&pDateFrom=01-Apr-2019&pDateTo=30-Jun-2019&pBudgetHeadID=-1&pWardIDs=&pDDOID=-1&pDDOIDs=
225865,151-17-000087,000022,2019-04-30,Providing Modren Dust Bin in Bangalore City in ward no 151,151,198,ddo421  Assistant Executive Engineer Koramangala South Zone,Sri. Sharanappa,First and Final,131116.0,118468.0,12648.0,000083,2019-06-17,002694,2019-06-13,ward_prefix,Booked to Koramangala ward (151 under the 198-ward map) (ward map inferred from the job-code year),0,0,,https://accounts.bbmp.gov.in/vssWB/vss00CvStatusData.php?pAction=LoadPaymentGridData&pDateFrom=01-Apr-2019&pDateTo=30-Jun-2019&pBudgetHeadID=-1&pWardIDs=&pDDOID=-1&pDDOIDs=
249400,307-19-000009,000039,2019-05-27,Construction of parallel Drain to SWD K-100 by laying RCC hume Pipes all along the Koramangala 80 feet Road from Sony World Junction via Maharaja Signal to Belanduru lake and othe area alternate drains for carrying the excess water of Koramangala and adjacent areas to Bellandur lake,307,dept,ddo421  Assistant Executive Engineer Koramangala South Zone,H D INFRASTRUCTURES,Running,25964959.0,24547235.0,1417724.0,000091,2019-06-21,002891,2019-06-21,description,"Work description names Koramangala: ""…by laying RCC hume Pipes all along the Koramangala 80 feet Road from Sony World…""",0,0,307-19-000009,https://accounts.bbmp.gov.in/vssWB/vss00CvStatusData.php?pAction=LoadPaymentGridData&pDateFrom=01-Apr-2019&pDateTo=30-Jun-2019&pBudgetHeadID=-1&pWardIDs=&pDDOID=-1&pDDOIDs=
247088,151-16-000001,000039,2019-05-14,Operation and Maintenance of Street Lighting System in Ward No.151 Package S-27 of South Zone,151,198,ddo258  Executive Engineer Electrical South Zone,M/S Vijayalakshmi Associates,Running,476509.0,439497.0,37012.0,000102,2019-07-02,003234,2019-06-27,ward_prefix,Booked to Koramangala ward (151 under the 198-ward map) (ward map inferred from the job-code year),1,1,151-16-000001,https://accounts.bbmp.gov.in/vssWB/vss00CvStatusData.php?pAction=LoadPaymentGridData&pDateFrom=01-Jul-2019&pDateTo=30-Sep-2019&pBudgetHeadID=-1&pWardIDs=&pDDOID=-1&pDDOIDs=
255467,304-15-000371,000006,2019-06-20,"Consultancy services for construction supervision, Project Management and quality control for the work of Improvements and development of Beauty Spot in Koramangala in South Zone",304,dept,ddo316  Executive Engineer Major Road South Central Zone,M/s Tejus Consultants,Second and Final,22000.0,19800.0,2200.0,000104,2019-07-03,003199,2019-06-27,description,"Work description names Koramangala: ""…ments and development of Beauty Spot in Koramangala in South Zone…""",1,1,304-15-000371,https://accounts.bbmp.gov.in/vssWB/vss00CvStatusData.php?pAction=LoadPaymentGridData&pDateFrom=01-Jul-2019&pDateTo=30-Sep-2019&pBudgetHeadID=-1&pWardIDs=&pDDOID=-1&pDDOIDs=
255476,304-15-000370,000007,2019-06-20,"Consultancy Services for Construction Supervision, Project Management and Quality Control for the work of Improvements and Development of Mesthri Palya Park in Koramangala in south zone Balance Work - Phase-2.",304,dept,,M/s Tejus Consultants,,62700.0,56430.0,6270.0,000104,2019-07-03,003203,2019-06-27,description,"Work description names Koramangala: ""…nd Development of Mesthri Palya Park in Koramangala in south zone Balance Work -…""",1,1,304-15-000370,https://accounts.bbmp.gov.in/vssWB/vss00CvStatusData.php?pAction=LoadPaymentGridData&pDateFrom=01-Jul-2019&pDateTo=30-Sep-2019&pBudgetHeadID=-1&pWardIDs=&pDDOID=-1&pDDOIDs=
262335,151-16-000001,000073,2019-07-13,Operation and Maintenance of Street Lighting System in Ward No.151 Package S-27 of South Zone,151,198,,M/S Vijayalakshmi Associates,,466924.0,429075.0,37849.0,000115,2019-07-18,003573,2019-07-17,ward_prefix,Booked to Koramangala ward (151 under the 198-ward map) (ward map inferred from the job-code year),1,1,151-16-000001,https://accounts.bbmp.gov.in/vssWB/vss00CvStatusData.php?pAction=LoadPaymentGridData&pDateFrom=01-Jul-2019&pDateTo=30-Sep-2019&pBudgetHeadID=-1&pWardIDs=&pDDOID=-1&pDDOIDs=
178137,151-17-000085,000053,2019-05-31,Engagement of Gangman and Hiring of Tractor Tippers for cleaning and Maintenance of road side drains and other cleaning works in works in ward no 151,151,198,ddo421  Assistant Executive Engineer Koramangala South Zone,M Nagesh,First and Final,1192209.0,1076275.0,115934.0,000119,2019-07-22,003391,2019-07-11,ward_prefix,Booked to Koramangala ward (151 under the 198-ward map) (ward map inferred from the job-code year),0,0,,https://accounts.bbmp.gov.in/vssWB/vss00CvStatusData.php?pAction=LoadPaymentGridData&pDateFrom=01-Jul-2019&pDateTo=30-Sep-2019&pBudgetHeadID=-1&pWardIDs=&pDDOID=-1&pDDOIDs=
242882,151-18-000038,000040,2019-05-29,Maintenance of Ambedkar samudaya bhavan at Koramangala in ward no 151 Koramangala,151,198,ddo421  Assistant Executive Engineer Koramangala South Zone,Srinivasan C,First and Final,403722.0,366850.0,36872.0,000119,2019-07-22,003393,2019-07-11,description,"Work description names Koramangala: ""…ntenance of Ambedkar samudaya bhavan at Koramangala in ward no 151 Koramangala…""",0,0,151-18-000038,https://accounts.bbmp.gov.in/vssWB/vss00CvStatusData.php?pAction=LoadPaymentGridData&pDateFrom=01-Jul-2019&pDateTo=30-Sep-2019&pBudgetHeadID=-1&pWardIDs=&pDDOID=-1&pDDOIDs=
242815,151-18-000021,000054,2019-06-01,Digging of new borewell and providing water supply Pipeline in Ward No:151 Koramangala,151,198,ddo421  Assistant Executive Engineer Koramangala South Zone,K Sathish nayak,First and Final,6006441.0,5725044.0,281397.0,000119,2019-07-22,003399,2019-07-11,description,"Work description names Koramangala: ""…ng water supply Pipeline in Ward No:151 Koramangala…""",0,0,151-18-000021,https://accounts.bbmp.gov.in/vssWB/vss00CvStatusData.php?pAction=LoadPaymentGridData&pDateFrom=01-Jul-2019&pDateTo=30-Sep-2019&pBudgetHeadID=-1&pWardIDs=&pDDOID=-1&pDDOIDs=
243752,151-18-000040,000024,2019-05-04,Construction of Public Toilet in ward no 151 KOramangala,151,198,ddo421  Assistant Executive Engineer Koramangala South Zone,Manjunatha N,First and Final,503594.0,453849.0,49745.0,000119,2019-07-22,003700,2019-07-18,description,"Work description names Koramangala: ""…ruction of Public Toilet in ward no 151 KOramangala…""",0,0,151-18-000040,https://accounts.bbmp.gov.in/vssWB/vss00CvStatusData.php?pAction=LoadPaymentGridData&pDateFrom=01-Jul-2019&pDateTo=30-Sep-2019&pBudgetHeadID=-1&pWardIDs=&pDDOID=-1&pDDOIDs=
242817,151-18-000043,000055,2019-06-01,Improvements and Desilting of secondary drains at Koramangala ward no 151,151,198,ddo421  Assistant Executive Engineer Koramangala South Zone,Smt C Pushpa (M P Constructiohn),First and Final,938528.0,893062.0,45466.0,000119,2019-07-22,003707,2019-07-18,description,"Work description names Koramangala: ""…ts and Desilting of secondary drains at Koramangala ward no 151…""",0,0,151-18-000043,https://accounts.bbmp.gov.in/vssWB/vss00CvStatusData.php?pAction=LoadPaymentGridData&pDateFrom=01-Jul-2019&pDateTo=30-Sep-2019&pBudgetHeadID=-1&pWardIDs=&pDDOID=-1&pDDOIDs=
246884,151-18-000039,000050,2019-05-31,Drilling of New Borewell and Pump Erection and Providing Pipeline at Surrounding area in ward no 151 Koramangala,151,198,ddo421  Assistant Executive Engineer Koramangala South Zone,Sri. Lakshman H Pujari,First and Final,1961896.0,1866667.0,95229.0,000119,2019-07-22,003734,2019-07-18,description,"Work description names Koramangala: ""…line at Surrounding area in ward no 151 Koramangala…""",0,0,151-18-000039,https://accounts.bbmp.gov.in/vssWB/vss00CvStatusData.php?pAction=LoadPaymentGridData&pDateFrom=01-Jul-2019&pDateTo=30-Sep-2019&pBudgetHeadID=-1&pWardIDs=&pDDOID=-1&pDDOIDs=
144738,151-17-000032,000148,2018-02-21,Providing cement concrete to roads from Basava temple to Adugodi main road via Koramangala village in ward No.151,151,198,ddo421  Assistant Executive Engineer Koramangala South Zone,K C Sridhar,First and Final,3956912.0,3566835.0,390077.0,000122,2019-07-23,003698,2019-07-18,description,"Work description names Koramangala: ""…Basava temple to Adugodi main road via Koramangala village in ward No.151…""",1,1,151-17-000032,https://accounts.bbmp.gov.in/vssWB/vss00CvStatusData.php?pAction=LoadPaymentGridData&pDateFrom=01-Jul-2019&pDateTo=30-Sep-2019&pBudgetHeadID=-1&pWardIDs=&pDDOID=-1&pDDOIDs=
144729,151-17-000031,000149,2018-02-21,Providing cement concrete to roads from MES School towards Basava temple and suroundings in Koramangala village in ward No.151,151,198,ddo421  Assistant Executive Engineer Koramangala South Zone,K. C. Sridhar,First and Final,3935589.0,3557450.0,378139.0,000122,2019-07-23,003701,2019-07-18,description,"Work description names Koramangala: ""…owards Basava temple and suroundings in Koramangala village in ward No.151…""",1,1,151-17-000031,https://accounts.bbmp.gov.in/vssWB/vss00CvStatusData.php?pAction=LoadPaymentGridData&pDateFrom=01-Jul-2019&pDateTo=30-Sep-2019&pBudgetHeadID=-1&pWardIDs=&pDDOID=-1&pDDOIDs=
143246,151-16-000015,000140,2018-02-19,Providing Cement concrete designer tiles to footpath and Improvements to drains at 1st cross 5th block in ward no 151,151,198,ddo421  Assistant Executive Engineer Koramangala South Zone,M/s KRIDL,First and Final,7126358.0,6557203.0,569155.0,000122,2019-07-23,003729,2019-07-18,ward_prefix,Booked to Koramangala ward (151 under the 198-ward map) (ward map inferred from the job-code year),1,1,151-16-000015,https://accounts.bbmp.gov.in/vssWB/vss00CvStatusData.php?pAction=LoadPaymentGridData&pDateFrom=01-Jul-2019&pDateTo=30-Sep-2019&pBudgetHeadID=-1&pWardIDs=&pDDOID=-1&pDDOIDs=
141236,151-17-000033,000142,2018-02-19,"Providing, supplying and fixing of missing and damaged slabs in ward No.151 Koramangala",151,198,ddo421  Assistant Executive Engineer Koramangala South Zone,Sri. Kumar,First and Final,487300.0,426956.0,60344.0,000125,2019-07-25,003888,2019-07-23,description,"Work description names Koramangala: ""…issing and damaged slabs in ward No.151 Koramangala…""",1,0,,https://accounts.bbmp.gov.in/vssWB/vss00CvStatusData.php?pAction=LoadPaymentGridData&pDateFrom=01-Jul-2019&pDateTo=30-Sep-2019&pBudgetHeadID=-1&pWardIDs=&pDDOID=-1&pDDOIDs=
262325,307-19-000009,000074,2019-07-15,Construction of parallel Drain to SWD K-100 by laying RCC hume Pipes all along the Koramangala 80 feet Road from Sony World Junction via Maharaja Signal to Belanduru lake and othe area alternate drains for carrying the excess water of Koramangala and adjacent areas to Bellandur lake,307,dept,ddo421  Assistant Executive Engineer Koramangala South Zone,H D INFRASTRUCTURES,Running,15666027.0,14750630.0,915397.0,000139,2019-08-02,004128,2019-07-30,description,"Work description names Koramangala: ""…by laying RCC hume Pipes all along the Koramangala 80 feet Road from Sony World…""",0,0,307-19-000009,https://accounts.bbmp.gov.in/vssWB/vss00CvStatusData.php?pAction=LoadPaymentGridData&pDateFrom=01-Jul-2019&pDateTo=30-Sep-2019&pBudgetHeadID=-1&pWardIDs=&pDDOID=-1&pDDOIDs=
259787,151-18-000025,000069,2019-07-10,Providing water supply pipelines for drinking water facility in Ward No:151 Koramangala,151,198,ddo421  Assistant Executive Engineer Koramangala South Zone,Sri. Ramaraju Purushotham,First and Final,2584077.0,2430419.0,153658.0,000155,2019-08-16,004357,2019-08-07,description,"Work description names Koramangala: ""…drinking water facility in Ward No:151 Koramangala…""",0,0,151-18-000025,https://accounts.bbmp.gov.in/vssWB/vss00CvStatusData.php?pAction=LoadPaymentGridData&pDateFrom=01-Jul-2019&pDateTo=30-Sep-2019&pBudgetHeadID=-1&pWardIDs=&pDDOID=-1&pDDOIDs=
155067,151-17-000093,000181,2018-03-30,"Improvements to road, drains and footpath in 5th A block, Koramangala and surrounding areas in Ward No.151 Koramangala",151,198,ddo421  Assistant Executive Engineer Koramangala South Zone,N Santosh,Final,3740732.0,3390328.0,350404.0,000158,2019-08-19,004496,2019-08-14,description,"Work description names Koramangala: ""…ad, drains and footpath in 5th A block, Koramangala and surrounding areas in Ward…""",1,1,151-17-000093,https://accounts.bbmp.gov.in/vssWB/vss00CvStatusData.php?pAction=LoadPaymentGridData&pDateFrom=01-Jul-2019&pDateTo=30-Sep-2019&pBudgetHeadID=-1&pWardIDs=&pDDOID=-1&pDDOIDs=
253297,151-11-000024,000048,2019-06-11,"Setting up and operation of Nisurgruna Bio-gas plant for Bio degredable waste of 5MT capacity based on Bhabha Atomic Research centre technology in ward no 151, Koramangala 3rd Block, Under High Tension line, Koramangala",151,198,ddo326  Executive Engineer SWM 1 Central Zone,M/s Ashoka Biogreen Pvt Ltd,Final,3983687.0,3780523.0,203164.0,000160,2019-08-20,004574,2019-08-17,description,"Work description names Koramangala: ""…earch centre technology in ward no 151, Koramangala 3rd Block, Under High Tension…""",1,0,151-11-000024,https://accounts.bbmp.gov.in/vssWB/vss00CvStatusData.php?pAction=LoadPaymentGridData&pDateFrom=01-Jul-2019&pDateTo=30-Sep-2019&pBudgetHeadID=-1&pWardIDs=&pDDOID=-1&pDDOIDs=
271725,307-19-000015,000075,2019-08-19,Detailed estimate for maintenance desilting of all storm water drains in Koramangala Zone,307,dept,ddo313  Chief Engineer SWD Central Zone,M/s R K Brothers Infraprop Proventures Private Limited,Running,14296000.0,13582214.0,713786.0,000185,2019-09-13,005066,2019-09-12,description,"Work description names Koramangala: ""…desilting of all storm water drains in Koramangala Zone…""",0,0,307-19-000015,https://accounts.bbmp.gov.in/vssWB/vss00CvStatusData.php?pAction=LoadPaymentGridData&pDateFrom=01-Jul-2019&pDateTo=30-Sep-2019&pBudgetHeadID=-1&pWardIDs=&pDDOID=-1&pDDOIDs=
270255,151-19-000019,000101,2019-08-16,Drilling of New Borewells and Erection of Pumps in ward no 151 Koramangala,151,198,ddo421  Assistant Executive Engineer Koramangala South Zone,Smt. H S Hemavathi,First and Final,1966887.0,1898760.0,68127.0,000192,2019-09-18,005166,2019-09-18,description,"Work description names Koramangala: ""…ls and Erection of Pumps in ward no 151 Koramangala…""",0,0,151-19-000019,https://accounts.bbmp.gov.in/vssWB/vss00CvStatusData.php?pAction=LoadPaymentGridData&pDateFrom=01-Jul-2019&pDateTo=30-Sep-2019&pBudgetHeadID=-1&pWardIDs=&pDDOID=-1&pDDOIDs=
271091,151-19-000015,000146,2019-08-17,Providing Street lights and other electrical accessories to Koramangala ward no 151,151,198,ddo258  Executive Engineer Electrical South Zone,M/s. K.S. Mohan (Vijayalakshmi Associates),First and Final,1214875.0,1155521.0,59354.0,000192,2019-09-18,005168,2019-09-18,description,"Work description names Koramangala: ""…hts and other electrical accessories to Koramangala ward no 151…""",0,0,151-19-000015,https://accounts.bbmp.gov.in/vssWB/vss00CvStatusData.php?pAction=LoadPaymentGridData&pDateFrom=01-Jul-2019&pDateTo=30-Sep-2019&pBudgetHeadID=-1&pWardIDs=&pDDOID=-1&pDDOIDs=
258015,151-19-000004,000071,2019-07-12,Improvements and construction new culverts in siddartha colony in ward no 151 Koramangala,151,198,ddo421  Assistant Executive Engineer Koramangala South Zone,M/s KRIDL,First and Final,1976486.0,1746181.0,230305.0,000193,2019-09-19,004607,2019-08-17,description,"Work description names Koramangala: ""…erts in siddartha colony in ward no 151 Koramangala…""",1,0,151-19-000004,https://accounts.bbmp.gov.in/vssWB/vss00CvStatusData.php?pAction=LoadPaymentGridData&pDateFrom=01-Jul-2019&pDateTo=30-Sep-2019&pBudgetHeadID=-1&pWardIDs=&pDDOID=-1&pDDOIDs=
258018,151-19-000005,000070,2019-07-12,Improvements of drian and providing new RCC drian in siddartha colony in ward no 151 Kormanagla,151,198,ddo421  Assistant Executive Engineer Koramangala South Zone,M/s KRIDL,First and Final,1964847.0,1735265.0,229582.0,000193,2019-09-19,004608,2019-08-17,description,"Work description names Koramangala: ""…rian in siddartha colony in ward no 151 Kormanagla…""",1,0,151-19-000005,https://accounts.bbmp.gov.in/vssWB/vss00CvStatusData.php?pAction=LoadPaymentGridData&pDateFrom=01-Jul-2019&pDateTo=30-Sep-2019&pBudgetHeadID=-1&pWardIDs=&pDDOID=-1&pDDOIDs=
258007,151-19-000006,000073,2019-07-12,Providing and improvements of RCC drian in mestripalya village in ward no 151 Koramangala,151,198,ddo421  Assistant Executive Engineer Koramangala South Zone,M/s KRIDL,First and Final,1906908.0,1671859.0,235049.0,000193,2019-09-19,004609,2019-08-17,description,"Work description names Koramangala: ""…n in mestripalya village in ward no 151 Koramangala…""",1,0,151-19-000006,https://accounts.bbmp.gov.in/vssWB/vss00CvStatusData.php?pAction=LoadPaymentGridData&pDateFrom=01-Jul-2019&pDateTo=30-Sep-2019&pBudgetHeadID=-1&pWardIDs=&pDDOID=-1&pDDOIDs=
257995,151-19-000003,000072,2019-07-12,Improvements CC roads in mestripalya village in ward no 151 Koramangala,151,198,ddo421  Assistant Executive Engineer Koramangala South Zone,M/s KRIDL,First and Final,1968391.0,1745974.0,222417.0,000193,2019-09-19,004611,2019-08-17,description,"Work description names Koramangala: ""…s in mestripalya village in ward no 151 Koramangala…""",1,0,151-19-000003,https://accounts.bbmp.gov.in/vssWB/vss00CvStatusData.php?pAction=LoadPaymentGridData&pDateFrom=01-Jul-2019&pDateTo=30-Sep-2019&pBudgetHeadID=-1&pWardIDs=&pDDOID=-1&pDDOIDs=
273761,148-18-000025,000126,2019-08-31,Improvements of park and play ground at NGV in ward no 148,148,198,ddo421  Assistant Executive Engineer Koramangala South Zone,M/s KRIDL,First and Final,8251283.0,6995198.0,1256085.0,000204,2019-09-27,005135,2019-09-16,description,"Work description names Koramangala: ""…Improvements of park and play ground at NGV in ward no 148…""",0,0,148-18-000025,https://accounts.bbmp.gov.in/vssWB/vss00CvStatusData.php?pAction=LoadPaymentGridData&pDateFrom=01-Jul-2019&pDateTo=30-Sep-2019&pBudgetHeadID=-1&pWardIDs=&pDDOID=-1&pDDOIDs=
161216,151-17-000028,000039,2018-04-28,Urgent work under Emergency grant for the year 2016-17 in ward No.151 Koramangala,151,198,ddo421  Assistant Executive Engineer Koramangala South Zone,Sri. Patel B,Second and Final,414663.0,375928.0,38735.0,000216,2019-10-11,005490,2019-10-01,description,"Work description names Koramangala: ""…ant for the year 2016-17 in ward No.151 Koramangala…""",1,0,,https://accounts.bbmp.gov.in/vssWB/vss00CvStatusData.php?pAction=LoadPaymentGridData&pDateFrom=01-Oct-2019&pDateTo=31-Dec-2019&pBudgetHeadID=-1&pWardIDs=&pDDOID=-1&pDDOIDs=
260487,304-17-000105,000041,2019-07-09,"Providing project management consultancy services including proof checking construction supervision and quality control for the work of Construction of Elevated corridor by integrating Ejipura main road-Inner Ring Road junction, Sony World junction and Kendriya Sadana junction along 100ft. Inner Ring Road, Koramangala, Bangalore",304,dept,,INFRA SUPPORT ENGGCO,,3842900.0,3389986.0,452914.0,000218,2019-10-11,005725,2019-10-11,description,"Work description names Koramangala: ""…junction along 100ft. Inner Ring Road, Koramangala, Bangalore…""",1,1,304-17-000105,https://accounts.bbmp.gov.in/vssWB/vss00CvStatusData.php?pAction=LoadPaymentGridData&pDateFrom=01-Oct-2019&pDateTo=31-Dec-2019&pBudgetHeadID=-1&pWardIDs=&pDDOID=-1&pDDOIDs=
266871,304-17-000105,000054,2019-08-01,"Construction of Elevated corridor by integrating Ejipura main road-Inner Ring Road junction, Sony World junction and Kendriya Sadana junction along 100ft. Inner Ring Road, Koramangala, Bangalore.",304,dept,ddo341  Assistant Executive Engineer M P E D Central Zone,M/s Simplex Infrastructures Limited,Running,72941890.0,39990774.0,32951116.0,000218,2019-10-11,005728,2019-10-11,description,"Work description names Koramangala: ""…junction along 100ft. Inner Ring Road, Koramangala, Bangalore.…""",1,1,304-17-000105,https://accounts.bbmp.gov.in/vssWB/vss00CvStatusData.php?pAction=LoadPaymentGridData&pDateFrom=01-Oct-2019&pDateTo=31-Dec-2019&pBudgetHeadID=-1&pWardIDs=&pDDOID=-1&pDDOIDs=
262838,151-18-000001,000086,2019-08-01,Comprehensive development of bad road and improvement to road side drains footpath asphalting and concreteting including culverts to selected main and other connecting roads in ward no 151 176 in BTM Division of South Zone Package-6 3 works,151,198,ddo421  Assistant Executive Engineer Koramangala South Zone,Mr NAGARAJ M T,Running,13195911.0,12627394.0,568517.0,000218,2019-10-11,005744,2019-10-11,ward_prefix,Booked to Koramangala ward (151 under the 198-ward map) (ward map inferred from the job-code year),0,0,151-18-000001,https://accounts.bbmp.gov.in/vssWB/vss00CvStatusData.php?pAction=LoadPaymentGridData&pDateFrom=01-Oct-2019&pDateTo=31-Dec-2019&pBudgetHeadID=-1&pWardIDs=&pDDOID=-1&pDDOIDs=
272241,151-18-000027,000124,2019-08-31,Construction and improvement of public toilets in ward No.151 Koramanga,151,198,ddo421  Assistant Executive Engineer Koramangala South Zone,Sri. R Govindaraju,First and Final,3497830.0,3147120.0,350710.0,000220,2019-10-14,005464,2019-10-01,description,"Work description names Koramangala: ""…vement of public toilets in ward No.151 Koramanga…""",0,0,151-18-000027,https://accounts.bbmp.gov.in/vssWB/vss00CvStatusData.php?pAction=LoadPaymentGridData&pDateFrom=01-Oct-2019&pDateTo=31-Dec-2019&pBudgetHeadID=-1&pWardIDs=&pDDOID=-1&pDDOIDs=
262200,151-18-000042,000081,2019-07-25,Annual Maintenance of roads and drains in ward no 151 Koramangala,151,198,ddo421  Assistant Executive Engineer Koramangala South Zone,Sri. K C Sreedhar,First and Final,1416200.0,1361172.0,55028.0,000220,2019-10-14,005710,2019-10-10,description,"Work description names Koramangala: ""…ance of roads and drains in ward no 151 Koramangala…""",0,0,151-18-000042,https://accounts.bbmp.gov.in/vssWB/vss00CvStatusData.php?pAction=LoadPaymentGridData&pDateFrom=01-Oct-2019&pDateTo=31-Dec-2019&pBudgetHeadID=-1&pWardIDs=&pDDOID=-1&pDDOIDs=
277374,151-18-000023,000127,2019-09-24,Providing RO Plant in Koramangala Village in Ward No:151 Koramangala,151,198,ddo421  Assistant Executive Engineer Koramangala South Zone,Sri. Hitesh Kumar S,First and Final,1201947.0,1130802.0,71145.0,000243,2019-10-30,005966,2019-10-25,description,"Work description names Koramangala: ""…Providing RO Plant in Koramangala Village in Ward No:151 Korama…""",0,0,151-18-000023,https://accounts.bbmp.gov.in/vssWB/vss00CvStatusData.php?pAction=LoadPaymentGridData&pDateFrom=01-Oct-2019&pDateTo=31-Dec-2019&pBudgetHeadID=-1&pWardIDs=&pDDOID=-1&pDDOIDs=
290662,151-16-000001,000188,2019-11-04,Operation and Maintenance of Street Lighting System in Ward No.151 Package S-27 of South Zone,151,198,ddo258  Executive Engineer Electrical South Zone,M/S Vijayalakshmi Associates,Running,466924.0,429075.0,37849.0,000272,2019-11-20,006265,2019-11-18,ward_prefix,Booked to Koramangala ward (151 under the 198-ward map) (ward map inferred from the job-code year),1,1,151-16-000001,https://accounts.bbmp.gov.in/vssWB/vss00CvStatusData.php?pAction=LoadPaymentGridData&pDateFrom=01-Oct-2019&pDateTo=31-Dec-2019&pBudgetHeadID=-1&pWardIDs=&pDDOID=-1&pDDOIDs=
281560,147-18-000023,000128,2019-09-30,Providing RO Plant in 8th block Koramangala in Ward No:147 Adugodi,147,198,ddo421  Assistant Executive Engineer Koramangala South Zone,Sri. R Govindaraju,First and Final,1190608.0,1077916.0,112692.0,000275,2019-11-21,006197,2019-11-12,description,"Work description names Koramangala: ""…Providing RO Plant in 8th block Koramangala in Ward No:147 Adugodi…""",0,0,147-18-000023,https://accounts.bbmp.gov.in/vssWB/vss00CvStatusData.php?pAction=LoadPaymentGridData&pDateFrom=01-Oct-2019&pDateTo=31-Dec-2019&pBudgetHeadID=-1&pWardIDs=&pDDOID=-1&pDDOIDs=
288648,151-18-000051,000088,2019-10-23,"Parks, Playground and other Developments in koramangala ward No. 151",151,198,ddo422  Executive Engineer Project - South Zone,KRIDL,First and Final,2479503.0,2197188.0,282315.0,000285,2019-11-29,006319,2019-11-22,description,"Work description names Koramangala: ""…s, Playground and other Developments in koramangala ward No. 151…""",0,0,151-18-000051,https://accounts.bbmp.gov.in/vssWB/vss00CvStatusData.php?pAction=LoadPaymentGridData&pDateFrom=01-Oct-2019&pDateTo=31-Dec-2019&pBudgetHeadID=-1&pWardIDs=&pDDOID=-1&pDDOIDs=
162677,151-16-000014,000054,2018-05-21,Providing Cement concrete designer tiles to footpath and Improvements to drains at 18th main 6th block in ward no 151 (Koramangala),151,198,ddo421  Assistant Executive Engineer Koramangala South Zone,M/s KRIDL,First and Final,5145767.0,4755068.0,390699.0,000320,2019-12-24,006785,2019-12-12,description,"Work description names Koramangala: ""…at 18th main 6th block in ward no 151 (Koramangala)…""",1,1,151-16-000014,https://accounts.bbmp.gov.in/vssWB/vss00CvStatusData.php?pAction=LoadPaymentGridData&pDateFrom=01-Oct-2019&pDateTo=31-Dec-2019&pBudgetHeadID=-1&pWardIDs=&pDDOID=-1&pDDOIDs=
165500,151-17-000004,000058,2018-06-02,Construction and improvements to Two Ashwathakatte in Siddartha colony in ward no 151,151,198,ddo421  Assistant Executive Engineer Koramangala South Zone,Sri. R M Ravi,First and Final,1369487.0,1257253.0,112234.0,000336,2020-01-09,007090,2020-01-08,ward_prefix,Booked to Koramangala ward (151 under the 198-ward map) (ward map inferred from the job-code year),1,1,151-17-000004,https://accounts.bbmp.gov.in/vssWB/vss00CvStatusData.php?pAction=LoadPaymentGridData&pDateFrom=01-Jan-2020&pDateTo=31-Mar-2020&pBudgetHeadID=-1&pWardIDs=&pDDOID=-1&pDDOIDs=
282470,304-17-000105,000074,2019-09-30,"Construction of Elevated corridor by integrating Ejipura main road-Inner Ring Road junction, Sony World junction and Kendriya Sadana junction along 100ft. Inner Ring Road, Koramangala, Bangalore.",304,dept,ddo341  Assistant Executive Engineer M P E D Central Zone,M/s Simplex Infrastructures Limited,Running,60936255.0,48351637.0,12584618.0,000338,2020-01-09,007157,2020-01-08,description,"Work description names Koramangala: ""…junction along 100ft. Inner Ring Road, Koramangala, Bangalore.…""",1,1,304-17-000105,https://accounts.bbmp.gov.in/vssWB/vss00CvStatusData.php?pAction=LoadPaymentGridData&pDateFrom=01-Jan-2020&pDateTo=31-Mar-2020&pBudgetHeadID=-1&pWardIDs=&pDDOID=-1&pDDOIDs=
299917,304-17-000188,000016,2019-12-09,"Junction Improvements in Koramangala Maharaja signal, Wipro signal and Ishwarya signal",304,dept,ddo330  Executive Engineer T E C Central Zone,K.Somappa,First and Final,9729078.0,8759579.0,969499.0,000338,2020-01-09,007199,2020-01-09,description,"Work description names Koramangala: ""…Junction Improvements in Koramangala Maharaja signal, Wipro signal…""",0,0,304-17-000188,https://accounts.bbmp.gov.in/vssWB/vss00CvStatusData.php?pAction=LoadPaymentGridData&pDateFrom=01-Jan-2020&pDateTo=31-Mar-2020&pBudgetHeadID=-1&pWardIDs=&pDDOID=-1&pDDOIDs=
306320,307-19-000015,000143,2020-01-02,Detailed estimate for maintenance desilting of all storm water drains in Koramangala Zone,307,dept,ddo313  Chief Engineer SWD Central Zone,M/s R K Brothers Infraprop Proventures Private Limited,Third and Final,1622000.0,1539534.0,82466.0,000343,2020-01-10,007241,2020-01-10,description,"Work description names Koramangala: ""…desilting of all storm water drains in Koramangala Zone…""",0,0,307-19-000015,https://accounts.bbmp.gov.in/vssWB/vss00CvStatusData.php?pAction=LoadPaymentGridData&pDateFrom=01-Jan-2020&pDateTo=31-Mar-2020&pBudgetHeadID=-1&pWardIDs=&pDDOID=-1&pDDOIDs=
306103,151-19-000028,000198,2020-01-03,Drilling new borewell and Providing water pipeline facilities for SWM properties in HT Line 5th block industrial area in ward no 151 Koramangala,151,198,ddo421  Assistant Executive Engineer Koramangala South Zone,Sri Rangashamaiah,First and Final,966863.0,886909.0,79954.0,000382,2020-02-07,008213,2020-02-01,description,"Work description names Koramangala: ""…th block industrial area in ward no 151 Koramangala…""",0,0,151-19-000028,https://accounts.bbmp.gov.in/vssWB/vss00CvStatusData.php?pAction=LoadPaymentGridData&pDateFrom=01-Jan-2020&pDateTo=31-Mar-2020&pBudgetHeadID=-1&pWardIDs=&pDDOID=-1&pDDOIDs=
308330,151-19-000025,000202,2020-01-17,Beautification of various SWM black spots in various places in ward no 151 Koramangala,151,198,ddo421  Assistant Executive Engineer Koramangala South Zone,M/s KRIDL,First and Final,415302.0,366120.0,49182.0,000407,2020-02-28,008543,2020-02-14,description,"Work description names Koramangala: ""…spots in various places in ward no 151 Koramangala…""",0,0,,https://accounts.bbmp.gov.in/vssWB/vss00CvStatusData.php?pAction=LoadPaymentGridData&pDateFrom=01-Jan-2020&pDateTo=31-Mar-2020&pBudgetHeadID=-1&pWardIDs=&pDDOID=-1&pDDOIDs=
308598,147-19-000020,000205,2020-01-17,Improvements to Road and footpath at 8th block Koramangala in ward no.147 Adugodi,147,198,ddo421  Assistant Executive Engineer Koramangala South Zone,M/s KRILD,First and Final,1339718.0,1181744.0,157974.0,000407,2020-02-28,008596,2020-02-18,description,"Work description names Koramangala: ""…ments to Road and footpath at 8th block Koramangala in ward no.147 Adugodi…""",0,0,147-19-000020,https://accounts.bbmp.gov.in/vssWB/vss00CvStatusData.php?pAction=LoadPaymentGridData&pDateFrom=01-Jan-2020&pDateTo=31-Mar-2020&pBudgetHeadID=-1&pWardIDs=&pDDOID=-1&pDDOIDs=
185061,151-17-000024,000090,2018-08-08,Providing asphalting to roads and drain improvements in 8th block Koramangala and surrounding areas in ward No.151.,151,198,ddo421  Assistant Executive Engineer Koramangala South Zone,M Ramesh,First and Final,8167458.0,7562570.0,604888.0,000420,2020-03-09,008778,2020-03-04,description,"Work description names Koramangala: ""…ads and drain improvements in 8th block Koramangala and surrounding areas in ward…""",1,1,151-17-000024,https://accounts.bbmp.gov.in/vssWB/vss00CvStatusData.php?pAction=LoadPaymentGridData&pDateFrom=01-Jan-2020&pDateTo=31-Mar-2020&pBudgetHeadID=-1&pWardIDs=&pDDOID=-1&pDDOIDs=
185026,151-17-000037,000092,2018-08-08,Comprehesive development of the roads and drains in 1st Block Jakkasandra Extenstion Koramangala in ward No.151,151,198,ddo421  Assistant Executive Engineer Koramangala South Zone,Sri. M Ramesh,First and Final,6011703.0,5564873.0,446830.0,000420,2020-03-09,008780,2020-03-04,description,"Work description names Koramangala: ""…ins in 1st Block Jakkasandra Extenstion Koramangala in ward No.151…""",1,1,151-17-000037,https://accounts.bbmp.gov.in/vssWB/vss00CvStatusData.php?pAction=LoadPaymentGridData&pDateFrom=01-Jan-2020&pDateTo=31-Mar-2020&pBudgetHeadID=-1&pWardIDs=&pDDOID=-1&pDDOIDs=
314046,151-18-000032,000241,2020-01-30,Construction and improvement of Compound wall in DWCC centre and other improvement works in HT Line in Ward No. 151 Koramangala,151,198,ddo258  Executive Engineer Electrical South Zone,Sri. B.K.Bhaskar (Sri Bharathi Electricals),Second and Final,589670.0,531376.0,58294.0,000441,2020-03-23,009029,2020-03-16,description,"Work description names Koramangala: ""…vement works in HT Line in Ward No. 151 Koramangala…""",0,0,151-18-000032,https://accounts.bbmp.gov.in/vssWB/vss00CvStatusData.php?pAction=LoadPaymentGridData&pDateFrom=01-Jan-2020&pDateTo=31-Mar-2020&pBudgetHeadID=-1&pWardIDs=&pDDOID=-1&pDDOIDs=
183920,151-17-000082,000094,2018-08-09,Improvements to Burial ground in Jakkasandra Ext and Koramangala in ward no 151 Koramangala,151,198,ddo421  Assistant Executive Engineer Koramangala South Zone,C Pushparaj,First and Final,1444028.0,1403704.0,40324.0,000021,2020-05-21,009072,2020-03-17,description,"Work description names Koramangala: ""…to Burial ground in Jakkasandra Ext and Koramangala in ward no 151 Koramangala…""",1,1,151-17-000082,https://accounts.bbmp.gov.in/vssWB/vss00CvStatusData.php?pAction=LoadPaymentGridData&pDateFrom=01-Apr-2020&pDateTo=30-Jun-2020&pBudgetHeadID=-1&pWardIDs=&pDDOID=-1&pDDOIDs=
315583,304-17-000105,000119,2020-02-03,"Construction of Elevated corridor by integrating Ejipura main road-Inner Ring Road junction, Sony World junction and Kendriya Sadana junction along 100ft. Inner Ring Road, Koramangala, Bangalore.",304,dept,ddo341  Assistant Executive Engineer M P E D Central Zone,M/s Simplex Infrastructures Limited,Running,36799425.0,32637143.0,4162282.0,000031,2020-05-22,009569,2020-03-24,description,"Work description names Koramangala: ""…junction along 100ft. Inner Ring Road, Koramangala, Bangalore.…""",1,1,304-17-000105,https://accounts.bbmp.gov.in/vssWB/vss00CvStatusData.php?pAction=LoadPaymentGridData&pDateFrom=01-Apr-2020&pDateTo=30-Jun-2020&pBudgetHeadID=-1&pWardIDs=&pDDOID=-1&pDDOIDs=
320672,151-16-000001,000254,2020-02-17,Operation and Maintenance of Street Lighting System in Ward No.151 Package S-27 of South Zone,151,198,ddo258  Executive Engineer Electrical South Zone,M/S Vijayalakshmi Associates,Running,466924.0,429075.0,37849.0,000046,2020-05-29,008908,2020-03-10,ward_prefix,Booked to Koramangala ward (151 under the 198-ward map) (ward map inferred from the job-code year),1,1,151-16-000001,https://accounts.bbmp.gov.in/vssWB/vss00CvStatusData.php?pAction=LoadPaymentGridData&pDateFrom=01-Apr-2020&pDateTo=30-Jun-2020&pBudgetHeadID=-1&pWardIDs=&pDDOID=-1&pDDOIDs=
185965,151-17-000030,000098,2018-08-14,Providing asphalting to roads Opp. To Police station and Lakshmi temple surroundings in Koramangala Village in ward No.151,151,198,ddo421  Assistant Executive Engineer Koramangala South Zone,K C Sridhar,First and Final,3402590.0,3151008.0,251582.0,000053,2020-06-01,000348,2020-05-28,description,"Work description names Koramangala: ""…tion and Lakshmi temple surroundings in Koramangala Village in ward No.151…""",1,1,151-17-000030,https://accounts.bbmp.gov.in/vssWB/vss00CvStatusData.php?pAction=LoadPaymentGridData&pDateFrom=01-Apr-2020&pDateTo=30-Jun-2020&pBudgetHeadID=-1&pWardIDs=&pDDOID=-1&pDDOIDs=
185961,151-17-000025,000099,2018-08-14,Providing asphalting to roads and drain improvements in Koramangala Village and surrounding areas in ward No.151.,151,198,ddo421  Assistant Executive Engineer Koramangala South Zone,K C Sridhar,First and Final,3917642.0,3629491.0,288151.0,000053,2020-06-01,000349,2020-05-28,description,"Work description names Koramangala: ""…ting to roads and drain improvements in Koramangala Village and surrounding areas…""",1,1,151-17-000025,https://accounts.bbmp.gov.in/vssWB/vss00CvStatusData.php?pAction=LoadPaymentGridData&pDateFrom=01-Apr-2020&pDateTo=30-Jun-2020&pBudgetHeadID=-1&pWardIDs=&pDDOID=-1&pDDOIDs=
188966,151-17-000097,000106,2018-08-30,"Improvements to road, drains and footpath in Mestry palya, 4th B block, Koramangala and surrounding areas in Ward No.151 Koramangala",151,198,ddo421  Assistant Executive Engineer Koramangala South Zone,Sri K C Sreedhar,First and Final,4923147.0,4548604.0,374543.0,000053,2020-06-01,000350,2020-05-28,description,"Work description names Koramangala: ""…footpath in Mestry palya, 4th B block, Koramangala and surrounding areas in Ward…""",1,1,151-17-000097,https://accounts.bbmp.gov.in/vssWB/vss00CvStatusData.php?pAction=LoadPaymentGridData&pDateFrom=01-Apr-2020&pDateTo=30-Jun-2020&pBudgetHeadID=-1&pWardIDs=&pDDOID=-1&pDDOIDs=
190026,147-17-000085,000107,2018-08-31,"Improvements to drain, footpath and culverts from Arali Katte to Shiva temple and sourrounding area 8th block Koramangala in Adugodi ward No.147",147,198,ddo421  Assistant Executive Engineer Koramangala South Zone,Sri Jagadish Mariyappa,First and Final,1723752.0,1653317.0,70435.0,000060,2020-06-03,000419,2020-05-28,description,"Work description names Koramangala: ""…temple and sourrounding area 8th block Koramangala in Adugodi ward No.147…""",1,1,147-17-000085,https://accounts.bbmp.gov.in/vssWB/vss00CvStatusData.php?pAction=LoadPaymentGridData&pDateFrom=01-Apr-2020&pDateTo=30-Jun-2020&pBudgetHeadID=-1&pWardIDs=&pDDOID=-1&pDDOIDs=
190014,147-17-000059,000108,2018-08-31,"Comprehensive development of Roads, drains and culverts in 1st to 4th cross and surrounding area in 7th block Koramangala in Ward No.147 Adugodi",147,198,ddo421  Assistant Executive Engineer Koramangala South Zone,Sri Jagadish Mariyappa,First and Final,2670445.0,2561662.0,108783.0,000060,2020-06-03,000420,2020-05-28,description,"Work description names Koramangala: ""…cross and surrounding area in 7th block Koramangala in Ward No.147 Adugodi…""",1,1,147-17-000059,https://accounts.bbmp.gov.in/vssWB/vss00CvStatusData.php?pAction=LoadPaymentGridData&pDateFrom=01-Apr-2020&pDateTo=30-Jun-2020&pBudgetHeadID=-1&pWardIDs=&pDDOID=-1&pDDOIDs=
189829,151-17-000096,000109,2018-08-31,"Improvements to road, drains and footpath in Kudremukh colony, 2nd block, Koramangala and surrounding areas in Ward No.151 Koramangala",151,198,ddo421  Assistant Executive Engineer Koramangala South Zone,Sri. Jagadish Mariyappa,First and Final,3630393.0,3519157.0,111236.0,000060,2020-06-03,000421,2020-05-28,description,"Work description names Koramangala: ""…ootpath in Kudremukh colony, 2nd block, Koramangala and surrounding areas in Ward…""",1,1,151-17-000096,https://accounts.bbmp.gov.in/vssWB/vss00CvStatusData.php?pAction=LoadPaymentGridData&pDateFrom=01-Apr-2020&pDateTo=30-Jun-2020&pBudgetHeadID=-1&pWardIDs=&pDDOID=-1&pDDOIDs=
188946,151-17-000023,000105,2018-08-30,Providing cement concrete to roads and drain improvements in Koramangala Village and suroundings in Koramangala village in ward No.151,151,198,ddo421  Assistant Executive Engineer Koramangala South Zone,Sri K C Sreedhar,First and Final,8563159.0,7925176.0,637983.0,000061,2020-06-05,000432,2020-05-28,description,"Work description names Koramangala: ""…rete to roads and drain improvements in Koramangala Village and suroundings in Ko…""",1,1,151-17-000023,https://accounts.bbmp.gov.in/vssWB/vss00CvStatusData.php?pAction=LoadPaymentGridData&pDateFrom=01-Apr-2020&pDateTo=30-Jun-2020&pBudgetHeadID=-1&pWardIDs=&pDDOID=-1&pDDOIDs=
312848,307-19-000009,000214,2020-01-28,Construction of parallel Drain to SWD K-100 by laying RCC hume Pipes all along the Koramangala 80 feet Road from Sony World Junction via Maharaja Signal to Belanduru lake and othe area alternate drains for carrying the excess water of Koramangala and adjacent areas to Bellandur lake,307,dept,ddo421  Assistant Executive Engineer Koramangala South Zone,H D INFRASTRUCTURES,Running,39983560.0,37265200.0,2718360.0,000063,2020-06-05,000534,2020-05-30,description,"Work description names Koramangala: ""…by laying RCC hume Pipes all along the Koramangala 80 feet Road from Sony World…""",0,0,307-19-000009,https://accounts.bbmp.gov.in/vssWB/vss00CvStatusData.php?pAction=LoadPaymentGridData&pDateFrom=01-Apr-2020&pDateTo=30-Jun-2020&pBudgetHeadID=-1&pWardIDs=&pDDOID=-1&pDDOIDs=
191842,147-17-000039,000128,2018-09-28,"Providing asphalting to 1st cross, 1st C cross, 1st B main road, beside Ambedkar parks, 2nd A cross and 2nd B cross Koramangala 8th block in ward No.147 Adugodi",147,198,ddo421  Assistant Executive Engineer Koramangala South Zone,Sri. K R Pratheek,First and Final,1434378.0,1322539.0,111839.0,000092,2020-06-24,001114,2020-06-24,description,"Work description names Koramangala: ""…dkar parks, 2nd A cross and 2nd B cross Koramangala 8th block in ward No.147 Adug…""",1,1,147-17-000039,https://accounts.bbmp.gov.in/vssWB/vss00CvStatusData.php?pAction=LoadPaymentGridData&pDateFrom=01-Apr-2020&pDateTo=30-Jun-2020&pBudgetHeadID=-1&pWardIDs=&pDDOID=-1&pDDOIDs=
346130,151-16-000001,000031,2020-06-17,Operation and Maintenance of Street Lighting System in Ward No.151 Package S-27 of South Zone,151,198,ddo258  Executive Engineer Electrical South Zone,M/S Vijayalakshmi Associates,Running,778207.0,702123.0,76084.0,000103,2020-06-29,001187,2020-06-25,ward_prefix,Booked to Koramangala ward (151 under the 198-ward map) (ward map inferred from the job-code year),1,1,151-16-000001,https://accounts.bbmp.gov.in/vssWB/vss00CvStatusData.php?pAction=LoadPaymentGridData&pDateFrom=01-Apr-2020&pDateTo=30-Jun-2020&pBudgetHeadID=-1&pWardIDs=&pDDOID=-1&pDDOIDs=
192374,147-17-000083,000130,2018-09-28,"Improvements to drain and asphalting to 3rd A cross, 3rd B cross and 3rd C cross roads and sourrounding area Nanjappa reddy layout, 8th block Koramangala in Adugodi ward No.147",147,198,ddo421  Assistant Executive Engineer Koramangala South Zone,Sri. K R Pratheek,First and Final,3684588.0,3402984.0,281604.0,000117,2020-07-03,001282,2020-06-25,description,"Work description names Koramangala: ""…g area Nanjappa reddy layout, 8th block Koramangala in Adugodi ward No.147…""",1,1,147-17-000083,https://accounts.bbmp.gov.in/vssWB/vss00CvStatusData.php?pAction=LoadPaymentGridData&pDateFrom=01-Jul-2020&pDateTo=30-Sep-2020&pBudgetHeadID=-1&pWardIDs=&pDDOID=-1&pDDOIDs=
191944,147-17-000063,000132,2018-09-28,Asphalting to Lawrence School road and surrounding area in 8th block Koramangala in Ward No.147 Adugodi,147,198,ddo421  Assistant Executive Engineer Koramangala South Zone,Sri. K R Pratheek,First and Final,2876251.0,2652038.0,224213.0,000117,2020-07-03,001291,2020-06-25,description,"Work description names Koramangala: ""…road and surrounding area in 8th block Koramangala in Ward No.147 Adugodi…""",1,1,147-17-000063,https://accounts.bbmp.gov.in/vssWB/vss00CvStatusData.php?pAction=LoadPaymentGridData&pDateFrom=01-Jul-2020&pDateTo=30-Sep-2020&pBudgetHeadID=-1&pWardIDs=&pDDOID=-1&pDDOIDs=
191931,147-17-000086,000135,2018-09-28,"Improvements to roads and asphalting to 1st main, 1st cross, 1st B cross, 2nd cross, 3rd cross, 4th cross, 3rd A cross and sourrounding area 7th block Koramangala in Adugodi ward No.147",147,198,ddo421  Assistant Executive Engineer Koramangala South Zone,Sri. K R Pratheek,First and Final,4133834.0,3815333.0,318501.0,000117,2020-07-03,001292,2020-06-25,description,"Work description names Koramangala: ""…A cross and sourrounding area 7th block Koramangala in Adugodi ward No.147…""",1,1,147-17-000086,https://accounts.bbmp.gov.in/vssWB/vss00CvStatusData.php?pAction=LoadPaymentGridData&pDateFrom=01-Jul-2020&pDateTo=30-Sep-2020&pBudgetHeadID=-1&pWardIDs=&pDDOID=-1&pDDOIDs=
197194,147-17-000038,000149,2018-09-30,Providing asphalting to Adugodi main road from Hosur road via Koramangala 8th block upto Krishna medical form in ward No.147 Adugodi,147,198,ddo421  Assistant Executive Engineer Koramangala South Zone,K R Pratheek,First and Final,2481070.0,2284915.0,196155.0,000117,2020-07-03,001295,2020-06-25,description,"Work description names Koramangala: ""…o Adugodi main road from Hosur road via Koramangala 8th block upto Krishna medica…""",1,1,147-17-000038,https://accounts.bbmp.gov.in/vssWB/vss00CvStatusData.php?pAction=LoadPaymentGridData&pDateFrom=01-Jul-2020&pDateTo=30-Sep-2020&pBudgetHeadID=-1&pWardIDs=&pDDOID=-1&pDDOIDs=
337584,151-19-000020,000013,2020-05-20,Providing Pipeline for drinking water facilities in ward no 151 Koramangala,151,198,ddo421  Assistant Executive Engineer Koramangala South Zone,Smt Hemavathi,First and Final,1968852.0,1893735.0,75117.0,000141,2020-07-07,001604,2020-07-06,description,"Work description names Koramangala: ""…rinking water facilities in ward no 151 Koramangala…""",0,0,151-19-000020,https://accounts.bbmp.gov.in/vssWB/vss00CvStatusData.php?pAction=LoadPaymentGridData&pDateFrom=01-Jul-2020&pDateTo=30-Sep-2020&pBudgetHeadID=-1&pWardIDs=&pDDOID=-1&pDDOIDs=
202129,147-17-000016,000169,2018-10-23,"Improvements to drains at 7th block, Koramangala in ward No.147 Adugodi",147,198,ddo421  Assistant Executive Engineer Koramangala South Zone,N Venkatesh,First and Final,4886950.0,4442712.0,444238.0,000153,2020-07-13,001724,2020-07-08,description,"Work description names Koramangala: ""…Improvements to drains at 7th block, Koramangala in ward No.147 Adugodi…""",1,1,147-17-000016,https://accounts.bbmp.gov.in/vssWB/vss00CvStatusData.php?pAction=LoadPaymentGridData&pDateFrom=01-Jul-2020&pDateTo=30-Sep-2020&pBudgetHeadID=-1&pWardIDs=&pDDOID=-1&pDDOIDs=
337757,304-17-000105,000019,2020-05-18,"Construction of Elevated corridor by integrating Ejipura main road-Inner Ring Road junction, Sony World junction and Kendriya Sadana junction along 100ft. Inner Ring Road, Koramangala, Bangalore.",304,dept,ddo341  Assistant Executive Engineer M P E D Central Zone,M/s Simplex Infrastructures Limited,Running,25500430.0,14292756.0,11207674.0,000192,2020-10-15,002295,2020-10-15,description,"Work description names Koramangala: ""…junction along 100ft. Inner Ring Road, Koramangala, Bangalore.…""",1,1,304-17-000105,https://accounts.bbmp.gov.in/vssWB/vss00CvStatusData.php?pAction=LoadPaymentGridData&pDateFrom=01-Oct-2020&pDateTo=31-Dec-2020&pBudgetHeadID=-1&pWardIDs=&pDDOID=-1&pDDOIDs=
346195,151-18-000031,000049,2020-06-22,Construction and Improvement of existing compound wall and providing new compound wall and other improvement work in HT line in ward no 151,151,198,ddo421  Assistant Executive Engineer Koramangala South Zone,M/s KRIDL,First and Final,8776776.0,7767520.0,1009256.0,000193,2020-10-16,002224,2020-10-14,ward_prefix,Booked to Koramangala ward (151 under the 198-ward map) (ward map inferred from the job-code year),0,0,151-18-000031,https://accounts.bbmp.gov.in/vssWB/vss00CvStatusData.php?pAction=LoadPaymentGridData&pDateFrom=01-Oct-2020&pDateTo=31-Dec-2020&pBudgetHeadID=-1&pWardIDs=&pDDOID=-1&pDDOIDs=
346120,147-19-000019,000053,2020-06-26,Improvements to Road and footpath at 7th block Koramangala in ward no.147 Adugodi,147,198,ddo421  Assistant Executive Engineer Koramangala South Zone,M/s KRIDL,First and Final,1498806.0,1354631.0,144175.0,000193,2020-10-16,002270,2020-10-15,description,"Work description names Koramangala: ""…ments to Road and footpath at 7th block Koramangala in ward no.147 Adugodi…""",0,0,147-19-000019,https://accounts.bbmp.gov.in/vssWB/vss00CvStatusData.php?pAction=LoadPaymentGridData&pDateFrom=01-Oct-2020&pDateTo=31-Dec-2020&pBudgetHeadID=-1&pWardIDs=&pDDOID=-1&pDDOIDs=
346211,151-19-000026,000055,2020-06-26,Maintenance of SWM properties in ward no 151 Koramangala,151,198,ddo421  Assistant Executive Engineer Koramangala South Zone,M/s KRIDL,First and Final,398689.0,362895.0,35794.0,000193,2020-10-16,002271,2020-10-15,description,"Work description names Koramangala: ""…enance of SWM properties in ward no 151 Koramangala…""",0,0,,https://accounts.bbmp.gov.in/vssWB/vss00CvStatusData.php?pAction=LoadPaymentGridData&pDateFrom=01-Oct-2020&pDateTo=31-Dec-2020&pBudgetHeadID=-1&pWardIDs=&pDDOID=-1&pDDOIDs=
350790,304-17-000105,000039,2020-07-08,"Construction of Elevated corridor by integrating Ejipura main road-Inner Ring Road junction, Sony World junction and Kendriya Sadana junction along 100ft. Inner Ring Road, Koramangala, Bangalore.",304,dept,ddo341  Assistant Executive Engineer M P E D Central Zone,M/s Simplex Infrastructures Limited,Running,36978645.0,25749672.0,11228973.0,000195,2020-10-17,002318,2020-10-16,description,"Work description names Koramangala: ""…junction along 100ft. Inner Ring Road, Koramangala, Bangalore.…""",1,1,304-17-000105,https://accounts.bbmp.gov.in/vssWB/vss00CvStatusData.php?pAction=LoadPaymentGridData&pDateFrom=01-Oct-2020&pDateTo=31-Dec-2020&pBudgetHeadID=-1&pWardIDs=&pDDOID=-1&pDDOIDs=
366821,304-17-000105,000050,2020-09-22,"Construction of Elevated corridor by integrating Ejipura main road-Inner Ring Road junction, Sony World junction and Kendriya Sadana junction along 100ft. Inner Ring Road, Koramangala, Bangalore.",304,dept,ddo341  Assistant Executive Engineer M P E D Central Zone,M/s Simplex Infrastructures Limited,Running,36001500.0,26617819.0,9383681.0,000195,2020-10-17,002368,2020-10-17,description,"Work description names Koramangala: ""…junction along 100ft. Inner Ring Road, Koramangala, Bangalore.…""",1,1,304-17-000105,https://accounts.bbmp.gov.in/vssWB/vss00CvStatusData.php?pAction=LoadPaymentGridData&pDateFrom=01-Oct-2020&pDateTo=31-Dec-2020&pBudgetHeadID=-1&pWardIDs=&pDDOID=-1&pDDOIDs=
346209,151-19-000023,000054,2020-06-26,Improvements to Roads and drains in ward no 151 Koramangala,151,198,ddo421  Assistant Executive Engineer Koramangala South Zone,M/s KRIDL,First and Final,1489292.0,1344925.0,144367.0,000197,2020-10-20,002350,2020-10-17,description,"Work description names Koramangala: ""…ents to Roads and drains in ward no 151 Koramangala…""",0,0,151-19-000023,https://accounts.bbmp.gov.in/vssWB/vss00CvStatusData.php?pAction=LoadPaymentGridData&pDateFrom=01-Oct-2020&pDateTo=31-Dec-2020&pBudgetHeadID=-1&pWardIDs=&pDDOID=-1&pDDOIDs=
352215,151-20-000061,000074,2020-07-14,Maintenance of BBMP Buildings in Koramangala ward no.151,151,198,ddo421  Assistant Executive Engineer Koramangala South Zone,Sri Rajesh Y,First and Final,362862.0,333376.0,29486.0,000200,2020-10-23,002400,2020-10-20,description,"Work description names Koramangala: ""…Maintenance of BBMP Buildings in Koramangala ward no.151…""",0,0,,https://accounts.bbmp.gov.in/vssWB/vss00CvStatusData.php?pAction=LoadPaymentGridData&pDateFrom=01-Oct-2020&pDateTo=31-Dec-2020&pBudgetHeadID=-1&pWardIDs=&pDDOID=-1&pDDOIDs=
355006,151-19-000027,000097,2020-08-07,Maintenance of SWM properties in HT Line in 5th block industrial area in ward no 151 Koramangala,151,198,ddo421  Assistant Executive Engineer Koramangala South Zone,M/s KRIDL,First and Final,990364.0,877381.0,112983.0,000200,2020-10-23,002454,2020-10-20,description,"Work description names Koramangala: ""…th block industrial area in ward no 151 Koramangala…""",0,0,151-19-000027,https://accounts.bbmp.gov.in/vssWB/vss00CvStatusData.php?pAction=LoadPaymentGridData&pDateFrom=01-Oct-2020&pDateTo=31-Dec-2020&pBudgetHeadID=-1&pWardIDs=&pDDOID=-1&pDDOIDs=
317437,151-18-000001,000231,2020-02-20,Comprehensive development of bad road and improvement to road side drains footpath asphalting and concreteting including culverts to selected main and other connecting roads in ward no 151 176 in BTM Division of South Zone Package-6 3 works,151,198,ddo421  Assistant Executive Engineer Koramangala South Zone,Mr NAGARAJ M T,Running,4504958.0,4334736.0,170222.0,000201,2020-10-27,002624,2020-10-22,ward_prefix,Booked to Koramangala ward (151 under the 198-ward map) (ward map inferred from the job-code year),0,0,151-18-000001,https://accounts.bbmp.gov.in/vssWB/vss00CvStatusData.php?pAction=LoadPaymentGridData&pDateFrom=01-Oct-2020&pDateTo=31-Dec-2020&pBudgetHeadID=-1&pWardIDs=&pDDOID=-1&pDDOIDs=
343038,151-19-000021,000046,2020-06-19,Construction of New public toilet and maintenance of exising public toilets in ward no 151 Koramangala,151,198,ddo421  Assistant Executive Engineer Koramangala South Zone,M/s KRIDL,First and Final,932559.0,848889.0,83670.0,000213,2020-11-25,002788,2020-11-19,description,"Work description names Koramangala: ""…f exising public toilets in ward no 151 Koramangala…""",0,0,151-19-000021,https://accounts.bbmp.gov.in/vssWB/vss00CvStatusData.php?pAction=LoadPaymentGridData&pDateFrom=01-Oct-2020&pDateTo=31-Dec-2020&pBudgetHeadID=-1&pWardIDs=&pDDOID=-1&pDDOIDs=
373362,151-16-000001,000124,2020-10-01,Operation and Maintenance of Street Lighting System in Ward No.151 Package S-27 of South Zone,151,198,ddo258  Executive Engineer Electrical South Zone,M/S Vijayalakshmi Associates,Running,466924.0,423074.0,43850.0,000218,2020-12-01,003037,2020-11-30,ward_prefix,Booked to Koramangala ward (151 under the 198-ward map) (ward map inferred from the job-code year),1,1,151-16-000001,https://accounts.bbmp.gov.in/vssWB/vss00CvStatusData.php?pAction=LoadPaymentGridData&pDateFrom=01-Oct-2020&pDateTo=31-Dec-2020&pBudgetHeadID=-1&pWardIDs=&pDDOID=-1&pDDOIDs=
378302,151-20-000065,000171,2020-10-22,Improvements and Desilting of drains Koramangala ward no.151,151,198,ddo421  Assistant Executive Engineer Koramangala South Zone,Sri T R Manjunath,First and Final,336130.0,321049.0,15081.0,000234,2020-12-18,003411,2020-12-11,description,"Work description names Koramangala: ""…Improvements and Desilting of drains Koramangala ward no.151…""",0,0,,https://accounts.bbmp.gov.in/vssWB/vss00CvStatusData.php?pAction=LoadPaymentGridData&pDateFrom=01-Oct-2020&pDateTo=31-Dec-2020&pBudgetHeadID=-1&pWardIDs=&pDDOID=-1&pDDOIDs=
378285,151-20-000067,000172,2020-10-22,Improvements to SWM block spots and Providing SWM awareness boards and CC TV Camaras in ward no. 151 Koramangala,151,198,ddo421  Assistant Executive Engineer Koramangala South Zone,Sri T R Manjunath,First and Final,311641.0,298405.0,13236.0,000234,2020-12-18,003413,2020-12-11,description,"Work description names Koramangala: ""…oards and CC TV Camaras in ward no. 151 Koramangala…""",0,0,,https://accounts.bbmp.gov.in/vssWB/vss00CvStatusData.php?pAction=LoadPaymentGridData&pDateFrom=01-Oct-2020&pDateTo=31-Dec-2020&pBudgetHeadID=-1&pWardIDs=&pDDOID=-1&pDDOIDs=
341977,307-19-000009,000034,2020-06-04,Construction of parallel Drain to SWD K-100 by laying RCC hume Pipes all along the Koramangala 80 feet Road from Sony World Junction via Maharaja Signal to Belanduru lake and othe area alternate drains for carrying the excess water of Koramangala and adjacent areas to Bellandur lake,307,dept,ddo421  Assistant Executive Engineer Koramangala South Zone,H D INFRASTRUCTURES,Running,42177235.0,39540349.0,2636886.0,000237,2020-12-24,003627,2020-12-23,description,"Work description names Koramangala: ""…by laying RCC hume Pipes all along the Koramangala 80 feet Road from Sony World…""",0,0,307-19-000009,https://accounts.bbmp.gov.in/vssWB/vss00CvStatusData.php?pAction=LoadPaymentGridData&pDateFrom=01-Oct-2020&pDateTo=31-Dec-2020&pBudgetHeadID=-1&pWardIDs=&pDDOID=-1&pDDOIDs=
343123,307-19-000009,000038,2020-06-10,Construction of parallel Drain to SWD K-100 by laying RCC hume Pipes all along the Koramangala 80 feet Road from Sony World Junction via Maharaja Signal to Belanduru lake and othe area alternate drains for carrying the excess water of Koramangala and adjacent areas to Bellandur lake PMC,307,dept,ddo421  Assistant Executive Engineer Koramangala South Zone,M/s. Sapience Consultants and Engineers,Running,460000.0,414000.0,46000.0,000237,2020-12-24,003661,2020-12-23,description,"Work description names Koramangala: ""…by laying RCC hume Pipes all along the Koramangala 80 feet Road from Sony World…""",0,0,307-19-000009,https://accounts.bbmp.gov.in/vssWB/vss00CvStatusData.php?pAction=LoadPaymentGridData&pDateFrom=01-Oct-2020&pDateTo=31-Dec-2020&pBudgetHeadID=-1&pWardIDs=&pDDOID=-1&pDDOIDs=
321936,304-17-000105,000132,2020-02-20,"Providing project management consultancy services including proof checking construction supervision and quality control for the work of Construction of Elevated corridor by integrating Ejipura main road-Inner Ring Road junction, Sony World junction and Kendriya Sadana junction along 100ft. Inner Ring Road, Koramangala, Bangalore",304,dept,ddo341  Assistant Executive Engineer M P E D Central Zone,INFRA SUPPORT ENGGCO,Running,1400735.0,1235648.0,165087.0,000238,2020-12-24,003795,2020-12-23,description,"Work description names Koramangala: ""…junction along 100ft. Inner Ring Road, Koramangala, Bangalore…""",1,1,304-17-000105,https://accounts.bbmp.gov.in/vssWB/vss00CvStatusData.php?pAction=LoadPaymentGridData&pDateFrom=01-Oct-2020&pDateTo=31-Dec-2020&pBudgetHeadID=-1&pWardIDs=&pDDOID=-1&pDDOIDs=
378152,115-20-000035,000058,2020-10-20,Removing of Unauthorized dumped waste and Improvements to Koramangala Main Road Footpath from Ejipura Junction to N G V Gate in ward no.115 Annexure-A Sl No 7,115,198,ddo086  Assistant Executive Engineer Dommalur East Zone,NAKSHTRA CONSTRUCTIONS Pro : Nalinadevi J,Final,1961260.0,1763135.0,198125.0,000244,2021-01-01,003944,2020-12-30,description,"Work description names Koramangala: ""…orized dumped waste and Improvements to Koramangala Main Road Footpath from Ejipu…""",0,0,115-20-000035,https://accounts.bbmp.gov.in/vssWB/vss00CvStatusData.php?pAction=LoadPaymentGridData&pDateFrom=01-Jan-2021&pDateTo=31-Mar-2021&pBudgetHeadID=-1&pWardIDs=&pDDOID=-1&pDDOIDs=
361349,151-20-000060,000112,2020-08-24,Maintenance of Burial Ground in Koramangala ward no.151,151,198,ddo421  Assistant Executive Engineer Koramangala South Zone,Sri Abhishek C,First and Final,256012.0,246644.0,9368.0,000247,2021-01-05,003659,2020-12-23,description,"Work description names Koramangala: ""…Maintenance of Burial Ground in Koramangala ward no.151…""",0,0,,https://accounts.bbmp.gov.in/vssWB/vss00CvStatusData.php?pAction=LoadPaymentGridData&pDateFrom=01-Jan-2021&pDateTo=31-Mar-2021&pBudgetHeadID=-1&pWardIDs=&pDDOID=-1&pDDOIDs=
172834,151-17-000029,000067,2018-06-29,Providing cement concrete to roads near Sri.Rama temple to Govt.School in koramangala village and suroundings in ward No.151,151,198,ddo421  Assistant Executive Engineer Koramangala South Zone,Sri. M R Chandrashekar,First and Final,3360419.0,3021622.0,338797.0,000254,2021-01-15,002104,2020-09-08,description,"Work description names Koramangala: ""…near Sri.Rama temple to Govt.School in koramangala village and suroundings in wa…""",1,1,151-17-000029,https://accounts.bbmp.gov.in/vssWB/vss00CvStatusData.php?pAction=LoadPaymentGridData&pDateFrom=01-Jan-2021&pDateTo=31-Mar-2021&pBudgetHeadID=-1&pWardIDs=&pDDOID=-1&pDDOIDs=
342998,151-18-000049,000043,2020-06-19,Providing library room and other improvement works in subramanya swamy park at koramangal,151,198,ddo421  Assistant Executive Engineer Koramangala South Zone,Sri. R M Ravi,First and Final,1212298.0,1161877.0,50421.0,000271,2021-02-04,004241,2021-02-03,description,"Work description names Koramangala: ""…ement works in subramanya swamy park at koramangal…""",0,0,151-18-000049,https://accounts.bbmp.gov.in/vssWB/vss00CvStatusData.php?pAction=LoadPaymentGridData&pDateFrom=01-Jan-2021&pDateTo=31-Mar-2021&pBudgetHeadID=-1&pWardIDs=&pDDOID=-1&pDDOIDs=
198599,151-17-000001,000176,2018-10-06,Size Stone Masonary in SWD secondary drain Koramangala 6th block in ward no 151,151,198,ddo313  Chief Engineer SWD Central Zone,TECHNICAL MANAGER-3,First and Final,2323944.0,2058844.0,265100.0,000278,2021-02-24,004393,2021-02-22,description,"Work description names Koramangala: ""…e Stone Masonary in SWD secondary drain Koramangala 6th block in ward no 151…""",1,0,151-17-000001,https://accounts.bbmp.gov.in/vssWB/vss00CvStatusData.php?pAction=LoadPaymentGridData&pDateFrom=01-Jan-2021&pDateTo=31-Mar-2021&pBudgetHeadID=-1&pWardIDs=&pDDOID=-1&pDDOIDs=
393114,151-20-000066,000206,2020-12-18,Construction of RCC Box drain and Other development work at MM Garden and surrounding area Koramangala ward no.151,151,198,ddo421  Assistant Executive Engineer Koramangala South Zone,Sri Abhishek C,First and Final,600295.0,569738.0,30557.0,000279,2021-02-24,004396,2021-02-22,description,"Work description names Koramangala: ""…work at MM Garden and surrounding area Koramangala ward no.151…""",0,0,151-20-000066,https://accounts.bbmp.gov.in/vssWB/vss00CvStatusData.php?pAction=LoadPaymentGridData&pDateFrom=01-Jan-2021&pDateTo=31-Mar-2021&pBudgetHeadID=-1&pWardIDs=&pDDOID=-1&pDDOIDs=
393087,151-20-000064,000207,2020-12-18,Rectification of Road cut portion of BWSSB in Koramangala ward no.151,151,198,ddo421  Assistant Executive Engineer Koramangala South Zone,Sri Abhishek C,First and Final,471778.0,438116.0,33662.0,000279,2021-02-24,004397,2021-02-22,description,"Work description names Koramangala: ""…ication of Road cut portion of BWSSB in Koramangala ward no.151…""",0,0,,https://accounts.bbmp.gov.in/vssWB/vss00CvStatusData.php?pAction=LoadPaymentGridData&pDateFrom=01-Jan-2021&pDateTo=31-Mar-2021&pBudgetHeadID=-1&pWardIDs=&pDDOID=-1&pDDOIDs=
395355,151-16-000001,000180,2020-12-21,Operation and Maintenance of Street Lighting System in Ward No.151 Package S-27 of South Zone,151,198,ddo258  Executive Engineer Electrical South Zone,M/S Vijayalakshmi Associates,Running,466925.0,421575.0,45350.0,000287,2021-03-05,004629,2021-03-01,ward_prefix,Booked to Koramangala ward (151 under the 198-ward map) (ward map inferred from the job-code year),1,1,151-16-000001,https://accounts.bbmp.gov.in/vssWB/vss00CvStatusData.php?pAction=LoadPaymentGridData&pDateFrom=01-Jan-2021&pDateTo=31-Mar-2021&pBudgetHeadID=-1&pWardIDs=&pDDOID=-1&pDDOIDs=
352704,151-18-000030,000093,2020-07-22,Construction of Rest room for Pourakarmika and CC Road surface for Lorries in Transfer station in HT Line in ward no 151 KOramangala,151,198,ddo421  Assistant Executive Engineer Koramangala South Zone,M/s KRIDL,First and Final,2982915.0,2598393.0,384522.0,000302,2021-03-23,005083,2021-03-15,description,"Work description names Koramangala: ""…nsfer station in HT Line in ward no 151 KOramangala…""",0,0,151-18-000030,https://accounts.bbmp.gov.in/vssWB/vss00CvStatusData.php?pAction=LoadPaymentGridData&pDateFrom=01-Jan-2021&pDateTo=31-Mar-2021&pBudgetHeadID=-1&pWardIDs=&pDDOID=-1&pDDOIDs=
390736,307-19-000009,000103,2020-12-08,Construction of parallel Drain to SWD K-100 by laying RCC hume Pipes all along the Koramangala 80 feet Road from Sony World Junction via Maharaja Signal to Belanduru lake and othe area alternate drains for carrying the excess water of Koramangala and adjacent areas to Bellandur lake,307,dept,ddo313  Chief Engineer SWD Central Zone,H D INFRASTRUCTURES,Running,44424000.0,42152414.0,2271586.0,000309,2021-03-26,005525,2021-03-26,description,"Work description names Koramangala: ""…by laying RCC hume Pipes all along the Koramangala 80 feet Road from Sony World…""",0,0,307-19-000009,https://accounts.bbmp.gov.in/vssWB/vss00CvStatusData.php?pAction=LoadPaymentGridData&pDateFrom=01-Jan-2021&pDateTo=31-Mar-2021&pBudgetHeadID=-1&pWardIDs=&pDDOID=-1&pDDOIDs=
327084,151-18-000022,000016,2020-05-21,Construction of Rain Water Harvesting pits in Ward no. 151 Koramangala,151,198,ddo421  Assistant Executive Engineer Koramangala South Zone,Sri. K C Sreedhar,First and Final,1230554.0,1179701.0,50853.0,000317,2021-03-29,005372,2021-03-24,description,"Work description names Koramangala: ""…n Water Harvesting pits in Ward no. 151 Koramangala…""",0,0,151-18-000022,https://accounts.bbmp.gov.in/vssWB/vss00CvStatusData.php?pAction=LoadPaymentGridData&pDateFrom=01-Jan-2021&pDateTo=31-Mar-2021&pBudgetHeadID=-1&pWardIDs=&pDDOID=-1&pDDOIDs=
410538,151-19-000017,000240,2021-03-05,Maintenance of BBMP Offices in Koramangala 5th block in ward no 151,151,198,ddo421  Assistant Executive Engineer Koramangala South Zone,M/s KRIDL,First and Final,496107.0,446545.0,49562.0,000012,2021-04-27,,,description,"Work description names Koramangala: ""…Maintenance of BBMP Offices in Koramangala 5th block in ward no 151…""",0,0,,https://accounts.bbmp.gov.in/vssWB/vss00CvStatusData.php?pAction=LoadPaymentGridData&pDateFrom=01-Apr-2021&pDateTo=30-Jun-2021&pBudgetHeadID=-1&pWardIDs=&pDDOID=-1&pDDOIDs=
410705,151-19-000018,000101,2021-03-02,Improvements of BBMP park near 2nd cross 4th block Koramangala in ward no 151,151,198,ddo422  Executive Engineer Project - South Zone,C N Shantharaju,First and Final,500348.0,453834.0,46514.0,000014,2021-04-30,,,description,"Work description names Koramangala: ""…s of BBMP park near 2nd cross 4th block Koramangala in ward no 151…""",0,0,151-19-000018,https://accounts.bbmp.gov.in/vssWB/vss00CvStatusData.php?pAction=LoadPaymentGridData&pDateFrom=01-Apr-2021&pDateTo=30-Jun-2021&pBudgetHeadID=-1&pWardIDs=&pDDOID=-1&pDDOIDs=
219133,151-18-000096,000151,2019-01-03,Arranging temprory illumination to ganesh immersion function in ward 151.,151,198,ddo258  Executive Engineer Electrical South Zone,M/S Sri Nanjundeshwara Electricals (BS Sachidananda),First and Final,43743.0,42387.0,1356.0,000045,2021-05-27,,,ward_prefix,Booked to Koramangala ward (151 under the 198-ward map) (ward map inferred from the job-code year),1,0,,https://accounts.bbmp.gov.in/vssWB/vss00CvStatusData.php?pAction=LoadPaymentGridData&pDateFrom=01-Apr-2021&pDateTo=30-Jun-2021&pBudgetHeadID=-1&pWardIDs=&pDDOID=-1&pDDOIDs=
209187,151-17-000038,000201,2019-01-05,Asphalting and improvements of roads in 2nd block Koramangala in ward No.151,151,198,ddo421  Assistant Executive Engineer Koramangala South Zone,S N Constructions,First and Final,4854710.0,4329786.0,524924.0,000045,2021-05-27,,,description,"Work description names Koramangala: ""…and improvements of roads in 2nd block Koramangala in ward No.151…""",1,1,151-17-000038,https://accounts.bbmp.gov.in/vssWB/vss00CvStatusData.php?pAction=LoadPaymentGridData&pDateFrom=01-Apr-2021&pDateTo=30-Jun-2021&pBudgetHeadID=-1&pWardIDs=&pDDOID=-1&pDDOIDs=
412452,307-19-000009,000161,2021-03-18,"Consultancy services for project management,Quality control supervision and preparation of bill of quantities for the work of construction of parallel drain to SWD K-100 by laying RCC hume pipes all along the Koramangala 80feet road from Sony world junction via Maharaja Signal to Bellandur lake and other areas alternate drains for carrying the excess water of koramangala and adjacent areas to Bellanduru lake",307,dept,ddo313  Chief Engineer SWD Central Zone,M/s Civil Tech Labs Pro Sri Basavaraj K,Running,529400.0,476400.0,53000.0,000049,2021-05-29,,,description,"Work description names Koramangala: ""…by laying RCC hume pipes all along the Koramangala 80feet road from Sony world j…""",0,0,307-19-000009,https://accounts.bbmp.gov.in/vssWB/vss00CvStatusData.php?pAction=LoadPaymentGridData&pDateFrom=01-Apr-2021&pDateTo=30-Jun-2021&pBudgetHeadID=-1&pWardIDs=&pDDOID=-1&pDDOIDs=
421294,304-20-000212,000002,2021-04-27,"Comprehensive Development of Arterial, Sub arterial roads in and around Koramangala in BTM Layout Assembly Constituency. (Package No 2018-19 S15) Annexure-2 Sl No 542 543 545",304,dept,ddo316  Executive Engineer Major Road South Central Zone,M RAMESH,Running,54703565.0,50728051.0,3975514.0,000049,2021-05-29,,,description,"Work description names Koramangala: ""…erial, Sub arterial roads in and around Koramangala in BTM Layout Assembly Consti…""",1,1,304-20-000212,https://accounts.bbmp.gov.in/vssWB/vss00CvStatusData.php?pAction=LoadPaymentGridData&pDateFrom=01-Apr-2021&pDateTo=30-Jun-2021&pBudgetHeadID=-1&pWardIDs=&pDDOID=-1&pDDOIDs=
371613,307-19-000009,000091,2020-11-24,"Consultancy services for project management,Quality control supervision and preparation of bill of quantities for the work of construction of parallel drain to SWD K-100 by laying RCC hume pipes all along the Koramangala 80feet road from Sony world junction via Maharaja Signal to Bellandur lake and other areas alternate drains for carrying the excess water of koramangala and adjacent areas to Bellanduru lake",307,dept,ddo313  Chief Engineer SWD Central Zone,M/s Civil Tech Labs Pro Sri Basavaraj K,Running,977000.0,879300.0,97700.0,000049,2021-05-29,,,description,"Work description names Koramangala: ""…by laying RCC hume pipes all along the Koramangala 80feet road from Sony world j…""",0,0,307-19-000009,https://accounts.bbmp.gov.in/vssWB/vss00CvStatusData.php?pAction=LoadPaymentGridData&pDateFrom=01-Apr-2021&pDateTo=30-Jun-2021&pBudgetHeadID=-1&pWardIDs=&pDDOID=-1&pDDOIDs=
209186,151-17-000094,000200,2019-01-05,"Improvements to road, drains and footpath in 5th block, KHB colony, Koramangala and surrounding areas in Ward No.151 Koramangala",151,198,ddo421  Assistant Executive Engineer Koramangala South Zone,S N Constructions,First and Final,4625496.0,4113324.0,512172.0,000053,2021-06-01,,,description,"Work description names Koramangala: ""…and footpath in 5th block, KHB colony, Koramangala and surrounding areas in Ward…""",1,0,151-17-000094,https://accounts.bbmp.gov.in/vssWB/vss00CvStatusData.php?pAction=LoadPaymentGridData&pDateFrom=01-Apr-2021&pDateTo=30-Jun-2021&pBudgetHeadID=-1&pWardIDs=&pDDOID=-1&pDDOIDs=
329256,151-19-000007,000254,2020-03-31,Providing and improvements to drian in Koramangala village in ward no 151 Koramangala,151,198,ddo421  Assistant Executive Engineer Koramangala South Zone,M/s KRIDL,First and Final,1899598.0,1652180.0,247418.0,000063,2021-06-05,,,description,"Work description names Koramangala: ""…Providing and improvements to drian in Koramangala village in ward no 151 Korama…""",1,0,151-19-000007,https://accounts.bbmp.gov.in/vssWB/vss00CvStatusData.php?pAction=LoadPaymentGridData&pDateFrom=01-Apr-2021&pDateTo=30-Jun-2021&pBudgetHeadID=-1&pWardIDs=&pDDOID=-1&pDDOIDs=
207435,151-17-000076,000222,2019-02-12,"Improvements and Development of drains and footpath in 5th, 6th, 8th Blocks, Koramangala Village and Surrounding areas in Koramangala ward No: 151 (Koramangala)",151,198,ddo421  Assistant Executive Engineer Koramangala South Zone,Sri. M R Chandrashekar,First and Final,4933390.0,4450026.0,483364.0,000067,2021-06-08,,,description,"Work description names Koramangala: ""…s and footpath in 5th, 6th, 8th Blocks, Koramangala Village and Surrounding areas…""",1,1,151-17-000076,https://accounts.bbmp.gov.in/vssWB/vss00CvStatusData.php?pAction=LoadPaymentGridData&pDateFrom=01-Apr-2021&pDateTo=30-Jun-2021&pBudgetHeadID=-1&pWardIDs=&pDDOID=-1&pDDOIDs=
219191,147-18-000067,000242,2019-03-02,"Drilling of Borewell in 8th Block Koramangala, AK colony and adugodi for the year 2017-18 ward No. 147 Adugodi",147,198,ddo421  Assistant Executive Engineer Koramangala South Zone,Sri Satish Nayak,First and Final,1990401.0,1894061.0,96340.0,000078,2021-06-16,,,description,"Work description names Koramangala: ""…Drilling of Borewell in 8th Block Koramangala, AK colony and adugodi for th…""",1,1,147-18-000067,https://accounts.bbmp.gov.in/vssWB/vss00CvStatusData.php?pAction=LoadPaymentGridData&pDateFrom=01-Apr-2021&pDateTo=30-Jun-2021&pBudgetHeadID=-1&pWardIDs=&pDDOID=-1&pDDOIDs=
221247,151-18-000089,000240,2019-03-02,Providing and Extension of Pipelines for drinking Water purpose from Existing Borewells in ward 151 Koramangala,151,198,ddo421  Assistant Executive Engineer Koramangala South Zone,Sri. Satish Nayka,First and Final,847823.0,806882.0,40941.0,000078,2021-06-16,,,description,"Work description names Koramangala: ""…ose from Existing Borewells in ward 151 Koramangala…""",1,1,151-18-000089,https://accounts.bbmp.gov.in/vssWB/vss00CvStatusData.php?pAction=LoadPaymentGridData&pDateFrom=01-Apr-2021&pDateTo=30-Jun-2021&pBudgetHeadID=-1&pWardIDs=&pDDOID=-1&pDDOIDs=
422027,147-18-000022,000021,2021-05-17,Providing RO Plant in 7th Block Koramangala in Ward No:147 Adugodi,147,198,ddo421  Assistant Executive Engineer Koramangala South Zone,Sri. R Govinda raju,First and Final,874596.0,711632.0,162964.0,000088,2021-06-23,,,description,"Work description names Koramangala: ""…Providing RO Plant in 7th Block Koramangala in Ward No:147 Adugodi…""",0,0,147-18-000022,https://accounts.bbmp.gov.in/vssWB/vss00CvStatusData.php?pAction=LoadPaymentGridData&pDateFrom=01-Apr-2021&pDateTo=30-Jun-2021&pBudgetHeadID=-1&pWardIDs=&pDDOID=-1&pDDOIDs=
327117,151-18-000092,000017,2020-05-21,Restoration of BWSSB road cuttings in ward No.151 Koramangala..,151,198,ddo421  Assistant Executive Engineer Koramangala South Zone,Sri Patel B,First and Final,1731346.0,1594928.0,136418.0,000090,2021-06-23,,,description,"Work description names Koramangala: ""…n of BWSSB road cuttings in ward No.151 Koramangala..…""",1,0,151-18-000092,https://accounts.bbmp.gov.in/vssWB/vss00CvStatusData.php?pAction=LoadPaymentGridData&pDateFrom=01-Apr-2021&pDateTo=30-Jun-2021&pBudgetHeadID=-1&pWardIDs=&pDDOID=-1&pDDOIDs=
239566,151-17-000083,000001,2019-04-04,"Improvements to road, drains and footpath in SBI colony, J-block, 3rb Block BDA Complex Koramangala and surrounding areas in Ward No.151 Koramangala",151,198,ddo421  Assistant Executive Engineer Koramangala South Zone,Sri. M Ramesh,First and Final,9521848.0,9061859.0,459989.0,000100,2021-07-05,,,description,"Work description names Koramangala: ""…colony, J-block, 3rb Block BDA Complex Koramangala and surrounding areas in Ward…""",1,1,151-17-000083,https://accounts.bbmp.gov.in/vssWB/vss00CvStatusData.php?pAction=LoadPaymentGridData&pDateFrom=01-Jul-2021&pDateTo=30-Sep-2021&pBudgetHeadID=-1&pWardIDs=&pDDOID=-1&pDDOIDs=
249408,148-17-000052,000041,2019-05-29,Constrcution of office Building in NGV ward No.148 (Ejipura),148,198,ddo421  Assistant Executive Engineer Koramangala South Zone,Sri. N Narasimha,First and Final,3091924.0,2797186.0,294738.0,000101,2021-07-08,,,description,"Work description names Koramangala: ""…Constrcution of office Building in NGV ward No.148 (Ejipura)…""",1,0,148-17-000052,https://accounts.bbmp.gov.in/vssWB/vss00CvStatusData.php?pAction=LoadPaymentGridData&pDateFrom=01-Jul-2021&pDateTo=30-Sep-2021&pBudgetHeadID=-1&pWardIDs=&pDDOID=-1&pDDOIDs=
410790,307-19-000009,000152,2021-03-02,Construction of parallel Drain to SWD K-100 by laying RCC hume Pipes all along the Koramangala 80 feet Road from Sony World Junction via Maharaja Signal to Belanduru lake and othe area alternate drains for carrying the excess water of Koramangala and adjacent areas to Bellandur lake,307,dept,ddo313  Chief Engineer SWD Central Zone,H D INFRASTRUCTURES,Running,38816000.0,36171356.0,2644644.0,000104,2021-07-12,,,description,"Work description names Koramangala: ""…by laying RCC hume Pipes all along the Koramangala 80 feet Road from Sony World…""",0,0,307-19-000009,https://accounts.bbmp.gov.in/vssWB/vss00CvStatusData.php?pAction=LoadPaymentGridData&pDateFrom=01-Jul-2021&pDateTo=30-Sep-2021&pBudgetHeadID=-1&pWardIDs=&pDDOID=-1&pDDOIDs=
239792,151-17-000100,000260,2019-03-31,"Improvements to road, drains and footpath in 17th F-1 to 17th F-4 and 17th G main road near Subramanya Park, 6th block Koramangala and surrounding areas in Ward No.151 Koramangala",151,198,ddo421  Assistant Executive Engineer Koramangala South Zone,Sri. B S Mahesh Kumar,First and Final,4862721.0,4658771.0,203950.0,000106,2021-07-15,,,description,"Work description names Koramangala: ""…in road near Subramanya Park, 6th block Koramangala and surrounding areas in Ward…""",1,1,151-17-000100,https://accounts.bbmp.gov.in/vssWB/vss00CvStatusData.php?pAction=LoadPaymentGridData&pDateFrom=01-Jul-2021&pDateTo=30-Sep-2021&pBudgetHeadID=-1&pWardIDs=&pDDOID=-1&pDDOIDs=
240369,151-18-000083,000261,2019-03-31,"Construction and Improvements of Culverts in 4th A, B, C cross junctions in 5th Block Industrial Area in ward 151 Koramangala..",151,198,ddo421  Assistant Executive Engineer Koramangala South Zone,Sri. Mahesh kumar B S,First and Final,1852933.0,1775935.0,76998.0,000106,2021-07-15,,,description,"Work description names Koramangala: ""…n 5th Block Industrial Area in ward 151 Koramangala..…""",1,0,151-18-000083,https://accounts.bbmp.gov.in/vssWB/vss00CvStatusData.php?pAction=LoadPaymentGridData&pDateFrom=01-Jul-2021&pDateTo=30-Sep-2021&pBudgetHeadID=-1&pWardIDs=&pDDOID=-1&pDDOIDs=
242007,148-17-000002,000009,2019-05-06,Development of park in National Games village in ward no 148,148,198,ddo422  Executive Engineer Project - South Zone,TECHNICAL MANAGER-3,First and Final,9990175.0,8812710.0,1177465.0,000115,2021-07-23,,,description,"Work description names Koramangala: ""…Development of park in National Games village in ward no 148…""",1,1,148-17-000002,https://accounts.bbmp.gov.in/vssWB/vss00CvStatusData.php?pAction=LoadPaymentGridData&pDateFrom=01-Jul-2021&pDateTo=30-Sep-2021&pBudgetHeadID=-1&pWardIDs=&pDDOID=-1&pDDOIDs=
245585,151-18-000091,000010,2019-05-08,Providing Lighting Arrangement at parks and arranging music System at Swabhimana Park in 4th block Koramangala in ward No.151 Koramangala...,151,198,ddo258  Executive Engineer Electrical South Zone,"Sri v. Jai Kumar, Shree Vinayaka Electricals",First and Final,1341571.0,1276026.0,65545.0,000118,2021-07-27,,,description,"Work description names Koramangala: ""…System at Swabhimana Park in 4th block Koramangala in ward No.151 Koramangala...…""",1,0,151-18-000091,https://accounts.bbmp.gov.in/vssWB/vss00CvStatusData.php?pAction=LoadPaymentGridData&pDateFrom=01-Jul-2021&pDateTo=30-Sep-2021&pBudgetHeadID=-1&pWardIDs=&pDDOID=-1&pDDOIDs=
242687,151-19-000079,000026,2019-05-20,Providing Assured Minimum Facilities (AMF) to all polling Stations of Lokasabha Elections - 2019 pertains to ward No.151,151,198,ddo421  Assistant Executive Engineer Koramangala South Zone,Sri. Somashekar T R,First and Final,71365.0,69378.0,1987.0,000118,2021-07-27,,,ward_prefix,Booked to Koramangala ward (151 under the 198-ward map) (ward map inferred from the job-code year),1,0,,https://accounts.bbmp.gov.in/vssWB/vss00CvStatusData.php?pAction=LoadPaymentGridData&pDateFrom=01-Jul-2021&pDateTo=30-Sep-2021&pBudgetHeadID=-1&pWardIDs=&pDDOID=-1&pDDOIDs=
420349,151-20-000004,000014,2021-04-22,Improvements to drains and culverts in Jakkasandra extension 1st block koramangala in Ward 151,151,198,ddo421  Assistant Executive Engineer Koramangala South Zone,Sri. K C Sreedhar,First and Final,3760454.0,3569631.0,190823.0,000124,2021-07-29,,,description,"Work description names Koramangala: ""…erts in Jakkasandra extension 1st block koramangala in Ward 151…""",0,0,151-20-000004,https://accounts.bbmp.gov.in/vssWB/vss00CvStatusData.php?pAction=LoadPaymentGridData&pDateFrom=01-Jul-2021&pDateTo=30-Sep-2021&pBudgetHeadID=-1&pWardIDs=&pDDOID=-1&pDDOIDs=
420344,151-20-000003,000012,2021-04-22,Improvents to drains and culverts in Mesthripalya 4th block Koramangala in Ward 151,151,198,ddo421  Assistant Executive Engineer Koramangala South Zone,Sri. K C Sreedhar,First and Final,2879180.0,2723499.0,155681.0,000124,2021-07-29,,,description,"Work description names Koramangala: ""…and culverts in Mesthripalya 4th block Koramangala in Ward 151…""",0,0,151-20-000003,https://accounts.bbmp.gov.in/vssWB/vss00CvStatusData.php?pAction=LoadPaymentGridData&pDateFrom=01-Jul-2021&pDateTo=30-Sep-2021&pBudgetHeadID=-1&pWardIDs=&pDDOID=-1&pDDOIDs=
420341,151-20-000006,000013,2021-04-22,Improvements to roads and drains in Koramangala Village Ward 151,151,198,ddo421  Assistant Executive Engineer Koramangala South Zone,Sri K C Sreedhar,First and Final,2398646.0,2248117.0,150529.0,000124,2021-07-29,,,description,"Work description names Koramangala: ""…Improvements to roads and drains in Koramangala Village Ward 151…""",0,0,151-20-000006,https://accounts.bbmp.gov.in/vssWB/vss00CvStatusData.php?pAction=LoadPaymentGridData&pDateFrom=01-Jul-2021&pDateTo=30-Sep-2021&pBudgetHeadID=-1&pWardIDs=&pDDOID=-1&pDDOIDs=
446228,304-17-000105,000028,2021-07-20,"Construction of Elevated corridor by integrating Ejipura main road-Inner Ring Road junction, Sony World junction and Kendriya Sadana junction along 100ft. Inner Ring Road, Koramangala, Bangalore.",304,dept,ddo341  Assistant Executive Engineer M P E D Central Zone,M/s Simplex Infrastructures Limited,Running,37392860.0,34964495.0,2428365.0,000127,2021-07-30,,,description,"Work description names Koramangala: ""…junction along 100ft. Inner Ring Road, Koramangala, Bangalore.…""",1,1,304-17-000105,https://accounts.bbmp.gov.in/vssWB/vss00CvStatusData.php?pAction=LoadPaymentGridData&pDateFrom=01-Jul-2021&pDateTo=30-Sep-2021&pBudgetHeadID=-1&pWardIDs=&pDDOID=-1&pDDOIDs=
244975,151-17-000008,000008,2019-05-06,Providing and fixing senior citizen gym equipment in park in Koramangala in ward no 151,151,198,ddo422  Executive Engineer Project - South Zone,TECHNICAL MANAGER-3,First and Final,9483084.0,8363359.0,1119725.0,000135,2021-08-04,,,description,"Work description names Koramangala: ""…senior citizen gym equipment in park in Koramangala in ward no 151…""",1,1,151-17-000008,https://accounts.bbmp.gov.in/vssWB/vss00CvStatusData.php?pAction=LoadPaymentGridData&pDateFrom=01-Jul-2021&pDateTo=30-Sep-2021&pBudgetHeadID=-1&pWardIDs=&pDDOID=-1&pDDOIDs=
394556,307-19-000015,000116,2020-12-28,"Consultancy services for supervision, project Management and Quality control for the work of Detailed estimate for maintenance desilting of all storm water drains in Koramangala Zone",307,dept,ddo313  Chief Engineer SWD Central Zone,M/s Preethi Cad Consulting Engineers Pvt Ltd,First and Final,495000.0,445500.0,49500.0,000137,2021-08-04,,,description,"Work description names Koramangala: ""…desilting of all storm water drains in Koramangala Zone…""",0,0,307-19-000015,https://accounts.bbmp.gov.in/vssWB/vss00CvStatusData.php?pAction=LoadPaymentGridData&pDateFrom=01-Jul-2021&pDateTo=30-Sep-2021&pBudgetHeadID=-1&pWardIDs=&pDDOID=-1&pDDOIDs=
269031,151-19-000065,000115,2019-08-07,"Providing External Lighting to Kitchen units at ward no 151 High Tension Line, 5th Block, Industrial Layout, Koramangala, Bangalore",151,198,ddo258  Executive Engineer Electrical South Zone,"Executive Engineer -3, KRIDL",First and Final,204088.0,182454.0,21634.0,000155,2021-08-12,,,description,"Work description names Koramangala: ""…ion Line, 5th Block, Industrial Layout, Koramangala, Bangalore…""",1,0,,https://accounts.bbmp.gov.in/vssWB/vss00CvStatusData.php?pAction=LoadPaymentGridData&pDateFrom=01-Jul-2021&pDateTo=30-Sep-2021&pBudgetHeadID=-1&pWardIDs=&pDDOID=-1&pDDOIDs=
269427,151-19-000064,000130,2019-08-13,Providing External Lighting to Indira Canteen at ward no 151 Koramangala,151,198,ddo258  Executive Engineer Electrical South Zone,"Executive Engineer -3, KRIDL",First and Final,118652.0,106074.0,12578.0,000155,2021-08-12,,,description,"Work description names Koramangala: ""…ghting to Indira Canteen at ward no 151 Koramangala…""",1,0,,https://accounts.bbmp.gov.in/vssWB/vss00CvStatusData.php?pAction=LoadPaymentGridData&pDateFrom=01-Jul-2021&pDateTo=30-Sep-2021&pBudgetHeadID=-1&pWardIDs=&pDDOID=-1&pDDOIDs=
421050,151-20-000075,000026,2021-05-27,Providing R O Plant and drilling of borewell in ward no 151 Koramangala,151,198,ddo421  Assistant Executive Engineer Koramangala South Zone,Sri Y H Krishna,First and Final,1441572.0,1378332.0,63240.0,000156,2021-08-13,,,description,"Work description names Koramangala: ""…and drilling of borewell in ward no 151 Koramangala…""",0,0,151-20-000075,https://accounts.bbmp.gov.in/vssWB/vss00CvStatusData.php?pAction=LoadPaymentGridData&pDateFrom=01-Jul-2021&pDateTo=30-Sep-2021&pBudgetHeadID=-1&pWardIDs=&pDDOID=-1&pDDOIDs=
421053,151-20-000062,000027,2021-05-27,Construction of R.O plant and other Development works in Koramangala ward No.151,151,198,ddo421  Assistant Executive Engineer Koramangala South Zone,Sri Y H Krishna,First and Final,776634.0,728879.0,47755.0,000156,2021-08-13,,,description,"Work description names Koramangala: ""….O plant and other Development works in Koramangala ward No.151…""",0,0,151-20-000062,https://accounts.bbmp.gov.in/vssWB/vss00CvStatusData.php?pAction=LoadPaymentGridData&pDateFrom=01-Jul-2021&pDateTo=30-Sep-2021&pBudgetHeadID=-1&pWardIDs=&pDDOID=-1&pDDOIDs=
440294,151-19-000024,000074,2021-07-07,Annual Maintenance of roads and drains in ward no 151 Koramangala,151,198,ddo421  Assistant Executive Engineer Koramangala South Zone,Sri M Kumar,First and Final,1383818.0,1258006.0,125812.0,000156,2021-08-13,,,description,"Work description names Koramangala: ""…ance of roads and drains in ward no 151 Koramangala…""",0,0,151-19-000024,https://accounts.bbmp.gov.in/vssWB/vss00CvStatusData.php?pAction=LoadPaymentGridData&pDateFrom=01-Jul-2021&pDateTo=30-Sep-2021&pBudgetHeadID=-1&pWardIDs=&pDDOID=-1&pDDOIDs=
442835,304-20-000212,000009,2021-07-12,"Comprehensive Development of Arterial, Sub arterial roads in and around Koramangala in BTM Layout Assembly Constituency. (Package No 2018-19 S15) Annexure-2 Sl No 542 543 545",304,dept,ddo316  Executive Engineer Major Road South Central Zone,M RAMESH,Running,39862488.0,37885020.0,1977468.0,000189,2021-09-14,,,description,"Work description names Koramangala: ""…erial, Sub arterial roads in and around Koramangala in BTM Layout Assembly Consti…""",1,1,304-20-000212,https://accounts.bbmp.gov.in/vssWB/vss00CvStatusData.php?pAction=LoadPaymentGridData&pDateFrom=01-Jul-2021&pDateTo=30-Sep-2021&pBudgetHeadID=-1&pWardIDs=&pDDOID=-1&pDDOIDs=
444314,307-19-000009,000042,2021-07-15,Construction of parallel Drain to SWD K-100 by laying RCC hume Pipes all along the Koramangala 80 feet Road from Sony World Junction via Maharaja Signal to Belanduru lake and othe area alternate drains for carrying the excess water of Koramangala and adjacent areas to Bellandur lake,307,dept,ddo313  Chief Engineer SWD Central Zone,H D INFRASTRUCTURES,Running,29095000.0,27378446.0,1716554.0,000189,2021-09-14,,,description,"Work description names Koramangala: ""…by laying RCC hume Pipes all along the Koramangala 80 feet Road from Sony World…""",0,0,307-19-000009,https://accounts.bbmp.gov.in/vssWB/vss00CvStatusData.php?pAction=LoadPaymentGridData&pDateFrom=01-Jul-2021&pDateTo=30-Sep-2021&pBudgetHeadID=-1&pWardIDs=&pDDOID=-1&pDDOIDs=
447785,151-20-000096,000104,2021-08-13,Comprehensive development and Improvements to roads in 7th Block. Shanthinagara society Ejipura ward. Venkateshwara temple. 8th A.B.C Roads. 5th Block. 8th block Koramangala village 3rd J Block. 5th block Industrial layout. MIG Houses judges park roads and surrounding roads in Ward No. 147. 148. 151 and 173 Koramangala sub divison Annexure-5,151,198,ddo421  Assistant Executive Engineer Koramangala South Zone,INFRA TECHNOCRATS CO,First and Final,489700.0,440730.0,48970.0,000189,2021-09-14,,,description,"Work description names Koramangala: ""…. 8th A.B.C Roads. 5th Block. 8th block Koramangala village 3rd J Block. 5th bloc…""",1,1,151-20-000096,https://accounts.bbmp.gov.in/vssWB/vss00CvStatusData.php?pAction=LoadPaymentGridData&pDateFrom=01-Jul-2021&pDateTo=30-Sep-2021&pBudgetHeadID=-1&pWardIDs=&pDDOID=-1&pDDOIDs=
447783,151-20-000044,000103,2021-08-13,"Improvements to venkatapura main road and service road in Jakkasandra ward173 Improvements to Koramangala surrounding areas ward 151 as per Annexure 02 GOK SL No 665, 666 and 667 (DPR work)",151,198,ddo421  Assistant Executive Engineer Koramangala South Zone,M/s Infra Technocrats Consultants Pro Sri Mahesh S Konaskumpi,First and Final,495600.0,446040.0,49560.0,000189,2021-09-14,,,description,"Work description names Koramangala: ""…in Jakkasandra ward173 Improvements to Koramangala surrounding areas ward 151 as…""",0,0,,https://accounts.bbmp.gov.in/vssWB/vss00CvStatusData.php?pAction=LoadPaymentGridData&pDateFrom=01-Jul-2021&pDateTo=30-Sep-2021&pBudgetHeadID=-1&pWardIDs=&pDDOID=-1&pDDOIDs=
447360,151-18-000044,000100,2021-08-02,Construction of Toilet and rest room for pourakarmikas in ward no 151 Koramangala,151,198,ddo421  Assistant Executive Engineer Koramangala South Zone,Sri. Mohan Kumar N,First and Final,1184901.0,1087733.0,97168.0,000199,2021-09-17,,,description,"Work description names Koramangala: ""…t room for pourakarmikas in ward no 151 Koramangala…""",0,0,151-18-000044,https://accounts.bbmp.gov.in/vssWB/vss00CvStatusData.php?pAction=LoadPaymentGridData&pDateFrom=01-Jul-2021&pDateTo=30-Sep-2021&pBudgetHeadID=-1&pWardIDs=&pDDOID=-1&pDDOIDs=
451239,152-20-000049,000105,2021-08-13,"Providing Asphalting improvements to roads, drains and footpath and other development works in Koramangala K R Garden Koramangala Village 14th main Jakkansandra Balajinagara 6th main Maruthinagar roads, Sriramappa layout Dodamuthappa layout, Tavarekere, Madiwala, Mico layout SFHS Layout, MKES college and surrounding areas in ward no 151,173,152,172,and 176 (Old Annexure-2 New Sl No 78 ,79, 80, 81, 82, 83, 84, 70, 73, 74, 75, 76, 77",152,198,ddo270  Assistant Executive Engineer BTM Layout South Zone,H & P CONSULTANTS,First and Final,489700.0,440730.0,48970.0,000203,2021-09-21,,,description,"Work description names Koramangala: ""…footpath and other development works in Koramangala K R Garden Koramangala Villag…""",1,1,152-20-000049,https://accounts.bbmp.gov.in/vssWB/vss00CvStatusData.php?pAction=LoadPaymentGridData&pDateFrom=01-Jul-2021&pDateTo=30-Sep-2021&pBudgetHeadID=-1&pWardIDs=&pDDOID=-1&pDDOIDs=
255199,151-18-000058,000054,2019-06-18,Estimate for Upgradation of Lightings at Parks and arranging music system at Subramanya Park in 6th block Koramangala in ward no 151 Koramangala,151,198,ddo258  Executive Engineer Electrical South Zone,M/S Niharika Electricals (Dilip.J),First and Final,960400.0,912636.0,47764.0,000215,2021-09-29,,,description,"Work description names Koramangala: ""…system at Subramanya Park in 6th block Koramangala in ward no 151 Koramangala…""",1,0,151-18-000058,https://accounts.bbmp.gov.in/vssWB/vss00CvStatusData.php?pAction=LoadPaymentGridData&pDateFrom=01-Jul-2021&pDateTo=30-Sep-2021&pBudgetHeadID=-1&pWardIDs=&pDDOID=-1&pDDOIDs=
273381,147-18-000061,000120,2019-08-29,Construction compound wall of cermatorium and other work at 8th block koramangala in Adugodi ward no. 147,147,198,ddo421  Assistant Executive Engineer Koramangala South Zone,N Narasimha,First and Final,1690262.0,1518865.0,171397.0,000239,2021-10-11,,,description,"Work description names Koramangala: ""…cermatorium and other work at 8th block koramangala in Adugodi ward no. 147…""",1,0,147-18-000061,https://accounts.bbmp.gov.in/vssWB/vss00CvStatusData.php?pAction=LoadPaymentGridData&pDateFrom=01-Oct-2021&pDateTo=31-Dec-2021&pBudgetHeadID=-1&pWardIDs=&pDDOID=-1&pDDOIDs=
274956,151-18-000086,000159,2019-08-30,Improvement of Lightings at parks and arranging music System at Grape Garden Park in 6th block Koramangala in ward No.151 Koramangala.,151,198,ddo258  Executive Engineer Electrical South Zone,M/S Chowdeshwari Electricals (MJ Ninge Gowda),First and Final,984869.0,932665.0,52204.0,000239,2021-10-11,,,description,"Work description names Koramangala: ""…ystem at Grape Garden Park in 6th block Koramangala in ward No.151 Koramangala.…""",1,0,151-18-000086,https://accounts.bbmp.gov.in/vssWB/vss00CvStatusData.php?pAction=LoadPaymentGridData&pDateFrom=01-Oct-2021&pDateTo=31-Dec-2021&pBudgetHeadID=-1&pWardIDs=&pDDOID=-1&pDDOIDs=
454475,151-20-000029,000077,2021-08-25,Operation and Maintenance of Street lighting System in ward No.151 and 173 Package S-10 of South zone.,151,198,ddo258  Executive Engineer Electrical South Zone,VIJAYALAKSHMI ASSOCI,Running,643014.0,593039.0,49975.0,000246,2021-10-13,,,ward_prefix,Booked to Koramangala ward (151 under the 198-ward map) (ward map inferred from the job-code year),1,1,151-20-000029,https://accounts.bbmp.gov.in/vssWB/vss00CvStatusData.php?pAction=LoadPaymentGridData&pDateFrom=01-Oct-2021&pDateTo=31-Dec-2021&pBudgetHeadID=-1&pWardIDs=&pDDOID=-1&pDDOIDs=
441110,151-20-000029,000030,2021-07-07,Operation and Maintenance of Street lighting System in ward No.151 and 173 Package S-10 of South zone.,151,198,ddo258  Executive Engineer Electrical South Zone,VIJAYALAKSHMI ASSOCI,Running,1403913.0,1292246.0,111667.0,000246,2021-10-13,,,ward_prefix,Booked to Koramangala ward (151 under the 198-ward map) (ward map inferred from the job-code year),1,1,151-20-000029,https://accounts.bbmp.gov.in/vssWB/vss00CvStatusData.php?pAction=LoadPaymentGridData&pDateFrom=01-Oct-2021&pDateTo=31-Dec-2021&pBudgetHeadID=-1&pWardIDs=&pDDOID=-1&pDDOIDs=
440324,151-16-000001,000021,2021-07-07,Operation and Maintenance of Street Lighting System in Ward No.151 Package S-27 of South Zone,151,198,ddo258  Executive Engineer Electrical South Zone,M/S Vijayalakshmi Associates,Final,255579.0,228379.0,27200.0,000246,2021-10-13,,,ward_prefix,Booked to Koramangala ward (151 under the 198-ward map) (ward map inferred from the job-code year),1,1,151-16-000001,https://accounts.bbmp.gov.in/vssWB/vss00CvStatusData.php?pAction=LoadPaymentGridData&pDateFrom=01-Oct-2021&pDateTo=31-Dec-2021&pBudgetHeadID=-1&pWardIDs=&pDDOID=-1&pDDOIDs=
463437,304-17-000105,000051,2021-09-28,"Construction of Elevated corridor by integrating Ejipura main road-Inner Ring Road junction, Sony World junction and Kendriya Sadana junction along 100ft. Inner Ring Road, Koramangala, Bangalore.",304,dept,ddo341  Assistant Executive Engineer M P E D Central Zone,M/s Simplex Infrastructures Limited,Running,23624530.0,19964509.0,3660021.0,000275,2021-11-19,,,description,"Work description names Koramangala: ""…junction along 100ft. Inner Ring Road, Koramangala, Bangalore.…""",1,1,304-17-000105,https://accounts.bbmp.gov.in/vssWB/vss00CvStatusData.php?pAction=LoadPaymentGridData&pDateFrom=01-Oct-2021&pDateTo=31-Dec-2021&pBudgetHeadID=-1&pWardIDs=&pDDOID=-1&pDDOIDs=
484958,304-20-000212,000029,2021-12-15,"Comprehensive Development of Arterial, Sub arterial roads in and around Koramangala in BTM Layout Assembly Constituency. (Package No 2018-19 S15) Annexure-2 Sl No 542 543 545",304,dept,ddo316  Executive Engineer Major Road South Central Zone,M RAMESH,Running,51089855.0,48167275.0,2922580.0,000344,2022-02-16,,,description,"Work description names Koramangala: ""…erial, Sub arterial roads in and around Koramangala in BTM Layout Assembly Consti…""",1,1,304-20-000212,https://accounts.bbmp.gov.in/vssWB/vss00CvStatusData.php?pAction=LoadPaymentGridData&pDateFrom=01-Jan-2022&pDateTo=31-Mar-2022&pBudgetHeadID=-1&pWardIDs=&pDDOID=-1&pDDOIDs=
475362,151-20-000002,000169,2021-11-20,Improvements to drains and culvert in Siddartha colony 2nd block Koramangala in Ward No.151,151,198,ddo421  Assistant Executive Engineer Koramangala South Zone,Mr GOVINDARAJU R,First and Final,3013178.0,2842552.0,170626.0,000356,2022-02-17,,,description,"Work description names Koramangala: ""…d culvert in Siddartha colony 2nd block Koramangala in Ward No.151…""",0,0,151-20-000002,https://accounts.bbmp.gov.in/vssWB/vss00CvStatusData.php?pAction=LoadPaymentGridData&pDateFrom=01-Jan-2022&pDateTo=31-Mar-2022&pBudgetHeadID=-1&pWardIDs=&pDDOID=-1&pDDOIDs=
488739,151-20-000029,000131,2021-12-31,Operation and Maintenance of Street lighting System in ward No.151 and 173 Package S-10 of South zone.,151,198,ddo258  Executive Engineer Electrical South Zone,VIJAYALAKSHMI ASSOCI,Running,1337834.0,1235214.0,102620.0,000387,2022-03-02,,,ward_prefix,Booked to Koramangala ward (151 under the 198-ward map) (ward map inferred from the job-code year),1,1,151-20-000029,https://accounts.bbmp.gov.in/vssWB/vss00CvStatusData.php?pAction=LoadPaymentGridData&pDateFrom=01-Jan-2022&pDateTo=31-Mar-2022&pBudgetHeadID=-1&pWardIDs=&pDDOID=-1&pDDOIDs=
494523,151-20-000063,000212,2022-01-20,Construction and Maintenance of public toilet in Koramangala ward no.151,151,198,ddo426  Executive Engineer B T M Layout South Zone,SANDEEP T G,First and Final,692622.0,604234.0,88388.0,000415,2022-03-17,,,description,"Work description names Koramangala: ""…ion and Maintenance of public toilet in Koramangala ward no.151…""",0,0,151-20-000063,https://accounts.bbmp.gov.in/vssWB/vss00CvStatusData.php?pAction=LoadPaymentGridData&pDateFrom=01-Jan-2022&pDateTo=31-Mar-2022&pBudgetHeadID=-1&pWardIDs=&pDDOID=-1&pDDOIDs=
491175,151-20-000080,000206,2022-01-17,"Construction of Public Toilet and improvements to existing public toilets in BTM Layout Constituency in ward no 147, 148, 151, and 176",151,198,ddo426  Executive Engineer B T M Layout South Zone,ROYAL CONSTRUCTIONS,Running,1009840.0,938590.0,71250.0,000419,2022-03-19,,,ward_prefix,Booked to Koramangala ward (151 under the 198-ward map) (ward map inferred from the job-code year),1,1,151-20-000080,https://accounts.bbmp.gov.in/vssWB/vss00CvStatusData.php?pAction=LoadPaymentGridData&pDateFrom=01-Jan-2022&pDateTo=31-Mar-2022&pBudgetHeadID=-1&pWardIDs=&pDDOID=-1&pDDOIDs=
494987,151-20-000080,000222,2022-01-24,"Construction of Public Toilet and improvements to existing public toilets in BTM Layout Constituency in ward no 147, 148, 151, and 176",151,198,ddo426  Executive Engineer B T M Layout South Zone,ROYAL CONSTRUCTIONS,Running,1008546.0,925465.0,83081.0,000419,2022-03-19,,,ward_prefix,Booked to Koramangala ward (151 under the 198-ward map) (ward map inferred from the job-code year),1,1,151-20-000080,https://accounts.bbmp.gov.in/vssWB/vss00CvStatusData.php?pAction=LoadPaymentGridData&pDateFrom=01-Jan-2022&pDateTo=31-Mar-2022&pBudgetHeadID=-1&pWardIDs=&pDDOID=-1&pDDOIDs=
266356,151-18-000061,000132,2019-10-25,Improvments to drains in 7th cross in 6th Block in ward no 151 Koramangala,151,198,ddo421  Assistant Executive Engineer Koramangala South Zone,RAGHU RAMACHANDRA C,First and Final,1760944.0,1684343.0,76601.0,000005,2022-04-06,,,description,"Work description names Koramangala: ""…n 7th cross in 6th Block in ward no 151 Koramangala…""",1,1,151-18-000061,https://accounts.bbmp.gov.in/vssWB/vss00CvStatusData.php?pAction=LoadPaymentGridData&pDateFrom=01-Apr-2022&pDateTo=30-Jun-2022&pBudgetHeadID=-1&pWardIDs=&pDDOID=-1&pDDOIDs=
277069,151-17-000081,000131,2019-10-15,Maintenance and repairs to BBMP buildings in Ward No.151 Koramangala,151,198,ddo421  Assistant Executive Engineer Koramangala South Zone,PUSHPARAJ C,First and Final,1849949.0,1771868.0,78081.0,000011,2022-04-12,,,description,"Work description names Koramangala: ""…epairs to BBMP buildings in Ward No.151 Koramangala…""",1,1,151-17-000081,https://accounts.bbmp.gov.in/vssWB/vss00CvStatusData.php?pAction=LoadPaymentGridData&pDateFrom=01-Apr-2022&pDateTo=30-Jun-2022&pBudgetHeadID=-1&pWardIDs=&pDDOID=-1&pDDOIDs=
460818,304-20-000212,000020,2021-09-17,"Comprehensive Development of Arterial, Sub arterial roads in and around Koramangala in BTM Layout Assembly Constituency. (Package No 2018-19 S15) Annexure-2 Sl No 542 543 545",304,dept,ddo316  Executive Engineer Major Road South Central Zone,M RAMESH,Running,5192132.0,4857219.0,334913.0,000016,2022-04-18,,,description,"Work description names Koramangala: ""…erial, Sub arterial roads in and around Koramangala in BTM Layout Assembly Consti…""",1,1,304-20-000212,https://accounts.bbmp.gov.in/vssWB/vss00CvStatusData.php?pAction=LoadPaymentGridData&pDateFrom=01-Apr-2022&pDateTo=30-Jun-2022&pBudgetHeadID=-1&pWardIDs=&pDDOID=-1&pDDOIDs=
296052,151-18-000093,000220,2019-11-22,Upgradation of Lightings at parks and arranging music System at Lakshmi Devi Park in 6th block Koramangala in ward No.151 Koramangala..,151,198,ddo258  Executive Engineer Electrical South Zone,JAICAB ELECTRICALS,First and Final,1455942.0,1312013.0,143929.0,000040,2022-04-25,,,description,"Work description names Koramangala: ""…ystem at Lakshmi Devi Park in 6th block Koramangala in ward No.151 Koramangala..…""",1,1,151-18-000093,https://accounts.bbmp.gov.in/vssWB/vss00CvStatusData.php?pAction=LoadPaymentGridData&pDateFrom=01-Apr-2022&pDateTo=30-Jun-2022&pBudgetHeadID=-1&pWardIDs=&pDDOID=-1&pDDOIDs=
296930,151-18-000060,000173,2019-11-27,Providing flagging coarse to drains and improvement of footpath in 5th block Industrial Area in ward no 151 (Koramangala),151,198,ddo421  Assistant Executive Engineer Koramangala South Zone,HARISH R,First and Final,529494.0,509254.0,20240.0,000040,2022-04-25,,,description,"Work description names Koramangala: ""…h block Industrial Area in ward no 151 (Koramangala)…""",1,1,151-18-000060,https://accounts.bbmp.gov.in/vssWB/vss00CvStatusData.php?pAction=LoadPaymentGridData&pDateFrom=01-Apr-2022&pDateTo=30-Jun-2022&pBudgetHeadID=-1&pWardIDs=&pDDOID=-1&pDDOIDs=
493593,304-20-000212,000039,2022-01-17,"Comprehensive Development of Arterial, Sub arterial roads in and around Koramangala in BTM Layout Assembly Constituency. (Package No 2018-19 S15) Annexure-2 Sl No 542 543 545",304,dept,ddo316  Executive Engineer Major Road South Central Zone,M RAMESH,Running,5597250.0,5259486.0,337764.0,000048,2022-04-27,,,description,"Work description names Koramangala: ""…erial, Sub arterial roads in and around Koramangala in BTM Layout Assembly Consti…""",1,1,304-20-000212,https://accounts.bbmp.gov.in/vssWB/vss00CvStatusData.php?pAction=LoadPaymentGridData&pDateFrom=01-Apr-2022&pDateTo=30-Jun-2022&pBudgetHeadID=-1&pWardIDs=&pDDOID=-1&pDDOIDs=
494505,152-20-000049,000211,2022-01-19,"Providing Asphalting improvements to roads, drains and footpath and other development works in Koramangala K R Garden Koramangala Village 14th main Jakkansandra Balajinagara 6th main Maruthinagar roads, Sriramappa layout Dodamuthappa layout, Tavarekere, Madiwala, Mico layout SFHS Layout, MKES college and surrounding areas in ward no 151,173,152,172,and 176 (Old Annexure-2 New Sl No 78 ,79, 80, 81, 82, 83, 84, 70, 73, 74, 75, 76, 77",152,198,ddo426  Executive Engineer B T M Layout South Zone,V M R CONSTRUCTION,Running,40427114.0,38330828.0,2096286.0,000049,2022-04-27,,,description,"Work description names Koramangala: ""…footpath and other development works in Koramangala K R Garden Koramangala Villag…""",1,1,152-20-000049,https://accounts.bbmp.gov.in/vssWB/vss00CvStatusData.php?pAction=LoadPaymentGridData&pDateFrom=01-Apr-2022&pDateTo=30-Jun-2022&pBudgetHeadID=-1&pWardIDs=&pDDOID=-1&pDDOIDs=
493422,152-20-000049,000204,2022-01-13,"Providing Asphalting improvements to roads, drains and footpath and other development works in Koramangala K R Garden Koramangala Village 14th main Jakkansandra Balajinagara 6th main Maruthinagar roads, Sriramappa layout Dodamuthappa layout, Tavarekere, Madiwala, Mico layout SFHS Layout, MKES college and surrounding areas in ward no 151,173,152,172,and 176 (Old Annexure-2 New Sl No 78 ,79, 80, 81, 82, 83, 84, 70, 73, 74, 75, 76, 77",152,198,ddo426  Executive Engineer B T M Layout South Zone,V M R CONSTRUCTION,Running,9237498.0,8786179.0,451319.0,000049,2022-04-27,,,description,"Work description names Koramangala: ""…footpath and other development works in Koramangala K R Garden Koramangala Villag…""",1,1,152-20-000049,https://accounts.bbmp.gov.in/vssWB/vss00CvStatusData.php?pAction=LoadPaymentGridData&pDateFrom=01-Apr-2022&pDateTo=30-Jun-2022&pBudgetHeadID=-1&pWardIDs=&pDDOID=-1&pDDOIDs=
480724,152-20-000049,000202,2022-01-13,"Providing Asphalting improvements to roads, drains and footpath and other development works in Koramangala K R Garden Koramangala Village 14th main Jakkansandra Balajinagara 6th main Maruthinagar roads, Sriramappa layout Dodamuthappa layout, Tavarekere, Madiwala, Mico layout SFHS Layout, MKES college and surrounding areas in ward no 151,173,152,172,and 176 (Old Annexure-2 New Sl No 78 ,79, 80, 81, 82, 83, 84, 70, 73, 74, 75, 76, 77",152,198,ddo270  Assistant Executive Engineer BTM Layout South Zone,V M R CONSTRUCTION,Running,11578480.0,11012759.0,565721.0,000049,2022-04-27,,,description,"Work description names Koramangala: ""…footpath and other development works in Koramangala K R Garden Koramangala Villag…""",1,1,152-20-000049,https://accounts.bbmp.gov.in/vssWB/vss00CvStatusData.php?pAction=LoadPaymentGridData&pDateFrom=01-Apr-2022&pDateTo=30-Jun-2022&pBudgetHeadID=-1&pWardIDs=&pDDOID=-1&pDDOIDs=
493351,152-20-000049,000203,2022-01-13,"Providing Asphalting improvements to roads, drains and footpath and other development works in Koramangala K R Garden Koramangala Village 14th main Jakkansandra Balajinagara 6th main Maruthinagar roads, Sriramappa layout Dodamuthappa layout, Tavarekere, Madiwala, Mico layout SFHS Layout, MKES college and surrounding areas in ward no 151,173,152,172,and 176 (Old Annexure-2 New Sl No 78 ,79, 80, 81, 82, 83, 84, 70, 73, 74, 75, 76, 77",152,198,ddo426  Executive Engineer B T M Layout South Zone,V M R CONSTRUCTION,Running,16881774.0,16056974.0,824800.0,000049,2022-04-27,,,description,"Work description names Koramangala: ""…footpath and other development works in Koramangala K R Garden Koramangala Villag…""",1,1,152-20-000049,https://accounts.bbmp.gov.in/vssWB/vss00CvStatusData.php?pAction=LoadPaymentGridData&pDateFrom=01-Apr-2022&pDateTo=30-Jun-2022&pBudgetHeadID=-1&pWardIDs=&pDDOID=-1&pDDOIDs=
305938,151-20-000001,000190,2019-12-31,"Establishment of Temporary Control Room during mansoon 2019 in Koramangala Sub Division at Ward No.147, 148, 151 and 173",151,198,ddo421  Assistant Executive Engineer Koramangala South Zone,MANJUNATHA N,First and Final,1959753.0,1800527.0,159226.0,000066,2022-05-04,,,description,"Work description names Koramangala: ""…ary Control Room during mansoon 2019 in Koramangala Sub Division at Ward No.147,…""",1,1,,https://accounts.bbmp.gov.in/vssWB/vss00CvStatusData.php?pAction=LoadPaymentGridData&pDateFrom=01-Apr-2022&pDateTo=30-Jun-2022&pBudgetHeadID=-1&pWardIDs=&pDDOID=-1&pDDOIDs=
306089,151-18-000095,000207,2020-01-17,Providing and fixing the Ornamental Name Boards in the main roads in ward 151 Koramangala,151,198,ddo421  Assistant Executive Engineer Koramangala South Zone,NAGENDRA KUMAR S,First and Final,1301778.0,1252249.0,49529.0,000087,2022-05-09,,,description,"Work description names Koramangala: ""…me Boards in the main roads in ward 151 Koramangala…""",1,1,151-18-000095,https://accounts.bbmp.gov.in/vssWB/vss00CvStatusData.php?pAction=LoadPaymentGridData&pDateFrom=01-Apr-2022&pDateTo=30-Jun-2022&pBudgetHeadID=-1&pWardIDs=&pDDOID=-1&pDDOIDs=
302953,151-18-000090,000213,2020-01-28,Providing and Fixing Missing Slabs For Drain in Ward no 151 koramangala ..,151,198,ddo421  Assistant Executive Engineer Koramangala South Zone,M KUMAR,First and Final,286664.0,260535.0,26129.0,000087,2022-05-09,,,description,"Work description names Koramangala: ""…Missing Slabs For Drain in Ward no 151 koramangala ..…""",1,1,,https://accounts.bbmp.gov.in/vssWB/vss00CvStatusData.php?pAction=LoadPaymentGridData&pDateFrom=01-Apr-2022&pDateTo=30-Jun-2022&pBudgetHeadID=-1&pWardIDs=&pDDOID=-1&pDDOIDs=
318146,151-18-000094,000229,2020-02-18,Urgent work under Emergency grant for the year 2017-18 in ward No.151 Koramangala..,151,198,ddo421  Assistant Executive Engineer Koramangala South Zone,SREEDHARA.K.C,First and Final,1854924.0,1776530.0,78394.0,000093,2022-05-11,,,description,"Work description names Koramangala: ""…ant for the year 2017-18 in ward No.151 Koramangala..…""",1,1,,https://accounts.bbmp.gov.in/vssWB/vss00CvStatusData.php?pAction=LoadPaymentGridData&pDateFrom=01-Apr-2022&pDateTo=30-Jun-2022&pBudgetHeadID=-1&pWardIDs=&pDDOID=-1&pDDOIDs=
422021,151-20-000105,000024,2021-05-18,Improvements to roads and Drains and other development works in ward no.151 Koramangala,151,198,ddo421  Assistant Executive Engineer Koramangala South Zone,NAGARAJ T R,First and Final,2391053.0,2271630.0,119423.0,000096,2022-05-12,,,description,"Work description names Koramangala: ""…other development works in ward no.151 Koramangala…""",1,1,151-20-000105,https://accounts.bbmp.gov.in/vssWB/vss00CvStatusData.php?pAction=LoadPaymentGridData&pDateFrom=01-Apr-2022&pDateTo=30-Jun-2022&pBudgetHeadID=-1&pWardIDs=&pDDOID=-1&pDDOIDs=
510776,151-20-000074,000265,2022-03-28,Maintenance of BBMP Cpmmunity property in ward no 151 Koramangala,151,198,ddo426  Executive Engineer B T M Layout South Zone,MURTHY C N S,First and Final,4112370.0,3838602.0,273768.0,000101,2022-05-13,,,description,"Work description names Koramangala: ""…BBMP Cpmmunity property in ward no 151 Koramangala…""",1,1,151-20-000074,https://accounts.bbmp.gov.in/vssWB/vss00CvStatusData.php?pAction=LoadPaymentGridData&pDateFrom=01-Apr-2022&pDateTo=30-Jun-2022&pBudgetHeadID=-1&pWardIDs=&pDDOID=-1&pDDOIDs=
510775,151-20-000081,000266,2022-03-28,Improvement works at H T Line SWM Unit and providing cobble pavers other works in 5th Block Koramangala in ward no 151,151,198,ddo426  Executive Engineer B T M Layout South Zone,AWIKA CONSTRUCTIONS,First and Final,5546635.0,5135428.0,411207.0,000101,2022-05-13,,,description,"Work description names Koramangala: ""…cobble pavers other works in 5th Block Koramangala in ward no 151…""",1,1,151-20-000081,https://accounts.bbmp.gov.in/vssWB/vss00CvStatusData.php?pAction=LoadPaymentGridData&pDateFrom=01-Apr-2022&pDateTo=30-Jun-2022&pBudgetHeadID=-1&pWardIDs=&pDDOID=-1&pDDOIDs=
510783,151-20-000079,000267,2022-03-28,Providing Developmental works and Improvements to SWM Properties in ward no 151,151,198,ddo426  Executive Engineer B T M Layout South Zone,AWIKA CONSTRUCTIONS,First and Final,5497482.0,5088911.0,408571.0,000101,2022-05-13,,,ward_prefix,Booked to Koramangala ward (151 under the 198-ward map) (ward map inferred from the job-code year),1,1,151-20-000079,https://accounts.bbmp.gov.in/vssWB/vss00CvStatusData.php?pAction=LoadPaymentGridData&pDateFrom=01-Apr-2022&pDateTo=30-Jun-2022&pBudgetHeadID=-1&pWardIDs=&pDDOID=-1&pDDOIDs=
316496,151-19-000077,000243,2020-03-11,Providing and Fixing Missing and damaged Slabs for road Side drain in Ward no 151 koramangala,151,198,ddo421  Assistant Executive Engineer Koramangala South Zone,Mr. CHANNARAJACHARY,First and Final,452311.0,433165.0,19146.0,000112,2022-05-17,,,description,"Work description names Koramangala: ""…labs for road Side drain in Ward no 151 koramangala…""",1,1,,https://accounts.bbmp.gov.in/vssWB/vss00CvStatusData.php?pAction=LoadPaymentGridData&pDateFrom=01-Apr-2022&pDateTo=30-Jun-2022&pBudgetHeadID=-1&pWardIDs=&pDDOID=-1&pDDOIDs=
323797,147-18-000046,000249,2020-03-19,Construction of retaining wall and drain at 3rd B main road 8th block Koramangala in ward no 147 Adugodi,147,198,ddo421  Assistant Executive Engineer Koramangala South Zone,KRISHNA.C,First and Final,3642158.0,3460861.0,181297.0,000112,2022-05-17,,,description,"Work description names Koramangala: ""…and drain at 3rd B main road 8th block Koramangala in ward no 147 Adugodi…""",1,1,147-18-000046,https://accounts.bbmp.gov.in/vssWB/vss00CvStatusData.php?pAction=LoadPaymentGridData&pDateFrom=01-Apr-2022&pDateTo=30-Jun-2022&pBudgetHeadID=-1&pWardIDs=&pDDOID=-1&pDDOIDs=
323745,147-18-000045,000250,2020-03-19,Construction of retaining wall and drain at 3rd A main road 8th block Koramangala in ward no 147 Adugodi,147,198,ddo421  Assistant Executive Engineer Koramangala South Zone,KRISHNA.C,First and Final,3559895.0,3381611.0,178284.0,000112,2022-05-17,,,description,"Work description names Koramangala: ""…and drain at 3rd A main road 8th block Koramangala in ward no 147 Adugodi…""",1,1,147-18-000045,https://accounts.bbmp.gov.in/vssWB/vss00CvStatusData.php?pAction=LoadPaymentGridData&pDateFrom=01-Apr-2022&pDateTo=30-Jun-2022&pBudgetHeadID=-1&pWardIDs=&pDDOID=-1&pDDOIDs=
436992,151-20-000106,000066,2021-06-24,"Restoration of Bad condition road and BWSSB, BESCOM, BSNL road cut portion in ward 151 Koramangala",151,198,ddo421  Assistant Executive Engineer Koramangala South Zone,R M RAVI (CONTRACTO,First and Final,5995935.0,5698928.0,297007.0,000114,2022-05-19,,,description,"Work description names Koramangala: ""…SCOM, BSNL road cut portion in ward 151 Koramangala…""",1,1,151-20-000106,https://accounts.bbmp.gov.in/vssWB/vss00CvStatusData.php?pAction=LoadPaymentGridData&pDateFrom=01-Apr-2022&pDateTo=30-Jun-2022&pBudgetHeadID=-1&pWardIDs=&pDDOID=-1&pDDOIDs=
337425,151-19-000067,000014,2020-05-20,Digging of new borewells erection of pumpset and providing pipelines in ward no 151 Koramangala,151,198,ddo421  Assistant Executive Engineer Koramangala South Zone,H S HEMAVATHI,First and Final,2066825.0,1990663.0,76162.0,000122,2022-05-23,,,description,"Work description names Koramangala: ""…and providing pipelines in ward no 151 Koramangala…""",1,1,151-19-000067,https://accounts.bbmp.gov.in/vssWB/vss00CvStatusData.php?pAction=LoadPaymentGridData&pDateFrom=01-Apr-2022&pDateTo=30-Jun-2022&pBudgetHeadID=-1&pWardIDs=&pDDOID=-1&pDDOIDs=
308561,151-18-000067,000003,2020-05-14,Improvement of Drains and Culverts in 2nd cross and 3rd cross and surrounding area in Jakkasandra Extension in ward no 151 Koramangala,151,198,ddo421  Assistant Executive Engineer Koramangala South Zone,SATHISH NAYAK K,First and Final,3659238.0,3510625.0,148613.0,000144,2022-06-03,,,description,"Work description names Koramangala: ""…in Jakkasandra Extension in ward no 151 Koramangala…""",1,1,151-18-000067,https://accounts.bbmp.gov.in/vssWB/vss00CvStatusData.php?pAction=LoadPaymentGridData&pDateFrom=01-Apr-2022&pDateTo=30-Jun-2022&pBudgetHeadID=-1&pWardIDs=&pDDOID=-1&pDDOIDs=
308610,151-18-000068,000004,2020-05-14,Construction of RCC Drain to lead off rain water towards SWD in Jakkasandra Extension in ward no 151 Koramangala,151,198,ddo421  Assistant Executive Engineer Koramangala South Zone,SATHISH NAYAK K,Running,2675509.0,2568213.0,107296.0,000144,2022-06-03,,,description,"Work description names Koramangala: ""…in Jakkasandra Extension in ward no 151 Koramangala…""",1,1,151-18-000068,https://accounts.bbmp.gov.in/vssWB/vss00CvStatusData.php?pAction=LoadPaymentGridData&pDateFrom=01-Apr-2022&pDateTo=30-Jun-2022&pBudgetHeadID=-1&pWardIDs=&pDDOID=-1&pDDOIDs=
344473,151-19-000011,000044,2020-06-19,Improvements to Drains and culverts in 5th 6th 8th Block Koramangala Surrounding area in ward no 151 Koramangala,151,198,ddo421  Assistant Executive Engineer Koramangala South Zone,R M RAVI (CONTRACTO,First and Final,2732005.0,2601071.0,130934.0,000183,2022-06-18,,,description,"Work description names Koramangala: ""…rains and culverts in 5th 6th 8th Block Koramangala Surrounding area in ward no 1…""",1,1,151-19-000011,https://accounts.bbmp.gov.in/vssWB/vss00CvStatusData.php?pAction=LoadPaymentGridData&pDateFrom=01-Apr-2022&pDateTo=30-Jun-2022&pBudgetHeadID=-1&pWardIDs=&pDDOID=-1&pDDOIDs=
342965,151-19-000031,000059,2020-06-30,"Improvements to footpath 5th, 6th and 8th Block Koramangala surrounding area in ward no.151 Koramangala",151,198,ddo421  Assistant Executive Engineer Koramangala South Zone,KRISHNA.C,First and Final,3787040.0,3566417.0,220623.0,000193,2022-06-21,,,description,"Work description names Koramangala: ""…ents to footpath 5th, 6th and 8th Block Koramangala surrounding area in ward no.1…""",1,1,151-19-000031,https://accounts.bbmp.gov.in/vssWB/vss00CvStatusData.php?pAction=LoadPaymentGridData&pDateFrom=01-Apr-2022&pDateTo=30-Jun-2022&pBudgetHeadID=-1&pWardIDs=&pDDOID=-1&pDDOIDs=
511850,151-18-000024,000012,2022-04-16,Providing RO Plant in Jakkasandra Ext. in Ward No:151 Koramangala,151,198,ddo426  Executive Engineer B T M Layout South Zone,H S HEMAVATHI,First and Final,1539693.0,1472353.0,67340.0,000197,2022-06-22,,,description,"Work description names Koramangala: ""…lant in Jakkasandra Ext. in Ward No:151 Koramangala…""",1,1,151-18-000024,https://accounts.bbmp.gov.in/vssWB/vss00CvStatusData.php?pAction=LoadPaymentGridData&pDateFrom=01-Apr-2022&pDateTo=30-Jun-2022&pBudgetHeadID=-1&pWardIDs=&pDDOID=-1&pDDOIDs=
511405,151-20-000078,000273,2022-03-31,"Improvements to drains, footpath and providing CC TV Cameras at 6th and 8th Block in ward no 151 Koramangala",151,198,ddo426  Executive Engineer B T M Layout South Zone,Y H KRISHNA,First and Final,8598489.0,8226977.0,371512.0,000197,2022-06-22,,,description,"Work description names Koramangala: ""…ras at 6th and 8th Block in ward no 151 Koramangala…""",1,1,151-20-000078,https://accounts.bbmp.gov.in/vssWB/vss00CvStatusData.php?pAction=LoadPaymentGridData&pDateFrom=01-Apr-2022&pDateTo=30-Jun-2022&pBudgetHeadID=-1&pWardIDs=&pDDOID=-1&pDDOIDs=
511409,151-20-000077,000274,2022-03-31,"Improvements to drains, footpath and providing CC TV Cameras at 1st 2nd and 3rd Block in ward no 151 Koramangala",151,198,ddo426  Executive Engineer B T M Layout South Zone,Y H KRISHNA,First and Final,8128586.0,7772176.0,356410.0,000197,2022-06-22,,,description,"Work description names Koramangala: ""…at 1st 2nd and 3rd Block in ward no 151 Koramangala…""",1,1,151-20-000077,https://accounts.bbmp.gov.in/vssWB/vss00CvStatusData.php?pAction=LoadPaymentGridData&pDateFrom=01-Apr-2022&pDateTo=30-Jun-2022&pBudgetHeadID=-1&pWardIDs=&pDDOID=-1&pDDOIDs=
495927,151-20-000096,000226,2022-01-29,Comprehensive development and Improvements to roads in 7th Block. Shanthinagara society Ejipura ward. Venkateshwara temple. 8th A.B.C Roads. 5th Block. 8th block Koramangala village 3rd J Block. 5th block Industrial layout. MIG Houses judges park roads and surrounding roads in Ward No. 147. 148. 151 and 173 Koramangala sub divison Annexure-5,151,198,ddo426  Executive Engineer B T M Layout South Zone,RAMACHANDRA RAJU K,Running,32432555.0,30533773.0,1898782.0,000212,2022-07-01,,,description,"Work description names Koramangala: ""…. 8th A.B.C Roads. 5th Block. 8th block Koramangala village 3rd J Block. 5th bloc…""",1,1,151-20-000096,https://accounts.bbmp.gov.in/vssWB/vss00CvStatusData.php?pAction=LoadPaymentGridData&pDateFrom=01-Jul-2022&pDateTo=30-Sep-2022&pBudgetHeadID=-1&pWardIDs=&pDDOID=-1&pDDOIDs=
503468,151-20-000096,000236,2022-02-25,Comprehensive development and Improvements to roads in 7th Block. Shanthinagara society Ejipura ward. Venkateshwara temple. 8th A.B.C Roads. 5th Block. 8th block Koramangala village 3rd J Block. 5th block Industrial layout. MIG Houses judges park roads and surrounding roads in Ward No. 147. 148. 151 and 173 Koramangala sub divison Annexure-5,151,198,ddo426  Executive Engineer B T M Layout South Zone,RAMACHANDRA RAJU K,Running,45706828.0,43276183.0,2430645.0,000212,2022-07-01,,,description,"Work description names Koramangala: ""…. 8th A.B.C Roads. 5th Block. 8th block Koramangala village 3rd J Block. 5th bloc…""",1,1,151-20-000096,https://accounts.bbmp.gov.in/vssWB/vss00CvStatusData.php?pAction=LoadPaymentGridData&pDateFrom=01-Jul-2022&pDateTo=30-Sep-2022&pBudgetHeadID=-1&pWardIDs=&pDDOID=-1&pDDOIDs=
511618,151-20-000096,000006,2022-04-11,Comprehensive development and Improvements to roads in 7th Block. Shanthinagara society Ejipura ward. Venkateshwara temple. 8th A.B.C Roads. 5th Block. 8th block Koramangala village 3rd J Block. 5th block Industrial layout. MIG Houses judges park roads and surrounding roads in Ward No. 147. 148. 151 and 173 Koramangala sub divison Annexure-5,151,198,ddo426  Executive Engineer B T M Layout South Zone,RAMACHANDRA RAJU K,Third and Final,21505238.0,20283029.0,1222209.0,000215,2022-07-01,,,description,"Work description names Koramangala: ""…. 8th A.B.C Roads. 5th Block. 8th block Koramangala village 3rd J Block. 5th bloc…""",1,1,151-20-000096,https://accounts.bbmp.gov.in/vssWB/vss00CvStatusData.php?pAction=LoadPaymentGridData&pDateFrom=01-Jul-2022&pDateTo=30-Sep-2022&pBudgetHeadID=-1&pWardIDs=&pDDOID=-1&pDDOIDs=
495014,151-20-000005,000232,2022-02-09,Improvements to roads and drains to SC-ST colony in Koramangala Ward 151,151,198,ddo426  Executive Engineer B T M Layout South Zone,RAJEEGANDHI RAMU,First and Final,2519937.0,2371506.0,148431.0,000218,2022-07-01,,,description,"Work description names Koramangala: ""…to roads and drains to SC-ST colony in Koramangala Ward 151…""",1,1,151-20-000005,https://accounts.bbmp.gov.in/vssWB/vss00CvStatusData.php?pAction=LoadPaymentGridData&pDateFrom=01-Jul-2022&pDateTo=30-Sep-2022&pBudgetHeadID=-1&pWardIDs=&pDDOID=-1&pDDOIDs=
463970,304-17-000105,000052,2021-09-30,"Providing project management consultancy services including proof checking construction supervision and quality control for the work of Construction of Elevated corridor by integrating Ejipura main road-Inner Ring Road junction, Sony World junction and Kendriya Sadana junction along 100ft. Inner Ring Road, Koramangala, Bangalore",304,dept,ddo341  Assistant Executive Engineer M P E D Central Zone,INFRA SUPPORT ENGGCO,Running,1632230.0,1439859.0,192371.0,000246,2022-07-13,,,description,"Work description names Koramangala: ""…junction along 100ft. Inner Ring Road, Koramangala, Bangalore…""",1,1,304-17-000105,https://accounts.bbmp.gov.in/vssWB/vss00CvStatusData.php?pAction=LoadPaymentGridData&pDateFrom=01-Jul-2022&pDateTo=30-Sep-2022&pBudgetHeadID=-1&pWardIDs=&pDDOID=-1&pDDOIDs=
351382,151-18-000057,000075,2020-07-15,"Improvements to, Drains and footpath in 8th Block and surrounding area in ward no 151 Koramangala",151,198,ddo421  Assistant Executive Engineer Koramangala South Zone,NARAYANA A,First and Final,1583725.0,1448479.0,135246.0,000247,2022-07-13,,,description,"Work description names Koramangala: ""…ock and surrounding area in ward no 151 Koramangala…""",1,1,151-18-000057,https://accounts.bbmp.gov.in/vssWB/vss00CvStatusData.php?pAction=LoadPaymentGridData&pDateFrom=01-Jul-2022&pDateTo=30-Sep-2022&pBudgetHeadID=-1&pWardIDs=&pDDOID=-1&pDDOIDs=
322570,151-18-000079,000077,2020-07-18,Restoration of BWSSB road cutting for Sanitary lines in 5th block 4th block Koramangala in ward no 151 Koramangala,151,198,ddo421  Assistant Executive Engineer Koramangala South Zone,PRATHEEK K R,Running,1078872.0,1017125.0,61747.0,000249,2022-07-14,,,description,"Work description names Koramangala: ""…r Sanitary lines in 5th block 4th block Koramangala in ward no 151 Koramangala…""",1,1,151-18-000079,https://accounts.bbmp.gov.in/vssWB/vss00CvStatusData.php?pAction=LoadPaymentGridData&pDateFrom=01-Jul-2022&pDateTo=30-Sep-2022&pBudgetHeadID=-1&pWardIDs=&pDDOID=-1&pDDOIDs=
349809,151-18-000085,000081,2020-07-18,Filling of Pot holes to road cutting portion and bad reaches for the year 2017-18 in ward No.151 Koramangala..,151,198,ddo421  Assistant Executive Engineer Koramangala South Zone,KRIDL BHUSIRI ACCOU,First and Final,1993320.0,1797744.0,195576.0,000251,2022-07-15,,,description,"Work description names Koramangala: ""…hes for the year 2017-18 in ward No.151 Koramangala..…""",1,1,151-18-000085,https://accounts.bbmp.gov.in/vssWB/vss00CvStatusData.php?pAction=LoadPaymentGridData&pDateFrom=01-Jul-2022&pDateTo=30-Sep-2022&pBudgetHeadID=-1&pWardIDs=&pDDOID=-1&pDDOIDs=
322430,151-18-000078,000085,2020-07-18,Restoration of BWSSB road cutting for Sanitary lines in 3rd blockand 6th Block in ward no 151 Koramangala,151,198,ddo421  Assistant Executive Engineer Koramangala South Zone,PRATHEEK K R,Running,1086257.0,1023643.0,62614.0,000251,2022-07-15,,,description,"Work description names Koramangala: ""…n 3rd blockand 6th Block in ward no 151 Koramangala…""",1,1,151-18-000078,https://accounts.bbmp.gov.in/vssWB/vss00CvStatusData.php?pAction=LoadPaymentGridData&pDateFrom=01-Jul-2022&pDateTo=30-Sep-2022&pBudgetHeadID=-1&pWardIDs=&pDDOID=-1&pDDOIDs=
322546,151-18-000077,000088,2020-07-18,Restoration of BWSSB road cutting for Sanitary lines in 5th block Industrial layout and 2nd Block in ward no 151 Koramangala,151,198,ddo421  Assistant Executive Engineer Koramangala South Zone,PRATHEEK K R,Running,1016757.0,947514.0,69243.0,000251,2022-07-15,,,description,"Work description names Koramangala: ""…ial layout and 2nd Block in ward no 151 Koramangala…""",1,1,151-18-000077,https://accounts.bbmp.gov.in/vssWB/vss00CvStatusData.php?pAction=LoadPaymentGridData&pDateFrom=01-Jul-2022&pDateTo=30-Sep-2022&pBudgetHeadID=-1&pWardIDs=&pDDOID=-1&pDDOIDs=
352643,151-19-000036,000089,2020-07-18,Construction of RCC U shape Drains in ward no.151 Koramangala,151,198,ddo421  Assistant Executive Engineer Koramangala South Zone,KRIDL BHUSIRI ACCOU,First and Final,4496732.0,4074248.0,422484.0,000251,2022-07-15,,,description,"Work description names Koramangala: ""…on of RCC U shape Drains in ward no.151 Koramangala…""",1,1,151-19-000036,https://accounts.bbmp.gov.in/vssWB/vss00CvStatusData.php?pAction=LoadPaymentGridData&pDateFrom=01-Jul-2022&pDateTo=30-Sep-2022&pBudgetHeadID=-1&pWardIDs=&pDDOID=-1&pDDOIDs=
352697,151-19-000012,000090,2020-07-18,Construction and Improvements of RCC Drains in ward no 151 Koramangala,151,198,ddo421  Assistant Executive Engineer Koramangala South Zone,KRIDL BHUSIRI ACCOU,First and Final,3496433.0,3166425.0,330008.0,000251,2022-07-15,,,description,"Work description names Koramangala: ""…provements of RCC Drains in ward no 151 Koramangala…""",1,1,151-19-000012,https://accounts.bbmp.gov.in/vssWB/vss00CvStatusData.php?pAction=LoadPaymentGridData&pDateFrom=01-Jul-2022&pDateTo=30-Sep-2022&pBudgetHeadID=-1&pWardIDs=&pDDOID=-1&pDDOIDs=
474709,151-19-000022,000171,2021-11-25,Improvements to existing UGD Lines and water supply Feeder Lines in ward no 151 Koramangala,151,198,ddo421  Assistant Executive Engineer Koramangala South Zone,R M RAVI (CONTRACTO,First and Final,2724048.0,2535030.0,189018.0,000267,2022-07-28,,,description,"Work description names Koramangala: ""…ater supply Feeder Lines in ward no 151 Koramangala…""",1,1,151-19-000022,https://accounts.bbmp.gov.in/vssWB/vss00CvStatusData.php?pAction=LoadPaymentGridData&pDateFrom=01-Jul-2022&pDateTo=30-Sep-2022&pBudgetHeadID=-1&pWardIDs=&pDDOID=-1&pDDOIDs=
361101,151-18-000074,000113,2020-08-24,Improvements to Drains and culverts in KHB Colony in ward no 151 Koramangala,151,198,ddo421  Assistant Executive Engineer Koramangala South Zone,SREEDHARA.K.C,First and Final,1683395.0,1609553.0,73842.0,000022,2022-08-23,,,description,"Work description names Koramangala: ""…d culverts in KHB Colony in ward no 151 Koramangala…""",1,1,151-18-000074,https://accounts.bbmp.gov.in/vssWB/vss00CvStatusData.php?pAction=LoadPaymentGridData&pDateFrom=01-Jul-2022&pDateTo=30-Sep-2022&pBudgetHeadID=-1&pWardIDs=&pDDOID=-1&pDDOIDs=
361236,151-19-000010,000114,2020-08-24,Improvements to Drains and culverts in 2nd 3rd 4th Block and Surrounding area in ward no 151 Koramangala,151,198,ddo421  Assistant Executive Engineer Koramangala South Zone,KRIDL BHUSIRI ACCOU,First and Final,2994802.0,2848789.0,146013.0,000023,2022-08-23,,,description,"Work description names Koramangala: ""…ock and Surrounding area in ward no 151 Koramangala…""",1,1,151-19-000010,https://accounts.bbmp.gov.in/vssWB/vss00CvStatusData.php?pAction=LoadPaymentGridData&pDateFrom=01-Jul-2022&pDateTo=30-Sep-2022&pBudgetHeadID=-1&pWardIDs=&pDDOID=-1&pDDOIDs=
361097,151-19-000029,000115,2020-08-24,Improvements to Drains and footpath in 4th block in flood affected area and surrounding area in ward no.151 Koramangala,151,198,ddo421  Assistant Executive Engineer Koramangala South Zone,KRIDL BHUSIRI ACCOU,First and Final,4497858.0,4071654.0,426204.0,000024,2022-08-23,,,description,"Work description names Koramangala: ""…rea and surrounding area in ward no.151 Koramangala…""",1,1,151-19-000029,https://accounts.bbmp.gov.in/vssWB/vss00CvStatusData.php?pAction=LoadPaymentGridData&pDateFrom=01-Jul-2022&pDateTo=30-Sep-2022&pBudgetHeadID=-1&pWardIDs=&pDDOID=-1&pDDOIDs=
361093,151-19-000034,000116,2020-08-24,Construction and improvements of Culverts in ward no.151 Koramangala,151,198,ddo421  Assistant Executive Engineer Koramangala South Zone,KRIDL BHUSIRI ACCOU,First and Final,3994436.0,3633581.0,360855.0,000025,2022-08-23,,,description,"Work description names Koramangala: ""…improvements of Culverts in ward no.151 Koramangala…""",1,1,151-19-000034,https://accounts.bbmp.gov.in/vssWB/vss00CvStatusData.php?pAction=LoadPaymentGridData&pDateFrom=01-Jul-2022&pDateTo=30-Sep-2022&pBudgetHeadID=-1&pWardIDs=&pDDOID=-1&pDDOIDs=
352843,151-18-000082,000118,2020-08-26,Annual Maintenance Work for the year 2017-18 in ward No.151 Koramangala..,151,198,ddo421  Assistant Executive Engineer Koramangala South Zone,MARUTHI CONSTRUCTION,First and Final,1158000.0,1056345.0,101655.0,000028,2022-08-23,,,description,"Work description names Koramangala: ""…ork for the year 2017-18 in ward No.151 Koramangala..…""",1,1,151-18-000082,https://accounts.bbmp.gov.in/vssWB/vss00CvStatusData.php?pAction=LoadPaymentGridData&pDateFrom=01-Jul-2022&pDateTo=30-Sep-2022&pBudgetHeadID=-1&pWardIDs=&pDDOID=-1&pDDOIDs=
357103,151-17-000007,000039,2022-08-29,Improvements to balance park in Koramangala in ward noi 151,151,198,ddo422  Executive Engineer Project - South Zone,KRIDL BHUSIRI ACCOU,First and Final,9898371.0,8766361.0,1132010.0,000079,2022-09-01,,,description,"Work description names Koramangala: ""…Improvements to balance park in Koramangala in ward noi 151…""",1,1,151-17-000007,https://accounts.bbmp.gov.in/vssWB/vss00CvStatusData.php?pAction=LoadPaymentGridData&pDateFrom=01-Jul-2022&pDateTo=30-Sep-2022&pBudgetHeadID=-1&pWardIDs=&pDDOID=-1&pDDOIDs=
518659,151-20-000112,000045,2022-05-21,"Providing Asphalting providing new cobble pavers and other improvement works to roads in Kormangala 4th Block 4th C Block 4th B Block 1st Block 2nd Block 3rd Block 5th Block J Block 6th Block 17th A Main Kuduremukh colony Siddartha colony and surrounding areas in ward no 151 Old Annexure-2 New Sl No 58,59,60,61, 62,63,64,65,66,67, 68",151,198,ddo426  Executive Engineer B T M Layout South Zone,M RAMESH,Running,80247037.0,75292421.0,4954616.0,000282,2022-09-17,,,description,"Work description names Koramangala: ""…and other improvement works to roads in Kormangala 4th Block 4th C Block 4th B B…""",1,1,151-20-000112,https://accounts.bbmp.gov.in/vssWB/vss00CvStatusData.php?pAction=LoadPaymentGridData&pDateFrom=01-Jul-2022&pDateTo=30-Sep-2022&pBudgetHeadID=-1&pWardIDs=&pDDOID=-1&pDDOIDs=
526654,151-20-000112,000059,2022-06-21,"Providing Asphalting providing new cobble pavers and other improvement works to roads in Kormangala 4th Block 4th C Block 4th B Block 1st Block 2nd Block 3rd Block 5th Block J Block 6th Block 17th A Main Kuduremukh colony Siddartha colony and surrounding areas in ward no 151 Old Annexure-2 New Sl No 58,59,60,61, 62,63,64,65,66,67, 68",151,198,ddo426  Executive Engineer B T M Layout South Zone,M RAMESH,Running,14911475.0,14024914.0,886561.0,000283,2022-09-17,,,description,"Work description names Koramangala: ""…and other improvement works to roads in Kormangala 4th Block 4th C Block 4th B B…""",1,1,151-20-000112,https://accounts.bbmp.gov.in/vssWB/vss00CvStatusData.php?pAction=LoadPaymentGridData&pDateFrom=01-Jul-2022&pDateTo=30-Sep-2022&pBudgetHeadID=-1&pWardIDs=&pDDOID=-1&pDDOIDs=
357121,151-17-000006,000040,2020-08-17,Improvements to Subramanyaswamy temple park Koramangala 6th block in ward no 151,151,198,ddo422  Executive Engineer Project - South Zone,KRIDL BHUSIRI ACCOU,First and Final,3795746.0,3358566.0,437180.0,000088,2022-09-22,,,description,"Work description names Koramangala: ""…ovements to Subramanyaswamy temple park Koramangala 6th block in ward no 151…""",1,1,151-17-000006,https://accounts.bbmp.gov.in/vssWB/vss00CvStatusData.php?pAction=LoadPaymentGridData&pDateFrom=01-Jul-2022&pDateTo=30-Sep-2022&pBudgetHeadID=-1&pWardIDs=&pDDOID=-1&pDDOIDs=
512920,304-17-000105,000007,2022-04-21,"Construction of Elevated corridor by integrating Ejipura main road-Inner Ring Road junction, Sony World junction and Kendriya Sadana junction along 100ft. Inner Ring Road, Koramangala, Bangalore- Resurfacing of 100feet Inner Ring Road, Koramangala from Kendriya Sadana to Ejipura junction.",304,dept,ddo341  Assistant Executive Engineer M P E D Central Zone,M RAMESH,Running,37902400.0,35404217.0,2498183.0,000356,2022-09-23,,,description,"Work description names Koramangala: ""…junction along 100ft. Inner Ring Road, Koramangala, Bangalore- Resurfacing of 10…""",1,1,304-17-000105,https://accounts.bbmp.gov.in/vssWB/vss00CvStatusData.php?pAction=LoadPaymentGridData&pDateFrom=01-Jul-2022&pDateTo=30-Sep-2022&pBudgetHeadID=-1&pWardIDs=&pDDOID=-1&pDDOIDs=
363983,151-19-000056,000049,2020-09-01,"Providing chain link fencing, gallery steps, levelling and lowering the play ground at 20th main road 5th block Koramangala and surrounding areas in ward no 151",151,198,ddo422  Executive Engineer Project - South Zone,KRIDL BHUSIRI ACCOU,Running,8008688.0,7036923.0,971765.0,000093,2022-09-27,,,description,"Work description names Koramangala: ""…play ground at 20th main road 5th block Koramangala and surrounding areas in ward…""",1,1,151-19-000056,https://accounts.bbmp.gov.in/vssWB/vss00CvStatusData.php?pAction=LoadPaymentGridData&pDateFrom=01-Jul-2022&pDateTo=30-Sep-2022&pBudgetHeadID=-1&pWardIDs=&pDDOID=-1&pDDOIDs=
378725,151-18-000088,000169,2020-10-22,Improvements to CC roads and Drains in Koramangala village in ward 151 Koramangala..,151,198,ddo421  Assistant Executive Engineer Koramangala South Zone,SREEDHARA.K.C,First and Final,1345707.0,1276457.0,69250.0,000109,2022-09-28,,,description,"Work description names Koramangala: ""…Improvements to CC roads and Drains in Koramangala village in ward 151 Koramanga…""",1,1,151-18-000088,https://accounts.bbmp.gov.in/vssWB/vss00CvStatusData.php?pAction=LoadPaymentGridData&pDateFrom=01-Jul-2022&pDateTo=30-Sep-2022&pBudgetHeadID=-1&pWardIDs=&pDDOID=-1&pDDOIDs=
378380,151-18-000056,000170,2020-10-22,Construction and Improvements of Culverts in Koramangala village and in ward no 151 Koramangala,151,198,ddo421  Assistant Executive Engineer Koramangala South Zone,SREEDHARA.K.C,First and Final,1723709.0,1640849.0,82860.0,000110,2022-09-28,,,description,"Work description names Koramangala: ""…ruction and Improvements of Culverts in Koramangala village and in ward no 151 Ko…""",1,1,151-18-000056,https://accounts.bbmp.gov.in/vssWB/vss00CvStatusData.php?pAction=LoadPaymentGridData&pDateFrom=01-Jul-2022&pDateTo=30-Sep-2022&pBudgetHeadID=-1&pWardIDs=&pDDOID=-1&pDDOIDs=
378256,147-18-000047,000175,2020-10-28,Construction of retaining wall and drain at Nanjappa Reddy Layout 8th block Koramangala in ward no 147 Adugodi,147,198,ddo421  Assistant Executive Engineer Koramangala South Zone,KRISHNA.C,First and Final,3596121.0,3397282.0,198839.0,000111,2022-09-28,,,description,"Work description names Koramangala: ""…rain at Nanjappa Reddy Layout 8th block Koramangala in ward no 147 Adugodi…""",1,1,147-18-000047,https://accounts.bbmp.gov.in/vssWB/vss00CvStatusData.php?pAction=LoadPaymentGridData&pDateFrom=01-Jul-2022&pDateTo=30-Sep-2022&pBudgetHeadID=-1&pWardIDs=&pDDOID=-1&pDDOIDs=
377654,151-19-000076,000177,2020-10-28,Providing and Extension of pipelines for drinking water purpose from existing Borewells in ward no 151 Koramangala,151,198,ddo421  Assistant Executive Engineer Koramangala South Zone,Y H KRISHNA,First and Final,2525289.0,2426177.0,99112.0,000113,2022-09-28,,,description,"Work description names Koramangala: ""…from existing Borewells in ward no 151 Koramangala…""",1,1,151-19-000076,https://accounts.bbmp.gov.in/vssWB/vss00CvStatusData.php?pAction=LoadPaymentGridData&pDateFrom=01-Jul-2022&pDateTo=30-Sep-2022&pBudgetHeadID=-1&pWardIDs=&pDDOID=-1&pDDOIDs=
528180,151-20-000029,000028,2022-06-30,Operation and Maintenance of Street lighting System in ward No.151 and 173 Package S-10 of South zone.,151,198,ddo258  Executive Engineer Electrical South Zone,VIJAYALAKSHMI ASSOCI,Final,760900.0,695906.0,64994.0,000150,2022-10-07,,,ward_prefix,Booked to Koramangala ward (151 under the 198-ward map) (ward map inferred from the job-code year),1,1,151-20-000029,https://accounts.bbmp.gov.in/vssWB/vss00CvStatusData.php?pAction=LoadPaymentGridData&pDateFrom=01-Oct-2022&pDateTo=31-Dec-2022&pBudgetHeadID=-1&pWardIDs=&pDDOID=-1&pDDOIDs=
527799,151-20-000029,000022,2022-06-28,Operation and Maintenance of Street lighting System in ward No.151 and 173 Package S-10 of South zone.,151,198,ddo258  Executive Engineer Electrical South Zone,VIJAYALAKSHMI ASSOCI,Running,853382.0,788062.0,65320.0,000171,2022-10-07,,,ward_prefix,Booked to Koramangala ward (151 under the 198-ward map) (ward map inferred from the job-code year),1,1,151-20-000029,https://accounts.bbmp.gov.in/vssWB/vss00CvStatusData.php?pAction=LoadPaymentGridData&pDateFrom=01-Oct-2022&pDateTo=31-Dec-2022&pBudgetHeadID=-1&pWardIDs=&pDDOID=-1&pDDOIDs=
531290,151-22-000005,000065,2022-07-12,Operation and Maintenance of Street Lighting System in ward no 151 and 173 Package S-10 of South Zone,151,198,ddo258  Executive Engineer Electrical South Zone,VIJAYALAKSHMI ASSOCI,Running,1049956.0,968658.0,81298.0,000176,2022-10-07,,,ward_prefix,Booked to Koramangala ward (151 under the 198-ward map) (ward map inferred from the job-code year),1,1,151-22-000005,https://accounts.bbmp.gov.in/vssWB/vss00CvStatusData.php?pAction=LoadPaymentGridData&pDateFrom=01-Oct-2022&pDateTo=31-Dec-2022&pBudgetHeadID=-1&pWardIDs=&pDDOID=-1&pDDOIDs=
380638,151-19-000030,000190,2020-11-13,"Improvements to footpath 1st, 2nd, 3rd and 4th block and surrounding area in ward no.151 Koramangala",151,198,ddo421  Assistant Executive Engineer Koramangala South Zone,R M RAVI (CONTRACTO,First and Final,4128406.0,3927296.0,201110.0,000224,2022-10-25,,,description,"Work description names Koramangala: ""…ock and surrounding area in ward no.151 Koramangala…""",1,1,151-19-000030,https://accounts.bbmp.gov.in/vssWB/vss00CvStatusData.php?pAction=LoadPaymentGridData&pDateFrom=01-Oct-2022&pDateTo=31-Dec-2022&pBudgetHeadID=-1&pWardIDs=&pDDOID=-1&pDDOIDs=
535927,304-20-000212,000016,2022-08-03,"Comprehensive Development of Arterial, Sub arterial roads in and around Koramangala in BTM Layout Assembly Constituency. (Package No 2018-19 S15) Annexure-2 Sl No 542 543 545",304,dept,ddo316  Executive Engineer Major Road South Central Zone,M RAMESH,Running,3962464.0,3761658.0,200806.0,000569,2022-11-23,,,description,"Work description names Koramangala: ""…erial, Sub arterial roads in and around Koramangala in BTM Layout Assembly Consti…""",1,1,304-20-000212,https://accounts.bbmp.gov.in/vssWB/vss00CvStatusData.php?pAction=LoadPaymentGridData&pDateFrom=01-Oct-2022&pDateTo=31-Dec-2022&pBudgetHeadID=-1&pWardIDs=&pDDOID=-1&pDDOIDs=
517104,304-20-000212,000006,2022-05-19,"Consultancy services for construction supervision and Project Management and quality control for the work of Comprehensive Development of Arterial, Sub arterial roads in and around Koramangala in BTM Layout Assembly Constituency. (Package No 2018-19 S15) Annexure-2 Sl No 542 543 545",304,dept,ddo316  Executive Engineer Major Road South Central Zone,TEJUS CONSULTANTS,Running,351900.0,316710.0,35190.0,000603,2022-11-23,,,description,"Work description names Koramangala: ""…erial, Sub arterial roads in and around Koramangala in BTM Layout Assembly Consti…""",1,1,304-20-000212,https://accounts.bbmp.gov.in/vssWB/vss00CvStatusData.php?pAction=LoadPaymentGridData&pDateFrom=01-Oct-2022&pDateTo=31-Dec-2022&pBudgetHeadID=-1&pWardIDs=&pDDOID=-1&pDDOIDs=
543536,151-22-000005,000131,2022-09-15,Operation and Maintenance of Street Lighting System in ward no 151 and 173 Package S-10 of South Zone,151,198,ddo258  Executive Engineer Electrical South Zone,VIJAYALAKSHMI ASSOCI,Running,1049956.0,965358.0,84598.0,000251,2022-12-06,,,ward_prefix,Booked to Koramangala ward (151 under the 198-ward map) (ward map inferred from the job-code year),1,1,151-22-000005,https://accounts.bbmp.gov.in/vssWB/vss00CvStatusData.php?pAction=LoadPaymentGridData&pDateFrom=01-Oct-2022&pDateTo=31-Dec-2022&pBudgetHeadID=-1&pWardIDs=&pDDOID=-1&pDDOIDs=
517696,151-18-000016,000043,2022-05-19,Maintenance of Office building in ward No.151 Koramangala,151,198,ddo426  Executive Engineer B T M Layout South Zone,H S HEMAVATHI,First and Final,1359938.0,1303374.0,56564.0,000800,2022-12-13,,,description,"Work description names Koramangala: ""…nance of Office building in ward No.151 Koramangala…""",1,1,151-18-000016,https://accounts.bbmp.gov.in/vssWB/vss00CvStatusData.php?pAction=LoadPaymentGridData&pDateFrom=01-Oct-2022&pDateTo=31-Dec-2022&pBudgetHeadID=-1&pWardIDs=&pDDOID=-1&pDDOIDs=
550444,147-20-000061,000118,2022-10-21,"Asphalting of Roads, Improvements to Roads, construction of box drain, footpath and other development works in Koramangala 8th Block, Balappa layout Devegowda layout 7th block and 8th Block 2nd C main 2nd D main Mallappa reddy layout, Ejipura and surrounding areas, NGV roads and surrounding areas in ward no 147 and 148 ( sl nos. 45, 46, 47, 48, 49, 50, 52,53,54, 55, 56, 57,69) Old Annexure-2 New Sl No 45",147,198,ddo426  Executive Engineer B T M Layout South Zone,LOKESH R,Running,33811410.0,32105834.0,1705576.0,001056,2023-01-23,,,description,"Work description names Koramangala: ""…footpath and other development works in Koramangala 8th Block, Balappa layout Dev…""",1,1,147-20-000061,https://accounts.bbmp.gov.in/vssWB/vss00CvStatusData.php?pAction=LoadPaymentGridData&pDateFrom=01-Jan-2023&pDateTo=31-Mar-2023&pBudgetHeadID=-1&pWardIDs=&pDDOID=-1&pDDOIDs=
541351,151-20-000095,000093,2022-10-21,Preparation of Detailed Project report to the work of Providing Pipeline along 80 feet road from Sony junction for flood relief 4th Block Koramangala in ward No 151 Koramangala (Old Annexure 02) New Sl No 71,151,198,ddo313  Chief Engineer SWD Central Zone,J N PROJECTS PRIVATE,First and Final,422000.0,379800.0,42200.0,001076,2023-01-23,,,description,"Work description names Koramangala: ""…ony junction for flood relief 4th Block Koramangala in ward No 151 Koramangala (O…""",1,1,151-20-000095,https://accounts.bbmp.gov.in/vssWB/vss00CvStatusData.php?pAction=LoadPaymentGridData&pDateFrom=01-Jan-2023&pDateTo=31-Mar-2023&pBudgetHeadID=-1&pWardIDs=&pDDOID=-1&pDDOIDs=
520951,151-20-000112,000047,2022-05-26,"Providing Asphalting providing new cobble pavers and other improvement works to roads in Kormangala 4th Block 4th C Block 4th B Block 1st Block 2nd Block 3rd Block 5th Block J Block 6th Block 17th A Main Kuduremukh colony Siddartha colony and surrounding areas in ward no 151 Old Annexure-2 New Sl No 58,59,60,61, 62,63,64,65,66,67, 68",151,198,ddo426  Executive Engineer B T M Layout South Zone,INFRA TECHNOCRATS CO,First and Final,489700.0,440730.0,48970.0,001081,2023-01-23,,,description,"Work description names Koramangala: ""…and other improvement works to roads in Kormangala 4th Block 4th C Block 4th B B…""",1,1,151-20-000112,https://accounts.bbmp.gov.in/vssWB/vss00CvStatusData.php?pAction=LoadPaymentGridData&pDateFrom=01-Jan-2023&pDateTo=31-Mar-2023&pBudgetHeadID=-1&pWardIDs=&pDDOID=-1&pDDOIDs=
556148,151-20-000095,000097,2022-11-28,Providing Pipeline along 80 feet road from Sony junction for flood relief 4th Block Koramangala in ward No 151 Koramangala (Old Annexure 02) New Sl No 71,151,198,ddo313  Chief Engineer SWD Central Zone,SRINIVASA REDDY H,Running,22710240.0,21514392.0,1195848.0,001083,2023-01-23,,,description,"Work description names Koramangala: ""…ony junction for flood relief 4th Block Koramangala in ward No 151 Koramangala (O…""",1,1,151-20-000095,https://accounts.bbmp.gov.in/vssWB/vss00CvStatusData.php?pAction=LoadPaymentGridData&pDateFrom=01-Jan-2023&pDateTo=31-Mar-2023&pBudgetHeadID=-1&pWardIDs=&pDDOID=-1&pDDOIDs=
517182,152-20-000049,000042,2022-05-18,"Providing Asphalting improvements to roads, drains and footpath and other development works in Koramangala K R Garden Koramangala Village 14th main Jakkansandra Balajinagara 6th main Maruthinagar roads, Sriramappa layout Dodamuthappa layout, Tavarekere, Madiwala, Mico layout SFHS Layout, MKES college and surrounding areas in ward no 151,173,152,172,and 176 (Old Annexure-2 New Sl No 78 ,79, 80, 81, 82, 83, 84, 70, 73, 74, 75, 76, 77",152,198,ddo426  Executive Engineer B T M Layout South Zone,V M R CONSTRUCTION,Fifth and Final,21453169.0,20252745.0,1200424.0,001084,2023-01-23,,,description,"Work description names Koramangala: ""…footpath and other development works in Koramangala K R Garden Koramangala Villag…""",1,1,152-20-000049,https://accounts.bbmp.gov.in/vssWB/vss00CvStatusData.php?pAction=LoadPaymentGridData&pDateFrom=01-Jan-2023&pDateTo=31-Mar-2023&pBudgetHeadID=-1&pWardIDs=&pDDOID=-1&pDDOIDs=
520975,151-20-000096,000048,2022-05-26,Comprehensive development and Improvements to roads in 7th Block. Shanthinagara society Ejipura ward. Venkateshwara temple. 8th A.B.C Roads. 5th Block. 8th block Koramangala village 3rd J Block. 5th block Industrial layout. MIG Houses judges park roads and surrounding roads in Ward No. 147. 148. 151 and 173 Koramangala sub divison Annexure-5 (PMC),151,198,ddo426  Executive Engineer B T M Layout South Zone,H & P CONSULTANTS,First and Final,495600.0,446040.0,49560.0,001151,2023-01-23,,,description,"Work description names Koramangala: ""…. 8th A.B.C Roads. 5th Block. 8th block Koramangala village 3rd J Block. 5th bloc…""",1,1,151-20-000096,https://accounts.bbmp.gov.in/vssWB/vss00CvStatusData.php?pAction=LoadPaymentGridData&pDateFrom=01-Jan-2023&pDateTo=31-Mar-2023&pBudgetHeadID=-1&pWardIDs=&pDDOID=-1&pDDOIDs=
396652,151-17-000080,000209,2020-12-30,Constrcution of Dr. B.R.Ambedkar Bhavana Building in Siddartha colony in ward No.151 Koramangala,151,198,ddo421  Assistant Executive Engineer Koramangala South Zone,T GOPINATH REDDY,First and Final,8349100.0,7564417.0,784683.0,000324,2023-01-27,,,description,"Work description names Koramangala: ""…ding in Siddartha colony in ward No.151 Koramangala…""",1,1,151-17-000080,https://accounts.bbmp.gov.in/vssWB/vss00CvStatusData.php?pAction=LoadPaymentGridData&pDateFrom=01-Jan-2023&pDateTo=31-Mar-2023&pBudgetHeadID=-1&pWardIDs=&pDDOID=-1&pDDOIDs=
550637,151-22-000005,000193,2022-10-21,Operation and Maintenance of Street Lighting System in ward no 151 and 173 Package S-10 of South Zone,151,198,ddo258  Executive Engineer Electrical South Zone,VIJAYALAKSHMI ASSOCI,Running,559796.0,516174.0,43622.0,000365,2023-03-01,,,ward_prefix,Booked to Koramangala ward (151 under the 198-ward map) (ward map inferred from the job-code year),1,1,151-22-000005,https://accounts.bbmp.gov.in/vssWB/vss00CvStatusData.php?pAction=LoadPaymentGridData&pDateFrom=01-Jan-2023&pDateTo=31-Mar-2023&pBudgetHeadID=-1&pWardIDs=&pDDOID=-1&pDDOIDs=
404448,151-19-000013,000230,2021-01-30,Improvements and Desilting of shoulder drains in ward no 151 Koramangala,151,198,ddo421  Assistant Executive Engineer Koramangala South Zone,R M RAVI (CONTRACTO,First and Final,2669355.0,2549642.0,119713.0,000419,2023-03-16,,,description,"Work description names Koramangala: ""…lting of shoulder drains in ward no 151 Koramangala…""",1,1,151-19-000013,https://accounts.bbmp.gov.in/vssWB/vss00CvStatusData.php?pAction=LoadPaymentGridData&pDateFrom=01-Jan-2023&pDateTo=31-Mar-2023&pBudgetHeadID=-1&pWardIDs=&pDDOID=-1&pDDOIDs=
404386,147-17-000064,000231,2021-01-30,Improvements to Burial ground in 7th and 8th block Koramangala in Ward No.147 Adugodi,147,198,ddo421  Assistant Executive Engineer Koramangala South Zone,KRIDL BHUSIRI ACCOU,First and Final,898875.0,714297.0,184578.0,000420,2023-03-16,,,description,"Work description names Koramangala: ""…s to Burial ground in 7th and 8th block Koramangala in Ward No.147 Adugodi…""",1,1,147-17-000064,https://accounts.bbmp.gov.in/vssWB/vss00CvStatusData.php?pAction=LoadPaymentGridData&pDateFrom=01-Jan-2023&pDateTo=31-Mar-2023&pBudgetHeadID=-1&pWardIDs=&pDDOID=-1&pDDOIDs=
569333,151-20-000080,000169,2023-02-22,"Construction of Public Toilet and improvements to existing public toilets in BTM Layout Constituency in ward no 147, 148, 151, and 176",151,198,ddo426  Executive Engineer B T M Layout South Zone,ROYAL CONSTRUCTIONS,Running,1973696.0,1860851.0,112845.0,001403,2023-03-24,,,ward_prefix,Booked to Koramangala ward (151 under the 198-ward map) (ward map inferred from the job-code year),1,1,151-20-000080,https://accounts.bbmp.gov.in/vssWB/vss00CvStatusData.php?pAction=LoadPaymentGridData&pDateFrom=01-Jan-2023&pDateTo=31-Mar-2023&pBudgetHeadID=-1&pWardIDs=&pDDOID=-1&pDDOIDs=
569713,151-20-000080,000170,2023-02-22,"Construction of Public Toilet and improvements to existing public toilets in BTM Layout Constituency in ward no 147, 148, 151, and 176",151,198,ddo426  Executive Engineer B T M Layout South Zone,ROYAL CONSTRUCTIONS,Running,224335.0,213375.0,10960.0,001404,2023-03-24,,,ward_prefix,Booked to Koramangala ward (151 under the 198-ward map) (ward map inferred from the job-code year),1,1,151-20-000080,https://accounts.bbmp.gov.in/vssWB/vss00CvStatusData.php?pAction=LoadPaymentGridData&pDateFrom=01-Jan-2023&pDateTo=31-Mar-2023&pBudgetHeadID=-1&pWardIDs=&pDDOID=-1&pDDOIDs=
571042,151-20-000080,000171,2023-02-22,"Construction of Public Toilet and improvements to existing public toilets in BTM Layout Constituency in ward no 147, 148, 151, and 176",151,198,ddo426  Executive Engineer B T M Layout South Zone,ROYAL CONSTRUCTIONS,Running,143203.0,135495.0,7708.0,001405,2023-03-24,,,ward_prefix,Booked to Koramangala ward (151 under the 198-ward map) (ward map inferred from the job-code year),1,1,151-20-000080,https://accounts.bbmp.gov.in/vssWB/vss00CvStatusData.php?pAction=LoadPaymentGridData&pDateFrom=01-Jan-2023&pDateTo=31-Mar-2023&pBudgetHeadID=-1&pWardIDs=&pDDOID=-1&pDDOIDs=
557632,152-20-000049,000135,2022-12-12,"Providing Asphalting improvements to roads, drains and footpath and other development works in Koramangala K R Garden Koramangala Village 14th main Jakkansandra Balajinagara 6th main Maruthinagar roads, Sriramappa layout Dodamuthappa layout, Tavarekere, Madiwala, Mico layout SFHS Layout, MKES college and surrounding areas in ward no 151,173,152,172,and 176 (Old Annexure-2 New Sl No 78 ,79, 80, 81, 82, 83, 84, 70, 73, 74, 75, 76, 77 PMC",152,198,ddo426  Executive Engineer B T M Layout South Zone,INFRA TECHNOCRATS CO,First and Final,495600.0,446040.0,49560.0,001452,2023-03-29,,,description,"Work description names Koramangala: ""…footpath and other development works in Koramangala K R Garden Koramangala Villag…""",1,1,152-20-000049,https://accounts.bbmp.gov.in/vssWB/vss00CvStatusData.php?pAction=LoadPaymentGridData&pDateFrom=01-Jan-2023&pDateTo=31-Mar-2023&pBudgetHeadID=-1&pWardIDs=&pDDOID=-1&pDDOIDs=
562225,151-23-000003,000147,2022-12-31,"Comprehensive Development and Asphalting to roads and Construction of RCC Drains, Culvert, Cobble stone pavers and Footpath improvements and other Development works at 7th Block Koramangala (Balance roads), 10th to 17th cross roads and surrounding area in Muniswamy Gowda road, Ashwini layout, Yellamma Temple, VGS Temple, Stanley House roads in Ejipura, 5th and 3rd Block in Koramangala, HSR Layout 6th sector, behind Metro Station and Electrical Srinivasa House roads in Jakkasandra in ward No.147, 148, 151 and 173 (Package No. 03)",151,243,ddo426  Executive Engineer B T M Layout South Zone,LOKESH R,Running,72340492.0,64712660.0,7627832.0,001483,2023-03-30,,,description,"Work description names Koramangala: ""…nd other Development works at 7th Block Koramangala (Balance roads), 10th to 17th…""",1,1,151-23-000003,https://accounts.bbmp.gov.in/vssWB/vss00CvStatusData.php?pAction=LoadPaymentGridData&pDateFrom=01-Jan-2023&pDateTo=31-Mar-2023&pBudgetHeadID=-1&pWardIDs=&pDDOID=-1&pDDOIDs=
554511,151-22-000005,000211,2022-11-17,Operation and Maintenance of Street Lighting System in ward no 151 and 173 Package S-10 of South Zone,151,198,ddo258  Executive Engineer Electrical South Zone,VIJAYALAKSHMI ASSOCI,Running,516372.0,474618.0,41754.0,000436,2023-04-28,,,ward_prefix,Booked to Koramangala ward (151 under the 198-ward map) (ward map inferred from the job-code year),1,1,151-22-000005,https://accounts.bbmp.gov.in/vssWB/vss00CvStatusData.php?pAction=LoadPaymentGridData&pDateFrom=01-Apr-2023&pDateTo=30-Jun-2023&pBudgetHeadID=-1&pWardIDs=&pDDOID=-1&pDDOIDs=
558904,151-22-000005,000238,2022-12-12,Operation and Maintenance of Street Lighting System in ward no 151 and 173 Package S-10 of South Zone,151,198,ddo258  Executive Engineer Electrical South Zone,VIJAYALAKSHMI ASSOCI,Running,533584.0,492242.0,41342.0,000459,2023-04-28,,,ward_prefix,Booked to Koramangala ward (151 under the 198-ward map) (ward map inferred from the job-code year),1,1,151-22-000005,https://accounts.bbmp.gov.in/vssWB/vss00CvStatusData.php?pAction=LoadPaymentGridData&pDateFrom=01-Apr-2023&pDateTo=30-Jun-2023&pBudgetHeadID=-1&pWardIDs=&pDDOID=-1&pDDOIDs=
563722,151-22-000005,000278,2023-01-07,Operation and Maintenance of Street Lighting System in ward no 151 and 173 Package S-10 of South Zone,151,198,ddo258  Executive Engineer Electrical South Zone,VIJAYALAKSHMI ASSOCI,Running,516372.0,476018.0,40354.0,000498,2023-04-28,,,ward_prefix,Booked to Koramangala ward (151 under the 198-ward map) (ward map inferred from the job-code year),1,1,151-22-000005,https://accounts.bbmp.gov.in/vssWB/vss00CvStatusData.php?pAction=LoadPaymentGridData&pDateFrom=01-Apr-2023&pDateTo=30-Jun-2023&pBudgetHeadID=-1&pWardIDs=&pDDOID=-1&pDDOIDs=
570249,151-22-000005,000295,2023-02-15,Operation and Maintenance of Street Lighting System in ward no 151 and 173 Package S-10 of South Zone,151,198,ddo258  Executive Engineer Electrical South Zone,VIJAYALAKSHMI ASSOCI,Running,533584.0,490642.0,42942.0,000509,2023-04-28,,,ward_prefix,Booked to Koramangala ward (151 under the 198-ward map) (ward map inferred from the job-code year),1,1,151-22-000005,https://accounts.bbmp.gov.in/vssWB/vss00CvStatusData.php?pAction=LoadPaymentGridData&pDateFrom=01-Apr-2023&pDateTo=30-Jun-2023&pBudgetHeadID=-1&pWardIDs=&pDDOID=-1&pDDOIDs=
585426,151-22-000005,000022,2023-06-12,Operation and Maintenance of Street Lighting System in ward no 151 and 173 Package S-10 of South Zone,151,198,ddo258  Executive Engineer Electrical South Zone,VIJAYALAKSHMI ASSOCI,Running,1922931.0,1778785.0,144146.0,000688,2023-09-27,,,ward_prefix,Booked to Koramangala ward (151 under the 198-ward map) (ward map inferred from the job-code year),1,1,151-22-000005,https://accounts.bbmp.gov.in/vssWB/vss00CvStatusData.php?pAction=LoadPaymentGridData&pDateFrom=01-Jul-2023&pDateTo=30-Sep-2023&pBudgetHeadID=-1&pWardIDs=&pDDOID=-1&pDDOIDs=
593791,151-22-000005,000061,2023-07-26,Operation and Maintenance of Street Lighting System in ward no 151 and 173 Package S-10 of South Zone,151,198,ddo258  Executive Engineer Electrical South Zone,VIJAYALAKSHMI ASSOCI,Running,536200.0,492566.0,43634.0,000716,2023-09-28,,,ward_prefix,Booked to Koramangala ward (151 under the 198-ward map) (ward map inferred from the job-code year),1,1,151-22-000005,https://accounts.bbmp.gov.in/vssWB/vss00CvStatusData.php?pAction=LoadPaymentGridData&pDateFrom=01-Jul-2023&pDateTo=30-Sep-2023&pBudgetHeadID=-1&pWardIDs=&pDDOID=-1&pDDOIDs=
594199,151-22-000005,000082,2023-07-27,Operation and Maintenance of Street Lighting System in ward no 151 and 173 Package S-10 of South Zone,151,198,ddo258  Executive Engineer Electrical South Zone,VIJAYALAKSHMI ASSOCI,Running,1090274.0,1004191.0,86083.0,000736,2023-09-28,,,ward_prefix,Booked to Koramangala ward (151 under the 198-ward map) (ward map inferred from the job-code year),1,1,151-22-000005,https://accounts.bbmp.gov.in/vssWB/vss00CvStatusData.php?pAction=LoadPaymentGridData&pDateFrom=01-Jul-2023&pDateTo=30-Sep-2023&pBudgetHeadID=-1&pWardIDs=&pDDOID=-1&pDDOIDs=
421059,151-19-000072,000028,2021-05-27,Drilling of New Borewell and Providing water supply pipeline in ward no 151 Koramangala,151,198,ddo421  Assistant Executive Engineer Koramangala South Zone,H S HEMAVATHI,First and Final,2541468.0,2438532.0,102936.0,000783,"2023-10-02,2025-01-08",,,description,"Work description names Koramangala: ""…ng water supply pipeline in ward no 151 Koramangala…""",1,1,151-19-000072,https://accounts.bbmp.gov.in/vssWB/vss00CvStatusData.php?pAction=LoadPaymentGridData&pDateFrom=01-Oct-2023&pDateTo=31-Dec-2023&pBudgetHeadID=-1&pWardIDs=&pDDOID=-1&pDDOIDs=
436969,151-20-000070,000067,2021-06-24,Improvements to roads and drains in Koramangala surroundings area in ward no 151 Koramangala,151,198,ddo421  Assistant Executive Engineer Koramangala South Zone,R M RAVI (CONTRACTO,First and Final,3855479.0,3663506.0,191973.0,000789,2023-10-02,,,description,"Work description names Koramangala: ""…Improvements to roads and drains in Koramangala surroundings area in ward no…""",1,1,151-20-000070,https://accounts.bbmp.gov.in/vssWB/vss00CvStatusData.php?pAction=LoadPaymentGridData&pDateFrom=01-Oct-2023&pDateTo=31-Dec-2023&pBudgetHeadID=-1&pWardIDs=&pDDOID=-1&pDDOIDs=
494283,151-20-000104,000217,2022-01-21,Engaging Silt and tractor with labours for ward no.151 Koramangala,151,198,ddo426  Executive Engineer B T M Layout South Zone,KSHIRALINGA,Running,719262.0,682366.0,36896.0,002416,2023-10-16,,,description,"Work description names Koramangala: ""…nd tractor with labours for ward no.151 Koramangala…""",1,1,,https://accounts.bbmp.gov.in/vssWB/vss00CvStatusData.php?pAction=LoadPaymentGridData&pDateFrom=01-Oct-2023&pDateTo=31-Dec-2023&pBudgetHeadID=-1&pWardIDs=&pDDOID=-1&pDDOIDs=
528427,151-20-000104,000071,2022-07-02,Engaging Silt and tractor with labours for ward no.151 Koramangala,151,198,ddo426  Executive Engineer B T M Layout South Zone,KSHIRALINGA,Second and Final,769856.0,739523.0,30333.0,002417,2023-10-16,,,description,"Work description names Koramangala: ""…nd tractor with labours for ward no.151 Koramangala…""",1,1,,https://accounts.bbmp.gov.in/vssWB/vss00CvStatusData.php?pAction=LoadPaymentGridData&pDateFrom=01-Oct-2023&pDateTo=31-Dec-2023&pBudgetHeadID=-1&pWardIDs=&pDDOID=-1&pDDOIDs=
477574,151-20-000068,000167,2021-11-19,Desilting of Drains and other Improvements of the drain works in Koramangala ward no 151,151,198,ddo421  Assistant Executive Engineer Koramangala South Zone,VENKATESH REDDY K,First and Final,2080169.0,1796215.0,283954.0,000889,"2023-10-17,2025-04-19",,,description,"Work description names Koramangala: ""…ther Improvements of the drain works in Koramangala ward no 151…""",1,1,151-20-000068,https://accounts.bbmp.gov.in/vssWB/vss00CvStatusData.php?pAction=LoadPaymentGridData&pDateFrom=01-Oct-2023&pDateTo=31-Dec-2023&pBudgetHeadID=-1&pWardIDs=&pDDOID=-1&pDDOIDs=
494348,151-20-000107,000216,2022-01-21,Annual Maintenance Work for the year 2019-20 in ward No.151 Koramangala,151,198,ddo426  Executive Engineer B T M Layout South Zone,KSHIRALINGA,Running,719246.0,682350.0,36896.0,002477,2023-10-17,,,description,"Work description names Koramangala: ""…ork for the year 2019-20 in ward No.151 Koramangala…""",1,1,151-20-000107,https://accounts.bbmp.gov.in/vssWB/vss00CvStatusData.php?pAction=LoadPaymentGridData&pDateFrom=01-Oct-2023&pDateTo=31-Dec-2023&pBudgetHeadID=-1&pWardIDs=&pDDOID=-1&pDDOIDs=
528409,151-20-000107,000070,2022-07-02,Annual Maintenance Work for the year 2019-20 in ward No.151 Koramangala,151,198,ddo426  Executive Engineer B T M Layout South Zone,KSHIRALINGA,Second and Final,769857.0,739524.0,30333.0,002478,2023-10-17,,,description,"Work description names Koramangala: ""…ork for the year 2019-20 in ward No.151 Koramangala…""",1,1,151-20-000107,https://accounts.bbmp.gov.in/vssWB/vss00CvStatusData.php?pAction=LoadPaymentGridData&pDateFrom=01-Oct-2023&pDateTo=31-Dec-2023&pBudgetHeadID=-1&pWardIDs=&pDDOID=-1&pDDOIDs=
466879,151-20-000055,000102,2021-10-08,Arranging temprory illumination to ganesha immersion function in Ward 151,151,198,ddo258  Executive Engineer Electrical South Zone,SHREE VINAYAKA ELECT,First and Final,76358.0,69491.0,6867.0,000932,"2023-10-19,2025-02-05",,,ward_prefix,Booked to Koramangala ward (151 under the 198-ward map) (ward map inferred from the job-code year),1,1,,https://accounts.bbmp.gov.in/vssWB/vss00CvStatusData.php?pAction=LoadPaymentGridData&pDateFrom=01-Oct-2023&pDateTo=31-Dec-2023&pBudgetHeadID=-1&pWardIDs=&pDDOID=-1&pDDOIDs=
602981,151-22-000005,000120,2023-09-16,Operation and Maintenance of Street Lighting System in ward no 151 and 173 Package S-10 of South Zone,151,198,ddo258  Executive Engineer Electrical South Zone,VIJAYALAKSHMI ASSOCI,Running,1210671.0,1125415.0,85256.0,000936,2023-10-19,,,ward_prefix,Booked to Koramangala ward (151 under the 198-ward map) (ward map inferred from the job-code year),1,1,151-22-000005,https://accounts.bbmp.gov.in/vssWB/vss00CvStatusData.php?pAction=LoadPaymentGridData&pDateFrom=01-Oct-2023&pDateTo=31-Dec-2023&pBudgetHeadID=-1&pWardIDs=&pDDOID=-1&pDDOIDs=
498285,151-20-000103,000229,2022-02-05,Emergency Repair road works and other Development works in Koramangala and surrounding area in ward No.151 Koramangala,151,198,ddo426  Executive Engineer B T M Layout South Zone,Y H NAGENDRA,First and Final,1822173.0,1738016.0,84157.0,000956,2023-10-19,,,description,"Work description names Koramangala: ""…ad works and other Development works in Koramangala and surrounding area in ward…""",1,1,151-20-000103,https://accounts.bbmp.gov.in/vssWB/vss00CvStatusData.php?pAction=LoadPaymentGridData&pDateFrom=01-Oct-2023&pDateTo=31-Dec-2023&pBudgetHeadID=-1&pWardIDs=&pDDOID=-1&pDDOIDs=
466238,151-19-000068,000141,2021-10-07,Annual Maintenance Work for the year 2018-19 in ward No.151 Koramangala,151,198,ddo421  Assistant Executive Engineer Koramangala South Zone,M KUMAR,First and Final,1474728.0,1342394.0,132334.0,002524,2023-10-25,,,description,"Work description names Koramangala: ""…ork for the year 2018-19 in ward No.151 Koramangala…""",1,1,151-19-000068,https://accounts.bbmp.gov.in/vssWB/vss00CvStatusData.php?pAction=LoadPaymentGridData&pDateFrom=01-Oct-2023&pDateTo=31-Dec-2023&pBudgetHeadID=-1&pWardIDs=&pDDOID=-1&pDDOIDs=
471699,151-20-000059,000156,2021-11-02,Providing Rain water Harvesting statures in ward No. 151 Koramangala,151,198,ddo421  Assistant Executive Engineer Koramangala South Zone,UTHKRISHTAASSOCIATES,First and Final,933496.0,871745.0,61751.0,001034,"2023-11-09,2025-06-10",,,description,"Work description names Koramangala: ""…ter Harvesting statures in ward No. 151 Koramangala…""",1,1,151-20-000059,https://accounts.bbmp.gov.in/vssWB/vss00CvStatusData.php?pAction=LoadPaymentGridData&pDateFrom=01-Oct-2023&pDateTo=31-Dec-2023&pBudgetHeadID=-1&pWardIDs=&pDDOID=-1&pDDOIDs=
476870,151-18-000068,000166,2021-11-18,Construction of RCC Drain to lead off rain water towards SWD in Jakkasandra Extension in ward no 151 Koramangala,151,198,ddo421  Assistant Executive Engineer Koramangala South Zone,SATHISH NAYAK K,Second and Final,1470450.0,1379016.0,91434.0,001056,"2023-11-20,2025-04-05",,,description,"Work description names Koramangala: ""…in Jakkasandra Extension in ward no 151 Koramangala…""",1,1,151-18-000068,https://accounts.bbmp.gov.in/vssWB/vss00CvStatusData.php?pAction=LoadPaymentGridData&pDateFrom=01-Oct-2023&pDateTo=31-Dec-2023&pBudgetHeadID=-1&pWardIDs=&pDDOID=-1&pDDOIDs=
610932,151-22-000005,000135,2023-10-21,Operation and Maintenance of Street Lighting System in ward no 151 and 173 Package S-10 of South Zone,151,198,ddo258  Executive Engineer Electrical South Zone,VIJAYALAKSHMI ASSOCI,Running,536200.0,497066.0,39134.0,001063,2023-11-20,,,ward_prefix,Booked to Koramangala ward (151 under the 198-ward map) (ward map inferred from the job-code year),1,1,151-22-000005,https://accounts.bbmp.gov.in/vssWB/vss00CvStatusData.php?pAction=LoadPaymentGridData&pDateFrom=01-Oct-2023&pDateTo=31-Dec-2023&pBudgetHeadID=-1&pWardIDs=&pDDOID=-1&pDDOIDs=
479231,151-19-000078,000174,2021-11-30,Urgent work under Emergency grant for the year 2018-19 in ward No.151 Koramangala,151,198,ddo421  Assistant Executive Engineer Koramangala South Zone,M KUMAR,First and Final,2020871.0,1650320.0,370551.0,001080,"2023-11-20,2025-05-02",,,description,"Work description names Koramangala: ""…ant for the year 2018-19 in ward No.151 Koramangala…""",1,1,,https://accounts.bbmp.gov.in/vssWB/vss00CvStatusData.php?pAction=LoadPaymentGridData&pDateFrom=01-Oct-2023&pDateTo=31-Dec-2023&pBudgetHeadID=-1&pWardIDs=&pDDOID=-1&pDDOIDs=
570087,148-23-000003,000167,2023-02-15,"Comprehensive Development and Improvements to footpath, Construction of RCC Drains, Culvert, Providing Cobble stone pavers at 2nd, 2nd A main road, 8th Block Koramangala, CAR Quatress in Adugodi, 7th A, 7th Cross ST Bed 1st Main road Indiragandhi Colony, JJ Church road, Sadappa house road, Rangappa Garden, Nadugadda, MM Garden, Sreenivagilu, Ayyappa Temple backside, NGV in Ejipura. 100 feet road to 17th E main road 6th block Koramangala Mestripalya, Yellamma Temple, Teachers Colony, 1st & 2nd main road, BBMP play ground at Jakkasandra and Construction of Additional Floor to Samudhaya Bhavana beside Karumariyamma temple rajendranagar, Kempegowda Samudaya Bhavana, Auditorium construction, CAR Quatress, Gandhi colony Building, Samudhaya Bhavana in Jakkasandra Extenction, Mestripalya multy purpose building and other development works in ward No. 147, 148, 151 and 173 (Package No. 04)",148,243,ddo426  Executive Engineer B T M Layout South Zone,RAMACHANDRA RAJU K,Running,45794890.0,41113710.0,4681180.0,001102,"2023-12-16,2024-12-23",,,description,"Work description names Koramangala: ""…vers at 2nd, 2nd A main road, 8th Block Koramangala, CAR Quatress in Adugodi, 7th…""",1,1,148-23-000003,https://accounts.bbmp.gov.in/vssWB/vss00CvStatusData.php?pAction=LoadPaymentGridData&pDateFrom=01-Oct-2023&pDateTo=31-Dec-2023&pBudgetHeadID=-1&pWardIDs=&pDDOID=-1&pDDOIDs=
570120,148-23-000003,000168,2023-02-15,"Comprehensive Development and Improvements to footpath, Construction of RCC Drains, Culvert, Providing Cobble stone pavers at 2nd, 2nd A main road, 8th Block Koramangala, CAR Quatress in Adugodi, 7th A, 7th Cross ST Bed 1st Main road Indiragandhi Colony, JJ Church road, Sadappa house road, Rangappa Garden, Nadugadda, MM Garden, Sreenivagilu, Ayyappa Temple backside, NGV in Ejipura. 100 feet road to 17th E main road 6th block Koramangala Mestripalya, Yellamma Temple, Teachers Colony, 1st & 2nd main road, BBMP play ground at Jakkasandra and Construction of Additional Floor to Samudhaya Bhavana beside Karumariyamma temple rajendranagar, Kempegowda Samudaya Bhavana, Auditorium construction, CAR Quatress, Gandhi colony Building, Samudhaya Bhavana in Jakkasandra Extenction, Mestripalya multy purpose building and other development works in ward No. 147, 148, 151 and 173 (Package No. 04)",148,243,ddo426  Executive Engineer B T M Layout South Zone,RAMACHANDRA RAJU K,Running,1845944.0,1648690.0,197254.0,001103,"2023-12-16,2024-12-23",,,description,"Work description names Koramangala: ""…vers at 2nd, 2nd A main road, 8th Block Koramangala, CAR Quatress in Adugodi, 7th…""",1,1,148-23-000003,https://accounts.bbmp.gov.in/vssWB/vss00CvStatusData.php?pAction=LoadPaymentGridData&pDateFrom=01-Oct-2023&pDateTo=31-Dec-2023&pBudgetHeadID=-1&pWardIDs=&pDDOID=-1&pDDOIDs=
570969,148-23-000003,000173,2023-02-22,"Comprehensive Development and Improvements to footpath, Construction of RCC Drains, Culvert, Providing Cobble stone pavers at 2nd, 2nd A main road, 8th Block Koramangala, CAR Quatress in Adugodi, 7th A, 7th Cross ST Bed 1st Main road Indiragandhi Colony, JJ Church road, Sadappa house road, Rangappa Garden, Nadugadda, MM Garden, Sreenivagilu, Ayyappa Temple backside, NGV in Ejipura. 100 feet road to 17th E main road 6th block Koramangala Mestripalya, Yellamma Temple, Teachers Colony, 1st & 2nd main road, BBMP play ground at Jakkasandra and Construction of Additional Floor to Samudhaya Bhavana beside Karumariyamma temple rajendranagar, Kempegowda Samudaya Bhavana, Auditorium construction, CAR Quatress, Gandhi colony Building, Samudhaya Bhavana in Jakkasandra Extenction, Mestripalya multy purpose building and other development works in ward No. 147, 148, 151 and 173 (Package No. 04)",148,243,ddo426  Executive Engineer B T M Layout South Zone,RAMACHANDRA RAJU K,Running,17715731.0,15888689.0,1827042.0,001104,"2023-12-16,2024-12-23",,,description,"Work description names Koramangala: ""…vers at 2nd, 2nd A main road, 8th Block Koramangala, CAR Quatress in Adugodi, 7th…""",1,1,148-23-000003,https://accounts.bbmp.gov.in/vssWB/vss00CvStatusData.php?pAction=LoadPaymentGridData&pDateFrom=01-Oct-2023&pDateTo=31-Dec-2023&pBudgetHeadID=-1&pWardIDs=&pDDOID=-1&pDDOIDs=
619650,151-22-000005,000160,2023-11-22,Operation and Maintenance of Street Lighting System in ward no 151 and 173 Package S-10 of South Zone,151,198,ddo258  Executive Engineer Electrical South Zone,VIJAYALAKSHMI ASSOCI,Running,554074.0,513525.0,40549.0,001118,2023-12-16,,,ward_prefix,Booked to Koramangala ward (151 under the 198-ward map) (ward map inferred from the job-code year),1,1,151-22-000005,https://accounts.bbmp.gov.in/vssWB/vss00CvStatusData.php?pAction=LoadPaymentGridData&pDateFrom=01-Oct-2023&pDateTo=31-Dec-2023&pBudgetHeadID=-1&pWardIDs=&pDDOID=-1&pDDOIDs=
603646,151-18-000017,000057,2023-09-22,Alteration and renovation of Existing ARO office and other development works to BBMP sub division office at 5th block koramangala in ward no.151,151,198,ddo426  Executive Engineer B T M Layout South Zone,M KUMAR,First and Final,2404202.0,2151590.0,252612.0,002797,"2023-12-18,2025-05-02",,,description,"Work description names Koramangala: ""…o BBMP sub division office at 5th block koramangala in ward no.151…""",1,1,151-18-000017,https://accounts.bbmp.gov.in/vssWB/vss00CvStatusData.php?pAction=LoadPaymentGridData&pDateFrom=01-Oct-2023&pDateTo=31-Dec-2023&pBudgetHeadID=-1&pWardIDs=&pDDOID=-1&pDDOIDs=
563073,147-20-000061,000153,2023-01-07,"Asphalting of Roads, Improvements to Roads construction of box drain, footpath and other development works in Koramangala 8th Block Balappa layout Devegowda layout 7th block and 8th Block 2nd C main 2nd D main Mallappa reddy layout Ejipura and surrounding areas, NGV roads and surrounding areas in ward no 45, 46, 47, 48, 49, 50, 52,53,54, 55, 56, 57,69 Old Annexure-2 New Sl No 45",147,198,ddo426  Executive Engineer B T M Layout South Zone,INFRA TECHNOCRATS CO,First and Final,495600.0,446040.0,49560.0,001161,"2023-12-30,2025-01-17",,,description,"Work description names Koramangala: ""…footpath and other development works in Koramangala 8th Block Balappa layout Deve…""",1,1,147-20-000061,https://accounts.bbmp.gov.in/vssWB/vss00CvStatusData.php?pAction=LoadPaymentGridData&pDateFrom=01-Oct-2023&pDateTo=31-Dec-2023&pBudgetHeadID=-1&pWardIDs=&pDDOID=-1&pDDOIDs=
566061,148-23-000003,000176,2023-02-23,"Comprehensive Development and Improvements to footpath, Construction of RCC Drains, Culvert, Providing Cobble stone pavers at 2nd, 2nd A main road, 8th Block Koramangala, CAR Quatress in Adugodi, 7th A, 7th Cross ST Bed 1st Main road Indiragandhi Colony, JJ Church road, Sadappa house road, Rangappa Garden, Nadugadda, MM Garden, Sreenivagilu, Ayyappa Temple backside, NGV in Ejipura. 100 feet road to 17th E main road 6th block Koramangala Mestripalya, Yellamma Temple, Teachers Colony, 1st & 2nd main road, BBMP play ground at Jakkasandra and Construction of Additional Floor to Samudhaya Bhavana beside Karumariyamma temple rajendranagar, Kempegowda Samudaya Bhavana, Auditorium construction, CAR Quatress, Gandhi colony Building, Samudhaya Bhavana in Jakkasandra Extenction, Mestripalya multy purpose building and other development works in ward No. 147, 148, 151 and 173 (Package No. 04) (DPR)",148,243,ddo426  Executive Engineer B T M Layout South Zone,H & P CONSULTANTS,First and Final,495000.0,445500.0,49500.0,001165,"2023-12-30,2025-01-17",,,description,"Work description names Koramangala: ""…vers at 2nd, 2nd A main road, 8th Block Koramangala, CAR Quatress in Adugodi, 7th…""",1,1,148-23-000003,https://accounts.bbmp.gov.in/vssWB/vss00CvStatusData.php?pAction=LoadPaymentGridData&pDateFrom=01-Oct-2023&pDateTo=31-Dec-2023&pBudgetHeadID=-1&pWardIDs=&pDDOID=-1&pDDOIDs=
566057,151-23-000003,000177,2023-02-23,"Comprehensive Development and Asphalting to roads and Construction of RCC Drains, Culvert, Cobble stone pavers and Footpath improvements and other Development works at 7th Block Koramangala (Balance roads), 10th to 17th cross roads and surrounding area in Muniswamy Gowda road, Ashwini layout, Yellamma Temple, VGS Temple, Stanley House roads in Ejipura, 5th and 3rd Block in Koramangala, HSR Layout 6th sector, behind Metro Station and Electrical Srinivasa House roads in Jakkasandra in ward No.147, 148, 151 and 173 (Package No. 03)",151,243,ddo426  Executive Engineer B T M Layout South Zone,ROAD INVENTO CONSULT,First and Final,493000.0,443700.0,49300.0,001166,"2023-12-30,2025-01-21",,,description,"Work description names Koramangala: ""…nd other Development works at 7th Block Koramangala (Balance roads), 10th to 17th…""",1,1,151-23-000003,https://accounts.bbmp.gov.in/vssWB/vss00CvStatusData.php?pAction=LoadPaymentGridData&pDateFrom=01-Oct-2023&pDateTo=31-Dec-2023&pBudgetHeadID=-1&pWardIDs=&pDDOID=-1&pDDOIDs=
571060,151-20-000080,000172,2023-02-22,"Construction of Public Toilet and improvements to existing public toilets in BTM Layout Constituency in ward no 147, 148, 151, and 176",151,198,ddo426  Executive Engineer B T M Layout South Zone,ROYAL CONSTRUCTIONS,Sixth and Final,165356.0,157034.0,8322.0,002855,"2024-01-01,2025-01-31",,,ward_prefix,Booked to Koramangala ward (151 under the 198-ward map) (ward map inferred from the job-code year),1,1,151-20-000080,https://accounts.bbmp.gov.in/vssWB/vss00CvStatusData.php?pAction=LoadPaymentGridData&pDateFrom=01-Jan-2024&pDateTo=31-Mar-2024&pBudgetHeadID=-1&pWardIDs=&pDDOID=-1&pDDOIDs=
626705,151-22-000005,000183,2023-12-21,Operation and Maintenance of Street Lighting System in ward no 151 and 173 Package S-10 of South Zone,151,198,ddo258  Executive Engineer Electrical South Zone,VIJAYALAKSHMI ASSOCI,Running,536200.0,497166.0,39034.0,001178,2024-01-10,,,ward_prefix,Booked to Koramangala ward (151 under the 198-ward map) (ward map inferred from the job-code year),1,1,151-22-000005,https://accounts.bbmp.gov.in/vssWB/vss00CvStatusData.php?pAction=LoadPaymentGridData&pDateFrom=01-Jan-2024&pDateTo=31-Mar-2024&pBudgetHeadID=-1&pWardIDs=&pDDOID=-1&pDDOIDs=
495957,151-20-000110,000227,2022-02-01,Filling of Pot holes to road cutting portion and bad reaches for the year 2019-20in ward No.151 Koramangala,151,198,ddo426  Executive Engineer B T M Layout South Zone,SRINIVAS MURTHY N,Running,705089.0,629841.0,75248.0,001211,"2024-01-12,2025-05-26",,,description,"Work description names Koramangala: ""…ches for the year 2019-20in ward No.151 Koramangala…""",1,1,151-20-000110,https://accounts.bbmp.gov.in/vssWB/vss00CvStatusData.php?pAction=LoadPaymentGridData&pDateFrom=01-Jan-2024&pDateTo=31-Mar-2024&pBudgetHeadID=-1&pWardIDs=&pDDOID=-1&pDDOIDs=
514403,151-22-000001,000026,2022-04-30,Filling up of Potholes in Ward Jurisdiction in ward No.151 Koramangala,151,198,ddo426  Executive Engineer B T M Layout South Zone,Mr PRAKASH A S,First and Final,1789219.0,1634871.0,154348.0,002893,"2024-01-17,2025-06-21",,,description,"Work description names Koramangala: ""…les in Ward Jurisdiction in ward No.151 Koramangala…""",1,1,151-22-000001,https://accounts.bbmp.gov.in/vssWB/vss00CvStatusData.php?pAction=LoadPaymentGridData&pDateFrom=01-Jan-2024&pDateTo=31-Mar-2024&pBudgetHeadID=-1&pWardIDs=&pDDOID=-1&pDDOIDs=
504363,151-20-000021,000242,2022-03-05,"Providing cobble tiles pavers, concrete and urgent work (Emergency work) to internal street road and others Improvements works in BTM Layout Constituency of ward no 151",151,198,ddo426  Executive Engineer B T M Layout South Zone,NANDISH GOWDA.G.R,First and Final,8383174.0,7865387.0,517787.0,001243,"2024-02-06,2025-04-04",,,ward_prefix,Booked to Koramangala ward (151 under the 198-ward map) (ward map inferred from the job-code year),1,1,151-20-000021,https://accounts.bbmp.gov.in/vssWB/vss00CvStatusData.php?pAction=LoadPaymentGridData&pDateFrom=01-Jan-2024&pDateTo=31-Mar-2024&pBudgetHeadID=-1&pWardIDs=&pDDOID=-1&pDDOIDs=
578311,151-21-000002,000102,2023-03-31,"Construction and Improvements of Multipurpose buildings, Development of Play ground and parks in BTM Layout Constituency Annexure-6 Sl No 2",151,198,ddo422  Executive Engineer Project - South Zone,DASARADHA RAMI REDDY,Running,39347300.0,35846984.0,3500316.0,001289,"2024-02-20,2025-01-15",,,ward_prefix,Booked to Koramangala ward (151 under the 198-ward map) (ward map inferred from the job-code year),1,1,151-21-000002,https://accounts.bbmp.gov.in/vssWB/vss00CvStatusData.php?pAction=LoadPaymentGridData&pDateFrom=01-Jan-2024&pDateTo=31-Mar-2024&pBudgetHeadID=-1&pWardIDs=&pDDOID=-1&pDDOIDs=
510802,151-20-000023,000268,2022-03-29,Over all Improvements and Development of roads and drains in ward no.151,151,198,ddo426  Executive Engineer B T M Layout South Zone,NANDISH GOWDA.G.R,First and Final,5225733.0,4972439.0,253294.0,001301,"2024-02-20,2025-04-22",,,ward_prefix,Booked to Koramangala ward (151 under the 198-ward map) (ward map inferred from the job-code year),1,1,151-20-000023,https://accounts.bbmp.gov.in/vssWB/vss00CvStatusData.php?pAction=LoadPaymentGridData&pDateFrom=01-Jan-2024&pDateTo=31-Mar-2024&pBudgetHeadID=-1&pWardIDs=&pDDOID=-1&pDDOIDs=
634706,151-22-000005,000216,2024-01-25,Operation and Maintenance of Street Lighting System in ward no 151 and 173 Package S-10 of South Zone,151,198,ddo258  Executive Engineer Electrical South Zone,VIJAYALAKSHMI ASSOCI,Running,646298.0,600839.0,45459.0,001318,2024-02-20,,,ward_prefix,Booked to Koramangala ward (151 under the 198-ward map) (ward map inferred from the job-code year),1,1,151-22-000005,https://accounts.bbmp.gov.in/vssWB/vss00CvStatusData.php?pAction=LoadPaymentGridData&pDateFrom=01-Jan-2024&pDateTo=31-Mar-2024&pBudgetHeadID=-1&pWardIDs=&pDDOID=-1&pDDOIDs=
632783,304-17-000105,000051,2024-01-24,"TURN KEY LUMPSUM CONTRACT, NO VATIATION (PARAMETERS FIXED BY BBMP) for the work of Construction of Elevated corridor by integrating Ejipura main Inner Ring Road junction, Sony World junction and Kendriya Sadana junction along 100ft. inner Ring Road, Koramangala, Bangalore- Balance Portion (As is where is Basis)",304,dept,ddo341  Assistant Executive Engineer M P E D Central Zone,ESCROW A/C BSCPL INFRASTRUCTURE LTD,Running,88055000.0,86293900.0,1761100.0,003252,"2024-03-06,2024-06-12",,,description,"Work description names Koramangala: ""…junction along 100ft. inner Ring Road, Koramangala, Bangalore- Balance Portion (…""",1,1,304-17-000105,https://accounts.bbmp.gov.in/vssWB/vss00CvStatusData.php?pAction=LoadPaymentGridData&pDateFrom=01-Jan-2024&pDateTo=31-Mar-2024&pBudgetHeadID=-1&pWardIDs=&pDDOID=-1&pDDOIDs=
526624,151-22-000004,000060,2022-06-21,"Maintainance of Footpaths, Drains & Re-asphalting of Damaged roads in ward Jurisdiction in ward No.151",151,198,ddo426  Executive Engineer B T M Layout South Zone,ABHISHEK C,First and Final,1999940.0,1895423.0,104517.0,003351,"2024-03-20,2025-06-13",,,ward_prefix,Booked to Koramangala ward (151 under the 198-ward map) (ward map inferred from the job-code year),1,1,151-22-000004,https://accounts.bbmp.gov.in/vssWB/vss00CvStatusData.php?pAction=LoadPaymentGridData&pDateFrom=01-Jan-2024&pDateTo=31-Mar-2024&pBudgetHeadID=-1&pWardIDs=&pDDOID=-1&pDDOIDs=
641125,151-22-000005,000240,2024-02-21,Operation and Maintenance of Street Lighting System in ward no 151 and 173 Package S-10 of South Zone,151,198,ddo258  Executive Engineer Electrical South Zone,VIJAYALAKSHMI ASSOCI,Running,608929.0,565570.0,43359.0,001375,2024-03-21,,,ward_prefix,Booked to Koramangala ward (151 under the 198-ward map) (ward map inferred from the job-code year),1,1,151-22-000005,https://accounts.bbmp.gov.in/vssWB/vss00CvStatusData.php?pAction=LoadPaymentGridData&pDateFrom=01-Jan-2024&pDateTo=31-Mar-2024&pBudgetHeadID=-1&pWardIDs=&pDDOID=-1&pDDOIDs=
583663,147-20-000061,000011,2023-05-25,"Asphalting of Roads, Improvements to Roads, construction of box drain, footpath and other development works in Koramangala 8th Block, Balappa layout Devegowda layout 7th block and 8th Block 2nd C main 2nd D main Mallappa reddy layout, Ejipura and surrounding areas, NGV roads and surrounding areas in ward no 147 and 148 ( sl nos. 45, 46, 47, 48, 49, 50, 52,53,54, 55, 56, 57,69) Old Annexure-2 New Sl No 45",147,198,ddo426  Executive Engineer B T M Layout South Zone,LOKESH R,Running,21113680.0,19149444.0,1964236.0,001377,"2024-03-26,2025-01-28",,,description,"Work description names Koramangala: ""…footpath and other development works in Koramangala 8th Block, Balappa layout Dev…""",1,1,147-20-000061,https://accounts.bbmp.gov.in/vssWB/vss00CvStatusData.php?pAction=LoadPaymentGridData&pDateFrom=01-Jan-2024&pDateTo=31-Mar-2024&pBudgetHeadID=-1&pWardIDs=&pDDOID=-1&pDDOIDs=
612758,148-23-000003,000079,2023-11-04,"Comprehensive Development and Improvements to footpath, Construction of RCC Drains, Culvert, Providing Cobble stone pavers at 2nd, 2nd A main road, 8th Block Koramangala, CAR Quatress in Adugodi, 7th A, 7th Cross ST Bed 1st Main road Indiragandhi Colony, JJ Church road, Sadappa house road, Rangappa Garden, Nadugadda, MM Garden, Sreenivagilu, Ayyappa Temple backside, NGV in Ejipura. 100 feet road to 17th E main road 6th block Koramangala Mestripalya, Yellamma Temple, Teachers Colony, 1st & 2nd main road, BBMP play ground at Jakkasandra and Construction of Additional Floor to Samudhaya Bhavana beside Karumariyamma temple rajendranagar, Kempegowda Samudaya Bhavana, Auditorium construction, CAR Quatress, Gandhi colony Building, Samudhaya Bhavana in Jakkasandra Extenction, Mestripalya multy purpose building and other development works in ward No. 147, 148, 151 and 173 (Package No. 04)",148,243,ddo426  Executive Engineer B T M Layout South Zone,RAMACHANDRA RAJU K,Running,43503658.0,41439345.0,2064313.0,003438,"2024-03-26,2025-03-11",,,description,"Work description names Koramangala: ""…vers at 2nd, 2nd A main road, 8th Block Koramangala, CAR Quatress in Adugodi, 7th…""",1,1,148-23-000003,https://accounts.bbmp.gov.in/vssWB/vss00CvStatusData.php?pAction=LoadPaymentGridData&pDateFrom=01-Jan-2024&pDateTo=31-Mar-2024&pBudgetHeadID=-1&pWardIDs=&pDDOID=-1&pDDOIDs=
620068,148-23-000003,000087,2023-11-27,"Comprehensive Development and Improvements to footpath, Construction of RCC Drains, Culvert, Providing Cobble stone pavers at 2nd, 2nd A main road, 8th Block Koramangala, CAR Quatress in Adugodi, 7th A, 7th Cross ST Bed 1st Main road Indiragandhi Colony, JJ Church road, Sadappa house road, Rangappa Garden, Nadugadda, MM Garden, Sreenivagilu, Ayyappa Temple backside, NGV in Ejipura. 100 feet road to 17th E main road 6th block Koramangala Mestripalya, Yellamma Temple, Teachers Colony, 1st & 2nd main road, BBMP play ground at Jakkasandra and Construction of Additional Floor to Samudhaya Bhavana beside Karumariyamma temple rajendranagar, Kempegowda Samudaya Bhavana, Auditorium construction, CAR Quatress, Gandhi colony Building, Samudhaya Bhavana in Jakkasandra Extenction, Mestripalya multy purpose building and other development works in ward No. 147, 148, 151 and 173 (Package No. 04)",148,243,ddo426  Executive Engineer B T M Layout South Zone,RAMACHANDRA RAJU K,Running,32893857.0,31155857.0,1738000.0,003441,"2024-03-26,2025-03-11",,,description,"Work description names Koramangala: ""…vers at 2nd, 2nd A main road, 8th Block Koramangala, CAR Quatress in Adugodi, 7th…""",1,1,148-23-000003,https://accounts.bbmp.gov.in/vssWB/vss00CvStatusData.php?pAction=LoadPaymentGridData&pDateFrom=01-Jan-2024&pDateTo=31-Mar-2024&pBudgetHeadID=-1&pWardIDs=&pDDOID=-1&pDDOIDs=
630419,307-23-000050,000302,2024-01-12,"Providing Consultancy services for preparation of Master Detailed Project Report For “Construction / Remodelling of Storm Water Drains including Redesigning of Bridges / Culverts under GoK grants for Primary, Secondary and Tertiary drains of Koramangala-Challaghatta Valley in Bengaluru city’’",307,dept,ddo313  Chief Engineer SWD Central Zone,J N PROJECTS PVT LTD,Running,1113750.0,1002365.0,111385.0,003455,"2024-03-26,2025-05-03",,,description,"Work description names Koramangala: ""…imary, Secondary and Tertiary drains of Koramangala-Challaghatta Valley in Bengal…""",1,1,,https://accounts.bbmp.gov.in/vssWB/vss00CvStatusData.php?pAction=LoadPaymentGridData&pDateFrom=01-Jan-2024&pDateTo=31-Mar-2024&pBudgetHeadID=-1&pWardIDs=&pDDOID=-1&pDDOIDs=
630407,307-23-000048,000303,2024-01-12,"Providing Consultancy services for preparation of Master Detailed Project Report For “Construction / Remodelling of Storm Water Drains including Redesigning of Bridges / Culverts under GoK grants for Primary, Secondary and Tertiary drains of Koramangala-Challaghatta Valley in Bengaluru city’’",307,dept,ddo313  Chief Engineer SWD Central Zone,J N PROJECTS PVT LTD,Running,1113750.0,1002365.0,111385.0,003456,"2024-03-26,2025-05-03",,,description,"Work description names Koramangala: ""…imary, Secondary and Tertiary drains of Koramangala-Challaghatta Valley in Bengal…""",1,1,,https://accounts.bbmp.gov.in/vssWB/vss00CvStatusData.php?pAction=LoadPaymentGridData&pDateFrom=01-Jan-2024&pDateTo=31-Mar-2024&pBudgetHeadID=-1&pWardIDs=&pDDOID=-1&pDDOIDs=
630414,307-23-000049,000304,2024-01-12,"Providing Consultancy services for preparation of Master Detailed Project Report For “Construction / Remodelling of Storm Water Drains including Redesigning of Bridges / Culverts under GoK grants for Primary, Secondary and Tertiary drains of Koramangala-Challaghatta Valley in Bengaluru city’’",307,dept,ddo313  Chief Engineer SWD Central Zone,J N PROJECTS PVT LTD,Running,1959750.0,1463775.0,495975.0,003457,"2024-03-26,2025-05-03",,,description,"Work description names Koramangala: ""…imary, Secondary and Tertiary drains of Koramangala-Challaghatta Valley in Bengal…""",1,1,,https://accounts.bbmp.gov.in/vssWB/vss00CvStatusData.php?pAction=LoadPaymentGridData&pDateFrom=01-Jan-2024&pDateTo=31-Mar-2024&pBudgetHeadID=-1&pWardIDs=&pDDOID=-1&pDDOIDs=
630426,307-23-000077,000305,2024-01-12,"Providing Consultancy services for preparation of Master Detailed Project Report For “Construction / Remodelling of Storm Water Drains including Redesigning of Bridges / Culverts under GoK grants for Primary, Secondary and Tertiary drains of Koramangala-Challaghatta Valley in Bengaluru city’’",307,dept,ddo313  Chief Engineer SWD Central Zone,J N PROJECTS PVT LTD,Running,1350000.0,1214990.0,135010.0,003458,"2024-03-26,2025-05-03",,,description,"Work description names Koramangala: ""…imary, Secondary and Tertiary drains of Koramangala-Challaghatta Valley in Bengal…""",1,1,,https://accounts.bbmp.gov.in/vssWB/vss00CvStatusData.php?pAction=LoadPaymentGridData&pDateFrom=01-Jan-2024&pDateTo=31-Mar-2024&pBudgetHeadID=-1&pWardIDs=&pDDOID=-1&pDDOIDs=
630402,307-23-000032,000306,2024-01-12,"Providing Consultancy services for preparation of Master Detailed Project Report For “Construction / Remodelling of Storm Water Drains including Redesigning of Bridges / Culverts under GoK grants for Primary, Secondary and Tertiary drains of Koramangala-Challaghatta Valley in Bengaluru city’’",307,dept,ddo313  Chief Engineer SWD Central Zone,J N PROJECTS PVT LTD,Running,994500.0,895040.0,99460.0,003459,"2024-03-26,2025-05-03",,,description,"Work description names Koramangala: ""…imary, Secondary and Tertiary drains of Koramangala-Challaghatta Valley in Bengal…""",1,1,,https://accounts.bbmp.gov.in/vssWB/vss00CvStatusData.php?pAction=LoadPaymentGridData&pDateFrom=01-Jan-2024&pDateTo=31-Mar-2024&pBudgetHeadID=-1&pWardIDs=&pDDOID=-1&pDDOIDs=
631643,307-23-000017,000307,2024-01-12,"Providing Consultancy services for preparation of Master Detailed Project Report For Construction / Remodelling of Storm Water Drains including Redesigning of Bridges / Culverts under GoK grants for Primary, Secondary and Tertiary drains of Koramangala-Challaghatta Valley in Bengaluru city",307,dept,ddo313  Chief Engineer SWD Central Zone,J N PROJECTS PRIVATE,Running,862500.0,776240.0,86260.0,003460,"2024-03-26,2025-05-03",,,description,"Work description names Koramangala: ""…imary, Secondary and Tertiary drains of Koramangala-Challaghatta Valley in Bengal…""",1,1,,https://accounts.bbmp.gov.in/vssWB/vss00CvStatusData.php?pAction=LoadPaymentGridData&pDateFrom=01-Jan-2024&pDateTo=31-Mar-2024&pBudgetHeadID=-1&pWardIDs=&pDDOID=-1&pDDOIDs=
631645,307-23-000060,000308,2024-01-12,"Providing Consultancy services for preparation of Master Detailed Project Report For Construction / Remodelling of Storm Water Drains including Redesigning of Bridges / Culverts under GoK grants for Primary, Secondary and Tertiary drains of Koramangala-Challaghatta Valley in Bengaluru city",307,dept,ddo313  Chief Engineer SWD Central Zone,J N PROJECTS PRIVATE,Running,1875000.0,1687490.0,187510.0,003461,"2024-03-26,2025-05-03",,,description,"Work description names Koramangala: ""…imary, Secondary and Tertiary drains of Koramangala-Challaghatta Valley in Bengal…""",1,1,,https://accounts.bbmp.gov.in/vssWB/vss00CvStatusData.php?pAction=LoadPaymentGridData&pDateFrom=01-Jan-2024&pDateTo=31-Mar-2024&pBudgetHeadID=-1&pWardIDs=&pDDOID=-1&pDDOIDs=
631655,307-23-000061,000309,2024-01-12,"Providing Consultancy services for preparation of Master Detailed Project Report For Construction / Remodelling of Storm Water Drains including Redesigning of Bridges / Culverts under GoK grants for Primary, Secondary and Tertiary drains of Koramangala-Challaghatta Valley in Bengaluru city",307,dept,ddo313  Chief Engineer SWD Central Zone,J N PROJECTS PRIVATE,Running,1275000.0,1147490.0,127510.0,003462,"2024-03-26,2025-05-03",,,description,"Work description names Koramangala: ""…imary, Secondary and Tertiary drains of Koramangala-Challaghatta Valley in Bengal…""",1,1,,https://accounts.bbmp.gov.in/vssWB/vss00CvStatusData.php?pAction=LoadPaymentGridData&pDateFrom=01-Jan-2024&pDateTo=31-Mar-2024&pBudgetHeadID=-1&pWardIDs=&pDDOID=-1&pDDOIDs=
631659,307-23-000079,000310,2024-01-12,"Providing Consultancy services for preparation of Master Detailed Project Report For Construction / Remodelling of Storm Water Drains including Redesigning of Bridges / Culverts under GoK grants for Primary, Secondary and Tertiary drains of Koramangala-Challaghatta Valley in Bengaluru city",307,dept,ddo313  Chief Engineer SWD Central Zone,J N PROJECTS PRIVATE,Running,337500.0,303740.0,33760.0,003463,"2024-03-26,2025-05-03",,,description,"Work description names Koramangala: ""…imary, Secondary and Tertiary drains of Koramangala-Challaghatta Valley in Bengal…""",1,1,307-23-000079,https://accounts.bbmp.gov.in/vssWB/vss00CvStatusData.php?pAction=LoadPaymentGridData&pDateFrom=01-Jan-2024&pDateTo=31-Mar-2024&pBudgetHeadID=-1&pWardIDs=&pDDOID=-1&pDDOIDs=
630444,307-23-000001,000311,2024-01-12,"Providing Consultancy services for preparation of Master Detailed Project Report For “Construction / Remodelling of Storm Water Drains including Redesigning of Bridges / Culverts under GoK grants for Primary, Secondary and Tertiary drains of Koramangala-Challaghatta Valley in Bengaluru city’’",307,dept,ddo313  Chief Engineer SWD Central Zone,J N PROJECTS PRIVATE,Running,2700000.0,2130000.0,570000.0,003464,"2024-03-26,2025-05-03",,,description,"Work description names Koramangala: ""…imary, Secondary and Tertiary drains of Koramangala-Challaghatta Valley in Bengal…""",1,1,,https://accounts.bbmp.gov.in/vssWB/vss00CvStatusData.php?pAction=LoadPaymentGridData&pDateFrom=01-Jan-2024&pDateTo=31-Mar-2024&pBudgetHeadID=-1&pWardIDs=&pDDOID=-1&pDDOIDs=
630513,307-23-000002,000312,2024-01-12,"Providing Consultancy services for preparation of Master Detailed Project Report For “Construction / Remodelling of Storm Water Drains including Redesigning of Bridges / Culverts under GoK grants for Primary, Secondary and Tertiary drains of Koramangala-Challaghatta Valley in Bengaluru city’’",307,dept,ddo313  Chief Engineer SWD Central Zone,J N PROJECTS PRIVATE,Running,1620000.0,1457990.0,162010.0,003465,"2024-03-26,2025-05-03",,,description,"Work description names Koramangala: ""…imary, Secondary and Tertiary drains of Koramangala-Challaghatta Valley in Bengal…""",1,1,,https://accounts.bbmp.gov.in/vssWB/vss00CvStatusData.php?pAction=LoadPaymentGridData&pDateFrom=01-Jan-2024&pDateTo=31-Mar-2024&pBudgetHeadID=-1&pWardIDs=&pDDOID=-1&pDDOIDs=
630523,307-23-000003,000313,2024-01-16,"Providing Consultancy services for preparation of Master Detailed Project Report For “Construction / Remodelling of Storm Water Drains including Redesigning of Bridges / Culverts under GoK grants for Primary, Secondary and Tertiary drains of Koramangala-Challaghatta Valley in Bengaluru city’’",307,dept,ddo313  Chief Engineer SWD Central Zone,J N PROJECTS PRIVATE,Running,1620000.0,1457990.0,162010.0,003466,"2024-03-26,2025-05-03",,,description,"Work description names Koramangala: ""…imary, Secondary and Tertiary drains of Koramangala-Challaghatta Valley in Bengal…""",1,1,,https://accounts.bbmp.gov.in/vssWB/vss00CvStatusData.php?pAction=LoadPaymentGridData&pDateFrom=01-Jan-2024&pDateTo=31-Mar-2024&pBudgetHeadID=-1&pWardIDs=&pDDOID=-1&pDDOIDs=
631584,307-23-000004,000314,2024-01-16,"Providing Consultancy services for preparation of Master Detailed Project Report For Construction / Remodelling of Storm Water Drains including Redesigning of Bridges / Culverts under GoK grants for Primary, Secondary and Tertiary drains of Koramangala-Challaghatta Valley in Bengaluru city",307,dept,ddo313  Chief Engineer SWD Central Zone,J N PROJECTS PRIVATE,Running,1215000.0,1093490.0,121510.0,003467,"2024-03-26,2025-05-05",,,description,"Work description names Koramangala: ""…imary, Secondary and Tertiary drains of Koramangala-Challaghatta Valley in Bengal…""",1,1,,https://accounts.bbmp.gov.in/vssWB/vss00CvStatusData.php?pAction=LoadPaymentGridData&pDateFrom=01-Jan-2024&pDateTo=31-Mar-2024&pBudgetHeadID=-1&pWardIDs=&pDDOID=-1&pDDOIDs=
631596,307-23-000005,000315,2024-01-16,"Providing Consultancy services for preparation of Master Detailed Project Report For Construction / Remodelling of Storm Water Drains including Redesigning of Bridges / Culverts under GoK grants for Primary, Secondary and Tertiary drains of Koramangala-Challaghatta Valley in Bengaluru city",307,dept,ddo313  Chief Engineer SWD Central Zone,J N PROJECTS PRIVATE,Running,1417650.0,1275875.0,141775.0,003468,"2024-03-26,2025-05-05",,,description,"Work description names Koramangala: ""…imary, Secondary and Tertiary drains of Koramangala-Challaghatta Valley in Bengal…""",1,1,,https://accounts.bbmp.gov.in/vssWB/vss00CvStatusData.php?pAction=LoadPaymentGridData&pDateFrom=01-Jan-2024&pDateTo=31-Mar-2024&pBudgetHeadID=-1&pWardIDs=&pDDOID=-1&pDDOIDs=
631771,307-23-000116,000317,2024-01-16,"Providing Consultancy services for preparation of Master Detailed Project Report For Construction / Remodelling of Storm Water Drains including Redesigning of Bridges / Culverts under GoK grants for Primary, Secondary and Tertiary drains of Koramangala-Challaghatta Valley in Bengaluru city",307,dept,ddo313  Chief Engineer SWD Central Zone,J N PROJECTS PRIVATE,Running,67500.0,60740.0,6760.0,003469,"2024-03-26,2025-05-05",,,description,"Work description names Koramangala: ""…imary, Secondary and Tertiary drains of Koramangala-Challaghatta Valley in Bengal…""",1,1,,https://accounts.bbmp.gov.in/vssWB/vss00CvStatusData.php?pAction=LoadPaymentGridData&pDateFrom=01-Jan-2024&pDateTo=31-Mar-2024&pBudgetHeadID=-1&pWardIDs=&pDDOID=-1&pDDOIDs=
631627,307-23-000051,000318,2024-01-16,"Providing Consultancy services for preparation of Master Detailed Project Report For Construction / Remodelling of Storm Water Drains including Redesigning of Bridges / Culverts under GoK grants for Primary, Secondary and Tertiary drains of Koramangala-Challaghatta Valley in Bengaluru city",307,dept,ddo313  Chief Engineer SWD Central Zone,J N PROJECTS PRIVATE,Running,825000.0,742490.0,82510.0,003470,"2024-03-26,2025-05-05",,,description,"Work description names Koramangala: ""…imary, Secondary and Tertiary drains of Koramangala-Challaghatta Valley in Bengal…""",1,1,,https://accounts.bbmp.gov.in/vssWB/vss00CvStatusData.php?pAction=LoadPaymentGridData&pDateFrom=01-Jan-2024&pDateTo=31-Mar-2024&pBudgetHeadID=-1&pWardIDs=&pDDOID=-1&pDDOIDs=
631631,307-23-000052,000319,2024-01-16,"Providing Consultancy services for preparation of Master Detailed Project Report For Construction / Remodelling of Storm Water Drains including Redesigning of Bridges / Culverts under GoK grants for Primary, Secondary and Tertiary drains of Koramangala-Challaghatta Valley in Bengaluru city",307,dept,ddo313  Chief Engineer SWD Central Zone,J N PROJECTS PRIVATE,Running,1350000.0,1214990.0,135010.0,003471,"2024-03-26,2025-05-05",,,description,"Work description names Koramangala: ""…imary, Secondary and Tertiary drains of Koramangala-Challaghatta Valley in Bengal…""",1,1,,https://accounts.bbmp.gov.in/vssWB/vss00CvStatusData.php?pAction=LoadPaymentGridData&pDateFrom=01-Jan-2024&pDateTo=31-Mar-2024&pBudgetHeadID=-1&pWardIDs=&pDDOID=-1&pDDOIDs=
631632,307-23-000053,000320,2024-01-16,"Providing Consultancy services for preparation of Master Detailed Project Report For Construction / Remodelling of Storm Water Drains including Redesigning of Bridges / Culverts under GoK grants for Primary, Secondary and Tertiary drains of Koramangala-Challaghatta Valley in Bengaluru city",307,dept,ddo313  Chief Engineer SWD Central Zone,J N PROJECTS PRIVATE,Running,1350000.0,1214990.0,135010.0,003472,"2024-03-26,2025-05-08",,,description,"Work description names Koramangala: ""…imary, Secondary and Tertiary drains of Koramangala-Challaghatta Valley in Bengal…""",1,1,,https://accounts.bbmp.gov.in/vssWB/vss00CvStatusData.php?pAction=LoadPaymentGridData&pDateFrom=01-Jan-2024&pDateTo=31-Mar-2024&pBudgetHeadID=-1&pWardIDs=&pDDOID=-1&pDDOIDs=
631638,307-23-000054,000321,2024-01-16,"Providing Consultancy services for preparation of Master Detailed Project Report For Construction / Remodelling of Storm Water Drains including Redesigning of Bridges / Culverts under GoK grants for Primary, Secondary and Tertiary drains of Koramangala-Challaghatta Valley in Bengaluru city",307,dept,ddo313  Chief Engineer SWD Central Zone,J N PROJECTS PRIVATE,Running,1462500.0,1316240.0,146260.0,003473,"2024-03-26,2025-05-08",,,description,"Work description names Koramangala: ""…imary, Secondary and Tertiary drains of Koramangala-Challaghatta Valley in Bengal…""",1,1,,https://accounts.bbmp.gov.in/vssWB/vss00CvStatusData.php?pAction=LoadPaymentGridData&pDateFrom=01-Jan-2024&pDateTo=31-Mar-2024&pBudgetHeadID=-1&pWardIDs=&pDDOID=-1&pDDOIDs=
631641,307-23-000057,000322,2024-01-16,"Providing Consultancy services for preparation of Master Detailed Project Report For Construction / Remodelling of Storm Water Drains including Redesigning of Bridges / Culverts under GoK grants for Primary, Secondary and Tertiary drains of Koramangala-Challaghatta Valley in Bengaluru city",307,dept,ddo313  Chief Engineer SWD Central Zone,J N PROJECTS PRIVATE,Running,900000.0,809990.0,90010.0,003474,"2024-03-26,2025-05-08",,,description,"Work description names Koramangala: ""…imary, Secondary and Tertiary drains of Koramangala-Challaghatta Valley in Bengal…""",1,1,,https://accounts.bbmp.gov.in/vssWB/vss00CvStatusData.php?pAction=LoadPaymentGridData&pDateFrom=01-Jan-2024&pDateTo=31-Mar-2024&pBudgetHeadID=-1&pWardIDs=&pDDOID=-1&pDDOIDs=
631628,307-23-000063,000323,2024-01-16,"Providing Consultancy services for preparation of Master Detailed Project Report For Construction / Remodelling of Storm Water Drains including Redesigning of Bridges / Culverts under GoK grants for Primary, Secondary and Tertiary drains of Koramangala-Challaghatta Valley in Bengaluru city",307,dept,ddo313  Chief Engineer SWD Central Zone,J N PROJECTS PRIVATE,Running,877500.0,789740.0,87760.0,003475,"2024-03-26,2025-05-08",,,description,"Work description names Koramangala: ""…imary, Secondary and Tertiary drains of Koramangala-Challaghatta Valley in Bengal…""",1,1,,https://accounts.bbmp.gov.in/vssWB/vss00CvStatusData.php?pAction=LoadPaymentGridData&pDateFrom=01-Jan-2024&pDateTo=31-Mar-2024&pBudgetHeadID=-1&pWardIDs=&pDDOID=-1&pDDOIDs=
590360,151-23-000003,000033,2023-07-11,"Comprehensive Development and Asphalting to roads and Construction of RCC Drains, Culvert, Cobble stone pavers and Footpath improvements and other Development works at 7th Block Koramangala (Balance roads), 10th to 17th cross roads and surrounding area in Muniswamy Gowda road, Ashwini layout, Yellamma Temple, VGS Temple, Stanley House roads in Ejipura, 5th and 3rd Block in Koramangala, HSR Layout 6th sector, behind Metro Station and Electrical Srinivasa House roads in Jakkasandra in ward No.147, 148, 151 and 173 (Package No. 03) (PMC)",151,243,ddo426  Executive Engineer B T M Layout South Zone,TECHNOART CONSULTANT,Running,525000.0,472500.0,52500.0,001389,"2024-03-28,2025-06-09",,,description,"Work description names Koramangala: ""…nd other Development works at 7th Block Koramangala (Balance roads), 10th to 17th…""",1,1,151-23-000003,https://accounts.bbmp.gov.in/vssWB/vss00CvStatusData.php?pAction=LoadPaymentGridData&pDateFrom=01-Jan-2024&pDateTo=31-Mar-2024&pBudgetHeadID=-1&pWardIDs=&pDDOID=-1&pDDOIDs=
591299,151-19-000063,000034,2023-07-13,"Comprehensive Development of road side drains, footpath and concreting including culverts to selected main and other connecting roads in ward no 151 173 147 of BTM Layout Division in South Zone Package No.8 (No of Works9)",151,198,ddo426  Executive Engineer B T M Layout South Zone,CIVIL EXPERTS CONSU,First and Final,450000.0,405000.0,45000.0,001390,2024-03-28,,,ward_prefix,Booked to Koramangala ward (151 under the 198-ward map) (ward map inferred from the job-code year),1,1,151-19-000063,https://accounts.bbmp.gov.in/vssWB/vss00CvStatusData.php?pAction=LoadPaymentGridData&pDateFrom=01-Jan-2024&pDateTo=31-Mar-2024&pBudgetHeadID=-1&pWardIDs=&pDDOID=-1&pDDOIDs=
649648,151-22-000005,000270,2024-03-28,Operation and Maintenance of Street Lighting System in ward no 151 and 173 Package S-10 of South Zone,151,198,ddo258  Executive Engineer Electrical South Zone,VIJAYALAKSHMI ASSOCI,Running,626004.0,582808.0,43196.0,001414,2024-04-23,,,ward_prefix,Booked to Koramangala ward (151 under the 198-ward map) (ward map inferred from the job-code year),1,1,151-22-000005,https://accounts.bbmp.gov.in/vssWB/vss00CvStatusData.php?pAction=LoadPaymentGridData&pDateFrom=01-Apr-2024&pDateTo=30-Jun-2024&pBudgetHeadID=-1&pWardIDs=&pDDOID=-1&pDDOIDs=
511735,151-18-000087,000009,2022-04-16,Improvements of Shoulder drains and providing grating for Shoulder drain and Shoulder Concrete in ward No.151 Koramangala..,151,198,ddo426  Executive Engineer B T M Layout South Zone,SREEDHARA.K.C,First and Final,1743563.0,1529202.0,214361.0,001437,"2024-05-15,2025-07-09",,,description,"Work description names Koramangala: ""…in and Shoulder Concrete in ward No.151 Koramangala..…""",1,1,151-18-000087,https://accounts.bbmp.gov.in/vssWB/vss00CvStatusData.php?pAction=LoadPaymentGridData&pDateFrom=01-Apr-2024&pDateTo=30-Jun-2024&pBudgetHeadID=-1&pWardIDs=&pDDOID=-1&pDDOIDs=
511731,151-18-000073,000008,2022-04-16,Improvements of Drains and culverts in 5th block in ward no 151 Koramangala,151,198,ddo426  Executive Engineer B T M Layout South Zone,SREEDHARA.K.C,First and Final,1775084.0,1659649.0,115435.0,001438,"2024-05-15,2025-07-09",,,description,"Work description names Koramangala: ""…nd culverts in 5th block in ward no 151 Koramangala…""",1,1,151-18-000073,https://accounts.bbmp.gov.in/vssWB/vss00CvStatusData.php?pAction=LoadPaymentGridData&pDateFrom=01-Apr-2024&pDateTo=30-Jun-2024&pBudgetHeadID=-1&pWardIDs=&pDDOID=-1&pDDOIDs=
511729,151-18-000075,000007,2022-04-16,Improvements to drains and Footpath in 1st A main 1st B main and surrounding roads in Jakkasandra Extension in ward no 151 Koramangala,151,198,ddo426  Executive Engineer B T M Layout South Zone,SREEDHARA.K.C,First and Final,1854339.0,1729692.0,124647.0,001439,"2024-05-15,2025-07-09",,,description,"Work description names Koramangala: ""…in Jakkasandra Extension in ward no 151 Koramangala…""",1,1,151-18-000075,https://accounts.bbmp.gov.in/vssWB/vss00CvStatusData.php?pAction=LoadPaymentGridData&pDateFrom=01-Apr-2024&pDateTo=30-Jun-2024&pBudgetHeadID=-1&pWardIDs=&pDDOID=-1&pDDOIDs=
511747,151-19-000035,000010,2022-04-16,Improvements to Drains and footpath in 6th block in flood affected area and surrounding area in ward no.151 Koramangala,151,198,ddo426  Executive Engineer B T M Layout South Zone,SREEDHARA.K.C,First and Final,2316639.0,2167416.0,149223.0,001441,"2024-05-15,2025-07-09",,,description,"Work description names Koramangala: ""…rea and surrounding area in ward no.151 Koramangala…""",1,1,151-19-000035,https://accounts.bbmp.gov.in/vssWB/vss00CvStatusData.php?pAction=LoadPaymentGridData&pDateFrom=01-Apr-2024&pDateTo=30-Jun-2024&pBudgetHeadID=-1&pWardIDs=&pDDOID=-1&pDDOIDs=
641038,147-18-000027,000120,2024-02-21,Maintenance of Cremotoriam Burrial grounds at 7th block and 8th block Koramangala at Adugodi ward no 147,147,198,ddo426  Executive Engineer B T M Layout South Zone,SRI MANJUNATHA ENTERPRISES,First and Final,469946.0,437265.0,32681.0,003795,"2024-05-15,2025-01-31",,,description,"Work description names Koramangala: ""…rial grounds at 7th block and 8th block Koramangala at Adugodi ward no 147…""",1,1,,https://accounts.bbmp.gov.in/vssWB/vss00CvStatusData.php?pAction=LoadPaymentGridData&pDateFrom=01-Apr-2024&pDateTo=30-Jun-2024&pBudgetHeadID=-1&pWardIDs=&pDDOID=-1&pDDOIDs=
642656,151-18-000019,000123,2024-02-28,Additional Development Works to the BBMP Building in 5th block play ground in Ward No:151 Koramangala,151,198,ddo426  Executive Engineer B T M Layout South Zone,G PRABHAKAR,First and Final,2963562.0,2749514.0,214048.0,003797,"2024-05-15,2025-01-28",,,description,"Work description names Koramangala: ""…in 5th block play ground in Ward No:151 Koramangala…""",1,1,151-18-000019,https://accounts.bbmp.gov.in/vssWB/vss00CvStatusData.php?pAction=LoadPaymentGridData&pDateFrom=01-Apr-2024&pDateTo=30-Jun-2024&pBudgetHeadID=-1&pWardIDs=&pDDOID=-1&pDDOIDs=
623420,186-23-000003,000096,2023-12-15,Depot Collection of Aggregates and Bitumen for Patch repair works for the Year 2022-23 in ward No.186 Koramangala,186,243,ddo426  Executive Engineer B T M Layout South Zone,NAGESHA REDDY N V,First and Final,901048.0,815108.0,85940.0,001501,2024-05-18,,,description,"Work description names Koramangala: ""…rks for the Year 2022-23 in ward No.186 Koramangala…""",1,1,186-23-000003,https://accounts.bbmp.gov.in/vssWB/vss00CvStatusData.php?pAction=LoadPaymentGridData&pDateFrom=01-Apr-2024&pDateTo=30-Jun-2024&pBudgetHeadID=-1&pWardIDs=&pDDOID=-1&pDDOIDs=
653005,151-22-000005,000012,2024-04-29,Operation and Maintenance of Street Lighting System in ward no 151 and 173 Package S-10 of South Zone,151,198,ddo258  Executive Engineer Electrical South Zone,VIJAYALAKSHMI ASSOCI,Running,597695.0,555123.0,42572.0,001519,2024-05-23,,,ward_prefix,Booked to Koramangala ward (151 under the 198-ward map) (ward map inferred from the job-code year),1,1,151-22-000005,https://accounts.bbmp.gov.in/vssWB/vss00CvStatusData.php?pAction=LoadPaymentGridData&pDateFrom=01-Apr-2024&pDateTo=30-Jun-2024&pBudgetHeadID=-1&pWardIDs=&pDDOID=-1&pDDOIDs=
529538,173-19-000001,000074,2022-07-06,"Comprehensive developments of bad roads at J D Mara slum Venkateshwara layout, Bhavani layout, Koramangala 80 ft road, 5th cross 5th block 18th main road 6th block 8th main road Koramangala, Sarjapura road Sarjapura Service road, 14th main road in Jakkasandra Asphalting to Service road, near Agara flyour of Jakkasandra and all other roads in B T M Constituency",173,198,ddo426  Executive Engineer B T M Layout South Zone,M S V CONSTRUCTIONS,First and Final,42185412.0,39706722.0,2478690.0,001583,"2024-06-14,2025-05-27",,,description,"Work description names Koramangala: ""…m Venkateshwara layout, Bhavani layout, Koramangala 80 ft road, 5th cross 5th blo…""",1,1,,https://accounts.bbmp.gov.in/vssWB/vss00CvStatusData.php?pAction=LoadPaymentGridData&pDateFrom=01-Apr-2024&pDateTo=30-Jun-2024&pBudgetHeadID=-1&pWardIDs=&pDDOID=-1&pDDOIDs=
534682,151-17-000098,000085,2022-07-29,"Improvements to road, drains and footpath in Kathali palya, 6th block Koramangala and surrounding areas in Ward No.151 Koramangala",151,198,ddo426  Executive Engineer B T M Layout South Zone,MNAGESHA,First and Final,3154225.0,2463974.0,690251.0,001619,"2024-06-15,2025-05-26",,,description,"Work description names Koramangala: ""…nd footpath in Kathali palya, 6th block Koramangala and surrounding areas in Ward…""",1,1,151-17-000098,https://accounts.bbmp.gov.in/vssWB/vss00CvStatusData.php?pAction=LoadPaymentGridData&pDateFrom=01-Apr-2024&pDateTo=30-Jun-2024&pBudgetHeadID=-1&pWardIDs=&pDDOID=-1&pDDOIDs=
610874,151-23-000003,000077,2023-10-31,"Comprehensive Development and Asphalting to roads and Construction of RCC Drains, Culvert, Cobble stone pavers and Footpath improvements and other Development works at 7th Block Koramangala (Balance roads), 10th to 17th cross roads and surrounding area in Muniswamy Gowda road, Ashwini layout, Yellamma Temple, VGS Temple, Stanley House roads in Ejipura, 5th and 3rd Block in Koramangala, HSR Layout 6th sector, behind Metro Station and Electrical Srinivasa House roads in Jakkasandra in ward No.147, 148, 151 and 173 (Package No. 03)",151,243,ddo426  Executive Engineer B T M Layout South Zone,LOKESH R,Second and Final,27620697.0,25841626.0,1779071.0,001627,"2024-06-18,2025-03-12",,,description,"Work description names Koramangala: ""…nd other Development works at 7th Block Koramangala (Balance roads), 10th to 17th…""",1,1,151-23-000003,https://accounts.bbmp.gov.in/vssWB/vss00CvStatusData.php?pAction=LoadPaymentGridData&pDateFrom=01-Apr-2024&pDateTo=30-Jun-2024&pBudgetHeadID=-1&pWardIDs=&pDDOID=-1&pDDOIDs=
535447,151-20-000111,000096,2022-08-03,Maintainance of BBMP buildings in ward no.151 for the year 2019-20,151,198,ddo426  Executive Engineer B T M Layout South Zone,AKRUTH CONSTRUCTIONS,First and Final,928571.0,871261.0,57310.0,001636,"2024-06-19,2025-05-26",,,ward_prefix,Booked to Koramangala ward (151 under the 198-ward map) (ward map inferred from the job-code year),1,1,151-20-000111,https://accounts.bbmp.gov.in/vssWB/vss00CvStatusData.php?pAction=LoadPaymentGridData&pDateFrom=01-Apr-2024&pDateTo=30-Jun-2024&pBudgetHeadID=-1&pWardIDs=&pDDOID=-1&pDDOIDs=
522605,151-19-000009,000052,2022-06-03,Providing and fixing the new ornamental name boards for roads in ward no 151 Koramangala,151,198,ddo426  Executive Engineer B T M Layout South Zone,SIDDALING,First and Final,4625600.0,4194331.0,431269.0,001645,2024-06-20,,,description,"Work description names Koramangala: ""…al name boards for roads in ward no 151 Koramangala…""",1,1,151-19-000009,https://accounts.bbmp.gov.in/vssWB/vss00CvStatusData.php?pAction=LoadPaymentGridData&pDateFrom=01-Apr-2024&pDateTo=30-Jun-2024&pBudgetHeadID=-1&pWardIDs=&pDDOID=-1&pDDOIDs=
534679,151-17-000077,000086,2022-07-29,"Improvements and Development of drains and footpath in 1st, 2nd, 3rd, 4th Blocks, Siddartha Colony and Surrounding areas in Koramangala ward No: 151 (Koramangala)",151,198,ddo426  Executive Engineer B T M Layout South Zone,MNAGESHA,First and Final,4752250.0,3631889.0,1120361.0,001648,"2024-06-20,2025-05-26",,,description,"Work description names Koramangala: ""…ddartha Colony and Surrounding areas in Koramangala ward No: 151 (Koramangala)…""",1,1,151-17-000077,https://accounts.bbmp.gov.in/vssWB/vss00CvStatusData.php?pAction=LoadPaymentGridData&pDateFrom=01-Apr-2024&pDateTo=30-Jun-2024&pBudgetHeadID=-1&pWardIDs=&pDDOID=-1&pDDOIDs=
589324,151-20-000076,000044,2023-08-02,"Providing and Laying separate water meter for each blocks and 300 mm, 200 mm and 100 mm dia DI water supply line to improve water supply facility to National Games Village KHB Quarters, Koramangala Coming under Koramangala S-Stn, 1 of AEESE-3 Sub Division ward no 151",151,198,ddo426  Executive Engineer B T M Layout South Zone,PRATHEEK K R,Running,6394273.0,5664072.0,730201.0,004407,"2024-07-11,2025-01-31",,,description,"Work description names Koramangala: ""…ine to improve water supply facility to National Games Village KHB Quarters, Koramangala…""",1,1,151-20-000076,https://accounts.bbmp.gov.in/vssWB/vss00CvStatusData.php?pAction=LoadPaymentGridData&pDateFrom=01-Jul-2024&pDateTo=30-Sep-2024&pBudgetHeadID=-1&pWardIDs=&pDDOID=-1&pDDOIDs=
658174,151-22-000005,000035,2024-05-27,Operation and Maintenance of Street Lighting System in ward no 151 and 173 Package S-10 of South Zone,151,198,ddo258  Executive Engineer Electrical South Zone,VIJAYALAKSHMI ASSOCI,Running,536200.0,495966.0,40234.0,001676,2024-07-12,,,ward_prefix,Booked to Koramangala ward (151 under the 198-ward map) (ward map inferred from the job-code year),1,1,151-22-000005,https://accounts.bbmp.gov.in/vssWB/vss00CvStatusData.php?pAction=LoadPaymentGridData&pDateFrom=01-Jul-2024&pDateTo=30-Sep-2024&pBudgetHeadID=-1&pWardIDs=&pDDOID=-1&pDDOIDs=
664146,151-22-000005,000058,2024-06-25,Operation and Maintenance of Street Lighting System in ward no 151 and 173 Package S-10 of South Zone,151,198,ddo258  Executive Engineer Electrical South Zone,VIJAYALAKSHMI ASSOCI,Running,554074.0,512425.0,41649.0,001699,2024-07-15,,,ward_prefix,Booked to Koramangala ward (151 under the 198-ward map) (ward map inferred from the job-code year),1,1,151-22-000005,https://accounts.bbmp.gov.in/vssWB/vss00CvStatusData.php?pAction=LoadPaymentGridData&pDateFrom=01-Jul-2024&pDateTo=30-Sep-2024&pBudgetHeadID=-1&pWardIDs=&pDDOID=-1&pDDOIDs=
516935,151-19-000054,000018,2022-05-31,Providing Ornamental grill and other developmental works by providing children equipment railings at 12th main road 3rd block Park in ward no 151,151,198,ddo422  Executive Engineer Project - South Zone,KRIDL BHUSIRI ACCOU,First and Final,9751357.0,8839162.0,912195.0,004449,2024-07-18,,,ward_prefix,Booked to Koramangala ward (151 under the 198-ward map) (ward map inferred from the job-code year),1,1,151-19-000054,https://accounts.bbmp.gov.in/vssWB/vss00CvStatusData.php?pAction=LoadPaymentGridData&pDateFrom=01-Jul-2024&pDateTo=30-Sep-2024&pBudgetHeadID=-1&pWardIDs=&pDDOID=-1&pDDOIDs=
544536,151-21-000017,000149,2022-09-20,Providing High Intensity Illumination to Koramangala 80 Ft Road Bethany Junction proposed by Bengaluru Traffic Police pertaining to BTM constituency ward no 151,151,198,ddo258  Executive Engineer Electrical South Zone,SRIVAGDEVIENTERPRISE,First and Final,256724.0,231182.0,25542.0,001751,"2024-07-22,2025-06-10",,,description,"Work description names Koramangala: ""…roviding High Intensity Illumination to Koramangala 80 Ft Road Bethany Junction p…""",1,1,,https://accounts.bbmp.gov.in/vssWB/vss00CvStatusData.php?pAction=LoadPaymentGridData&pDateFrom=01-Jul-2024&pDateTo=30-Sep-2024&pBudgetHeadID=-1&pWardIDs=&pDDOID=-1&pDDOIDs=
544515,151-21-000018,000159,2022-09-21,Providing Mini Mast with ABC Cable and Flood light Fittings to Egipura Junction to KendriyaSadhan at Important Junctions and Pedestrain Crossing in view of Elevated Flyover Work .(Sl No-13 Pertaining to Adugodi Traffic Police Station) ward no 151,151,198,ddo258  Executive Engineer Electrical South Zone,MEGHANAELECTRICALS,First and Final,162771.0,146319.0,16452.0,001767,"2024-07-22,2025-06-11",,,ward_prefix,Booked to Koramangala ward (151 under the 198-ward map) (ward map inferred from the job-code year),1,1,,https://accounts.bbmp.gov.in/vssWB/vss00CvStatusData.php?pAction=LoadPaymentGridData&pDateFrom=01-Jul-2024&pDateTo=30-Sep-2024&pBudgetHeadID=-1&pWardIDs=&pDDOID=-1&pDDOIDs=
544458,151-22-000006,000148,2022-09-19,"Providing Missing Street Light Fittings to Jayanagara Constituency Ward no 168,169,170,171,177,178,179,and BTM Layout constituency Ward no 146,152,172,176,147,148,151,173",151,198,ddo258  Executive Engineer Electrical South Zone,GEETHA ELECTRICAL ST,Final,25504718.0,22982630.0,2522088.0,001774,"2024-07-22,2025-06-11",,,ward_prefix,Booked to Koramangala ward (151 under the 198-ward map) (ward map inferred from the job-code year),1,1,151-22-000006,https://accounts.bbmp.gov.in/vssWB/vss00CvStatusData.php?pAction=LoadPaymentGridData&pDateFrom=01-Jul-2024&pDateTo=30-Sep-2024&pBudgetHeadID=-1&pWardIDs=&pDDOID=-1&pDDOIDs=
548647,151-20-000108,000115,2022-10-14,"Construction and improvements to drains, culverts in ward no. 151 koramangala",151,198,ddo426  Executive Engineer B T M Layout South Zone,AKRUTH CONSTRUCTIONS,First and Final,893488.0,832566.0,60922.0,001778,"2024-07-22,2025-06-21",,,description,"Work description names Koramangala: ""…nts to drains, culverts in ward no. 151 koramangala…""",1,1,151-20-000108,https://accounts.bbmp.gov.in/vssWB/vss00CvStatusData.php?pAction=LoadPaymentGridData&pDateFrom=01-Jul-2024&pDateTo=30-Sep-2024&pBudgetHeadID=-1&pWardIDs=&pDDOID=-1&pDDOIDs=
539026,148-20-000053,000050,2022-09-22,"improvements and other development of vacant land behind Malaprabha block, Gataprabha block and surrounding area at National Games village in ward no 148 Ejipura",148,198,ddo422  Executive Engineer Project - South Zone,KUMARA. S,First and Final,8825900.0,8006096.0,819804.0,001790,"2024-07-23,2025-08-19",,,description,"Work description names Koramangala: ""…ataprabha block and surrounding area at National Games village in ward no 148 Ejipura…""",1,1,148-20-000053,https://accounts.bbmp.gov.in/vssWB/vss00CvStatusData.php?pAction=LoadPaymentGridData&pDateFrom=01-Jul-2024&pDateTo=30-Sep-2024&pBudgetHeadID=-1&pWardIDs=&pDDOID=-1&pDDOIDs=
550688,147-19-000049,000123,2022-10-28,Construction of compound wall to the burial ground at 8th block Koramangala in ward no.147 Adugodi,147,198,ddo426  Executive Engineer B T M Layout South Zone,H S HEMAVATHI,First and Final,3546936.0,3402507.0,144429.0,001794,"2024-07-23,2026-04-16",,,description,"Work description names Koramangala: ""…wall to the burial ground at 8th block Koramangala in ward no.147 Adugodi…""",1,1,147-19-000049,https://accounts.bbmp.gov.in/vssWB/vss00CvStatusData.php?pAction=LoadPaymentGridData&pDateFrom=01-Jul-2024&pDateTo=30-Sep-2024&pBudgetHeadID=-1&pWardIDs=&pDDOID=-1&pDDOIDs=
550686,151-20-000024,000124,2022-10-28,Drilling of Borewells and providing pipelines in ward No. 151 Koramangala,151,198,ddo426  Executive Engineer B T M Layout South Zone,Y H KRISHNA,First and Final,5176342.0,4972848.0,203494.0,001796,"2024-07-23,2026-04-16",,,description,"Work description names Koramangala: ""…and providing pipelines in ward No. 151 Koramangala…""",1,1,151-20-000024,https://accounts.bbmp.gov.in/vssWB/vss00CvStatusData.php?pAction=LoadPaymentGridData&pDateFrom=01-Jul-2024&pDateTo=30-Sep-2024&pBudgetHeadID=-1&pWardIDs=&pDDOID=-1&pDDOIDs=
654745,307-23-000079,000019,2024-05-09,"Construction/Remodelling of primary, secondary drains, culverts/bridges & all other allied works of SWD spread out at various locations in Shanthinagar assembly constituency in Kormanagala valley under GoK grants 2022-23 Package-5 (Action plan numbers 191,192 &193).",307,dept,ddo313  Chief Engineer SWD Central Zone,ALFATH TRADING AND,Running,21226784.0,18818779.0,2408005.0,004756,"2024-08-05,2025-07-05",,,description,"Work description names Koramangala: ""…n Shanthinagar assembly constituency in Kormanagala valley under GoK grants 2022-…""",1,1,307-23-000079,https://accounts.bbmp.gov.in/vssWB/vss00CvStatusData.php?pAction=LoadPaymentGridData&pDateFrom=01-Jul-2024&pDateTo=30-Sep-2024&pBudgetHeadID=-1&pWardIDs=&pDDOID=-1&pDDOIDs=
511759,151-19-000014,000011,2022-04-16,Construction and improvmeents of drains and culverts in 1st main 1st Block Koramangala near ganapathi temple to drain off the exess rain water in ward no 151 Koramangala,151,198,ddo426  Executive Engineer B T M Layout South Zone,KRIDL BHUSIRI ACCOU,First and Final,2947128.0,2607323.0,339805.0,004796,2024-08-07,,,description,"Work description names Koramangala: ""…ains and culverts in 1st main 1st Block Koramangala near ganapathi temple to drai…""",1,1,151-19-000014,https://accounts.bbmp.gov.in/vssWB/vss00CvStatusData.php?pAction=LoadPaymentGridData&pDateFrom=01-Jul-2024&pDateTo=30-Sep-2024&pBudgetHeadID=-1&pWardIDs=&pDDOID=-1&pDDOIDs=
670289,151-22-000005,000103,2024-07-25,Operation and Maintenance of Street Lighting System in ward no 151 and 173 Package S-10 of South Zone,151,198,ddo258  Executive Engineer Electrical South Zone,VIJAYALAKSHMI ASSOCI,Running,536200.0,494566.0,41634.0,001852,2024-08-09,,,ward_prefix,Booked to Koramangala ward (151 under the 198-ward map) (ward map inferred from the job-code year),1,1,151-22-000005,https://accounts.bbmp.gov.in/vssWB/vss00CvStatusData.php?pAction=LoadPaymentGridData&pDateFrom=01-Jul-2024&pDateTo=30-Sep-2024&pBudgetHeadID=-1&pWardIDs=&pDDOID=-1&pDDOIDs=
557589,173-19-000001,000131,2022-12-09,"Comprehensive developments of bad roads at J D Mara slum Venkateshwara layout, Bhavani layout, Koramangala 80 ft road, 5th cross 5th block 18th main road 6th block 8th main road Koramangala, Sarjapura road Sarjapura Service road, 14th main road in Jakkasandra Asphalting to Service road, near Agara flyour of Jakkasandra and all other roads in B T M Constituency (PMC)",173,198,ddo426  Executive Engineer B T M Layout South Zone,H & P CONSULTANTS,First and Final,318600.0,254740.0,63860.0,001879,"2024-08-14,2025-08-13",,,description,"Work description names Koramangala: ""…m Venkateshwara layout, Bhavani layout, Koramangala 80 ft road, 5th cross 5th blo…""",1,1,,https://accounts.bbmp.gov.in/vssWB/vss00CvStatusData.php?pAction=LoadPaymentGridData&pDateFrom=01-Jul-2024&pDateTo=30-Sep-2024&pBudgetHeadID=-1&pWardIDs=&pDDOID=-1&pDDOIDs=
550633,151-22-000002,000120,2022-10-27,Improvements to drains and roads at 4th & 5th block Koramangala and surrounding area in ward No.151 Koramangala,151,198,ddo426  Executive Engineer B T M Layout South Zone,GIRISH & CO,First and Final,7801783.0,7346821.0,454962.0,001893,"2024-08-20,2025-06-21",,,description,"Work description names Koramangala: ""…to drains and roads at 4th & 5th block Koramangala and surrounding area in ward…""",1,1,151-22-000002,https://accounts.bbmp.gov.in/vssWB/vss00CvStatusData.php?pAction=LoadPaymentGridData&pDateFrom=01-Jul-2024&pDateTo=30-Sep-2024&pBudgetHeadID=-1&pWardIDs=&pDDOID=-1&pDDOIDs=
609523,151-21-000002,000046,2023-11-21,"Construction and Improvements of Multipurpose buildings, Development of Play ground and parks in BTM Layout Constituency Annexure-6 Sl No 2",151,198,ddo422  Executive Engineer Project - South Zone,DASARADHA RAMI REDDY,Running,43558600.0,41768836.0,1789764.0,001896,"2024-08-20,2025-03-19",,,ward_prefix,Booked to Koramangala ward (151 under the 198-ward map) (ward map inferred from the job-code year),1,1,151-21-000002,https://accounts.bbmp.gov.in/vssWB/vss00CvStatusData.php?pAction=LoadPaymentGridData&pDateFrom=01-Jul-2024&pDateTo=30-Sep-2024&pBudgetHeadID=-1&pWardIDs=&pDDOID=-1&pDDOIDs=
635588,151-21-000002,000064,2024-01-31,"Construction and Improvements of Multipurpose buildings, Development of Play ground and parks in BTM Layout Constituency Annexure-6 Sl No 2",151,198,ddo422  Executive Engineer Project - South Zone,DASARADHA RAMI REDDY,Running,29979100.0,28913380.0,1065720.0,001922,"2024-08-20,2025-04-05",,,ward_prefix,Booked to Koramangala ward (151 under the 198-ward map) (ward map inferred from the job-code year),1,1,151-21-000002,https://accounts.bbmp.gov.in/vssWB/vss00CvStatusData.php?pAction=LoadPaymentGridData&pDateFrom=01-Jul-2024&pDateTo=30-Sep-2024&pBudgetHeadID=-1&pWardIDs=&pDDOID=-1&pDDOIDs=
634429,151-23-000003,000115,2024-01-25,"Comprehensive Development and Asphalting to roads and Construction of RCC Drains, Culvert, Cobble stone pavers and Footpath improvements and other Development works at 7th Block Koramangala (Balance roads), 10th to 17th cross roads and surrounding area in Muniswamy Gowda road, Ashwini layout, Yellamma Temple, VGS Temple, Stanley House roads in Ejipura, 5th and 3rd Block in Koramangala, HSR Layout 6th sector, behind Metro Station and Electrical Srinivasa House roads in Jakkasandra in ward No.147, 148, 151 and 173 (Package No. 03) (PMC)",151,243,ddo426  Executive Engineer B T M Layout South Zone,TECHNOART CONSULTANT,Second and Final,350000.0,315000.0,35000.0,001949,"2024-08-23,2025-06-09",,,description,"Work description names Koramangala: ""…nd other Development works at 7th Block Koramangala (Balance roads), 10th to 17th…""",1,1,151-23-000003,https://accounts.bbmp.gov.in/vssWB/vss00CvStatusData.php?pAction=LoadPaymentGridData&pDateFrom=01-Jul-2024&pDateTo=30-Sep-2024&pBudgetHeadID=-1&pWardIDs=&pDDOID=-1&pDDOIDs=
559407,151-21-000001,000029,2022-12-14,Allied works for Sweep smart Project and other repairs Works for DWCC centre in ward no 151,151,198,ddo1020  Executive Engineer Health & Sanitary Zone 1 Central Corporation,M/S VENKATESWARA CON,Final,1142855.0,1087026.0,55829.0,005106,2024-08-23,,,ward_prefix,Booked to Koramangala ward (151 under the 198-ward map) (ward map inferred from the job-code year),1,1,151-21-000001,https://accounts.bbmp.gov.in/vssWB/vss00CvStatusData.php?pAction=LoadPaymentGridData&pDateFrom=01-Jul-2024&pDateTo=30-Sep-2024&pBudgetHeadID=-1&pWardIDs=&pDDOID=-1&pDDOIDs=
675486,304-17-000105,000046,2024-08-26,"TURN KEY LUMPSUM CONTRACT, NO VATIATION (PARAMETERS FIXED BY BBMP) for the work of Construction of Elevated corridor by integrating Ejipura main Inner Ring Road junction, Sony World junction and Kendriya Sadana junction along 100ft. inner Ring Road, Koramangala, Bangalore- Balance Portion (As is where is Basis)",304,dept,ddo341  Assistant Executive Engineer M P E D Central Zone,ESCROW A/C BSCPL INFRASTRUCTURE LTD,Running,65887530.0,62729616.0,3157914.0,005215,2024-09-03,,,description,"Work description names Koramangala: ""…junction along 100ft. inner Ring Road, Koramangala, Bangalore- Balance Portion (…""",1,1,304-17-000105,https://accounts.bbmp.gov.in/vssWB/vss00CvStatusData.php?pAction=LoadPaymentGridData&pDateFrom=01-Jul-2024&pDateTo=30-Sep-2024&pBudgetHeadID=-1&pWardIDs=&pDDOID=-1&pDDOIDs=
675109,151-22-000005,000128,2024-08-23,Operation and Maintenance of Street Lighting System in ward no 151 and 173 Package S-10 of South Zone,151,198,ddo258  Executive Engineer Electrical South Zone,VIJAYALAKSHMI ASSOCI,Running,554074.0,511025.0,43049.0,001967,2024-09-12,,,ward_prefix,Booked to Koramangala ward (151 under the 198-ward map) (ward map inferred from the job-code year),1,1,151-22-000005,https://accounts.bbmp.gov.in/vssWB/vss00CvStatusData.php?pAction=LoadPaymentGridData&pDateFrom=01-Jul-2024&pDateTo=30-Sep-2024&pBudgetHeadID=-1&pWardIDs=&pDDOID=-1&pDDOIDs=
626922,151-20-000095,000273,2023-12-28,Providing Pipeline along 80 feet road from Sony junction for flood relief 4th Block Koramangala in ward No 151 Koramangala (Old Annexure 02) New Sl No 71,151,198,ddo313  Chief Engineer SWD Central Zone,SRINIVASA REDDY H,Running,33033280.0,31245210.0,1788070.0,005386,2024-09-23,,,description,"Work description names Koramangala: ""…ony junction for flood relief 4th Block Koramangala in ward No 151 Koramangala (O…""",1,1,151-20-000095,https://accounts.bbmp.gov.in/vssWB/vss00CvStatusData.php?pAction=LoadPaymentGridData&pDateFrom=01-Jul-2024&pDateTo=30-Sep-2024&pBudgetHeadID=-1&pWardIDs=&pDDOID=-1&pDDOIDs=
562448,151-17-000099,000151,2023-01-07,"Constrcution of Govt.School and multi purpose building in Mestry palya, 4th B block Koramangala in ward No.151",151,198,ddo426  Executive Engineer B T M Layout South Zone,H & P CONSULTANTS,First and Final,118000.0,94200.0,23800.0,001998,"2024-10-10,2025-08-14",,,description,"Work description names Koramangala: ""…e building in Mestry palya, 4th B block Koramangala in ward No.151…""",1,1,151-17-000099,https://accounts.bbmp.gov.in/vssWB/vss00CvStatusData.php?pAction=LoadPaymentGridData&pDateFrom=01-Oct-2024&pDateTo=31-Dec-2024&pBudgetHeadID=-1&pWardIDs=&pDDOID=-1&pDDOIDs=
562439,151-20-000072,000150,2023-01-07,"Additional construction of Corporator office and other offices at Koramangala 5th block, 2nd cross in wad no 151 Koramangala",151,198,ddo426  Executive Engineer B T M Layout South Zone,H & P CONSULTANTS,First and Final,159300.0,127370.0,31930.0,002015,"2024-10-16,2025-08-13",,,description,"Work description names Koramangala: ""…Corporator office and other offices at Koramangala 5th block, 2nd cross in wad n…""",1,1,,https://accounts.bbmp.gov.in/vssWB/vss00CvStatusData.php?pAction=LoadPaymentGridData&pDateFrom=01-Oct-2024&pDateTo=31-Dec-2024&pBudgetHeadID=-1&pWardIDs=&pDDOID=-1&pDDOIDs=
550472,151-19-000039,000133,2022-12-09,"Replacement of 6 dia SW line by 9 dia SW line at 16th main, 16th A B and C main and cross roads, 4th Block, Koramangala Ward 151",151,198,ddo426  Executive Engineer B T M Layout South Zone,SRI VENKATESHWARA EN,First and Final,2958722.0,2576678.0,382044.0,002046,2024-10-23,,,description,"Work description names Koramangala: ""…and C main and cross roads, 4th Block, Koramangala Ward 151…""",1,1,151-19-000039,https://accounts.bbmp.gov.in/vssWB/vss00CvStatusData.php?pAction=LoadPaymentGridData&pDateFrom=01-Oct-2024&pDateTo=31-Dec-2024&pBudgetHeadID=-1&pWardIDs=&pDDOID=-1&pDDOIDs=
567708,151-23-000001,000161,2023-02-06,"Improvements to Drains, Culverts and Providing New Shoulder Drains and Construction of Rainwater Harvesting pits of 17th F Main road, 17th F 4th Main road in 6th Block Koramangala and surrounding area in ward No. 151 Koramangala",151,243,ddo426  Executive Engineer B T M Layout South Zone,SIDDALING,First and Final,1816906.0,1623871.0,193035.0,005476,2024-10-25,,,description,"Work description names Koramangala: ""…road, 17th F 4th Main road in 6th Block Koramangala and surrounding area in ward…""",1,1,151-23-000001,https://accounts.bbmp.gov.in/vssWB/vss00CvStatusData.php?pAction=LoadPaymentGridData&pDateFrom=01-Oct-2024&pDateTo=31-Dec-2024&pBudgetHeadID=-1&pWardIDs=&pDDOID=-1&pDDOIDs=
571991,151-23-000002,000180,2023-02-28,"Improvements to Drains, Culverts and Providing New Shoulder Drains and Construction of Rainwater Harvesting pits of 1st Block Jakkasandra Extension, Mestripalya and surrounding area in ward No. 151 Koramangala",151,243,ddo426  Executive Engineer B T M Layout South Zone,NAGESHA REDDY N V,First and Final,1619350.0,1377391.0,241959.0,005523,"2024-10-25,2025-08-13",,,description,"Work description names Koramangala: ""…ya and surrounding area in ward No. 151 Koramangala…""",1,1,151-23-000002,https://accounts.bbmp.gov.in/vssWB/vss00CvStatusData.php?pAction=LoadPaymentGridData&pDateFrom=01-Oct-2024&pDateTo=31-Dec-2024&pBudgetHeadID=-1&pWardIDs=&pDDOID=-1&pDDOIDs=
691578,174-24-000005,000034,2024-11-13,"Over all development and improvements of road side drains, Culvert, Footpath and Cobble paver roads in Rajendranagara slum (Eastern Side), A.K. Colony, Mestripalya Village, Koramangala Village in ward No.174 Koramangala",174,225,ddo426  Executive Engineer B T M Layout South Zone,VINAY KUMAR V H,Running,5143725.0,4740420.0,403305.0,002174,2025-01-17,,,description,"Work description names Koramangala: ""…ide), A.K. Colony, Mestripalya Village, Koramangala Village in ward No.174 Korama…""",1,1,174-24-000005,https://accounts.bbmp.gov.in/vssWB/vss00CvStatusData.php?pAction=LoadPaymentGridData&pDateFrom=01-Jan-2025&pDateTo=31-Mar-2025&pBudgetHeadID=-1&pWardIDs=&pDDOID=-1&pDDOIDs=
695575,151-22-000005,000171,2024-12-16,Operation and Maintenance of Street Lighting System in ward no 151 and 173 Package S-10 of South Zone,151,198,ddo258  Executive Engineer Electrical South Zone,VIJAYALAKSHMI ASSOCI,Running,696548.0,645483.0,51065.0,002215,2025-01-31,,,ward_prefix,Booked to Koramangala ward (151 under the 198-ward map) (ward map inferred from the job-code year),1,1,151-22-000005,https://accounts.bbmp.gov.in/vssWB/vss00CvStatusData.php?pAction=LoadPaymentGridData&pDateFrom=01-Jan-2025&pDateTo=31-Mar-2025&pBudgetHeadID=-1&pWardIDs=&pDDOID=-1&pDDOIDs=
703368,151-22-000005,000210,2025-01-10,Operation and Maintenance of Street Lighting System in ward no 151 and 173 Package S-10 of South Zone,151,198,ddo258  Executive Engineer Electrical South Zone,VIJAYALAKSHMI ASSOCI,Running,591535.0,545347.0,46188.0,002465,2025-03-19,,,ward_prefix,Booked to Koramangala ward (151 under the 198-ward map) (ward map inferred from the job-code year),1,1,151-22-000005,https://accounts.bbmp.gov.in/vssWB/vss00CvStatusData.php?pAction=LoadPaymentGridData&pDateFrom=01-Jan-2025&pDateTo=31-Mar-2025&pBudgetHeadID=-1&pWardIDs=&pDDOID=-1&pDDOIDs=
655880,186-23-000001,000015,2024-05-16,"Comprehensive Balance Development & Improvements to Multipurpose Building & Construction of Kitchen in Tank Bund Road, Tavarekere, additional improvements to Kuvempu Park Multipurpose Building & other Improvements to Parks & Playground in BTM Layout Assmebly Constituency (Package 10)",186,243,ddo422  Executive Engineer Project - South Zone,DASARADHA RAMI REDDY,Running,100354000.0,96809586.0,3544414.0,002586,2025-04-11,,,ward_prefix,Booked to Koramangala ward (186 under the 243-ward map) (ward map inferred from the job-code year),1,1,186-23-000001,https://accounts.bbmp.gov.in/vssWB/vss00CvStatusData.php?pAction=LoadPaymentGridData&pDateFrom=01-Apr-2025&pDateTo=30-Jun-2025&pBudgetHeadID=-1&pWardIDs=&pDDOID=-1&pDDOIDs=
649120,151-19-000063,000137,2024-03-26,"Comprehensive Development of road side drains, footpath and concreting including culverts to selected main and other connecting roads in ward no 151 173 147 of BTM Layout Division in South Zone Package No.8 (No of Works9)",151,198,ddo426  Executive Engineer B T M Layout South Zone,M RAMESH,Running,114811842.0,109263135.0,5548707.0,002695,2025-04-25,,,ward_prefix,Booked to Koramangala ward (151 under the 198-ward map) (ward map inferred from the job-code year),1,1,151-19-000063,https://accounts.bbmp.gov.in/vssWB/vss00CvStatusData.php?pAction=LoadPaymentGridData&pDateFrom=01-Apr-2025&pDateTo=30-Jun-2025&pBudgetHeadID=-1&pWardIDs=&pDDOID=-1&pDDOIDs=
631623,307-23-000006,000316,2024-01-16,"Providing Consultancy services for preparation of Master Detailed Project Report For Construction / Remodelling of Storm Water Drains including Redesigning of Bridges / Culverts under GoK grants for Primary, Secondary and Tertiary drains of Koramangala-Challaghatta Valley in Bengaluru city",307,dept,ddo313  Chief Engineer SWD Central Zone,J N PROJECTS PRIVATE,Running,810000.0,729000.0,81000.0,000317,2025-05-23,,,description,"Work description names Koramangala: ""…imary, Secondary and Tertiary drains of Koramangala-Challaghatta Valley in Bengal…""",1,1,,https://accounts.bbmp.gov.in/vssWB/vss00CvStatusData.php?pAction=LoadPaymentGridData&pDateFrom=01-Apr-2025&pDateTo=30-Jun-2025&pBudgetHeadID=-1&pWardIDs=&pDDOID=-1&pDDOIDs=
721068,151-22-000005,000007,2025-04-28,Operation and Maintenance of Street Lighting System in ward no 151 and 173 Package S-10 of South Zone,151,198,ddo258  Executive Engineer Electrical South Zone,VIJAYALAKSHMI ASSOCI,Final,1816981.0,1677729.0,139252.0,002904,2025-05-26,,,ward_prefix,Booked to Koramangala ward (151 under the 198-ward map) (ward map inferred from the job-code year),1,1,151-22-000005,https://accounts.bbmp.gov.in/vssWB/vss00CvStatusData.php?pAction=LoadPaymentGridData&pDateFrom=01-Apr-2025&pDateTo=30-Jun-2025&pBudgetHeadID=-1&pWardIDs=&pDDOID=-1&pDDOIDs=
721243,174-25-000010,000017,2025-04-29,Operation and Maintenance of Street lighting System in Koramangala ward No.174 Package S-10 of South zone. (For 8 Months),174,225,ddo258  Executive Engineer Electrical South Zone,VIJAYALAKSHMI ASSOCI,Running,652522.0,607494.0,45028.0,002917,2025-05-27,,,description,"Work description names Koramangala: ""…aintenance of Street lighting System in Koramangala ward No.174 Package S-10 of S…""",1,1,174-25-000010,https://accounts.bbmp.gov.in/vssWB/vss00CvStatusData.php?pAction=LoadPaymentGridData&pDateFrom=01-Apr-2025&pDateTo=30-Jun-2025&pBudgetHeadID=-1&pWardIDs=&pDDOID=-1&pDDOIDs=
688760,174-24-000001,000026,2024-10-30,"Providing pothole filling to Koramangala Sub Division roads, BTM Layout Constituency for the year 2023-24",174,225,ddo426  Executive Engineer B T M Layout South Zone,M RAMESH,Running,3266085.0,3056857.0,209228.0,002957,2025-05-31,,,description,"Work description names Koramangala: ""…Providing pothole filling to Koramangala Sub Division roads, BTM Layou…""",1,1,174-24-000001,https://accounts.bbmp.gov.in/vssWB/vss00CvStatusData.php?pAction=LoadPaymentGridData&pDateFrom=01-Apr-2025&pDateTo=30-Jun-2025&pBudgetHeadID=-1&pWardIDs=&pDDOID=-1&pDDOIDs=
721036,304-17-000105,,,"TURN KEY LUMPSUM CONTRACT, NO VARIATION (PARAMETERS FIXED BY BBMP) for the work of Construction of Elevated corridor by integrating Ejipura main Inner Ring Road junction, Sony World junction and Kendriya Sadana junction along 100ft. inner Ring Road, Koramangala, Bangalore- Balance Portion (As is where is Basis)",304,dept,ddo324  Executive Engineer Quality Control Central Zone,ESCROW A/C BSCPL INFRASTRUCTURE LTD,Running,268469480.0,255350601.0,13118879.0,000001,2025-07-01,,,description,"Work description names Koramangala: ""…junction along 100ft. inner Ring Road, Koramangala, Bangalore- Balance Portion (…""",1,1,304-17-000105,https://accounts.bbmp.gov.in/vssWB/vss00CvStatusData.php?pAction=LoadPaymentGridData&pDateFrom=01-Jul-2025&pDateTo=30-Sep-2025&pBudgetHeadID=-1&pWardIDs=&pDDOID=-1&pDDOIDs=
726908,304-17-000105,,,"TURN KEY LUMPSUM CONTRACT, NO VARIATION (PARAMETERS FIXED BY BBMP) for the work of Construction of Elevated corridor by integrating Ejipura main Inner Ring Road junction, Sony World junction and Kendriya Sadana junction along 100ft. inner Ring Road, Koramangala, Bangalore- Balance Portion (As is where is Basis)",304,dept,ddo324  Executive Engineer Quality Control Central Zone,ESCROW A/C BSCPL INFRASTRUCTURE LTD,Running,81461442.0,77780417.0,3681025.0,000002,2025-07-01,,,description,"Work description names Koramangala: ""…junction along 100ft. inner Ring Road, Koramangala, Bangalore- Balance Portion (…""",1,1,304-17-000105,https://accounts.bbmp.gov.in/vssWB/vss00CvStatusData.php?pAction=LoadPaymentGridData&pDateFrom=01-Jul-2025&pDateTo=30-Sep-2025&pBudgetHeadID=-1&pWardIDs=&pDDOID=-1&pDDOIDs=
693943,304-17-000105,000063,2024-11-27,"TURN KEY LUMPSUM CONTRACT, NO VATIATION (PARAMETERS FIXED BY BBMP) for the work of Construction of Elevated corridor by integrating Ejipura main Inner Ring Road junction, Sony World junction and Kendriya Sadana junction along 100ft. inner Ring Road, Koramangala, Bangalore- Balance Portion (As is where is Basis)",304,dept,ddo341  Assistant Executive Engineer M P E D Central Zone,ESCROW A/C BSCPL INFRASTRUCTURE LTD,Running,103998643.0,12852030.0,91146613.0,000072,2025-07-01,,,description,"Work description names Koramangala: ""…junction along 100ft. inner Ring Road, Koramangala, Bangalore- Balance Portion (…""",1,1,304-17-000105,https://accounts.bbmp.gov.in/vssWB/vss00CvStatusData.php?pAction=LoadPaymentGridData&pDateFrom=01-Jul-2025&pDateTo=30-Sep-2025&pBudgetHeadID=-1&pWardIDs=&pDDOID=-1&pDDOIDs=
731108,174-25-000010,000071,2025-06-27,Operation and Maintenance of Street lighting System in Koramangala ward No.174 Package S-10 of South zone. (For 8 Months),174,225,ddo258  Executive Engineer Electrical South Zone,VIJAYALAKSHMI ASSOCI,Running,435015.0,401585.0,33430.0,003286,2025-07-07,,,description,"Work description names Koramangala: ""…aintenance of Street lighting System in Koramangala ward No.174 Package S-10 of S…""",1,1,174-25-000010,https://accounts.bbmp.gov.in/vssWB/vss00CvStatusData.php?pAction=LoadPaymentGridData&pDateFrom=01-Jul-2025&pDateTo=30-Sep-2025&pBudgetHeadID=-1&pWardIDs=&pDDOID=-1&pDDOIDs=
725829,151-18-000020,000021,2025-05-27,Providing additional facilities like furnitures and partitions to Community Buildings in Ward No 151 Koramangala,151,198,ddo426  Executive Engineer B T M Layout South Zone,ANNAPPAP,First and Final,1202688.0,1059792.0,142896.0,003342,"2025-07-09,2025-08-13",,,description,"Work description names Koramangala: ""…s to Community Buildings in Ward No 151 Koramangala…""",1,1,151-18-000020,https://accounts.bbmp.gov.in/vssWB/vss00CvStatusData.php?pAction=LoadPaymentGridData&pDateFrom=01-Jul-2025&pDateTo=30-Sep-2025&pBudgetHeadID=-1&pWardIDs=&pDDOID=-1&pDDOIDs=
675632,186-23-000001,000051,2024-08-26,"Comprehensive Balance Development & Improvements to Multipurpose Building & Construction of Kitchen in Tank Bund Road, Tavarekere, additional improvements to Kuvempu Park Multipurpose Building & other Improvements to Parks & Playground in BTM Layout Assmebly Constituency (Package 10)",186,243,ddo422  Executive Engineer Project - South Zone,DASARADHA RAMI REDDY,Running,49615000.0,44801002.0,4813998.0,003392,2025-07-11,,,ward_prefix,Booked to Koramangala ward (186 under the 243-ward map) (ward map inferred from the job-code year),1,1,186-23-000001,https://accounts.bbmp.gov.in/vssWB/vss00CvStatusData.php?pAction=LoadPaymentGridData&pDateFrom=01-Jul-2025&pDateTo=30-Sep-2025&pBudgetHeadID=-1&pWardIDs=&pDDOID=-1&pDDOIDs=
701476,174-24-000004,000045,2025-01-03,"Comprehensive Development and Construction of RCC Box Drains, Culvert, Cobble stone pavers and Footpath improvements and other Development works at 1st D Main road, Shastrinagar Cross roads, 7th Block Koramangala, 3rd Cross, 4th cross and 5th Cross Balappa layout and other surrounding area in ward No.147 Adugodi and 1st Block, 3rd Block, 5th Block and 8th Block Koramangala, Village and Surrounding area in ward No. 151 Koramangala (Package:4 Total-8 Works)",174,225,ddo426  Executive Engineer B T M Layout South Zone,RAMACHANDRA RAJU K,Second and Final,23871977.0,22999157.0,872820.0,003467,2025-08-05,,,description,"Work description names Koramangala: ""…ad, Shastrinagar Cross roads, 7th Block Koramangala, 3rd Cross, 4th cross and 5th…""",1,1,174-24-000004,https://accounts.bbmp.gov.in/vssWB/vss00CvStatusData.php?pAction=LoadPaymentGridData&pDateFrom=01-Jul-2025&pDateTo=30-Sep-2025&pBudgetHeadID=-1&pWardIDs=&pDDOID=-1&pDDOIDs=
714697,174-25-000006,000062,2025-03-15,Establishment of Temporary Control Room for Monsoon Period for the year 2024 in Koramangala Sub Division,174,225,ddo426  Executive Engineer B T M Layout South Zone,M KUMAR,First and Final,1499304.0,1466899.0,32405.0,003513,2025-08-07,,,description,"Work description names Koramangala: ""…for Monsoon Period for the year 2024 in Koramangala Sub Division…""",1,1,,https://accounts.bbmp.gov.in/vssWB/vss00CvStatusData.php?pAction=LoadPaymentGridData&pDateFrom=01-Jul-2025&pDateTo=30-Sep-2025&pBudgetHeadID=-1&pWardIDs=&pDDOID=-1&pDDOIDs=
725505,174-24-000002,000016,2025-05-22,"Maintenance of Roads, drains and footpath work in Ward No-151 Koramangala for the year 2023-24.",174,225,ddo426  Executive Engineer B T M Layout South Zone,SREEDHARA.K.C,First and Final,5490072.0,4972492.0,517580.0,003524,2025-08-08,,,description,"Work description names Koramangala: ""…drains and footpath work in Ward No-151 Koramangala for the year 2023-24.…""",1,1,174-24-000002,https://accounts.bbmp.gov.in/vssWB/vss00CvStatusData.php?pAction=LoadPaymentGridData&pDateFrom=01-Jul-2025&pDateTo=30-Sep-2025&pBudgetHeadID=-1&pWardIDs=&pDDOID=-1&pDDOIDs=
592613,151-18-000076,000040,2023-07-20,Improvements to drains and Footpath of Sarjapura main road towards Jakkasandra Extension in ward no 151 Koramangala,151,198,ddo426  Executive Engineer B T M Layout South Zone,SREEDHARA.K.C,First and Final,1999296.0,1904500.0,94796.0,003538,2025-08-10,,,description,"Work description names Koramangala: ""…ds Jakkasandra Extension in ward no 151 Koramangala…""",1,1,151-18-000076,https://accounts.bbmp.gov.in/vssWB/vss00CvStatusData.php?pAction=LoadPaymentGridData&pDateFrom=01-Jul-2025&pDateTo=30-Sep-2025&pBudgetHeadID=-1&pWardIDs=&pDDOID=-1&pDDOIDs=
592530,151-18-000063,000039,2023-07-20,Providing flagging coarse to drains and improvements of footpath in 6th Block in ward no 151 (Koramangala),151,198,ddo426  Executive Engineer B T M Layout South Zone,SREEDHARA.K.C,First and Final,1858227.0,1766795.0,91432.0,003539,2025-08-10,,,description,"Work description names Koramangala: ""…f footpath in 6th Block in ward no 151 (Koramangala)…""",1,1,151-18-000063,https://accounts.bbmp.gov.in/vssWB/vss00CvStatusData.php?pAction=LoadPaymentGridData&pDateFrom=01-Jul-2025&pDateTo=30-Sep-2025&pBudgetHeadID=-1&pWardIDs=&pDDOID=-1&pDDOIDs=
599090,173-19-000001,000051,2023-09-05,"Comprehensive developments of bad roads at J D Mara slum Venkateshwara layout, Bhavani layout, Koramangala 80 ft road, 5th cross 5th block 18th main road 6th block 8th main road Koramangala, Sarjapura road Sarjapura Service road, 14th main road in Jakkasandra Asphalting to Service road, near Agara flyour of Jakkasandra and all other roads in B T M Constituency DPR",173,198,ddo426  Executive Engineer B T M Layout South Zone,TEJUS CONSULTANTS,First and Final,180000.0,162000.0,18000.0,003540,2025-08-10,,,description,"Work description names Koramangala: ""…m Venkateshwara layout, Bhavani layout, Koramangala 80 ft road, 5th cross 5th blo…""",1,1,,https://accounts.bbmp.gov.in/vssWB/vss00CvStatusData.php?pAction=LoadPaymentGridData&pDateFrom=01-Jul-2025&pDateTo=30-Sep-2025&pBudgetHeadID=-1&pWardIDs=&pDDOID=-1&pDDOIDs=
662612,151-20-000112,000019,2024-06-15,"Consultancy service for construction Supervision, Project Management and Quality Assurance for the work Providing Asphalting providing new cobble pavers and other improvement works to roads in Kormangala 4th Block 4th C Block 4th B Block 1st Block 2nd Block 3rd Block 5th Block J Block 6th Block 17th A Main Kuduremukh colony Siddartha colony and surrounding areas in ward no 151 Old Annexure-2 New Sl No 58,59,60,61, 62,63,64,65,66,67, 68 PMC",151,198,ddo426  Executive Engineer B T M Layout South Zone,H & P CONSULTANTS,Running,470820.0,376638.0,94182.0,003607,2025-08-14,,,description,"Work description names Koramangala: ""…and other improvement works to roads in Kormangala 4th Block 4th C Block 4th B B…""",1,1,151-20-000112,https://accounts.bbmp.gov.in/vssWB/vss00CvStatusData.php?pAction=LoadPaymentGridData&pDateFrom=01-Jul-2025&pDateTo=30-Sep-2025&pBudgetHeadID=-1&pWardIDs=&pDDOID=-1&pDDOIDs=
662610,151-19-000063,000020,2024-06-15,"Comprehensive Development of road side drains, footpath and concreting including culverts to selected main and other connecting roads in ward no 151 173 147 of BTM Layout Division in South Zone Package No.8 (No of Works9) (PMC)",151,198,ddo426  Executive Engineer B T M Layout South Zone,H & P CONSULTANTS,Running,470820.0,376638.0,94182.0,003608,2025-08-14,,,ward_prefix,Booked to Koramangala ward (151 under the 198-ward map) (ward map inferred from the job-code year),1,1,151-19-000063,https://accounts.bbmp.gov.in/vssWB/vss00CvStatusData.php?pAction=LoadPaymentGridData&pDateFrom=01-Jul-2025&pDateTo=30-Sep-2025&pBudgetHeadID=-1&pWardIDs=&pDDOID=-1&pDDOIDs=
590391,186-23-000010,000032,2023-07-10,Maintenance of Burial Ground in ward no.186 Koramangala,186,243,ddo426  Executive Engineer B T M Layout South Zone,GIRIRAJ S,First and Final,884719.0,832330.0,52389.0,003628,2025-08-19,,,description,"Work description names Koramangala: ""…tenance of Burial Ground in ward no.186 Koramangala…""",1,1,186-23-000010,https://accounts.bbmp.gov.in/vssWB/vss00CvStatusData.php?pAction=LoadPaymentGridData&pDateFrom=01-Jul-2025&pDateTo=30-Sep-2025&pBudgetHeadID=-1&pWardIDs=&pDDOID=-1&pDDOIDs=
591482,186-23-000008,000035,2023-07-17,"Improvements to drains & culverts at S T Bed layout, NGV & surrounding area in ward.186 Koramangala",186,243,ddo426  Executive Engineer B T M Layout South Zone,GOLDEN CONSTRUCTIONS,First and Final,2943725.0,2685577.0,258148.0,003629,2025-08-19,,,description,"Work description names Koramangala: ""…to drains & culverts at S T Bed layout, NGV & surrounding area in ward.18…""",1,1,186-23-000008,https://accounts.bbmp.gov.in/vssWB/vss00CvStatusData.php?pAction=LoadPaymentGridData&pDateFrom=01-Jul-2025&pDateTo=30-Sep-2025&pBudgetHeadID=-1&pWardIDs=&pDDOID=-1&pDDOIDs=
734184,176-24-000003,000037,2025-07-22,"Over all development and improvements of road side drains, Culvert, Footpath and Cobble paver roads in Rajendranagara slum (Western Side), A.K. Colony, 5th Block Bislery Slum, 13th B Cross road Venkatapura, Siddartha Colony 2nd block Koramangala in ward No.176 Adugodi and ward No.175 Jakkasandra",176,225,ddo426  Executive Engineer B T M Layout South Zone,Y H KRISHNA,Running,3115744.0,2788260.0,327484.0,003704,2025-08-29,,,description,"Work description names Koramangala: ""…Venkatapura, Siddartha Colony 2nd block Koramangala in ward No.176 Adugodi and wa…""",1,1,176-24-000003,https://accounts.bbmp.gov.in/vssWB/vss00CvStatusData.php?pAction=LoadPaymentGridData&pDateFrom=01-Jul-2025&pDateTo=30-Sep-2025&pBudgetHeadID=-1&pWardIDs=&pDDOID=-1&pDDOIDs=
615636,148-20-000026,000081,2023-11-09,Improvements to roads and drains in NGV and surrounding areas in ward No. 148 Ejipura,148,198,ddo426  Executive Engineer B T M Layout South Zone,AWIKA CONSTRUCTIONS,First and Final,10247310.0,9629786.0,617524.0,000001,2025-10-27,,,description,"Work description names Koramangala: ""…Improvements to roads and drains in NGV and surrounding areas in ward…""",1,1,148-20-000026,https://accounts.bbmp.gov.in/vssWB/vss00CvStatusData.php?pAction=LoadPaymentGridData&pDateFrom=01-Oct-2025&pDateTo=31-Dec-2025&pBudgetHeadID=-1&pWardIDs=&pDDOID=-1&pDDOIDs=
700454,174-24-000004,000041,2024-12-30,"Comprehensive Development and Construction of RCC Box Drains, Culvert, Cobble stone pavers and Footpath improvements and other Development works at 1st D Main road, Shastrinagar Cross roads, 7th Block Koramangala, 3rd Cross, 4th cross and 5th Cross Balappa layout and other surrounding area in ward No.147 Adugodi and 1st Block, 3rd Block, 5th Block and 8th Block Koramangala, Village and Surrounding area in ward No. 151 Koramangala (Package:4 Total-8 Works)",174,225,ddo426  Executive Engineer B T M Layout South Zone,RAMACHANDRA RAJU K,Running,51135984.0,48188674.0,2947310.0,000005,2025-10-27,,,description,"Work description names Koramangala: ""…ad, Shastrinagar Cross roads, 7th Block Koramangala, 3rd Cross, 4th cross and 5th…""",1,1,174-24-000004,https://accounts.bbmp.gov.in/vssWB/vss00CvStatusData.php?pAction=LoadPaymentGridData&pDateFrom=01-Oct-2025&pDateTo=31-Dec-2025&pBudgetHeadID=-1&pWardIDs=&pDDOID=-1&pDDOIDs=
702593,148-23-000003,000047,2025-01-15,"Comprehensive Development and Improvements to footpath, Construction of RCC Drains, Culvert, Providing Cobble stone pavers at 2nd, 2nd A main road, 8th Block Koramangala, CAR Quatress in Adugodi, 7th A, 7th Cross ST Bed 1st Main road Indiragandhi Colony, JJ Church road, Sadappa house road, Rangappa Garden, Nadugadda, MM Garden, Sreenivagilu, Ayyappa Temple backside, NGV in Ejipura. 100 feet road to 17th E main road 6th block Koramangala Mestripalya, Yellamma Temple, Teachers Colony, 1st & 2nd main road, BBMP play ground at Jakkasandra and Construction of Additional Floor to Samudhaya Bhavana beside Karumariyamma temple rajendranagar, Kempegowda Samudaya Bhavana, Auditorium construction, CAR Quatress, Gandhi colony Building, Samudhaya Bhavana in Jakkasandra Extenction, Mestripalya multy purpose building and other development works in ward No. 147, 148, 151 and 173 (Package No. 04)",148,243,ddo426  Executive Engineer B T M Layout South Zone,RAMACHANDRA RAJU K,Sixth and Final,55157626.0,53063743.0,2093883.0,000006,2025-10-27,,,description,"Work description names Koramangala: ""…vers at 2nd, 2nd A main road, 8th Block Koramangala, CAR Quatress in Adugodi, 7th…""",1,1,148-23-000003,https://accounts.bbmp.gov.in/vssWB/vss00CvStatusData.php?pAction=LoadPaymentGridData&pDateFrom=01-Oct-2025&pDateTo=31-Dec-2025&pBudgetHeadID=-1&pWardIDs=&pDDOID=-1&pDDOIDs=
702563,147-20-000061,000048,2025-01-16,"Asphalting of Roads, Improvements to Roads, construction of box drain, footpath and other development works in Koramangala 8th Block, Balappa layout Devegowda layout 7th block and 8th Block 2nd C main 2nd D main Mallappa reddy layout, Ejipura and surrounding areas, NGV roads and surrounding areas in ward no 147 and 148 ( sl nos. 45, 46, 47, 48, 49, 50, 52,53,54, 55, 56, 57,69) Old Annexure-2 New Sl No 45",147,198,ddo426  Executive Engineer B T M Layout South Zone,LOKESH R,Running,12959105.0,12263320.0,695785.0,000007,2025-10-27,,,description,"Work description names Koramangala: ""…footpath and other development works in Koramangala 8th Block, Balappa layout Dev…""",1,1,147-20-000061,https://accounts.bbmp.gov.in/vssWB/vss00CvStatusData.php?pAction=LoadPaymentGridData&pDateFrom=01-Oct-2025&pDateTo=31-Dec-2025&pBudgetHeadID=-1&pWardIDs=&pDDOID=-1&pDDOIDs=
710480,147-20-000061,000055,2025-02-24,"Asphalting of Roads, Improvements to Roads, construction of box drain, footpath and other development works in Koramangala 8th Block, Balappa layout Devegowda layout 7th block and 8th Block 2nd C main 2nd D main Mallappa reddy layout, Ejipura and surrounding areas, NGV roads and surrounding areas in ward no 147 and 148 ( sl nos. 45, 46, 47, 48, 49, 50, 52,53,54, 55, 56, 57,69) Old Annexure-2 New Sl No 45",147,198,ddo426  Executive Engineer B T M Layout South Zone,LOKESH R,Running,14381103.0,12537343.0,1843760.0,000009,2025-10-27,,,description,"Work description names Koramangala: ""…footpath and other development works in Koramangala 8th Block, Balappa layout Dev…""",1,1,147-20-000061,https://accounts.bbmp.gov.in/vssWB/vss00CvStatusData.php?pAction=LoadPaymentGridData&pDateFrom=01-Oct-2025&pDateTo=31-Dec-2025&pBudgetHeadID=-1&pWardIDs=&pDDOID=-1&pDDOIDs=
583534,151-20-000102,000021,2023-05-25,"Construction of gallery repairs of Rangamandira and other improvements in Cartman park, 6th block and in surrounding parks in ward no 151",151,198,ddo422  Executive Engineer Project - South Zone,AWIKA CONSTRUCTIONS,Running,6840600.0,6219746.0,620854.0,000057,2025-12-02,,,ward_prefix,Booked to Koramangala ward (151 under the 198-ward map) (ward map inferred from the job-code year),1,1,151-20-000102,https://accounts.bbmp.gov.in/vssWB/vss00CvStatusData.php?pAction=LoadPaymentGridData&pDateFrom=01-Oct-2025&pDateTo=31-Dec-2025&pBudgetHeadID=-1&pWardIDs=&pDDOID=-1&pDDOIDs=
588348,186-23-000007,000023,2023-06-28,Construction of RCC box drain in ward no. 186 koramangala,186,243,ddo426  Executive Engineer B T M Layout South Zone,SREEDHARA.K.C,First and Final,3836034.0,3605151.0,230883.0,000042,2025-12-05,,,description,"Work description names Koramangala: ""…uction of RCC box drain in ward no. 186 koramangala…""",1,1,186-23-000007,https://accounts.bbmp.gov.in/vssWB/vss00CvStatusData.php?pAction=LoadPaymentGridData&pDateFrom=01-Oct-2025&pDateTo=31-Dec-2025&pBudgetHeadID=-1&pWardIDs=&pDDOID=-1&pDDOIDs=
592627,151-19-000032,000038,2023-07-20,Improvements to CC Roads in ward no. 151 Koramangala,151,198,ddo426  Executive Engineer B T M Layout South Zone,SREEDHARA.K.C,First and Final,2324500.0,2183735.0,140765.0,000044,2025-12-05,,,description,"Work description names Koramangala: ""…mprovements to CC Roads in ward no. 151 Koramangala…""",1,1,151-19-000032,https://accounts.bbmp.gov.in/vssWB/vss00CvStatusData.php?pAction=LoadPaymentGridData&pDateFrom=01-Oct-2025&pDateTo=31-Dec-2025&pBudgetHeadID=-1&pWardIDs=&pDDOID=-1&pDDOIDs=
592622,151-20-000071,000037,2023-07-20,"Providing rain water harvesting at 1st Block, 6th Block and Koramangala surrounding area in ward no 151 Koramangala",151,198,ddo426  Executive Engineer B T M Layout South Zone,SREEDHARA.K.C,First and Final,3896887.0,3698866.0,198021.0,000045,2025-12-05,,,description,"Work description names Koramangala: ""…harvesting at 1st Block, 6th Block and Koramangala surrounding area in ward no 1…""",1,1,151-20-000071,https://accounts.bbmp.gov.in/vssWB/vss00CvStatusData.php?pAction=LoadPaymentGridData&pDateFrom=01-Oct-2025&pDateTo=31-Dec-2025&pBudgetHeadID=-1&pWardIDs=&pDDOID=-1&pDDOIDs=
742383,174-25-000010,000123,2025-09-10,Operation and Maintenance of Street lighting System in Koramangala ward No.174 Package S-10 of South zone. (For 8 Months),174,225,ddo258  Executive Engineer Electrical South Zone,VIJAYALAKSHMI ASSOCI,Running,217507.0,201792.0,15715.0,000121,2025-12-19,,,description,"Work description names Koramangala: ""…aintenance of Street lighting System in Koramangala ward No.174 Package S-10 of S…""",1,1,174-25-000010,https://accounts.bbmp.gov.in/vssWB/vss00CvStatusData.php?pAction=LoadPaymentGridData&pDateFrom=01-Oct-2025&pDateTo=31-Dec-2025&pBudgetHeadID=-1&pWardIDs=&pDDOID=-1&pDDOIDs=
739047,174-25-000010,000095,2025-08-25,Operation and Maintenance of Street lighting System in Koramangala ward No.174 Package S-10 of South zone. (For 8 Months),174,225,ddo258  Executive Engineer Electrical South Zone,VIJAYALAKSHMI ASSOCI,Running,435015.0,402585.0,32430.0,000167,2025-12-29,,,description,"Work description names Koramangala: ""…aintenance of Street lighting System in Koramangala ward No.174 Package S-10 of S…""",1,1,174-25-000010,https://accounts.bbmp.gov.in/vssWB/vss00CvStatusData.php?pAction=LoadPaymentGridData&pDateFrom=01-Oct-2025&pDateTo=31-Dec-2025&pBudgetHeadID=-1&pWardIDs=&pDDOID=-1&pDDOIDs=
722444,174-25-000012,000007,2025-05-06,"Comprehensive Development and Improvements to roads and drains in ward No 147 Adugodi, 148 Ejipura, 151 Koramangala and 173 Jakkasandra in BTM Layout Assembly Constituency Package No. 02 (9 works)",174,225,ddo426  Executive Engineer B T M Layout South Zone,M RAMESH,Running,78770183.0,74459788.0,4310395.0,000059,2026-01-14,,,description,"Work description names Koramangala: ""…n ward No 147 Adugodi, 148 Ejipura, 151 Koramangala and 173 Jakkasandra in BTM La…""",1,1,174-25-000012,https://accounts.bbmp.gov.in/vssWB/vss00CvStatusData.php?pAction=LoadPaymentGridData&pDateFrom=01-Jan-2026&pDateTo=31-Mar-2026&pBudgetHeadID=-1&pWardIDs=&pDDOID=-1&pDDOIDs=
723241,174-24-000001,000009,2025-05-09,"Providing pothole filling to Koramangala Sub Division roads, BTM Layout Constituency for the year 2023-24",174,225,ddo426  Executive Engineer B T M Layout South Zone,M RAMESH,Second and Final,2717398.0,2579276.0,138122.0,000127,2026-02-03,,,description,"Work description names Koramangala: ""…Providing pothole filling to Koramangala Sub Division roads, BTM Layou…""",1,1,174-24-000001,https://accounts.bbmp.gov.in/vssWB/vss00CvStatusData.php?pAction=LoadPaymentGridData&pDateFrom=01-Jan-2026&pDateTo=31-Mar-2026&pBudgetHeadID=-1&pWardIDs=&pDDOID=-1&pDDOIDs=
626291,186-23-000002,000105,2023-12-26,Providing cobble stone pavers to roads in Kathalipalya and surrounding area in ward no.186 Koramangala,186,243,ddo426  Executive Engineer B T M Layout South Zone,AFZALPASHA,First and Final,3880390.0,3662138.0,218252.0,000214,2026-02-18,,,description,"Work description names Koramangala: ""…lya and surrounding area in ward no.186 Koramangala…""",1,1,186-23-000002,https://accounts.bbmp.gov.in/vssWB/vss00CvStatusData.php?pAction=LoadPaymentGridData&pDateFrom=01-Jan-2026&pDateTo=31-Mar-2026&pBudgetHeadID=-1&pWardIDs=&pDDOID=-1&pDDOIDs=
737246,174-24-000005,000045,2025-08-11,"Over all development and improvements of road side drains, Culvert, Footpath and Cobble paver roads in Rajendranagara slum (Eastern Side), A.K. Colony, Mestripalya Village, Koramangala Village in ward No.174 Koramangala",174,225,ddo426  Executive Engineer B T M Layout South Zone,VINAY KUMAR V H,Second and Final,2683384.0,2391923.0,291461.0,000219,2026-02-24,,,description,"Work description names Koramangala: ""…ide), A.K. Colony, Mestripalya Village, Koramangala Village in ward No.174 Korama…""",1,1,174-24-000005,https://accounts.bbmp.gov.in/vssWB/vss00CvStatusData.php?pAction=LoadPaymentGridData&pDateFrom=01-Jan-2026&pDateTo=31-Mar-2026&pBudgetHeadID=-1&pWardIDs=&pDDOID=-1&pDDOIDs=
745063,174-25-000010,000155,2025-11-14,Operation and Maintenance of Street lighting System in Koramangala ward No.174 Package S-10 of South zone. (For 8 Months),174,225,ddo258  Executive Engineer Electrical South Zone,VIJAYALAKSHMI ASSOCI,Running,423841.0,403522.0,20319.0,000226,2026-02-27,,,description,"Work description names Koramangala: ""…aintenance of Street lighting System in Koramangala ward No.174 Package S-10 of S…""",1,1,174-25-000010,https://accounts.bbmp.gov.in/vssWB/vss00CvStatusData.php?pAction=LoadPaymentGridData&pDateFrom=01-Jan-2026&pDateTo=31-Mar-2026&pBudgetHeadID=-1&pWardIDs=&pDDOID=-1&pDDOIDs=
624853,151-17-000099,000097,2023-12-15,"Constrcution of Govt.School and multi purpose building in Mestry palya, 4th B block Koramangala in ward No.151",151,198,ddo426  Executive Engineer B T M Layout South Zone,T GOPINATH REDDY,Running,13449114.0,12845157.0,603957.0,000285,2026-03-10,,,description,"Work description names Koramangala: ""…e building in Mestry palya, 4th B block Koramangala in ward No.151…""",1,1,151-17-000099,https://accounts.bbmp.gov.in/vssWB/vss00CvStatusData.php?pAction=LoadPaymentGridData&pDateFrom=01-Jan-2026&pDateTo=31-Mar-2026&pBudgetHeadID=-1&pWardIDs=&pDDOID=-1&pDDOIDs=
626478,151-17-000095,000102,2023-12-22,Constrcution of BBMP offices and Corporator office in 5th Block Koramangala in ward No.151 Koramangala,151,198,ddo426  Executive Engineer B T M Layout South Zone,BALAJI CONSTRUCTIONS,Running,14202640.0,13472405.0,730235.0,000286,2026-03-10,,,description,"Work description names Koramangala: ""…ices and Corporator office in 5th Block Koramangala in ward No.151 Koramangala…""",1,1,,https://accounts.bbmp.gov.in/vssWB/vss00CvStatusData.php?pAction=LoadPaymentGridData&pDateFrom=01-Jan-2026&pDateTo=31-Mar-2026&pBudgetHeadID=-1&pWardIDs=&pDDOID=-1&pDDOIDs=
750084,174-25-000010,000167,2025-12-31,Operation and Maintenance of Street lighting System in Koramangala ward No.174 Package S-10 of South zone. (For 8 Months),174,225,ddo258  Executive Engineer Electrical South Zone,VIJAYALAKSHMI ASSOCI,Running,217507.0,202420.0,15087.0,000303,2026-03-10,,,description,"Work description names Koramangala: ""…aintenance of Street lighting System in Koramangala ward No.174 Package S-10 of S…""",1,1,174-25-000010,https://accounts.bbmp.gov.in/vssWB/vss00CvStatusData.php?pAction=LoadPaymentGridData&pDateFrom=01-Jan-2026&pDateTo=31-Mar-2026&pBudgetHeadID=-1&pWardIDs=&pDDOID=-1&pDDOIDs=
752264,174-26-000008,000088,2026-01-27,"Comprehensive Development of Asphalt Roads, Cobble stone Pavers, Improvements to drains, culverts and other development works in Kuduremukha Colony, 1st Block, 2nd Block (Underpass to Silk Board Junction), 3rd Block, 4th Block, 6th Block of Koramangala and surrounding area of ward No 174 (Old No 151) of BTM layout Division",174,225,ddo426  Executive Engineer B T M Layout South Zone,M RAMESH,Running,100799543.0,95416463.0,5383080.0,000345,2026-03-27,,,description,"Work description names Koramangala: ""…on), 3rd Block, 4th Block, 6th Block of Koramangala and surrounding area of ward…""",1,1,174-26-000008,https://accounts.bbmp.gov.in/vssWB/vss00CvStatusData.php?pAction=LoadPaymentGridData&pDateFrom=01-Jan-2026&pDateTo=31-Mar-2026&pBudgetHeadID=-1&pWardIDs=&pDDOID=-1&pDDOIDs=
727750,186-23-000001,000011,2025-07-01,"Preparation for DPR of Comprehensive Balance Development & Improvements to Multipurpose Building & Construction of Kitchen in Tank Bund Road, Tavarekere, additional improvements to Kuvempu Park Multipurpose Building & other Improvements to Parks & Playground in BTM Layout Assmebly Constituency (Package 10)",186,243,ddo422  Executive Engineer Project - South Zone,H & P CONSULTANTS,First and Final,495000.0,445500.0,49500.0,000037,2026-04-08,,,ward_prefix,Booked to Koramangala ward (186 under the 243-ward map) (ward map inferred from the job-code year),1,1,186-23-000001,https://accounts.bbmp.gov.in/vssWB/vss00CvStatusData.php?pAction=LoadPaymentGridData&pDateFrom=01-Apr-2026&pDateTo=30-Jun-2026&pBudgetHeadID=-1&pWardIDs=&pDDOID=-1&pDDOIDs=
727838,186-23-000001,000015,2025-07-01,"Providing Project Management Consultancy services (PMC) for Comprehensive Balance Development & Improvements to Multipurpose Building & Construction of Kitchen in Tank Bund Road, Tavarekere, additional improvements to Kuvempu Park Multipurpose Building & other Improvements to Parks & Playground in BTM Layout Assmebly Constituency (Package 10)",186,243,ddo422  Executive Engineer Project - South Zone,STRUCTIAL CONSULTANT,Running,1215000.0,1093500.0,121500.0,000039,2026-04-08,,,ward_prefix,Booked to Koramangala ward (186 under the 243-ward map) (ward map inferred from the job-code year),1,1,186-23-000001,https://accounts.bbmp.gov.in/vssWB/vss00CvStatusData.php?pAction=LoadPaymentGridData&pDateFrom=01-Apr-2026&pDateTo=30-Jun-2026&pBudgetHeadID=-1&pWardIDs=&pDDOID=-1&pDDOIDs=
744341,186-23-000001,000077,2025-11-07,"Comprehensive Balance Development & Improvements to Multipurpose Building & Construction of Kitchen in Tank Bund Road, Tavarekere, additional improvements to Kuvempu Park Multipurpose Building & other Improvements to Parks & Playground in BTM Layout Assmebly Constituency (Package 10)",186,243,ddo422  Executive Engineer Project - South Zone,DASARADHA RAMI REDDY,Running,4579600.0,4362009.0,217591.0,000061,2026-04-08,,,ward_prefix,Booked to Koramangala ward (186 under the 243-ward map) (ward map inferred from the job-code year),1,1,186-23-000001,https://accounts.bbmp.gov.in/vssWB/vss00CvStatusData.php?pAction=LoadPaymentGridData&pDateFrom=01-Apr-2026&pDateTo=30-Jun-2026&pBudgetHeadID=-1&pWardIDs=&pDDOID=-1&pDDOIDs=
622694,186-23-000011,000094,2023-12-08,Maintenance of Footpath and other Improvement works in ward No.186 Koramangala,186,243,ddo426  Executive Engineer B T M Layout South Zone,SIDDARAJUG,First and Final,2939041.0,2781576.0,157465.0,000004,2026-04-09,,,description,"Work description names Koramangala: ""…other Improvement works in ward No.186 Koramangala…""",0,0,186-23-000011,https://accounts.bbmp.gov.in/vssWB/vss00CvStatusData.php?pAction=LoadPaymentGridData&pDateFrom=01-Apr-2026&pDateTo=30-Jun-2026&pBudgetHeadID=-1&pWardIDs=&pDDOID=-1&pDDOIDs=
732303,307-23-000079,000079,2025-07-07,"Construction/Remodelling of primary, secondary drains, culverts/bridges & all other allied works of SWD spread out at various locations in Shanthinagar assembly constituency in Kormanagala valley under GoK grants 2022-23 Package-5 (Action plan numbers 191,192 &193).",307,dept,ddo073  Executive Engineer Shanthinagar East Zone,ALFATH TRADING AND,Second and Final,19263500.0,17806325.0,1457175.0,000001,2026-04-13,,,description,"Work description names Koramangala: ""…n Shanthinagar assembly constituency in Kormanagala valley under GoK grants 2022-…""",1,0,307-23-000079,https://accounts.bbmp.gov.in/vssWB/vss00CvStatusData.php?pAction=LoadPaymentGridData&pDateFrom=01-Apr-2026&pDateTo=30-Jun-2026&pBudgetHeadID=-1&pWardIDs=&pDDOID=-1&pDDOIDs=
760369,174-25-000007,000119,2026-03-25,Repairs to BBMP Koramangala Nursery School in new ward no 174 (Old ward no 151) BTM Layout Constituency.,174,225,ddo422  Executive Engineer Project - South Zone,Mr VARALA SWAMY,First and Final,960600.0,877581.0,83019.0,000145,2026-05-13,,,description,"Work description names Koramangala: ""…Repairs to BBMP Koramangala Nursery School in new ward no…""",0,0,174-25-000007,https://accounts.bbmp.gov.in/vssWB/vss00CvStatusData.php?pAction=LoadPaymentGridData&pDateFrom=01-Apr-2026&pDateTo=30-Jun-2026&pBudgetHeadID=-1&pWardIDs=&pDDOID=-1&pDDOIDs=
735717,307-23-000064,000098,2025-07-31,"Providing Consultancy services for preparation of Master Detailed Project Report For “Construction / Remodelling of Storm Water Drains including Redesigning of Bridges / Culverts under GoK grants for Primary, Secondary and Tertiary drains of Koramangala-Challaghatta Valley in Bengaluru city’’",307,dept,ddo755  Executive Engineer SWD Mahadevapura,J N PROJECTS PVT LTD,Running,895500.0,805950.0,89550.0,000083,2026-05-14,,,description,"Work description names Koramangala: ""…imary, Secondary and Tertiary drains of Koramangala-Challaghatta Valley in Bengal…""",0,0,,https://accounts.bbmp.gov.in/vssWB/vss00CvStatusData.php?pAction=LoadPaymentGridData&pDateFrom=01-Apr-2026&pDateTo=30-Jun-2026&pBudgetHeadID=-1&pWardIDs=&pDDOID=-1&pDDOIDs=
735719,307-23-000066,000099,2025-07-31,"Providing Consultancy services for preparation of Master Detailed Project Report For “Construction / Remodelling of Storm Water Drains including Redesigning of Bridges / Culverts under GoK grants for Primary, Secondary and Tertiary drains of Koramangala-Challaghatta Valley in Bengaluru city’’",307,dept,ddo755  Executive Engineer SWD Mahadevapura,J N PROJECTS PVT LTD,Running,802625.0,722362.0,80263.0,000084,2026-05-14,,,description,"Work description names Koramangala: ""…imary, Secondary and Tertiary drains of Koramangala-Challaghatta Valley in Bengal…""",0,0,,https://accounts.bbmp.gov.in/vssWB/vss00CvStatusData.php?pAction=LoadPaymentGridData&pDateFrom=01-Apr-2026&pDateTo=30-Jun-2026&pBudgetHeadID=-1&pWardIDs=&pDDOID=-1&pDDOIDs=
735720,307-23-000067,000100,2025-07-31,"Providing Consultancy services for preparation of Master Detailed Project Report For Construction / Remodelling of Storm Water Drains including Redesigning of Bridges / Culverts under GoK grants for Primary, Secondary and Tertiary drains of Koramangala-Challaghatta Valley in Bengaluru city",307,dept,ddo755  Executive Engineer SWD Mahadevapura,J N PROJECTS PVT LTD,Running,475000.0,427500.0,47500.0,000085,2026-05-14,,,description,"Work description names Koramangala: ""…imary, Secondary and Tertiary drains of Koramangala-Challaghatta Valley in Bengal…""",0,0,,https://accounts.bbmp.gov.in/vssWB/vss00CvStatusData.php?pAction=LoadPaymentGridData&pDateFrom=01-Apr-2026&pDateTo=30-Jun-2026&pBudgetHeadID=-1&pWardIDs=&pDDOID=-1&pDDOIDs=
735722,307-23-000072,000101,2025-07-31,"Providing Consultancy services for preparation of Master Detailed Project Report For Construction / Remodelling of Storm Water Drains including Redesigning of Bridges / Culverts under GoK grants for Primary, Secondary and Tertiary drains of Koramangala-Challaghatta Valley in Bengaluru city",307,dept,ddo755  Executive Engineer SWD Mahadevapura,J N PROJECTS PVT LTD,Running,1200000.0,1080000.0,120000.0,000086,2026-05-14,,,description,"Work description names Koramangala: ""…imary, Secondary and Tertiary drains of Koramangala-Challaghatta Valley in Bengal…""",0,0,,https://accounts.bbmp.gov.in/vssWB/vss00CvStatusData.php?pAction=LoadPaymentGridData&pDateFrom=01-Apr-2026&pDateTo=30-Jun-2026&pBudgetHeadID=-1&pWardIDs=&pDDOID=-1&pDDOIDs=
735724,307-23-000074,000102,2025-07-31,"Providing Consultancy services for preparation of Master Detailed Project Report For “Construction / Remodelling of Storm Water Drains including Redesigning of Bridges / Culverts under GoK grants for Primary, Secondary and Tertiary drains of Koramangala-Challaghatta Valley in Bengaluru city’’",307,dept,ddo755  Executive Engineer SWD Mahadevapura,J N PROJECTS PVT LTD,Running,833016.0,749714.0,83302.0,000087,2026-05-14,,,description,"Work description names Koramangala: ""…imary, Secondary and Tertiary drains of Koramangala-Challaghatta Valley in Bengal…""",0,0,,https://accounts.bbmp.gov.in/vssWB/vss00CvStatusData.php?pAction=LoadPaymentGridData&pDateFrom=01-Apr-2026&pDateTo=30-Jun-2026&pBudgetHeadID=-1&pWardIDs=&pDDOID=-1&pDDOIDs=
742783,176-24-000003,000087,2026-01-23,"Over all development and improvements of road side drains, Culvert, Footpath and Cobble paver roads in Rajendranagara slum (Western Side), A.K. Colony, 5th Block Bislery Slum, 13th B Cross road Venkatapura, Siddartha Colony 2nd block Koramangala in ward No.176 Adugodi and ward No.175 Jakkasandra",176,225,ddo426  Executive Engineer B T M Layout South Zone,Y H KRISHNA,Second and Final,3195596.0,2877701.0,317895.0,000036,2026-05-18,,,description,"Work description names Koramangala: ""…Venkatapura, Siddartha Colony 2nd block Koramangala in ward No.176 Adugodi and wa…""",1,1,176-24-000003,https://accounts.bbmp.gov.in/vssWB/vss00CvStatusData.php?pAction=LoadPaymentGridData&pDateFrom=01-Apr-2026&pDateTo=30-Jun-2026&pBudgetHeadID=-1&pWardIDs=&pDDOID=-1&pDDOIDs=
752730,174-25-000013,000091,2026-01-29,"Filling of potholes in ward No. 173, 174 and 175 in Koramangala Sub Division",174,225,ddo426  Executive Engineer B T M Layout South Zone,M RAMESH,Running,2953183.0,2653194.0,299989.0,000052,2026-05-28,,,description,"Work description names Koramangala: ""…otholes in ward No. 173, 174 and 175 in Koramangala Sub Division…""",0,0,174-25-000013,https://accounts.bbmp.gov.in/vssWB/vss00CvStatusData.php?pAction=LoadPaymentGridData&pDateFrom=01-Apr-2026&pDateTo=30-Jun-2026&pBudgetHeadID=-1&pWardIDs=&pDDOID=-1&pDDOIDs=
754778,174-25-000010,000221,2026-02-12,Operation and Maintenance of Street lighting System in Koramangala ward No.174 Package S-10 of South zone. (For 8 Months),174,225,ddo439  Executive Engineer Electrical Division Bomanahalli Zone,VIJAYALAKSHMI ASSOCI,Running,195728.0,173857.0,21871.0,000198,2026-06-03,,,description,"Work description names Koramangala: ""…aintenance of Street lighting System in Koramangala ward No.174 Package S-10 of S…""",1,1,174-25-000010,https://accounts.bbmp.gov.in/vssWB/vss00CvStatusData.php?pAction=LoadPaymentGridData&pDateFrom=01-Apr-2026&pDateTo=30-Jun-2026&pBudgetHeadID=-1&pWardIDs=&pDDOID=-1&pDDOIDs=
762346,174-25-000010,000007,2026-04-28,Operation and Maintenance of Street lighting System in Koramangala ward No.174 Package S-10 of South zone. (For 8 Months),174,225,ddo439  Executive Engineer Electrical Division Bomanahalli Zone,VIJAYALAKSHMI ASSOCI,Running,375996.0,351273.0,24723.0,000214,2026-06-03,,,description,"Work description names Koramangala: ""…aintenance of Street lighting System in Koramangala ward No.174 Package S-10 of S…""",1,1,174-25-000010,https://accounts.bbmp.gov.in/vssWB/vss00CvStatusData.php?pAction=LoadPaymentGridData&pDateFrom=01-Apr-2026&pDateTo=30-Jun-2026&pBudgetHeadID=-1&pWardIDs=&pDDOID=-1&pDDOIDs=
763202,174-25-000010,000024,2026-05-18,Operation and Maintenance of Street lighting System in Koramangala ward No.174 Package S-10 of South zone. (For 8 Months),174,225,ddo439  Executive Engineer Electrical Division Bomanahalli Zone,VIJAYALAKSHMI ASSOCI,Running,178971.0,167203.0,11768.0,000256,2026-06-08,,,description,"Work description names Koramangala: ""…aintenance of Street lighting System in Koramangala ward No.174 Package S-10 of S…""",1,1,174-25-000010,https://accounts.bbmp.gov.in/vssWB/vss00CvStatusData.php?pAction=LoadPaymentGridData&pDateFrom=01-Apr-2026&pDateTo=30-Jun-2026&pBudgetHeadID=-1&pWardIDs=&pDDOID=-1&pDDOIDs=
664554,174-24-000003,000080,2024-06-27,Providing Energy Efficient LED Street lights in ward no 174,174,225,ddo258  Executive Engineer Electrical South Zone,SRI MANJUNATHA ELECT,First and Final,308480.0,278189.0,30291.0,000069,2026-06-19,,,ward_prefix,Booked to Koramangala ward (174 under the 225-ward map) (ward map inferred from the job-code year),0,0,,https://accounts.bbmp.gov.in/vssWB/vss00CvStatusData.php?pAction=LoadPaymentGridData&pDateFrom=01-Apr-2026&pDateTo=30-Jun-2026&pBudgetHeadID=-1&pWardIDs=&pDDOID=-1&pDDOIDs=
743609,174-25-000008,000057,2025-10-31,"Comprehensive Developmental works to Parks, Roads, Drains, Footpath, Asphalting to Bad Roads and Construction of Additional Floor to Hospital Building in S G Palya in Ward No 147, 148, 151, 152, 172, 173 and 176 (Comprising of 16 works Package 01)",174,225,ddo426  Executive Engineer B T M Layout South Zone,LOKESH R,Running,161172720.0,153037559.0,8135161.0,000082,2026-06-23,,,ward_prefix,Booked to Koramangala ward (174 under the 225-ward map) (ward map inferred from the job-code year),0,0,174-25-000008,https://accounts.bbmp.gov.in/vssWB/vss00CvStatusData.php?pAction=LoadPaymentGridData&pDateFrom=01-Apr-2026&pDateTo=30-Jun-2026&pBudgetHeadID=-1&pWardIDs=&pDDOID=-1&pDDOIDs=
663885,186-23-000006,000021,2024-06-21,Maintenance of BBMP Building and Anganavadi Kendra in ward no.186 Koramangala,186,243,ddo426  Executive Engineer B T M Layout South Zone,SHREE SAI ENTERPRISE,First and Final,2597374.0,2404570.0,192804.0,000083,2026-06-23,,,description,"Work description names Koramangala: ""…ng and Anganavadi Kendra in ward no.186 Koramangala…""",0,0,186-23-000006,https://accounts.bbmp.gov.in/vssWB/vss00CvStatusData.php?pAction=LoadPaymentGridData&pDateFrom=01-Apr-2026&pDateTo=30-Jun-2026&pBudgetHeadID=-1&pWardIDs=&pDDOID=-1&pDDOIDs=
579077,148-23-000002,000030,2023-07-06,"Improvements to Drains, Culverts and Providing New Shoulder Drains and Construction of Rainwater Harvesting pits in MM Garden and Indira Gandhi Slum and NGV back side flood affected area in ward No. 148 Ejipura",148,243,ddo426  Executive Engineer B T M Layout South Zone,Mr Manjesh M,First and Final,1550936.0,1396788.0,154148.0,000087,2026-06-29,,,description,"Work description names Koramangala: ""…in MM Garden and Indira Gandhi Slum and NGV back side flood affected area…""",0,0,148-23-000002,https://accounts.bbmp.gov.in/vssWB/vss00CvStatusData.php?pAction=LoadPaymentGridData&pDateFrom=01-Apr-2026&pDateTo=30-Jun-2026&pBudgetHeadID=-1&pWardIDs=&pDDOID=-1&pDDOIDs=
749750,177-25-000007,000081,2025-12-24,Improvements to BBMP oflice Building in Koramangala ward No. 151 Construction of Additional floors to School Building in Lakkasandra ward No. 146 and BBMP office Building in Madiwala ward No. 172 in BTM Layout Constituency (Package 02 Comprising of 4 works),177,225,ddo426  Executive Engineer B T M Layout South Zone,BALAJI CONSTRUCTIONS,Running,14033937.0,13403659.0,630278.0,000105,2026-07-07,,,description,"Work description names Koramangala: ""…Improvements to BBMP oflice Building in Koramangala ward No. 151 Construction of…""",0,0,177-25-000007,https://accounts.bbmp.gov.in/vssWB/vss00CvStatusData.php?pAction=LoadPaymentGridData&pDateFrom=01-Jul-2026&pDateTo=30-Sep-2026&pBudgetHeadID=-1&pWardIDs=&pDDOID=-1&pDDOIDs=
659608,186-23-000009,000014,2024-06-01,"Construction and improvements to drains, culverts in ward no.186 Koramangala",186,243,ddo426  Executive Engineer B T M Layout South Zone,S S CONSTRUCTIONS,First and Final,2819453.0,2563350.0,256103.0,000114,2026-07-09,,,description,"Work description names Koramangala: ""…ents to drains, culverts in ward no.186 Koramangala…""",0,0,186-23-000009,https://accounts.bbmp.gov.in/vssWB/vss00CvStatusData.php?pAction=LoadPaymentGridData&pDateFrom=01-Jul-2026&pDateTo=30-Sep-2026&pBudgetHeadID=-1&pWardIDs=&pDDOID=-1&pDDOIDs=
702173,151-22-000003,000052,2025-02-03,Annual Maintenance of Borewells and Water supply lines in ward Jurisiction in ward No.151,151,198,ddo426  Executive Engineer B T M Layout South Zone,Y H KRISHNA,First and Final,1988747.0,1710296.0,278451.0,000116,2026-07-09,,,ward_prefix,Booked to Koramangala ward (151 under the 198-ward map) (ward map inferred from the job-code year),0,0,151-22-000003,https://accounts.bbmp.gov.in/vssWB/vss00CvStatusData.php?pAction=LoadPaymentGridData&pDateFrom=01-Jul-2026&pDateTo=30-Sep-2026&pBudgetHeadID=-1&pWardIDs=&pDDOID=-1&pDDOIDs=
763408,174-26-000008,000006,2026-05-20,"Comprehensive Development of Asphalt Roads, Cobble stone Pavers, Improvements to drains, culverts and other development works in Kuduremukha Colony, 1st Block, 2nd Block (Underpass to Silk Board Junction), 3rd Block, 4th Block, 6th Block of Koramangala and surrounding area of ward No 174 (Old No 151) of BTM layout Division",174,225,ddo426  Executive Engineer B T M Layout South Zone,M RAMESH,Running,8327023.0,7870319.0,456704.0,000120,2026-07-13,,,description,"Work description names Koramangala: ""…on), 3rd Block, 4th Block, 6th Block of Koramangala and surrounding area of ward…""",1,1,174-26-000008,https://accounts.bbmp.gov.in/vssWB/vss00CvStatusData.php?pAction=LoadPaymentGridData&pDateFrom=01-Jul-2026&pDateTo=30-Sep-2026&pBudgetHeadID=-1&pWardIDs=&pDDOID=-1&pDDOIDs=
766890,181-26-000011,000012,2026-06-16,"Comprehensive development of Roads, Improvements to drains, culverts, footpath and Beautification and providing Green Edge existing White topping Road in Hosur Lashkar Road, 20th Main koramangala, 6th Cross Koramangala other works in Aicoba nagara, Manjunatha Layout, Roopenanagar, Sunshine colony, HSBCS Layout, KAS Colony, Pushpa Layout, Madeena nagara, Sanjeevamma Badavane, N S Palya, MICO layout, SFHS Layout and surrounding area in ward No 180 Someshwara Temple & 181 BTM Layout of BTM Layout division",181,225,ddo426  Executive Engineer B T M Layout South Zone,M RAMESH,Running,83379121.0,78786550.0,4592571.0,000121,2026-07-13,,,description,"Work description names Koramangala: ""…g Road in Hosur Lashkar Road, 20th Main koramangala, 6th Cross Koramangala other…""",0,0,181-26-000011,https://accounts.bbmp.gov.in/vssWB/vss00CvStatusData.php?pAction=LoadPaymentGridData&pDateFrom=01-Jul-2026&pDateTo=30-Sep-2026&pBudgetHeadID=-1&pWardIDs=&pDDOID=-1&pDDOIDs=
739299,151-21-000002,000039,2025-08-28,"Construction and Improvements of Multipurpose buildings, Development of Play ground and parks in BTM Layout Constituency Annexure-6 Sl No 2",151,198,ddo422  Executive Engineer Project - South Zone,DASARADHA RAMI REDDY,Running,9520175.0,8653192.0,866983.0,000044,2026-07-17,,,ward_prefix,Booked to Koramangala ward (151 under the 198-ward map) (ward map inferred from the job-code year),1,1,151-21-000002,https://accounts.bbmp.gov.in/vssWB/vss00CvStatusData.php?pAction=LoadPaymentGridData&pDateFrom=01-Jul-2026&pDateTo=30-Sep-2026&pBudgetHeadID=-1&pWardIDs=&pDDOID=-1&pDDOIDs=
655894,186-23-000005,000008,2024-05-16,Drilling of New Borewells and maintenance of Borewells in ward No.186 Koramangala,186,243,ddo426  Executive Engineer B T M Layout South Zone,H S HEMAVATHI,First and Final,2465748.0,2152445.0,313303.0,000030,2026-07-30,,,description,"Work description names Koramangala: ""…maintenance of Borewells in ward No.186 Koramangala…""",0,0,186-23-000005,https://accounts.bbmp.gov.in/vssWB/vss00CvStatusData.php?pAction=LoadPaymentGridData&pDateFrom=01-Jul-2026&pDateTo=30-Sep-2026&pBudgetHeadID=-1&pWardIDs=&pDDOID=-1&pDDOIDs=
657322,151-19-000038,000013,2024-05-23,Drilling of New Borewells and Providing Pipeline for drinking water facilities in ward no.151 Koramangala,151,198,ddo426  Executive Engineer B T M Layout South Zone,Y H KRISHNA,First and Final,7285489.0,6342118.0,943371.0,000032,2026-07-30,,,description,"Work description names Koramangala: ""…rinking water facilities in ward no.151 Koramangala…""",0,0,151-19-000038,https://accounts.bbmp.gov.in/vssWB/vss00CvStatusData.php?pAction=LoadPaymentGridData&pDateFrom=01-Jul-2026&pDateTo=30-Sep-2026&pBudgetHeadID=-1&pWardIDs=&pDDOID=-1&pDDOIDs=
670999,151-20-000056,000031,2024-07-31,Development works in Mestripalya park Lake and Koramangala 3rd Block in ward no 151 koramangala,151,198,ddo745  Executive Engineer Lakes Maintenance,J C PRAKASH INFRASTR,First and Final,47803681.0,44666473.0,3137208.0,000093,2026-08-01,,,description,"Work description names Koramangala: ""…ment works in Mestripalya park Lake and Koramangala 3rd Block in ward no 151 kora…""",0,0,,https://accounts.bbmp.gov.in/vssWB/vss00CvStatusData.php?pAction=LoadPaymentGridData&pDateFrom=01-Jul-2026&pDateTo=30-Sep-2026&pBudgetHeadID=-1&pWardIDs=&pDDOID=-1&pDDOIDs=
763154,173-25-000007,000007,2026-05-26,Repairs and Maintenance of BBMP NGV Quarters building in BTM Layout Constituency,173,225,ddo426  Executive Engineer B T M Layout South Zone,WISDOM ENTERPRISES,First and Final,958758.0,874061.0,84697.0,000098,2026-08-01,,,description,"Work description names Koramangala: ""…Repairs and Maintenance of BBMP NGV Quarters building in BTM Layo…""",0,0,173-25-000007,https://accounts.bbmp.gov.in/vssWB/vss00CvStatusData.php?pAction=LoadPaymentGridData&pDateFrom=01-Jul-2026&pDateTo=30-Sep-2026&pBudgetHeadID=-1&pWardIDs=&pDDOID=-1&pDDOIDs=
761947,307-23-000050,000306,2026-03-31,"Providing Consultancy services for preparation of Master Detailed Project Report For “Construction / Remodelling of Storm Water Drains including Redesigning of Bridges / Culverts under GoK grants for Primary, Secondary and Tertiary drains of Koramangala-Challaghatta Valley in Bengaluru city’’",307,dept,ddo755  Executive Engineer SWD Mahadevapura,J N PROJECTS PVT LTD,Running,866250.0,779625.0,86625.0,000129,2026-08-01,,,description,"Work description names Koramangala: ""…imary, Secondary and Tertiary drains of Koramangala-Challaghatta Valley in Bengal…""",1,0,,https://accounts.bbmp.gov.in/vssWB/vss00CvStatusData.php?pAction=LoadPaymentGridData&pDateFrom=01-Jul-2026&pDateTo=30-Sep-2026&pBudgetHeadID=-1&pWardIDs=&pDDOID=-1&pDDOIDs=
761965,307-23-000048,000002,2026-04-02,"Providing Consultancy services for preparation of Master Detailed Project Report For “Construction / Remodelling of Storm Water Drains including Redesigning of Bridges / Culverts under GoK grants for Primary, Secondary and Tertiary drains of Koramangala-Challaghatta Valley in Bengaluru city’’",307,dept,ddo755  Executive Engineer SWD Mahadevapura,J N PROJECTS PVT LTD,Running,866250.0,779625.0,86625.0,000130,2026-08-01,,,description,"Work description names Koramangala: ""…imary, Secondary and Tertiary drains of Koramangala-Challaghatta Valley in Bengal…""",1,0,,https://accounts.bbmp.gov.in/vssWB/vss00CvStatusData.php?pAction=LoadPaymentGridData&pDateFrom=01-Jul-2026&pDateTo=30-Sep-2026&pBudgetHeadID=-1&pWardIDs=&pDDOID=-1&pDDOIDs=
761967,307-23-000049,000307,2026-03-31,"Providing Consultancy services for preparation of Master Detailed Project Report For “Construction / Remodelling of Storm Water Drains including Redesigning of Bridges / Culverts under GoK grants for Primary, Secondary and Tertiary drains of Koramangala-Challaghatta Valley in Bengaluru city’’",307,dept,ddo755  Executive Engineer SWD Mahadevapura,J N PROJECTS PVT LTD,Running,1524250.0,1371825.0,152425.0,000131,2026-08-01,,,description,"Work description names Koramangala: ""…imary, Secondary and Tertiary drains of Koramangala-Challaghatta Valley in Bengal…""",1,0,,https://accounts.bbmp.gov.in/vssWB/vss00CvStatusData.php?pAction=LoadPaymentGridData&pDateFrom=01-Jul-2026&pDateTo=30-Sep-2026&pBudgetHeadID=-1&pWardIDs=&pDDOID=-1&pDDOIDs=
761953,307-23-000077,000003,2026-04-02,"Providing Consultancy services for preparation of Master Detailed Project Report For “Construction / Remodelling of Storm Water Drains including Redesigning of Bridges / Culverts under GoK grants for Primary, Secondary and Tertiary drains of Koramangala-Challaghatta Valley in Bengaluru city’’",307,dept,ddo755  Executive Engineer SWD Mahadevapura,J N PROJECTS PVT LTD,Running,1050000.0,945000.0,105000.0,000223,2026-08-20,,,description,"Work description names Koramangala: ""…imary, Secondary and Tertiary drains of Koramangala-Challaghatta Valley in Bengal…""",1,0,,https://accounts.bbmp.gov.in/vssWB/vss00CvStatusData.php?pAction=LoadPaymentGridData&pDateFrom=01-Jul-2026&pDateTo=30-Sep-2026&pBudgetHeadID=-1&pWardIDs=&pDDOID=-1&pDDOIDs=
761737,307-23-000032,000305,2026-03-31,"Providing Consultancy services for preparation of Master Detailed Project Report For “Construction / Remodelling of Storm Water Drains including Redesigning of Bridges / Culverts under GoK grants for Primary, Secondary and Tertiary drains of Koramangala-Challaghatta Valley in Bengaluru city’’",307,dept,ddo755  Executive Engineer SWD Mahadevapura,J N PROJECTS PVT LTD,Running,773500.0,696150.0,77350.0,000234,2026-08-31,,,description,"Work description names Koramangala: ""…imary, Secondary and Tertiary drains of Koramangala-Challaghatta Valley in Bengal…""",1,0,,https://accounts.bbmp.gov.in/vssWB/vss00CvStatusData.php?pAction=LoadPaymentGridData&pDateFrom=01-Jul-2026&pDateTo=30-Sep-2026&pBudgetHeadID=-1&pWardIDs=&pDDOID=-1&pDDOIDs=
767761,181-26-000011,000015,2026-06-24,"Comprehensive development of Roads, Improvements to drains, culverts, footpath and Beautification and providing Green Edge existing White topping Road in Hosur Lashkar Road, 20th Main koramangala, 6th Cross Koramangala other works in Aicoba nagara, Manjunatha Layout, Roopenanagar, Sunshine colony, HSBCS Layout, KAS Colony, Pushpa Layout, Madeena nagara, Sanjeevamma Badavane, N S Palya, MICO layout, SFHS Layout and surrounding area in ward No 180 Someshwara Temple & 181 BTM Layout of BTM Layout division",181,225,ddo426  Executive Engineer B T M Layout South Zone,M RAMESH,Running,19475380.0,18562114.0,913266.0,000160,2026-09-15,,,description,"Work description names Koramangala: ""…g Road in Hosur Lashkar Road, 20th Main koramangala, 6th Cross Koramangala other…""",0,0,181-26-000011,https://accounts.bbmp.gov.in/vssWB/vss00CvStatusData.php?pAction=LoadPaymentGridData&pDateFrom=01-Jul-2026&pDateTo=30-Sep-2026&pBudgetHeadID=-1&pWardIDs=&pDDOID=-1&pDDOIDs=
772683,174-25-000010,000043,2026-08-24,Operation and Maintenance of Street lighting System in Koramangala ward No.174 Package S-10 of South zone. (For 8 Months),174,225,ddo439  Executive Engineer Electrical Division Bomanahalli Zone,VIJAYALAKSHMI ASSOCI,Final,360508.0,338217.0,22291.0,000188,2026-09-17,,,description,"Work description names Koramangala: ""…aintenance of Street lighting System in Koramangala ward No.174 Package S-10 of S…""",1,1,174-25-000010,https://accounts.bbmp.gov.in/vssWB/vss00CvStatusData.php?pAction=LoadPaymentGridData&pDateFrom=01-Jul-2026&pDateTo=30-Sep-2026&pBudgetHeadID=-1&pWardIDs=&pDDOID=-1&pDDOIDs=
762924,177-25-000007,000005,2026-05-13,Improvements to BBMP oflice Building in Koramangala ward No. 151 Construction of Additional floors to School Building in Lakkasandra ward No. 146 and BBMP office Building in Madiwala ward No. 172 in BTM Layout Constituency (Package 02 Comprising of 4 works),177,225,ddo426  Executive Engineer B T M Layout South Zone,BALAJI CONSTRUCTIONS,Running,8200181.0,7799761.0,400420.0,000238,2026-09-24,,,description,"Work description names Koramangala: ""…Improvements to BBMP oflice Building in Koramangala ward No. 151 Construction of…""",0,0,177-25-000007,https://accounts.bbmp.gov.in/vssWB/vss00CvStatusData.php?pAction=LoadPaymentGridData&pDateFrom=01-Jul-2026&pDateTo=30-Sep-2026&pBudgetHeadID=-1&pWardIDs=&pDDOID=-1&pDDOIDs=
674875,151-20-000056,000043,2024-08-22,Providing Project Management Consultancy Services including Construction Supervision and Quality Control for the Work of Development works in Mestripalya park Lake and Koramangala 3rd Block in ward no 151 koramangala,151,198,ddo745  Executive Engineer Lakes Maintenance,VIMOS TECHNOCRATS PV,First and Final,670000.0,603000.0,67000.0,000277,2026-09-29,,,description,"Work description names Koramangala: ""…ment works in Mestripalya park Lake and Koramangala 3rd Block in ward no 151 kora…""",0,0,,https://accounts.bbmp.gov.in/vssWB/vss00CvStatusData.php?pAction=LoadPaymentGridData&pDateFrom=01-Jul-2026&pDateTo=30-Sep-2026&pBudgetHeadID=-1&pWardIDs=&pDDOID=-1&pDDOIDs=
