id,slug,title,category,location,wards,department,job_numbers,tender_numbers,status,estimated_cost,contract_value,contractor,payments_gross,n_bills,first_date,last_activity,lifecycle,link_confidence,n_signals,signal_level
1,177-25-000007,Improvements to BBMP oflice Building in Koramangala ward No. 151 Construction of Additional floors to School Building in Lakkasandra ward No. 146 and BBMP office Building in Madiwala ward No. 172 in BTM Layout Constituency (Package 02 Comprising of 4 works),Buildings & civic facilities,Lakkasandra; Madiwala,177 (225-ward map),Bruhat Bengaluru Mahanagara Palike,177-25-000007,,Running bill only (no final bill found),,,BALAJI CONSTRUCTIONS,22234118.0,2,2025-12-24,2026-09-24,2,none,1,info
2,174-25-000010,Operation and Maintenance of Street lighting System in Koramangala ward No.174 Package S-10 of South zone. (For 8 Months),Street lighting & electrical,,174 (225-ward map),Bruhat Bengaluru Mahanagara Palike,174-25-000010,BBMP/2024-25/EL/WORK_INDENT4261,Completed (final bill),2706638.74,1542177.0,VIJAYALAKSHMI ASSOCI,3492610.0,10,2025-04-29,2026-09-17,5,high,8,attention
3,181-26-000011,"Comprehensive development of Roads, Improvements to drains, culverts, footpath and Beautification and providing Green Edge existing White topping Road in Hosur Lashkar Road, 20th Main koramangala, 6th Cross Koramangala other works in Aicoba nagara, Manjunatha Layout, Roopenanagar, Sunshine colony, HSBCS Layout, KAS Colony, Pushpa Layout, Madeena nagara, Sanjeevamma Badavane, N S Palya, MICO layout, SFHS Layout and surrounding area in ward No 180 Someshwara Temple & 181 BTM Layout of BTM Layout division","Roads, drains & footpaths (combined)",20th Main; 6th Cross,181 (225-ward map),Bruhat Bengaluru Mahanagara Palike,181-26-000011,,Running bill only (no final bill found),,,M RAMESH,102854501.0,2,2026-06-16,2026-09-15,2,none,2,info
4,bwssb-2025-26-rd-work-indent3263,Work of Road restoration for the tender work of RCC NP-3 Class sewer pipeline UGD work from 1st A Cross to 2nd Main D mart Koramangala,Water supply & sewerage,1st A Cross; 2nd Main,,Bengaluru Water Supply And Sewerage Board,,BWSSB/2025-26/RD/WORK_INDENT3263,Tender awarded,15053931.33,12176009.7,CHALECHIMALA VENUGOPAL,,0,2026-02-06,2026-09-09,3,exact,0,
5,bscc-2026-27-rd-work-indent298,"Comprehensive development of roads, drains and other developmental works in Rajendranagara slum, A.K. Colony, Mestripalya Village, Koramangala Village in Block No.5, 73, 32, 74, 28 and 27 in ward No.174 Koramangala","Roads, drains & footpaths (combined)",Rajendranagara; A.K. Colony; Mestripalya,,Bengaluru South City Corporation,,BSCC/2026-27/RD/WORK_INDENT298,Tender awarded,8097051.49,8227813.27,Annavari Prakash( SRI BALAJI CONSTRUCTIONS ),,0,2026-07-08,2026-09-08,3,exact,0,
6,bscc-2026-27-rd-work-indent295,"Comprehensive development of roads drains footpath and other developmental works and surrounding area in Koramangala Sub Division in ward No. 173 (Ejipura), 174 (Koramangala) and 175 (Jakkasandra)","Roads, drains & footpaths (combined)",Ejipura; Jakkasandra,,Bengaluru South City Corporation,,BSCC/2026-27/RD/WORK_INDENT295,Tender awarded,20248664.33,20651646.57,SHIVAKUMAR R( SHREE SAI ENTERPRISES ),,0,2026-07-08,2026-09-08,3,exact,0,
7,bscc-2026-27-ow-work-indent479,"Filling of Potholes, other Improvements and maintenance works in Koramangala Sub division (ward No. 28 and 30 each ward 20.00 lakhs) roads for the year 2026-27",Roads,,,Bengaluru South City Corporation,,BSCC/2026-27/OW/WORK_INDENT479,Tender under evaluation,3383269.06,,,,0,2026-09-05,2026-09-05,2,exact,0,
8,kptcl-2025-26-ow-work-indent3242,"Providing Protection work around the 66 KV CT tower to 9 pole structure at Koramangala, Bangalore",General civic works,,,Karnataka Power Transmission Corporation Limited,,KPTCL/2025-26/OW/WORK_INDENT3242/CALL-2,Tender under evaluation,1173541.44,,,,0,2026-09-04,2026-09-04,2,exact,1,info
9,bmtc-2026-27-ow-work-indent232,"Shifting of Transformer and DG sets along with other allied works at Koramangala TTMC, Bengaluru",Street lighting & electrical,,,Bangalore Metropolitan Transport Corporation,,BMTC/2026-27/OW/WORK_INDENT232,Tender under evaluation,1863861.56,,,,0,2026-08-14,2026-08-14,2,exact,0,
10,173-25-000007,Repairs and Maintenance of BBMP NGV Quarters building in BTM Layout Constituency,Buildings & civic facilities,NGV,173 (225-ward map),Bruhat Bengaluru Mahanagara Palike,173-25-000007,,Completed (final bill),,,WISDOM ENTERPRISES,958758.0,1,2026-05-26,2026-08-01,3,none,0,
11,pwd-2026-27-bd-work-indent36810,"Providing DCCT, ACCT, CTO Chambers and Costruction of Gents and Ladies Toilet With Pantry along with electrical works for Commercial Tax Department (Enforcement), VTK-2, 4th Floor and 5th Floor and Providing ADCOM, ACCT, CTO Chambers, Renovation of Conference Hall and Costruction of Gents and Ladies Toilet With Pantry along with electrical works for Commercial Tax Department (Enforcement), VTK-2, 6th Floor at Koramangala, Bengaluru.",Buildings & civic facilities,,,Public Works Department,,PWD/2026-27/BD/WORK_INDENT36810,Tender under evaluation,63897435.56,,,,0,2026-08-01,2026-08-01,2,exact,0,
12,186-23-000005,Drilling of New Borewells and maintenance of Borewells in ward No.186 Koramangala,Water supply & sewerage,,186 (243-ward map),Bruhat Bengaluru Mahanagara Palike,186-23-000005,,Completed (final bill),,,H S HEMAVATHI,2465748.0,1,2024-05-16,2026-07-30,5,medium,4,info
13,151-19-000038,Drilling of New Borewells and Providing Pipeline for drinking water facilities in ward no.151 Koramangala,Water supply & sewerage,,151 (198-ward map),Bruhat Bengaluru Mahanagara Palike,151-19-000038,,Completed (final bill),,,Y H KRISHNA,7285489.0,1,2024-05-23,2026-07-30,4,none,4,info
14,151-21-000002,"Construction and Improvements of Multipurpose buildings, Development of Play ground and parks in BTM Layout Constituency Annexure-6 Sl No 2",Buildings & civic facilities,,151 (198-ward map),Bruhat Bengaluru Mahanagara Palike,151-21-000002,,Running bill only (no final bill found),,,DASARADHA RAMI REDDY,122405175.0,4,2023-03-31,2026-07-17,3,none,6,notice
15,174-26-000008,"Comprehensive Development of Asphalt Roads, Cobble stone Pavers, Improvements to drains, culverts and other development works in Kuduremukha Colony, 1st Block, 2nd Block (Underpass to Silk Board Junction), 3rd Block, 4th Block, 6th Block of Koramangala and surrounding area of ward No 174 (Old No 151) of BTM layout Division","Roads, drains & footpaths (combined)",Kuduremukha Colony; 1st Block; 2nd Block; 3rd Block; 4th Block; 6th Block,174 (225-ward map),Bruhat Bengaluru Mahanagara Palike,174-26-000008,BBMP/2025-26/OW/WORK_INDENT7215,Running bill only (no final bill found),119850622.51,123849219.0,M RAMESH,109126566.0,2,2026-01-27,2026-07-13,4,high,2,info
16,186-23-000009,"Construction and improvements to drains, culverts in ward no.186 Koramangala",Drains & storm-water,,186 (243-ward map),Bruhat Bengaluru Mahanagara Palike,186-23-000009,,Completed (final bill),,,S S CONSTRUCTIONS,2819453.0,1,2024-06-01,2026-07-09,4,none,2,info
17,151-22-000003,Annual Maintenance of Borewells and Water supply lines in ward Jurisiction in ward No.151,Water supply & sewerage,,151 (198-ward map),Bruhat Bengaluru Mahanagara Palike,151-22-000003,,Completed (final bill),,,Y H KRISHNA,1988747.0,1,2025-02-03,2026-07-09,3,none,3,info
18,148-23-000002,"Improvements to Drains, Culverts and Providing New Shoulder Drains and Construction of Rainwater Harvesting pits in MM Garden and Indira Gandhi Slum and NGV back side flood affected area in ward No. 148 Ejipura",Drains & storm-water,NGV; Ejipura,148 (243-ward map),Bruhat Bengaluru Mahanagara Palike,148-23-000002,,Completed (final bill),,,Mr Manjesh M,1550936.0,1,2023-07-06,2026-06-29,4,none,1,info
19,174-25-000008,"Comprehensive Developmental works to Parks, Roads, Drains, Footpath, Asphalting to Bad Roads and Construction of Additional Floor to Hospital Building in S G Palya in Ward No 147, 148, 151, 152, 172, 173 and 176 (Comprising of 16 works Package 01)","Roads, drains & footpaths (combined)",,174 (225-ward map),Bruhat Bengaluru Mahanagara Palike,174-25-000008,,Running bill only (no final bill found),,,LOKESH R,161172720.0,1,2025-10-31,2026-06-23,2,none,1,info
20,186-23-000006,Maintenance of BBMP Building and Anganavadi Kendra in ward no.186 Koramangala,Buildings & civic facilities,,186 (243-ward map),Bruhat Bengaluru Mahanagara Palike,186-23-000006,,Completed (final bill),,,SHREE SAI ENTERPRISE,2597374.0,1,2024-06-21,2026-06-23,5,medium,2,info
21,rdpr-2025-26-ow-work-indent25500,"Construction of Textile Recycling Unit at Koramangala BBMP Ward No. 151, BTM Layout Assembly Constituency, Bangalore. Under MLA Grants",Solid waste infrastructure,,,Rural Development and Panchayat Raj Department,,RDPR/2025-26/OW/WORK_INDENT25500,Tender awarded,3299272.03,3299264.03,PAVAN S REDDY( Pavan Srinivas Reddy ),,0,2026-05-19,2026-06-22,3,exact,1,info
22,kptcl-2025-26-el-work-indent2788,"Providing new 11kV C&R Panel & Integration of C&R at 220/66/11kV GIS Koramangala and 66/11kV Adugodi Substations pertaining to Operation Division HSR Layout in the jurisdiction of Transmission (Operation) South Circle, Bengaluru on total turnkey percentage tender basis",Street lighting & electrical,Adugodi,,Karnataka Power Transmission Corporation Limited,,KPTCL/2025-26/EL/WORK_INDENT2788/CALL-2,Tender under evaluation,5759353.0,,,,0,2026-06-15,2026-06-15,2,exact,1,info
23,174-25-000013,"Filling of potholes in ward No. 173, 174 and 175 in Koramangala Sub Division",Roads,,174 (225-ward map),Bruhat Bengaluru Mahanagara Palike,174-25-000013,BBMP/2024-25/RD/WORK_INDENT6356,Running bill only (no final bill found),3809863.81,3803634.16,M RAMESH,2953183.0,1,2026-01-29,2026-05-28,4,high,2,notice
24,176-24-000003,"Over all development and improvements of road side drains, Culvert, Footpath and Cobble paver roads in Rajendranagara slum (Western Side), A.K. Colony, 5th Block Bislery Slum, 13th B Cross road Venkatapura, Siddartha Colony 2nd block Koramangala in ward No.176 Adugodi and ward No.175 Jakkasandra","Roads, drains & footpaths (combined)",Rajendranagara; A.K. Colony; 5th Block; 13th B Cross Road; Venkatapura; 2nd Block Koramangala,176 (225-ward map),Bruhat Bengaluru Mahanagara Palike,176-24-000003,,Completed (final bill),,6443040.0,Y H KRISHNA,6311340.0,2,2025-07-22,2026-05-18,4,none,2,info
25,174-25-000007,Repairs to BBMP Koramangala Nursery School in new ward no 174 (Old ward no 151) BTM Layout Constituency.,Buildings & civic facilities,,174 (225-ward map),Bruhat Bengaluru Mahanagara Palike,174-25-000007,BBMP/2024-25/BD/WORK_INDENT4462,Completed (final bill),845139.24,815556.97,Mr VARALA SWAMY,960600.0,1,2026-03-25,2026-05-13,5,high,2,notice
26,rdpr-2025-26-bd-work-indent25805,"Construction and Procurement for Training Center at SWM in Koramangala, Ward No. 151, BTM Layout Assembly Constituency. Under MLA Grants",Solid waste infrastructure,,,Rural Development and Panchayat Raj Department,,RDPR/2025-26/BD/WORK_INDENT25805,Tender awarded,3375306.57,3375306.58,PAVAN S REDDY( Pavan Srinivas Reddy ),,0,2026-03-26,2026-04-28,3,exact,1,info
27,bscc-2025-26-ow-work-indent20,"Construction of ESI Hospitals, BBMP Office Building at Koramangala 5th Block, Ambedkar Samudhaya Bhavana and Additional Improvements to Samudhaya Bhavana and Improvements to Roads, drains, Footpath and over all developments at ward No. 177, 178, 179, 180 and surrounding works in BTM Layout Constituency (Package No. 03)","Roads, drains & footpaths (combined)",Koramangala 5th Block,,Bengaluru South City Corporation,,BSCC/2025-26/OW/WORK_INDENT20,Tender awarded,102954087.07,107061955.34,HITESH KUMAR S( Awika Constructions ),,0,2025-12-01,2026-04-22,3,exact,1,info
28,307-23-000079,"Construction/Remodelling of primary, secondary drains, culverts/bridges & all other allied works of SWD spread out at various locations in Shanthinagar assembly constituency in Kormanagala valley under GoK grants 2022-23 Package-5 (Action plan numbers 191,192 &193).",Drains & storm-water,,,Bruhat Bengaluru Mahanagara Palike,307-23-000079,,Completed (final bill),,,ALFATH TRADING AND,40827784.0,3,2024-01-12,2026-04-13,4,none,3,notice
29,186-23-000011,Maintenance of Footpath and other Improvement works in ward No.186 Koramangala,Footpaths & pedestrian,,186 (243-ward map),Bruhat Bengaluru Mahanagara Palike,186-23-000011,,Completed (final bill),,,SIDDARAJUG,2939041.0,1,2023-12-08,2026-04-09,5,high,2,info
30,186-23-000001,"Comprehensive Balance Development & Improvements to Multipurpose Building & Construction of Kitchen in Tank Bund Road, Tavarekere, additional improvements to Kuvempu Park Multipurpose Building & other Improvements to Parks & Playground in BTM Layout Assmebly Constituency (Package 10)",Buildings & civic facilities,Tavarekere,186 (243-ward map),Bruhat Bengaluru Mahanagara Palike,186-23-000001,,Completed (final bill),,138213434.0,DASARADHA RAMI REDDY,156258600.0,5,2024-05-16,2026-04-08,5,none,6,notice
31,151-17-000099,"Constrcution of Govt.School and multi purpose building in Mestry palya, 4th B block Koramangala in ward No.151",Buildings & civic facilities,4th B Block Koramangala,151 (198-ward map),Bruhat Bengaluru Mahanagara Palike,151-17-000099,,Completed (final bill),,12983103.0,T GOPINATH REDDY,13567114.0,2,2023-01-07,2026-03-10,5,none,4,notice
32,174-24-000005,"Over all development and improvements of road side drains, Culvert, Footpath and Cobble paver roads in Rajendranagara slum (Eastern Side), A.K. Colony, Mestripalya Village, Koramangala Village in ward No.174 Koramangala","Roads, drains & footpaths (combined)",Rajendranagara; A.K. Colony; Mestripalya,174 (225-ward map),Bruhat Bengaluru Mahanagara Palike,174-24-000005,,Completed (final bill),,6635453.0,VINAY KUMAR V H,7827109.0,2,2024-11-13,2026-02-24,4,none,1,info
33,186-23-000002,Providing cobble stone pavers to roads in Kathalipalya and surrounding area in ward no.186 Koramangala,Roads,Kathalipalya,186 (243-ward map),Bruhat Bengaluru Mahanagara Palike,186-23-000002,,Completed (final bill),,3362723.0,AFZALPASHA,3880390.0,1,2023-12-26,2026-02-18,6,high,2,info
34,174-24-000001,"Providing pothole filling to Koramangala Sub Division roads, BTM Layout Constituency for the year 2023-24",Roads,,174 (225-ward map),Bruhat Bengaluru Mahanagara Palike,174-24-000001,,Completed (final bill),,5070746.0,M RAMESH,5983483.0,2,2024-10-30,2026-02-03,4,none,1,info
35,174-25-000012,"Comprehensive Development and Improvements to roads and drains in ward No 147 Adugodi, 148 Ejipura, 151 Koramangala and 173 Jakkasandra in BTM Layout Assembly Constituency Package No. 02 (9 works)","Roads, drains & footpaths (combined)",Adugodi; Ejipura; Jakkasandra,174 (225-ward map),Bruhat Bengaluru Mahanagara Palike,174-25-000012,BBMP/2024-25/OW/WORK_INDENT3825,Running bill only (no final bill found),87209415.11,91523486.0,M RAMESH,78770183.0,1,2025-05-06,2026-01-14,4,high,1,info
36,bwssb-2025-26-wt-work-indent2527,"Work of Design construction, commissioning of 20 MLD STP based on Integrated fixed Film Activated sludge (IFAS) with BNR, with Tertiary Treatment and odour control units at Koramangala including Operation and Maintenance of 7 years.(Turnkey contract).",Water supply & sewerage,,,Bengaluru Water Supply And Sewerage Board,,BWSSB/2025-26/WT/WORK_INDENT2527/CALL-2,Tender under evaluation,736000000.0,,,,0,2026-01-14,2026-01-14,2,exact,1,info
37,rdpr-2025-26-ow-work-indent19147,"Construction of Truss work at SWM Units near Waste Processing Unit, 05th Block, Koramangala, Ward No. 151, BTM Assembly Constituency, Bangalore. Under MLA Grants",Solid waste infrastructure,"05th Block, Koramangala",,Rural Development and Panchayat Raj Department,,RDPR/2025-26/OW/WORK_INDENT19147,Tender awarded,2114672.46,2027970.91,PAVAN S REDDY( Pavan Srinivas Reddy ),,0,2025-09-22,2026-01-06,3,exact,1,info
38,bbmp-2025-26-ow-work-indent7214,"Comprehensive development of Roads, Improvements to drains, culverts, footpath and Beautification and providing Green Edge existing White topping Road in Hosur Lashkar Road, 20th Main koramangala, 6th Cross Koramangala other works in Aicoba nagara, Manjunatha Layout, Roopenanagar, Sunshine colony, HSBCS Layout, KAS Colony, Pushpa Layout, Madeena nagara, Sanjeevamma Badavane, N S Palya, MICO layout, SFHS Layout and surrounding areain wardNo180SomeshwaraTemple& 181BTM Layout of BTM Layout Division","Roads, drains & footpaths (combined)",20th Main; 6th Cross,,Bruhat Bengaluru Mahanagara Palike,,BBMP/2025-26/OW/WORK_INDENT7214,Tender awarded,159801674.77,166988023.54,M RAMESH,,0,2025-05-03,2025-12-24,3,exact,2,info
39,151-19-000032,Improvements to CC Roads in ward no. 151 Koramangala,Roads,,151 (198-ward map),Bruhat Bengaluru Mahanagara Palike,151-19-000032,,Completed (final bill),,,SREEDHARA.K.C,2324500.0,1,2023-07-20,2025-12-05,4,none,4,info
40,151-20-000071,"Providing rain water harvesting at 1st Block, 6th Block and Koramangala surrounding area in ward no 151 Koramangala",General civic works,1st Block; 6th Block,151 (198-ward map),Bruhat Bengaluru Mahanagara Palike,151-20-000071,,Completed (final bill),,3494257.0,SREEDHARA.K.C,3896887.0,1,2023-07-20,2025-12-05,5,none,2,info
41,186-23-000007,Construction of RCC box drain in ward no. 186 koramangala,Drains & storm-water,,186 (243-ward map),Bruhat Bengaluru Mahanagara Palike,186-23-000007,,Completed (final bill),,3251597.0,SREEDHARA.K.C,3836034.0,1,2023-06-28,2025-12-05,6,high,2,info
42,151-20-000102,"Construction of gallery repairs of Rangamandira and other improvements in Cartman park, 6th block and in surrounding parks in ward no 151",Parks & playgrounds,6th Block,151 (198-ward map),Bruhat Bengaluru Mahanagara Palike,151-20-000102,,Running bill only (no final bill found),,8619062.0,AWIKA CONSTRUCTIONS,6840600.0,1,2023-05-25,2025-12-02,4,none,3,info
43,bwssb-2024-25-ws-work-indent1680,"Tender for the work of replacement of 100mm dia CI line by 100mm dia DI water supply pipe line to reduce UFW and to improve water supply facilities to 4th block, Koramangala-2 coming under Koramangala service station of AEESE-5 sub division",Water supply & sewerage,"4th Block, Koramangala",,Bengaluru Water Supply And Sewerage Board,,BWSSB/2024-25/WS/WORK_INDENT1680/CALL-3,Tender awarded,32020044.0,32659107.0,VENKATAPPA( SRI VENKATESHWARA ENGINEERING WORK ),,0,2024-12-30,2025-10-28,3,exact,4,notice
44,147-20-000061,"Asphalting of Roads, Improvements to Roads, construction of box drain, footpath and other development works in Koramangala 8th Block, Balappa layout Devegowda layout 7th block and 8th Block 2nd C main 2nd D main Mallappa reddy layout, Ejipura and surrounding areas, NGV roads and surrounding areas in ward no 147 and 148 ( sl nos. 45, 46, 47, 48, 49, 50, 52,53,54, 55, 56, 57,69) Old Annexure-2 New Sl No 45","Roads, drains & footpaths (combined)",Koramangala 8th Block; 7th Block; 8th Block; 2nd C Main; 2nd D Main; Ejipura,147 (198-ward map),Bruhat Bengaluru Mahanagara Palike,147-20-000061,,Completed (final bill),,,LOKESH R,82760898.0,5,2022-10-21,2025-10-27,4,none,4,notice
45,148-23-000003,"Comprehensive Development and Improvements to footpath, Construction of RCC Drains, Culvert, Providing Cobble stone pavers at 2nd, 2nd A main road, 8th Block Koramangala, CAR Quatress in Adugodi, 7th A, 7th Cross ST Bed 1st Main road Indiragandhi Colony, JJ Church road, Sadappa house road, Rangappa Garden, Nadugadda, MM Garden, Sreenivagilu, Ayyappa Temple backside, NGV in Ejipura. 100 feet road to 17th E main road 6th block Koramangala Mestripalya, Yellamma Temple, Teachers Colony, 1st & 2nd main road, BBMP play ground at Jakkasandra and Construction of Additional Floor to Samudhaya Bhavana beside Karumariyamma temple rajendranagar, Kempegowda Samudaya Bhavana, Auditorium construction, CAR Quatress, Gandhi colony Building, Samudhaya Bhavana in Jakkasandra Extenction, Mestripalya multy purpose building and other development works in ward No. 147, 148, 151 and 173 (Package No. 04)","Roads, drains & footpaths (combined)",2nd A Main Road; 8th Block Koramangala; Adugodi; 7th Cross; ST BED; 1st Main Road,148 (198-ward map),Bruhat Bengaluru Mahanagara Palike,148-23-000003,,Completed (final bill),,176719811.0,RAMACHANDRA RAJU K,197406706.0,7,2023-02-15,2025-10-27,5,none,4,notice
46,148-20-000026,Improvements to roads and drains in NGV and surrounding areas in ward No. 148 Ejipura,"Roads, drains & footpaths (combined)",NGV; Ejipura,148 (198-ward map),Bruhat Bengaluru Mahanagara Palike,148-20-000026,,Completed (final bill),,9229303.0,AWIKA CONSTRUCTIONS,10247310.0,1,2023-11-09,2025-10-27,5,none,3,info
47,174-24-000004,"Comprehensive Development and Construction of RCC Box Drains, Culvert, Cobble stone pavers and Footpath improvements and other Development works at 1st D Main road, Shastrinagar Cross roads, 7th Block Koramangala, 3rd Cross, 4th cross and 5th Cross Balappa layout and other surrounding area in ward No.147 Adugodi and 1st Block, 3rd Block, 5th Block and 8th Block Koramangala, Village and Surrounding area in ward No. 151 Koramangala (Package:4 Total-8 Works)","Roads, drains & footpaths (combined)",1st D Main Road; 7th Block Koramangala; 3rd Cross; 4th Cross; 5th Cross; Adugodi,174 (225-ward map),Bruhat Bengaluru Mahanagara Palike,174-24-000004,,Completed (final bill),,63838039.0,RAMACHANDRA RAJU K,75007961.0,2,2024-12-30,2025-10-27,4,none,1,info
48,bbmp-2025-26-ow-work-indent7618,Desilting and Improvements to Drain in cross and Main roads and other development works in 5th Block Koramangala and Surrounding area in Ward No.176 Adugodi,"Roads, drains & footpaths (combined)",5th Block Koramangala; Adugodi,,Bruhat Bengaluru Mahanagara Palike,,BBMP/2025-26/OW/WORK_INDENT7618,Tender awarded,5507723.24,5661968.29,VIJAY HUDGE VINAY KUMAR,,0,2025-06-06,2025-09-09,3,exact,1,info
49,bwssb-2024-25-ws-work-indent1396,"Tender for the work of providing and laying of 150mm and 100mm dia DI water supply pipe line at Patalamma temple street, Basavana temple street, Balappa layout, Adugodi coming under Koramangala-1 service station of AEESE-5 sub division",Water supply & sewerage,Adugodi,,Bengaluru Water Supply And Sewerage Board,,BWSSB/2024-25/WS/WORK_INDENT1396,Tender awarded,20996191.0,21829777.77,PUNEETH V( NEELIMEGHA ENTERPRISES ),,0,2024-10-13,2025-09-08,3,exact,1,notice
50,bbmp-2025-26-ow-work-indent7575,Desilting and Improvements to Drain in cross and Main roads and other development works in 1st Block Jakksandra Extension and EWS area in Ward No.174 Koramangala,"Roads, drains & footpaths (combined)",1st Block; EWS,,Bruhat Bengaluru Mahanagara Palike,,BBMP/2025-26/OW/WORK_INDENT7575,Tender awarded,2032915.57,1804740.6,PAMPAPATHI V,,0,2025-06-06,2025-09-02,3,exact,1,info
51,bbmp-2025-26-ow-work-indent7580,"Improvements to roads, drains and Footpath in 7th Blcok and 8th Block Koramangala in ward No.176 Adugodi","Roads, drains & footpaths (combined)",8th Block Koramangala; Adugodi,,Bruhat Bengaluru Mahanagara Palike,,BBMP/2025-26/OW/WORK_INDENT7580,Tender awarded,4235753.79,4113803.18,GIRISH NAIDU KRISHNAM( GIRISH AND CO ),,0,2025-06-06,2025-09-02,3,exact,1,info
52,bbmp-2025-26-ow-work-indent7614,Desilting and Improvements to Drain in cross and Main roads and other development works in 6th Block Koramangala and Surrounding area in Ward No.174 Koramangala,"Roads, drains & footpaths (combined)",6th Block Koramangala,,Bruhat Bengaluru Mahanagara Palike,,BBMP/2025-26/OW/WORK_INDENT7614,Tender awarded,6354444.89,5681203.62,R M RAVI,,0,2025-06-06,2025-09-02,3,exact,1,info
53,bbmp-2024-25-ow-work-indent3612,Construction of Compound Wall to defence land including consortium coil barbed wire fencing from Lower Agaram road to Koramangala Inner ring road- Package - 3,Buildings & civic facilities,Inner Ring Road,,Bruhat Bengaluru Mahanagara Palike,,BBMP/2024-25/OW/WORK_INDENT3612/CALL-2,Tender awarded,84999999.99,72800668.13,K Venkata Raju,,0,2024-10-01,2025-08-30,3,exact,1,info
54,bbmp-2025-26-ow-work-indent7541,Providing New street name boards and Stickering to Existing name boards in ward No 174 Koramangala,Roads,,,Bruhat Bengaluru Mahanagara Palike,,BBMP/2025-26/OW/WORK_INDENT7541,Tender awarded,852892.51,681490.94,PUSHPARAJ C,,0,2025-06-05,2025-08-21,3,exact,0,
55,bbmp-2025-26-ow-work-indent7579,Desilting and Improvements to Drain in cross and Main roads and other development works in 7th Block Koramangala and Surrounding area in Ward No.176 Adugodi,"Roads, drains & footpaths (combined)",7th Block Koramangala; Adugodi,,Bruhat Bengaluru Mahanagara Palike,,BBMP/2025-26/OW/WORK_INDENT7579,Tender awarded,2032935.48,2032880.83,Adi Narayanaswamy G M( S V ENTERPRISES . ),,0,2025-06-06,2025-08-21,3,exact,2,notice
56,186-23-000010,Maintenance of Burial Ground in ward no.186 Koramangala,Buildings & civic facilities,,186 (243-ward map),Bruhat Bengaluru Mahanagara Palike,186-23-000010,,Completed (final bill),,761129.0,GIRIRAJ S,884719.0,1,2023-07-10,2025-08-19,6,high,1,info
57,186-23-000008,"Improvements to drains & culverts at S T Bed layout, NGV & surrounding area in ward.186 Koramangala",Drains & storm-water,S T BED; NGV,186 (243-ward map),Bruhat Bengaluru Mahanagara Palike,186-23-000008,,Completed (final bill),,2494858.0,GOLDEN CONSTRUCTIONS,2943725.0,1,2023-07-17,2025-08-19,6,medium,1,info
58,bbmp-2025-26-ow-work-indent7577,"Desilting of drain, Restoration of Damaged cobble stone roads and other developmental works in Mestripalya, kathalipalya, SBI Colony in ward No.174 Koramangala","Roads, drains & footpaths (combined)",Mestripalya; Kathalipalya,,Bruhat Bengaluru Mahanagara Palike,,BBMP/2025-26/OW/WORK_INDENT7577,Tender awarded,2033903.96,1967199.16,ANJANAPPA NAGARAJ,,0,2025-06-06,2025-08-19,3,exact,0,
59,151-20-000112,"Providing Asphalting providing new cobble pavers and other improvement works to roads in Kormangala 4th Block 4th C Block 4th B Block 1st Block 2nd Block 3rd Block 5th Block J Block 6th Block 17th A Main Kuduremukh colony Siddartha colony and surrounding areas in ward no 151 Old Annexure-2 New Sl No 58,59,60,61, 62,63,64,65,66,67, 68",Roads,Kormangala 4th Block; 4th C Block; 4th B Block; 1st Block; 2nd Block; 3rd Block,151 (198-ward map),Bruhat Bengaluru Mahanagara Palike,151-20-000112,,Completed (final bill),,,M RAMESH,96119032.0,4,2022-05-21,2025-08-14,4,none,2,notice
60,151-19-000063,"Comprehensive Development of road side drains, footpath and concreting including culverts to selected main and other connecting roads in ward no 151 173 147 of BTM Layout Division in South Zone Package No.8 (No of Works9)","Roads, drains & footpaths (combined)",,151 (198-ward map),Bruhat Bengaluru Mahanagara Palike,151-19-000063,,Completed (final bill),,,M RAMESH,115732662.0,3,2023-07-13,2025-08-14,4,none,5,notice
61,bbmp-2025-26-ow-work-indent7576,Desilting and Improvements to Drain in cross and Main roads and other development works in 3rd Block Jakksandra Block and EWS area in Ward No.174 Koramangala,"Roads, drains & footpaths (combined)",3rd Block; EWS,,Bruhat Bengaluru Mahanagara Palike,,BBMP/2025-26/OW/WORK_INDENT7576,Tender awarded,4236354.91,3982180.47,SURESH K M,,0,2025-06-06,2025-08-14,3,exact,1,info
62,151-18-000076,Improvements to drains and Footpath of Sarjapura main road towards Jakkasandra Extension in ward no 151 Koramangala,"Roads, drains & footpaths (combined)",Jakkasandra Extension,151 (198-ward map),Bruhat Bengaluru Mahanagara Palike,151-18-000076,,Completed (final bill),,,SREEDHARA.K.C,1999296.0,1,2023-07-20,2025-08-10,4,none,2,info
63,151-18-000063,Providing flagging coarse to drains and improvements of footpath in 6th Block in ward no 151 (Koramangala),"Roads, drains & footpaths (combined)",6th Block,151 (198-ward map),Bruhat Bengaluru Mahanagara Palike,151-18-000063,,Completed (final bill),,,SREEDHARA.K.C,1858227.0,1,2023-07-20,2025-08-10,4,none,4,info
64,174-24-000002,"Maintenance of Roads, drains and footpath work in Ward No-151 Koramangala for the year 2023-24.","Roads, drains & footpaths (combined)",,174 (225-ward map),Bruhat Bengaluru Mahanagara Palike,174-24-000002,BBMP/2023-24/OW/WORK_INDENT259/CALL-3,Completed (final bill),5060293.98,5060287.0,SREEDHARA.K.C,5490072.0,1,2025-05-22,2025-08-08,5,high,4,notice
65,151-18-000020,Providing additional facilities like furnitures and partitions to Community Buildings in Ward No 151 Koramangala,Buildings & civic facilities,,151 (198-ward map),Bruhat Bengaluru Mahanagara Palike,151-18-000020,,Completed (final bill),,,ANNAPPAP,1202688.0,1,2025-05-27,2025-07-09,3,none,2,info
66,ksphidcl-2023-24-bd-work-indent69,"CONSTRUCTION OF 72 PC QUARTERS FOR 3RD BATTALION (48 PC) & 4TH BATTALION (24 PC) KSRP AT KORAMANGALA, BANGALORE IN BANGALORE URBAN DISTRICT UNDER POLICE GRUHA 2025 (PHASE-4) SCHEME PACKAGE No.32 ON LUMP SUM TURNKEY BASIS - CONVENTIONAL METHOD OF CONSTRUCTION (FRAMED STRUCTURE)",Buildings & civic facilities,,,Karnataka State Police Housing and Infrastructure Development Corporation Limited,,KSPHIDCL/2023-24/BD/WORK_INDENT69,Tender awarded,189892192.0,189600000.0,Singe gowda rathna ravi,,0,2024-02-08,2025-07-03,3,exact,0,
67,304-17-000105,"Construction of Elevated corridor by integrating Ejipura main road-Inner Ring Road junction, Sony World junction and Kendriya Sadana junction along 100ft. Inner Ring Road, Koramangala, Bangalore.","Junctions, flyovers & grade separators",Ejipura; Inner Ring Road,,Bruhat Bengaluru Mahanagara Palike,304-17-000105,BBMP/2013-14/FL/WORK_INDENT12384/CALL-2,Running bill only (no final bill found),1576600000.0,1761100000.0,M/s Simplex Infrastructures Limited,1606677200.0,25,2017-05-04,2025-07-01,5,medium,8,notice
68,151-22-000005,Operation and Maintenance of Street Lighting System in ward no 151 and 173 Package S-10 of South Zone,Street lighting & electrical,,151 (198-ward map),Bruhat Bengaluru Mahanagara Palike,151-22-000005,,Completed (final bill),,,VIJAYALAKSHMI ASSOCI,18910708.0,25,2022-03-30,2025-05-26,5,none,7,notice
69,bwssb-2024-25-ws-work-indent1398,"Tender for the work of providing and laying of 150mm dia and 100mm dia DI water supply pipe line at 7th block, Koramangala coming under Koramangala-1 service station of AEESE-5 sub division",Water supply & sewerage,"7th Block, Koramangala",,Bengaluru Water Supply And Sewerage Board,,BWSSB/2024-25/WS/WORK_INDENT1398/CALL-3,Tender awarded,15759789.3,16424467.3,VENKATAPPA VENKATESHAIAH (1)( MATHRU SHREE ENGINEERING WORKS ),,0,2024-12-30,2025-04-17,3,exact,3,notice
70,bwssb-2024-25-ws-work-indent1678,"Tender for the work of replacement of 100mm dia CI line by 100mm dia DI water supply pipe line to reduce UFW and to provide feeder line of 200mm dia and 150mm dia to improve water supply facilities to 3rd block, Koramangala coming under Koramangala-2 service station of AEESE-5 sub division",Water supply & sewerage,"3rd Block, Koramangala",,Bengaluru Water Supply And Sewerage Board,,BWSSB/2024-25/WS/WORK_INDENT1678/CALL-3,Tender awarded,35996291.75,37518580.35,VENKATAPPA VENKATESHAIAH (1)( MATHRU SHREE ENGINEERING WORKS ),,0,2024-12-30,2025-04-17,3,exact,5,notice
71,bbmp-2024-25-ow-work-indent6183,"Comprehensive Developments of Roads, Drains, Parks and providing Cobble Stone in 14th Cross, 15th Cross, 16th Cross, 17th Cross and 18th Cross roads, 2nd D Main road, 8th Block 1st C Main road, 1st B Main, 1st B cross road and 1st A Cross road in 7th Block Koramangala in Ward No 173 Ejipura and Ward No 176 Adugodi","Roads, drains & footpaths (combined)",14th Cross; 15th Cross; 16th Cross; 17th Cross; 18th Cross Road; 2nd D Main Road,,Bruhat Bengaluru Mahanagara Palike,,BBMP/2024-25/OW/WORK_INDENT6183,Tender awarded,15978267.84,16745021.54,NANDISH GOWDA G R,,0,2025-01-13,2025-04-09,3,exact,0,
72,bbmp-2024-25-ow-work-indent3317,Improvements to BBMP office Building in Koramangala ward No. 151 Construction of Additional floors to School Building in Lakkasandra ward No. 146 and BBMP office Building in Madiwala ward No. 172 in BTM Layout Constituency (Package 02 Comprising of 4 works),Buildings & civic facilities,Lakkasandra; Madiwala,,Bruhat Bengaluru Mahanagara Palike,,BBMP/2024-25/OW/WORK_INDENT3317,Tender awarded,57064285.07,59615685.12,RAMAREDDY PEDDAPPA REDDY MAHESHKUMAR (1)( BALAJI CONSTRUCTIONS ),,0,2024-06-21,2025-04-02,3,exact,1,info
73,bbmp-2024-25-ow-work-indent6185,"Comprehensive Developments of Roads, Drains, Parks and Footpaths in 2nd Cross 3rd Block Koramangala, 3rd Cross road, 7th Cross and 6th Cross and Providing Chain link fencing to BBMP Park beside Tax Office Jakkasandra in Ward No 174 Koramangal and Ward No 175 Jakkasandra","Roads, drains & footpaths (combined)",2nd Cross; 3rd Block Koramangala; 3rd Cross Road; 7th Cross; 6th Cross; Jakkasandra,,Bruhat Bengaluru Mahanagara Palike,,BBMP/2024-25/OW/WORK_INDENT6185,Tender awarded,19972790.27,20961479.3,SHIVAKUMAR R( SHREE SAI ENTERPRISES ),,0,2025-01-13,2025-03-28,3,exact,1,info
74,bbmp-2023-24-ow-work-indent1024,Maintenance of Horticulture Works in Koramangala Ward Parks (Ward No 174),Parks & playgrounds,,,Bruhat Bengaluru Mahanagara Palike,,BBMP/2023-24/OW/WORK_INDENT1024,Tender awarded,5947145.64,4145492.17,KESHAVA MURTHY V( SRI LAKSHMI VENKATESHWAR ENTERPRISES ),,0,2023-12-16,2025-02-18,3,exact,3,notice
75,bbmp-2024-25-ow-work-indent4303,Improvements and Construction of Culverts in Koramangala Ward Jurisdiction in ward No. 173 (Old No.148) Ejipura,Drains & storm-water,Ejipura,,Bruhat Bengaluru Mahanagara Palike,,BBMP/2024-25/OW/WORK_INDENT4303,Tender awarded,1270138.4,1081231.63,Lakshmana H,,0,2024-10-10,2025-01-28,3,exact,2,info
76,bbmp-2024-25-ow-work-indent4331,Improvements to Roads side Drains and Roads and Other Developmental Works in 1st Block Jakkasandra Extension and Surrounding Roads in ward No. 174 (Old No.151) Koramangala,"Roads, drains & footpaths (combined)",1st Block; Jakkasandra Extension,,Bruhat Bengaluru Mahanagara Palike,,BBMP/2024-25/OW/WORK_INDENT4331,Tender awarded,2118531.52,1987317.5,SURESH K M,,0,2024-10-10,2025-01-27,3,exact,1,info
77,bbmp-2024-25-ow-work-indent4336,Improvements to Roads side Drains and Roads and Other Developmental Works in 7th Block Koramangala in ward No. 176 (Old No.147) Adugodi,"Roads, drains & footpaths (combined)",7th Block Koramangala; Adugodi,,Bruhat Bengaluru Mahanagara Palike,,BBMP/2024-25/OW/WORK_INDENT4336,Tender awarded,2118062.13,1951533.15,K C Sreedhara,,0,2024-10-10,2025-01-22,3,exact,4,notice
78,bbmp-2024-25-ow-work-indent4335,Improvements & Development of Roads and Drains in 8th Block Koramangala and Surrounding roads in ward No. 176 (Old No.147) Adugodi,"Roads, drains & footpaths (combined)",8th Block Koramangala; Adugodi,,Bruhat Bengaluru Mahanagara Palike,,BBMP/2024-25/OW/WORK_INDENT4335,Tender awarded,2965680.4,2695345.68,K C Sreedhara,,0,2024-10-10,2025-01-22,3,exact,3,info
79,bbmp-2024-25-ow-work-indent4330,"Providing and Restoration of Existing Damaged Cobble stone pavers roads, Footpath and other development works in Koramangala village, Mestripalya, kathaliypalya and surrounding area in ward No. 174 (Old No.151) Koramangala","Roads, drains & footpaths (combined)",Mestripalya,,Bruhat Bengaluru Mahanagara Palike,,BBMP/2024-25/OW/WORK_INDENT4330,Tender awarded,3389184.85,3072013.75,K C Sreedhara,,0,2024-10-10,2025-01-22,3,exact,3,info
80,bbmp-2024-25-ow-work-indent4329,Improvements to Drains in Koramangala Cross and Main roads in ward No. 174 (Old No.151) Koramangala,"Roads, drains & footpaths (combined)",,,Bruhat Bengaluru Mahanagara Palike,,BBMP/2024-25/OW/WORK_INDENT4329,Tender awarded,2118127.38,1819369.5,K C Sreedhara,,0,2024-10-10,2025-01-22,3,exact,3,info
81,bbmp-2024-25-ow-work-indent4305,Providing new Street Name Board and Stickering to Existing name board & other works in ward No.174 (Old No.151) Koramangala,Roads,,,Bruhat Bengaluru Mahanagara Palike,,BBMP/2024-25/OW/WORK_INDENT4305,Tender awarded,1716448.78,1447615.12,R M RAVI,,0,2024-10-10,2025-01-20,3,exact,2,info
82,bbmp-2024-25-ow-work-indent4307,Improvements and Construction of Culverts in Koramangala Ward Jurisdiction in ward No. 174 (Old No.151) Koramangala,Drains & storm-water,,,Bruhat Bengaluru Mahanagara Palike,,BBMP/2024-25/OW/WORK_INDENT4307,Tender awarded,1271055.84,1105818.92,ASHWIN SANGAM MANJUNATHA( ADITI ENTERPRISES ),,0,2024-10-10,2025-01-16,3,exact,2,info
83,bwssb-2024-25-ws-work-indent1682,"Tender for the work of replacement of 100mm dia CI line by 100mm dia DI water supply pipe line to reduce UFW and to provide feeder line of 200mm dia and 150mm dia to improve water supply facilities to ST Bed, Koramangala coming under Koramangala-2 service station of AEESE-5 sub division",Water supply & sewerage,ST BED,,Bengaluru Water Supply And Sewerage Board,,BWSSB/2024-25/WS/WORK_INDENT1682/CALL-2,Tender awarded,,33261777.77,VENKATAPPA( SRI VENKATESHWARA ENGINEERING WORK ),,0,2024-11-29,2024-11-29,3,exact,5,notice
84,bwssb-2024-25-ws-work-indent927,"Tender for the work of replacement of 230mm dia SW UGD pipe line by 300mm dia RCC NP3 class pipe line at (a) 14th main, Sarjapura road from Jakkasandra to ORR (b) along 1st main road from Wipro Park junction to Sarjapura road coming under Koramangala service station of AEESE-5 sub division",Water supply & sewerage,14th Main; Sarjapura Road; Jakkasandra; 1st Main Road,,Bengaluru Water Supply And Sewerage Board,,BWSSB/2024-25/WS/WORK_INDENT927,Tender awarded,23540489.08,24069580.94,VENKATAPPA( SRI VENKATESHWARA ENGINEERING WORK ),,0,2024-08-19,2024-11-22,3,exact,2,info
85,bwssb-2024-25-ws-work-indent1397,"Tender for the work of providing and laying of 150mm and 100mm dia DI water supply line at 17th A, B, C, D, E, F, G, H main road and 1st 2nd 3rd, 4th 5th, 6th cross, 5th block Koramangala coming under KML-1 service station of AEESE-5 sub division",Water supply & sewerage,6th Cross; 5th Block Koramangala,,Bengaluru Water Supply And Sewerage Board,,BWSSB/2024-25/WS/WORK_INDENT1397/CALL-2,Tender awarded,,40879878.13,VENKATAPPA( SRI VENKATESHWARA ENGINEERING WORK ),,0,2024-10-28,2024-10-28,3,exact,3,notice
86,151-23-000001,"Improvements to Drains, Culverts and Providing New Shoulder Drains and Construction of Rainwater Harvesting pits of 17th F Main road, 17th F 4th Main road in 6th Block Koramangala and surrounding area in ward No. 151 Koramangala","Roads, drains & footpaths (combined)",17th F Main Road; 4th Main Road; 6th Block Koramangala,151 (198-ward map),Bruhat Bengaluru Mahanagara Palike,151-23-000001,,Completed (final bill),,1634293.0,SIDDALING,1816906.0,1,2023-02-06,2024-10-25,5,none,2,info
87,151-23-000002,"Improvements to Drains, Culverts and Providing New Shoulder Drains and Construction of Rainwater Harvesting pits of 1st Block Jakkasandra Extension, Mestripalya and surrounding area in ward No. 151 Koramangala",Drains & storm-water,1st Block; Jakkasandra Extension; Mestripalya,151 (198-ward map),Bruhat Bengaluru Mahanagara Palike,151-23-000002,,Completed (final bill),,1445854.0,NAGESHA REDDY N V,1619350.0,1,2023-02-28,2024-10-25,5,none,2,info
88,151-19-000039,"Replacement of 6 dia SW line by 9 dia SW line at 16th main, 16th A B and C main and cross roads, 4th Block, Koramangala Ward 151",Roads,"16th Main; 4th Block, Koramangala",151 (198-ward map),Bruhat Bengaluru Mahanagara Palike,151-19-000039,,Completed (final bill),,2912371.0,SRI VENKATESHWARA EN,2958722.0,1,2022-12-09,2024-10-23,5,none,2,info
89,151-20-000095,Providing Pipeline along 80 feet road from Sony junction for flood relief 4th Block Koramangala in ward No 151 Koramangala (Old Annexure 02) New Sl No 71,Water supply & sewerage,80 Feet Road; 4th Block Koramangala,151 (198-ward map),Bruhat Bengaluru Mahanagara Palike,151-20-000095,,Completed (final bill),,61175280.47,SRINIVASA REDDY H,56165520.0,3,2022-10-21,2024-09-23,5,none,3,notice
90,151-23-000003,"Comprehensive Development and Asphalting to roads and Construction of RCC Drains, Culvert, Cobble stone pavers and Footpath improvements and other Development works at 7th Block Koramangala (Balance roads), 10th to 17th cross roads and surrounding area in Muniswamy Gowda road, Ashwini layout, Yellamma Temple, VGS Temple, Stanley House roads in Ejipura, 5th and 3rd Block in Koramangala, HSR Layout 6th sector, behind Metro Station and Electrical Srinivasa House roads in Jakkasandra in ward No.147, 148, 151 and 173 (Package No. 03)","Roads, drains & footpaths (combined)",7th Block Koramangala; 17th Cross Road; Ejipura; 3rd Block; Jakkasandra,151 (198-ward map),Bruhat Bengaluru Mahanagara Palike,151-23-000003,,Completed (final bill),,89387525.0,LOKESH R,101329189.0,5,2022-12-31,2024-08-23,5,none,5,notice
91,151-21-000001,Allied works for Sweep smart Project and other repairs Works for DWCC centre in ward no 151,General civic works,,151 (198-ward map),Bruhat Bengaluru Mahanagara Palike,151-21-000001,,Completed (final bill),,,M/S VENKATESWARA CON,1142855.0,1,2022-12-14,2024-08-23,4,none,3,notice
92,151-22-000002,Improvements to drains and roads at 4th & 5th block Koramangala and surrounding area in ward No.151 Koramangala,"Roads, drains & footpaths (combined)",5th Block Koramangala,151 (198-ward map),Bruhat Bengaluru Mahanagara Palike,151-22-000002,,Completed (final bill),,7027259.0,GIRISH & CO,7801783.0,1,2022-10-27,2024-08-20,6,medium,3,info
93,151-19-000014,Construction and improvmeents of drains and culverts in 1st main 1st Block Koramangala near ganapathi temple to drain off the exess rain water in ward no 151 Koramangala,Drains & storm-water,1st Main; 1st Block Koramangala,151 (198-ward map),Bruhat Bengaluru Mahanagara Palike,151-19-000014,,Completed (final bill),,,KRIDL BHUSIRI ACCOU,2947128.0,1,2019-08-16,2024-08-07,5,none,5,info
94,147-19-000049,Construction of compound wall to the burial ground at 8th block Koramangala in ward no.147 Adugodi,Buildings & civic facilities,8th Block Koramangala; Adugodi,147 (198-ward map),Bruhat Bengaluru Mahanagara Palike,147-19-000049,,Completed (final bill),,3245478.0,H S HEMAVATHI,3546936.0,1,2022-10-28,2024-07-23,5,none,3,info
95,148-20-000053,"improvements and other development of vacant land behind Malaprabha block, Gataprabha block and surrounding area at National Games village in ward no 148 Ejipura",General civic works,National Games Village; Ejipura,148 (198-ward map),Bruhat Bengaluru Mahanagara Palike,148-20-000053,,Completed (final bill),,7881952.0,KUMARA. S,8825900.0,1,2022-09-22,2024-07-23,5,none,3,info
96,151-20-000024,Drilling of Borewells and providing pipelines in ward No. 151 Koramangala,Water supply & sewerage,,151 (198-ward map),Bruhat Bengaluru Mahanagara Palike,151-20-000024,,Completed (final bill),,4621766.0,Y H KRISHNA,5176342.0,1,2022-10-28,2024-07-23,5,none,3,info
97,151-22-000006,"Providing Missing Street Light Fittings to Jayanagara Constituency Ward no 168,169,170,171,177,178,179,and BTM Layout constituency Ward no 146,152,172,176,147,148,151,173",Street lighting & electrical,,151 (198-ward map),Bruhat Bengaluru Mahanagara Palike,151-22-000006,,Completed (final bill),,,GEETHA ELECTRICAL ST,25504718.0,1,2022-09-19,2024-07-22,4,none,5,notice
98,151-20-000108,"Construction and improvements to drains, culverts in ward no. 151 koramangala",Drains & storm-water,,151 (198-ward map),Bruhat Bengaluru Mahanagara Palike,151-20-000108,,Completed (final bill),,797756.0,AKRUTH CONSTRUCTIONS,893488.0,1,2022-10-14,2024-07-22,5,none,4,info
99,151-19-000054,Providing Ornamental grill and other developmental works by providing children equipment railings at 12th main road 3rd block Park in ward no 151,Roads,12th Main Road; 3rd Block,151 (198-ward map),Bruhat Bengaluru Mahanagara Palike,151-19-000054,,Completed (final bill),,9900000.0,KRIDL BHUSIRI ACCOU,9751357.0,1,2020-02-03,2024-07-18,5,none,5,info
100,151-20-000076,"Providing and Laying separate water meter for each blocks and 300 mm, 200 mm and 100 mm dia DI water supply line to improve water supply facility to National Games Village KHB Quarters, Koramangala Coming under Koramangala S-Stn, 1 of AEESE-3 Sub Division ward no 151",Water supply & sewerage,National Games Village,151 (198-ward map),Bruhat Bengaluru Mahanagara Palike,151-20-000076,,Running bill only (no final bill found),,7030040.0,PRATHEEK K R,6394273.0,1,2023-08-02,2024-07-11,4,none,2,info
101,151-19-000009,Providing and fixing the new ornamental name boards for roads in ward no 151 Koramangala,Roads,,151 (198-ward map),Bruhat Bengaluru Mahanagara Palike,151-19-000009,,Completed (final bill),,,SIDDALING,4625600.0,1,2020-06-11,2024-06-20,5,none,5,info
102,151-17-000077,"Improvements and Development of drains and footpath in 1st, 2nd, 3rd, 4th Blocks, Siddartha Colony and Surrounding areas in Koramangala ward No: 151 (Koramangala)","Roads, drains & footpaths (combined)",4th Block,151 (198-ward map),Bruhat Bengaluru Mahanagara Palike,151-17-000077,,Completed (final bill),,,MNAGESHA,4752250.0,1,2022-07-29,2024-06-20,4,none,3,info
103,151-20-000111,Maintainance of BBMP buildings in ward no.151 for the year 2019-20,Buildings & civic facilities,,151 (198-ward map),Bruhat Bengaluru Mahanagara Palike,151-20-000111,,Completed (final bill),,829861.0,AKRUTH CONSTRUCTIONS,928571.0,1,2022-08-03,2024-06-19,5,none,2,info
104,151-17-000098,"Improvements to road, drains and footpath in Kathali palya, 6th block Koramangala and surrounding areas in Ward No.151 Koramangala","Roads, drains & footpaths (combined)",6th Block Koramangala,151 (198-ward map),Bruhat Bengaluru Mahanagara Palike,151-17-000098,,Completed (final bill),,,MNAGESHA,3154225.0,1,2022-07-29,2024-06-15,4,none,3,info
105,186-23-000003,Depot Collection of Aggregates and Bitumen for Patch repair works for the Year 2022-23 in ward No.186 Koramangala,General civic works,,186 (243-ward map),Bruhat Bengaluru Mahanagara Palike,186-23-000003,,Completed (final bill),,765600.0,NAGESHA REDDY N V,901048.0,1,2023-12-15,2024-05-18,6,high,1,info
106,151-18-000087,Improvements of Shoulder drains and providing grating for Shoulder drain and Shoulder Concrete in ward No.151 Koramangala..,Drains & storm-water,,151 (198-ward map),Bruhat Bengaluru Mahanagara Palike,151-18-000087,EE(BTM)/JE/e-proc/04/2018-19,Completed (final bill),2000000.0,,SREEDHARA.K.C,1743563.0,1,2019-01-16,2024-05-15,6,high,6,notice
107,151-18-000073,Improvements of Drains and culverts in 5th block in ward no 151 Koramangala,Drains & storm-water,5th Block,151 (198-ward map),Bruhat Bengaluru Mahanagara Palike,151-18-000073,,Completed (final bill),,,SREEDHARA.K.C,1775084.0,1,2019-08-01,2024-05-15,5,none,5,info
108,151-18-000075,Improvements to drains and Footpath in 1st A main 1st B main and surrounding roads in Jakkasandra Extension in ward no 151 Koramangala,"Roads, drains & footpaths (combined)",1st A Main; 1st B Main; Jakkasandra Extension,151 (198-ward map),Bruhat Bengaluru Mahanagara Palike,151-18-000075,,Completed (final bill),,,SREEDHARA.K.C,1854339.0,1,2019-08-01,2024-05-15,5,none,5,info
109,151-19-000035,Improvements to Drains and footpath in 6th block in flood affected area and surrounding area in ward no.151 Koramangala,"Roads, drains & footpaths (combined)",6th Block,151 (198-ward map),Bruhat Bengaluru Mahanagara Palike,151-19-000035,,Completed (final bill),,,SREEDHARA.K.C,2316639.0,1,2019-08-01,2024-05-15,5,none,6,info
110,151-18-000019,Additional Development Works to the BBMP Building in 5th block play ground in Ward No:151 Koramangala,Buildings & civic facilities,5th Block,151 (198-ward map),Bruhat Bengaluru Mahanagara Palike,151-18-000019,,Completed (final bill),,2528772.0,G PRABHAKAR,2963562.0,1,2024-02-28,2024-05-15,5,none,1,info
111,151-22-000004,"Maintainance of Footpaths, Drains & Re-asphalting of Damaged roads in ward Jurisdiction in ward No.151","Roads, drains & footpaths (combined)",,151 (198-ward map),Bruhat Bengaluru Mahanagara Palike,151-22-000004,,Completed (final bill),,1785659.0,ABHISHEK C,1999940.0,1,2022-04-26,2024-03-20,5,none,3,info
112,151-20-000023,Over all Improvements and Development of roads and drains in ward no.151,"Roads, drains & footpaths (combined)",,151 (198-ward map),Bruhat Bengaluru Mahanagara Palike,151-20-000023,,Completed (final bill),,4691452.0,NANDISH GOWDA.G.R,5225733.0,1,2021-09-07,2024-02-20,5,none,3,info
113,151-20-000021,"Providing cobble tiles pavers, concrete and urgent work (Emergency work) to internal street road and others Improvements works in BTM Layout Constituency of ward no 151",Roads,,151 (198-ward map),Bruhat Bengaluru Mahanagara Palike,151-20-000021,,Completed (final bill),,7493663.0,NANDISH GOWDA.G.R,8383174.0,1,2021-09-07,2024-02-06,5,none,3,info
114,151-22-000001,Filling up of Potholes in Ward Jurisdiction in ward No.151 Koramangala,Roads,,151 (198-ward map),Bruhat Bengaluru Mahanagara Palike,151-22-000001,,Completed (final bill),,1897515.0,Mr PRAKASH A S,1789219.0,1,2022-01-24,2024-01-17,5,none,2,info
115,151-20-000110,Filling of Pot holes to road cutting portion and bad reaches for the year 2019-20in ward No.151 Koramangala,Roads,,151 (198-ward map),Bruhat Bengaluru Mahanagara Palike,151-20-000110,,Running bill only (no final bill found),,1782410.0,SRINIVAS MURTHY N,705089.0,1,2021-07-02,2024-01-12,4,none,6,info
116,151-20-000080,"Construction of Public Toilet and improvements to existing public toilets in BTM Layout Constituency in ward no 147, 148, 151, and 176",Buildings & civic facilities,,151 (198-ward map),Bruhat Bengaluru Mahanagara Palike,151-20-000080,,Completed (final bill),,4055453.0,ROYAL CONSTRUCTIONS,4524976.0,6,2022-01-17,2024-01-01,5,none,4,notice
117,151-18-000017,Alteration and renovation of Existing ARO office and other development works to BBMP sub division office at 5th block koramangala in ward no.151,General civic works,5th Block Koramangala,151 (198-ward map),Bruhat Bengaluru Mahanagara Palike,151-18-000017,,Completed (final bill),,2053385.0,M KUMAR,2404202.0,1,2023-09-22,2023-12-18,5,none,1,info
118,151-18-000068,Construction of RCC Drain to lead off rain water towards SWD in Jakkasandra Extension in ward no 151 Koramangala,Drains & storm-water,Jakkasandra Extension,151 (198-ward map),Bruhat Bengaluru Mahanagara Palike,151-18-000068,,Completed (final bill),,,SATHISH NAYAK K,4145959.0,2,2019-08-21,2023-11-20,5,none,5,info
119,151-20-000059,Providing Rain water Harvesting statures in ward No. 151 Koramangala,General civic works,,151 (198-ward map),Bruhat Bengaluru Mahanagara Palike,151-20-000059,,Completed (final bill),,,UTHKRISHTAASSOCIATES,933496.0,1,2021-07-23,2023-11-09,5,none,3,info
120,151-19-000068,Annual Maintenance Work for the year 2018-19 in ward No.151 Koramangala,General civic works,,151 (198-ward map),Bruhat Bengaluru Mahanagara Palike,151-19-000068,,Completed (final bill),,,M KUMAR,1474728.0,1,2020-06-24,2023-10-25,5,none,2,info
121,151-20-000103,Emergency Repair road works and other Development works in Koramangala and surrounding area in ward No.151 Koramangala,Roads,,151 (198-ward map),Bruhat Bengaluru Mahanagara Palike,151-20-000103,,Completed (final bill),,1640504.0,Y H NAGENDRA,1822173.0,1,2021-02-11,2023-10-19,5,none,3,info
122,151-20-000107,Annual Maintenance Work for the year 2019-20 in ward No.151 Koramangala,General civic works,,151 (198-ward map),Bruhat Bengaluru Mahanagara Palike,151-20-000107,,Completed (final bill),,1329570.0,KSHIRALINGA,1489103.0,2,2021-03-06,2023-10-17,5,none,2,info
123,151-20-000068,Desilting of Drains and other Improvements of the drain works in Koramangala ward no 151,Drains & storm-water,,151 (198-ward map),Bruhat Bengaluru Mahanagara Palike,151-20-000068,,Completed (final bill),,,VENKATESH REDDY K,2080169.0,1,2021-03-03,2023-10-17,5,none,3,info
124,151-20-000070,Improvements to roads and drains in Koramangala surroundings area in ward no 151 Koramangala,"Roads, drains & footpaths (combined)",,151 (198-ward map),Bruhat Bengaluru Mahanagara Palike,151-20-000070,,Completed (final bill),,,R M RAVI (CONTRACTO,3855479.0,1,2021-01-20,2023-10-02,5,none,6,info
125,151-19-000072,Drilling of New Borewell and Providing water supply pipeline in ward no 151 Koramangala,Water supply & sewerage,,151 (198-ward map),Bruhat Bengaluru Mahanagara Palike,151-19-000072,,Completed (final bill),,,H S HEMAVATHI,2541468.0,1,2020-08-25,2023-10-02,5,none,5,info
126,bwssb-2023-24-ws-work-indent99,"Work of providing and laying 600mm dia RCC NP-3 Class sewer pipe line from BSNL office to 12th cross ,7th main, srinivagilu main road, kormangala 4th block coming under AEE K&T-1sub division.",Water supply & sewerage,12th Cross; 7th Main; Kormangala 4th Block,,Bengaluru Water Supply And Sewerage Board,,BWSSB/2023-24/WS/WORK_INDENT99,Tender under evaluation,4491304.69,,,,0,2023-08-07,2023-08-07,2,exact,0,
127,152-20-000049,"Providing Asphalting improvements to roads, drains and footpath and other development works in Koramangala K R Garden Koramangala Village 14th main Jakkansandra Balajinagara 6th main Maruthinagar roads, Sriramappa layout Dodamuthappa layout, Tavarekere, Madiwala, Mico layout SFHS Layout, MKES college and surrounding areas in ward no 151,173,152,172,and 176 (Old Annexure-2 New Sl No 78 ,79, 80, 81, 82, 83, 84, 70, 73, 74, 75, 76, 77","Roads, drains & footpaths (combined)",14th Main; 6th Main; Tavarekere; Madiwala,152 (198-ward map),Bruhat Bengaluru Mahanagara Palike,152-20-000049,,Completed (final bill),,,V M R CONSTRUCTION,100563335.0,7,2021-08-13,2023-03-29,5,none,4,notice
128,151-19-000013,Improvements and Desilting of shoulder drains in ward no 151 Koramangala,Drains & storm-water,,151 (198-ward map),Bruhat Bengaluru Mahanagara Palike,151-19-000013,,Completed (final bill),,,R M RAVI (CONTRACTO,2669355.0,1,2020-07-09,2023-03-16,5,none,4,info
129,147-17-000064,Improvements to Burial ground in 7th and 8th block Koramangala in Ward No.147 Adugodi,Buildings & civic facilities,8th Block Koramangala; Adugodi,147 (198-ward map),Bruhat Bengaluru Mahanagara Palike,147-17-000064,,Completed (final bill),,,KRIDL BHUSIRI ACCOU,898875.0,1,2018-02-08,2023-03-16,5,none,4,info
130,151-17-000080,Constrcution of Dr. B.R.Ambedkar Bhavana Building in Siddartha colony in ward No.151 Koramangala,Buildings & civic facilities,,151 (198-ward map),Bruhat Bengaluru Mahanagara Palike,151-17-000080,"BBMP/2017-18/OW/WORK_INDENT26677,BBMP/2017-18/OW/WORK_INDENT26677/CALL-2,BBMP/2017-18/OW/WORK_INDENT26677/CALL-3",Completed (final bill),7907044.0,,T GOPINATH REDDY,8349100.0,1,2018-12-06,2023-01-27,6,medium,3,notice
131,151-20-000096,Comprehensive development and Improvements to roads in 7th Block. Shanthinagara society Ejipura ward. Venkateshwara temple. 8th A.B.C Roads. 5th Block. 8th block Koramangala village 3rd J Block. 5th block Industrial layout. MIG Houses judges park roads and surrounding roads in Ward No. 147. 148. 151 and 173 Koramangala sub divison Annexure-5,Roads,7th Block; Ejipura; 5th Block; 8th Block Koramangala,151 (198-ward map),Bruhat Bengaluru Mahanagara Palike,151-20-000096,,Completed (final bill),,,RAMACHANDRA RAJU K,100629921.0,5,2021-08-13,2023-01-23,5,none,5,notice
132,151-18-000016,Maintenance of Office building in ward No.151 Koramangala,Buildings & civic facilities,,151 (198-ward map),Bruhat Bengaluru Mahanagara Palike,151-18-000016,,Completed (final bill),,,H S HEMAVATHI,1359938.0,1,2022-05-19,2022-12-13,4,none,1,info
133,304-20-000212,"Comprehensive Development of Arterial, Sub arterial roads in and around Koramangala in BTM Layout Assembly Constituency. (Package No 2018-19 S15) Annexure-2 Sl No 542 543 545",Roads,,,Bruhat Bengaluru Mahanagara Palike,304-20-000212,,Running bill only (no final bill found),,,M RAMESH,160759654.0,7,2021-04-27,2022-11-23,3,none,6,notice
134,151-19-000030,"Improvements to footpath 1st, 2nd, 3rd and 4th block and surrounding area in ward no.151 Koramangala",Footpaths & pedestrian,4th Block,151 (198-ward map),Bruhat Bengaluru Mahanagara Palike,151-19-000030,"BBMP/2017-18/OW/WORK_INDENT27450,BBMP/2017-18/OW/WORK_INDENT27450/CALL-2",Completed (final bill),4992758.0,3686077.0,R M RAVI (CONTRACTO,4128406.0,1,2020-07-10,2022-10-25,6,medium,6,info
135,151-20-000029,Operation and Maintenance of Street lighting System in ward No.151 and 173 Package S-10 of South zone.,Street lighting & electrical,,151 (198-ward map),Bruhat Bengaluru Mahanagara Palike,151-20-000029,,Completed (final bill),,,VIJAYALAKSHMI ASSOCI,4999043.0,5,2021-01-19,2022-10-07,5,none,5,notice
136,151-18-000088,Improvements to CC roads and Drains in Koramangala village in ward 151 Koramangala..,"Roads, drains & footpaths (combined)",,151 (198-ward map),Bruhat Bengaluru Mahanagara Palike,151-18-000088,EE(BTM)/JE/e-proc/04/2018-19,Completed (final bill),1500000.0,,SREEDHARA.K.C,1345707.0,1,2019-01-16,2022-09-28,6,medium,4,info
137,151-19-000076,Providing and Extension of pipelines for drinking water purpose from existing Borewells in ward no 151 Koramangala,Water supply & sewerage,,151 (198-ward map),Bruhat Bengaluru Mahanagara Palike,151-19-000076,,Completed (final bill),,,Y H KRISHNA,2525289.0,1,2020-08-24,2022-09-28,5,none,4,info
138,151-18-000056,Construction and Improvements of Culverts in Koramangala village and in ward no 151 Koramangala,Drains & storm-water,,151 (198-ward map),Bruhat Bengaluru Mahanagara Palike,151-18-000056,,Completed (final bill),,,SREEDHARA.K.C,1723709.0,1,2019-08-03,2022-09-28,5,none,4,info
139,147-18-000047,Construction of retaining wall and drain at Nanjappa Reddy Layout 8th block Koramangala in ward no 147 Adugodi,Drains & storm-water,8th Block Koramangala; Adugodi,147 (198-ward map),Bruhat Bengaluru Mahanagara Palike,147-18-000047,,Completed (final bill),,,KRISHNA.C,3596121.0,1,2020-03-16,2022-09-28,5,none,4,info
140,151-19-000056,"Providing chain link fencing, gallery steps, levelling and lowering the play ground at 20th main road 5th block Koramangala and surrounding areas in ward no 151",Roads,20th Main Road; 5th Block Koramangala,151 (198-ward map),Bruhat Bengaluru Mahanagara Palike,151-19-000056,,"Final bill submitted, not yet paid",,9400000.0,KRIDL BHUSIRI ACCOU,8008688.0,1,2020-01-27,2022-09-27,4,none,5,info
141,151-17-000006,Improvements to Subramanyaswamy temple park Koramangala 6th block in ward no 151,Parks & playgrounds,Koramangala 6th Block,151 (198-ward map),Bruhat Bengaluru Mahanagara Palike,151-17-000006,,Completed (final bill),3800000.0,,KRIDL BHUSIRI ACCOU,3795746.0,1,2018-03-26,2022-09-22,5,none,3,info
142,151-17-000007,Improvements to balance park in Koramangala in ward noi 151,Parks & playgrounds,,151 (198-ward map),Bruhat Bengaluru Mahanagara Palike,151-17-000007,,Completed (final bill),9900000.0,,KRIDL BHUSIRI ACCOU,19796742.0,2,2018-03-20,2022-09-01,5,none,3,notice
143,151-19-000010,Improvements to Drains and culverts in 2nd 3rd 4th Block and Surrounding area in ward no 151 Koramangala,Drains & storm-water,4th Block,151 (198-ward map),Bruhat Bengaluru Mahanagara Palike,151-19-000010,,Completed (final bill),,,KRIDL BHUSIRI ACCOU,2994802.0,1,2019-08-16,2022-08-23,5,none,4,info
144,151-19-000029,Improvements to Drains and footpath in 4th block in flood affected area and surrounding area in ward no.151 Koramangala,"Roads, drains & footpaths (combined)",4th Block,151 (198-ward map),Bruhat Bengaluru Mahanagara Palike,151-19-000029,,Completed (final bill),,,KRIDL BHUSIRI ACCOU,4497858.0,1,2019-08-16,2022-08-23,5,none,4,info
145,151-19-000034,Construction and improvements of Culverts in ward no.151 Koramangala,Drains & storm-water,,151 (198-ward map),Bruhat Bengaluru Mahanagara Palike,151-19-000034,,Completed (final bill),,,KRIDL BHUSIRI ACCOU,3994436.0,1,2019-08-16,2022-08-23,5,none,6,info
146,151-18-000074,Improvements to Drains and culverts in KHB Colony in ward no 151 Koramangala,Drains & storm-water,,151 (198-ward map),Bruhat Bengaluru Mahanagara Palike,151-18-000074,,Completed (final bill),,,SREEDHARA.K.C,1683395.0,1,2019-08-03,2022-08-23,5,none,3,info
147,151-18-000082,Annual Maintenance Work for the year 2017-18 in ward No.151 Koramangala..,General civic works,,151 (198-ward map),Bruhat Bengaluru Mahanagara Palike,151-18-000082,,Completed (final bill),,,MARUTHI CONSTRUCTION,1158000.0,1,2019-02-23,2022-08-23,5,none,2,info
148,151-19-000022,Improvements to existing UGD Lines and water supply Feeder Lines in ward no 151 Koramangala,Water supply & sewerage,,151 (198-ward map),Bruhat Bengaluru Mahanagara Palike,151-19-000022,,Completed (final bill),,2674236.0,R M RAVI (CONTRACTO,2724048.0,1,2021-11-25,2022-07-28,5,none,2,info
149,151-18-000085,Filling of Pot holes to road cutting portion and bad reaches for the year 2017-18 in ward No.151 Koramangala..,Roads,,151 (198-ward map),Bruhat Bengaluru Mahanagara Palike,151-18-000085,EE(BTM)/JE/e-proc/04/2018-19,Completed (final bill),2000000.0,,KRIDL BHUSIRI ACCOU,1993320.0,1,2019-08-06,2022-07-15,6,high,6,info
150,151-18-000077,Restoration of BWSSB road cutting for Sanitary lines in 5th block Industrial layout and 2nd Block in ward no 151 Koramangala,Roads,5th Block; 2nd Block,151 (198-ward map),Bruhat Bengaluru Mahanagara Palike,151-18-000077,,Running bill only (no final bill found),,,PRATHEEK K R,1016757.0,1,2019-11-08,2022-07-15,4,none,6,notice
151,151-18-000078,Restoration of BWSSB road cutting for Sanitary lines in 3rd blockand 6th Block in ward no 151 Koramangala,Roads,3rd Block; 6th Block,151 (198-ward map),Bruhat Bengaluru Mahanagara Palike,151-18-000078,,Running bill only (no final bill found),,,PRATHEEK K R,1086257.0,1,2019-11-08,2022-07-15,4,none,6,notice
152,151-19-000012,Construction and Improvements of RCC Drains in ward no 151 Koramangala,Drains & storm-water,,151 (198-ward map),Bruhat Bengaluru Mahanagara Palike,151-19-000012,,Completed (final bill),,,KRIDL BHUSIRI ACCOU,3496433.0,1,2019-08-16,2022-07-15,5,none,3,info
153,151-19-000036,Construction of RCC U shape Drains in ward no.151 Koramangala,Drains & storm-water,,151 (198-ward map),Bruhat Bengaluru Mahanagara Palike,151-19-000036,,Completed (final bill),,,KRIDL BHUSIRI ACCOU,4496732.0,1,2019-08-16,2022-07-15,5,none,3,info
154,151-18-000079,Restoration of BWSSB road cutting for Sanitary lines in 5th block 4th block Koramangala in ward no 151 Koramangala,Roads,5th Block; 4th Block Koramangala,151 (198-ward map),Bruhat Bengaluru Mahanagara Palike,151-18-000079,,Running bill only (no final bill found),,,PRATHEEK K R,1078872.0,1,2019-11-08,2022-07-14,4,none,6,notice
155,151-18-000057,"Improvements to, Drains and footpath in 8th Block and surrounding area in ward no 151 Koramangala","Roads, drains & footpaths (combined)",8th Block,151 (198-ward map),Bruhat Bengaluru Mahanagara Palike,151-18-000057,,Completed (final bill),,,NARAYANA A,1583725.0,1,2019-11-21,2022-07-13,5,none,4,info
156,151-20-000005,Improvements to roads and drains to SC-ST colony in Koramangala Ward 151,"Roads, drains & footpaths (combined)",,151 (198-ward map),Bruhat Bengaluru Mahanagara Palike,151-20-000005,,Completed (final bill),,,RAJEEGANDHI RAMU,2519937.0,1,2022-02-09,2022-07-01,4,none,0,
157,151-20-000078,"Improvements to drains, footpath and providing CC TV Cameras at 6th and 8th Block in ward no 151 Koramangala","Roads, drains & footpaths (combined)",8th Block,151 (198-ward map),Bruhat Bengaluru Mahanagara Palike,151-20-000078,,Completed (final bill),,8669876.0,Y H KRISHNA,8598489.0,1,2022-03-31,2022-06-22,5,none,2,info
158,151-20-000077,"Improvements to drains, footpath and providing CC TV Cameras at 1st 2nd and 3rd Block in ward no 151 Koramangala","Roads, drains & footpaths (combined)",3rd Block,151 (198-ward map),Bruhat Bengaluru Mahanagara Palike,151-20-000077,,Completed (final bill),,8189733.0,Y H KRISHNA,8128586.0,1,2022-03-31,2022-06-22,5,none,2,info
159,151-18-000024,Providing RO Plant in Jakkasandra Ext. in Ward No:151 Koramangala,General civic works,Jakkasandra,151 (198-ward map),Bruhat Bengaluru Mahanagara Palike,151-18-000024,,Completed (final bill),,,H S HEMAVATHI,1539693.0,1,2022-04-16,2022-06-22,4,none,2,info
160,151-19-000031,"Improvements to footpath 5th, 6th and 8th Block Koramangala surrounding area in ward no.151 Koramangala",Footpaths & pedestrian,8th Block Koramangala,151 (198-ward map),Bruhat Bengaluru Mahanagara Palike,151-19-000031,,Completed (final bill),,,KRISHNA.C,3787040.0,1,2019-03-08,2022-06-21,5,none,5,info
161,151-19-000011,Improvements to Drains and culverts in 5th 6th 8th Block Koramangala Surrounding area in ward no 151 Koramangala,Drains & storm-water,8th Block Koramangala,151 (198-ward map),Bruhat Bengaluru Mahanagara Palike,151-19-000011,,Completed (final bill),,,R M RAVI (CONTRACTO,2732005.0,1,2019-09-17,2022-06-18,5,none,4,info
162,151-18-000067,Improvement of Drains and Culverts in 2nd cross and 3rd cross and surrounding area in Jakkasandra Extension in ward no 151 Koramangala,Drains & storm-water,2nd Cross; 3rd Cross; Jakkasandra Extension,151 (198-ward map),Bruhat Bengaluru Mahanagara Palike,151-18-000067,,Completed (final bill),,,SATHISH NAYAK K,3659238.0,1,2019-08-01,2022-06-03,5,none,3,info
163,151-19-000067,Digging of new borewells erection of pumpset and providing pipelines in ward no 151 Koramangala,Water supply & sewerage,,151 (198-ward map),Bruhat Bengaluru Mahanagara Palike,151-19-000067,,Completed (final bill),,,H S HEMAVATHI,2066825.0,1,2019-12-27,2022-05-23,5,none,3,info
164,151-20-000106,"Restoration of Bad condition road and BWSSB, BESCOM, BSNL road cut portion in ward 151 Koramangala",Roads,,151 (198-ward map),Bruhat Bengaluru Mahanagara Palike,151-20-000106,,Completed (final bill),,5353513.0,R M RAVI (CONTRACTO,5995935.0,1,2021-04-06,2022-05-19,5,none,1,info
165,147-18-000045,Construction of retaining wall and drain at 3rd A main road 8th block Koramangala in ward no 147 Adugodi,"Roads, drains & footpaths (combined)",3rd A Main Road; 8th Block Koramangala; Adugodi,147 (198-ward map),Bruhat Bengaluru Mahanagara Palike,147-18-000045,,Completed (final bill),,,KRISHNA.C,3559895.0,1,2019-03-08,2022-05-17,5,none,4,info
166,147-18-000046,Construction of retaining wall and drain at 3rd B main road 8th block Koramangala in ward no 147 Adugodi,"Roads, drains & footpaths (combined)",3rd B Main Road; 8th Block Koramangala; Adugodi,147 (198-ward map),Bruhat Bengaluru Mahanagara Palike,147-18-000046,,Completed (final bill),,,KRISHNA.C,3642158.0,1,2019-03-08,2022-05-17,5,none,4,info
167,151-20-000074,Maintenance of BBMP Cpmmunity property in ward no 151 Koramangala,General civic works,,151 (198-ward map),Bruhat Bengaluru Mahanagara Palike,151-20-000074,,Completed (final bill),,3671758.0,MURTHY C N S,4112370.0,1,2022-03-28,2022-05-13,5,none,0,
168,151-20-000081,Improvement works at H T Line SWM Unit and providing cobble pavers other works in 5th Block Koramangala in ward no 151,Roads,5th Block Koramangala,151 (198-ward map),Bruhat Bengaluru Mahanagara Palike,151-20-000081,,Completed (final bill),,4952353.0,AWIKA CONSTRUCTIONS,5546635.0,1,2022-03-28,2022-05-13,5,none,1,info
169,151-20-000079,Providing Developmental works and Improvements to SWM Properties in ward no 151,Solid waste infrastructure,,151 (198-ward map),Bruhat Bengaluru Mahanagara Palike,151-20-000079,,Completed (final bill),,,AWIKA CONSTRUCTIONS,5497482.0,1,2022-03-28,2022-05-13,4,none,1,info
170,151-20-000105,Improvements to roads and Drains and other development works in ward no.151 Koramangala,"Roads, drains & footpaths (combined)",,151 (198-ward map),Bruhat Bengaluru Mahanagara Palike,151-20-000105,,Completed (final bill),,,NAGARAJ T R,2391053.0,1,2021-01-27,2022-05-12,5,none,2,info
171,151-18-000095,Providing and fixing the Ornamental Name Boards in the main roads in ward 151 Koramangala,Roads,,151 (198-ward map),Bruhat Bengaluru Mahanagara Palike,151-18-000095,,Completed (final bill),,,NAGENDRA KUMAR S,1301778.0,1,2019-07-19,2022-05-09,5,none,3,info
172,151-18-000060,Providing flagging coarse to drains and improvement of footpath in 5th block Industrial Area in ward no 151 (Koramangala),"Roads, drains & footpaths (combined)",5th Block,151 (198-ward map),Bruhat Bengaluru Mahanagara Palike,151-18-000060,,Completed (final bill),,,Sri Harish R,1707905.0,2,2019-03-08,2022-04-25,5,none,4,info
173,151-18-000093,Upgradation of Lightings at parks and arranging music System at Lakshmi Devi Park in 6th block Koramangala in ward No.151 Koramangala..,Street lighting & electrical,6th Block Koramangala,151 (198-ward map),Bruhat Bengaluru Mahanagara Palike,151-18-000093,,Completed (final bill),,,JAICAB ELECTRICALS,1455942.0,1,2019-02-15,2022-04-25,5,none,5,info
174,151-17-000081,Maintenance and repairs to BBMP buildings in Ward No.151 Koramangala,Buildings & civic facilities,,151 (198-ward map),Bruhat Bengaluru Mahanagara Palike,151-17-000081,BBMP/2017-18/OW/WORK_INDENT28629,Completed (final bill),1975483.0,,PUSHPARAJ C,1849949.0,1,2018-08-21,2022-04-12,6,high,2,info
175,151-18-000061,Improvments to drains in 7th cross in 6th Block in ward no 151 Koramangala,Drains & storm-water,7th Cross; 6th Block,151 (198-ward map),Bruhat Bengaluru Mahanagara Palike,151-18-000061,,Completed (final bill),,,RAGHU RAMACHANDRA C,1760944.0,1,2019-03-09,2022-04-06,5,none,2,info
176,151-20-000063,Construction and Maintenance of public toilet in Koramangala ward no.151,Buildings & civic facilities,,151 (198-ward map),Bruhat Bengaluru Mahanagara Palike,151-20-000063,,Completed (final bill),,,SANDEEP T G,692622.0,1,2022-01-20,2022-03-17,4,none,1,info
177,151-20-000002,Improvements to drains and culvert in Siddartha colony 2nd block Koramangala in Ward No.151,Drains & storm-water,2nd Block Koramangala,151 (198-ward map),Bruhat Bengaluru Mahanagara Palike,151-20-000002,,Completed (final bill),,,Mr GOVINDARAJU R,3013178.0,1,2021-11-20,2022-02-17,4,none,0,
178,151-16-000001,Operation and Maintenance of Street Lighting System in Ward No.151 Package S-27 of South Zone,Street lighting & electrical,,151 (198-ward map),Bruhat Bengaluru Mahanagara Palike,151-16-000001,BBMP/2015-16/EL/WORK_INDENT18015,Completed (final bill),3745898.0,,M/S Vijayalakshmi Associates,7508291.0,12,2017-01-21,2021-10-13,6,high,7,notice
179,147-18-000061,Construction compound wall of cermatorium and other work at 8th block koramangala in Adugodi ward no. 147,Buildings & civic facilities,8th Block Koramangala; Adugodi,147 (198-ward map),Bruhat Bengaluru Mahanagara Palike,147-18-000061,,Completed (final bill),,,N Narasimha,1690262.0,1,2019-02-01,2021-10-11,5,none,2,info
180,151-18-000086,Improvement of Lightings at parks and arranging music System at Grape Garden Park in 6th block Koramangala in ward No.151 Koramangala.,Street lighting & electrical,6th Block Koramangala,151 (198-ward map),Bruhat Bengaluru Mahanagara Palike,151-18-000086,,Completed (final bill),,,M/S Chowdeshwari Electricals (MJ Ninge Gowda),984869.0,1,2019-02-15,2021-10-11,5,none,5,info
181,151-18-000058,Estimate for Upgradation of Lightings at Parks and arranging music system at Subramanya Park in 6th block Koramangala in ward no 151 Koramangala,Street lighting & electrical,6th Block Koramangala,151 (198-ward map),Bruhat Bengaluru Mahanagara Palike,151-18-000058,,Completed (final bill),,,M/S Niharika Electricals (Dilip.J),960400.0,1,2019-01-30,2021-09-29,5,none,5,info
182,151-18-000044,Construction of Toilet and rest room for pourakarmikas in ward no 151 Koramangala,Buildings & civic facilities,,151 (198-ward map),Bruhat Bengaluru Mahanagara Palike,151-18-000044,,Completed (final bill),,,Sri. Mohan Kumar N,1184901.0,1,2021-08-02,2021-09-17,4,none,1,info
183,307-19-000009,Construction of parallel Drain to SWD K-100 by laying RCC hume Pipes all along the Koramangala 80 feet Road from Sony World Junction via Maharaja Signal to Belanduru lake and othe area alternate drains for carrying the excess water of Koramangala and adjacent areas to Bellandur lake,Drains & storm-water,80 Feet Road; Maharaja Signal; 80Feet Road,,Bruhat Bengaluru Mahanagara Palike,307-19-000009,BBMP/2017-18/FP/WORK_INDENT28554,Completed (final bill),,,H D INFRASTRUCTURES,241092181.0,11,2019-03-08,2021-09-14,5,high,3,notice
184,151-20-000075,Providing R O Plant and drilling of borewell in ward no 151 Koramangala,Water supply & sewerage,,151 (198-ward map),Bruhat Bengaluru Mahanagara Palike,151-20-000075,,Completed (final bill),,,Sri Y H Krishna,1441572.0,1,2021-05-27,2021-08-13,4,none,1,info
185,151-19-000024,Annual Maintenance of roads and drains in ward no 151 Koramangala,"Roads, drains & footpaths (combined)",,151 (198-ward map),Bruhat Bengaluru Mahanagara Palike,151-19-000024,,Completed (final bill),,,Sri M Kumar,1383818.0,1,2021-07-07,2021-08-13,4,none,1,info
186,151-20-000062,Construction of R.O plant and other Development works in Koramangala ward No.151,General civic works,,151 (198-ward map),Bruhat Bengaluru Mahanagara Palike,151-20-000062,,Completed (final bill),,,Sri Y H Krishna,776634.0,1,2021-05-27,2021-08-13,4,none,1,info
187,307-19-000015,Detailed estimate for maintenance desilting of all storm water drains in Koramangala Zone,Drains & storm-water,,,Bruhat Bengaluru Mahanagara Palike,307-19-000015,,Completed (final bill),,,M/s R K Brothers Infraprop Proventures Private Limited,31144000.0,4,2019-04-11,2021-08-04,4,none,1,info
188,151-17-000008,Providing and fixing senior citizen gym equipment in park in Koramangala in ward no 151,Parks & playgrounds,,151 (198-ward map),Bruhat Bengaluru Mahanagara Palike,151-17-000008,,Completed (final bill),9500000.0,,TECHNICAL MANAGER-3,9483084.0,1,2017-09-11,2021-08-04,6,none,3,info
189,151-20-000004,Improvements to drains and culverts in Jakkasandra extension 1st block koramangala in Ward 151,Drains & storm-water,Jakkasandra Extension; 1st Block Koramangala,151 (198-ward map),Bruhat Bengaluru Mahanagara Palike,151-20-000004,,Completed (final bill),,,Sri. K C Sreedhar,3760454.0,1,2021-04-22,2021-07-29,4,none,1,info
190,151-20-000003,Improvents to drains and culverts in Mesthripalya 4th block Koramangala in Ward 151,Drains & storm-water,4th Block Koramangala,151 (198-ward map),Bruhat Bengaluru Mahanagara Palike,151-20-000003,,Completed (final bill),,,Sri. K C Sreedhar,2879180.0,1,2021-04-22,2021-07-29,4,none,1,info
191,151-20-000006,Improvements to roads and drains in Koramangala Village Ward 151,"Roads, drains & footpaths (combined)",,151 (198-ward map),Bruhat Bengaluru Mahanagara Palike,151-20-000006,,Completed (final bill),,,Sri K C Sreedhar,2398646.0,1,2021-04-22,2021-07-29,4,none,3,info
192,151-18-000091,Providing Lighting Arrangement at parks and arranging music System at Swabhimana Park in 4th block Koramangala in ward No.151 Koramangala...,Street lighting & electrical,4th Block Koramangala,151 (198-ward map),Bruhat Bengaluru Mahanagara Palike,151-18-000091,,Completed (final bill),,,"Sri v. Jai Kumar, Shree Vinayaka Electricals",1341571.0,1,2019-01-30,2021-07-27,5,none,2,info
193,148-17-000002,Development of park in National Games village in ward no 148,Parks & playgrounds,National Games Village,148 (198-ward map),Bruhat Bengaluru Mahanagara Palike,148-17-000002,,Completed (final bill),9994000.0,,TECHNICAL MANAGER-3,9990175.0,1,2017-09-13,2021-07-23,6,none,4,info
194,151-17-000100,"Improvements to road, drains and footpath in 17th F-1 to 17th F-4 and 17th G main road near Subramanya Park, 6th block Koramangala and surrounding areas in Ward No.151 Koramangala","Roads, drains & footpaths (combined)",17th G Main Road; 6th Block Koramangala,151 (198-ward map),Bruhat Bengaluru Mahanagara Palike,151-17-000100,BBMP/2017-18/OW/WORK_INDENT28632,Completed (final bill),4992480.0,,Sri. B S Mahesh Kumar,4862721.0,1,2019-01-18,2021-07-15,6,high,2,info
195,151-18-000083,"Construction and Improvements of Culverts in 4th A, B, C cross junctions in 5th Block Industrial Area in ward 151 Koramangala..",Drains & storm-water,5th Block,151 (198-ward map),Bruhat Bengaluru Mahanagara Palike,151-18-000083,,Completed (final bill),,,Sri. Mahesh kumar B S,1852933.0,1,2019-01-04,2021-07-15,5,none,2,info
196,148-17-000052,Constrcution of office Building in NGV ward No.148 (Ejipura),Buildings & civic facilities,NGV; Ejipura,148 (198-ward map),Bruhat Bengaluru Mahanagara Palike,148-17-000052,,Completed (final bill),,,Sri. N Narasimha,3091924.0,1,2019-02-12,2021-07-08,5,none,2,info
197,151-17-000083,"Improvements to road, drains and footpath in SBI colony, J-block, 3rb Block BDA Complex Koramangala and surrounding areas in Ward No.151 Koramangala","Roads, drains & footpaths (combined)",,151 (198-ward map),Bruhat Bengaluru Mahanagara Palike,151-17-000083,,Completed (final bill),,,Sri. M Ramesh,9521848.0,1,2019-02-14,2021-07-05,5,none,3,info
198,151-18-000092,Restoration of BWSSB road cuttings in ward No.151 Koramangala..,Roads,,151 (198-ward map),Bruhat Bengaluru Mahanagara Palike,151-18-000092,,Completed (final bill),,,Sri Patel B,1731346.0,1,2019-12-18,2021-06-23,5,none,1,info
199,147-18-000022,Providing RO Plant in 7th Block Koramangala in Ward No:147 Adugodi,General civic works,7th Block Koramangala; Adugodi,147 (198-ward map),Bruhat Bengaluru Mahanagara Palike,147-18-000022,,Completed (final bill),,,Sri. R Govinda raju,874596.0,1,2021-05-17,2021-06-23,4,none,2,info
200,151-18-000089,Providing and Extension of Pipelines for drinking Water purpose from Existing Borewells in ward 151 Koramangala,Water supply & sewerage,,151 (198-ward map),Bruhat Bengaluru Mahanagara Palike,151-18-000089,EE(BTM)/JE/e-proc/04/2018-19,Completed (final bill),,,Sri. Satish Nayka,847823.0,1,2018-11-19,2021-06-16,6,high,4,info
201,147-18-000067,"Drilling of Borewell in 8th Block Koramangala, AK colony and adugodi for the year 2017-18 ward No. 147 Adugodi",Water supply & sewerage,8th Block Koramangala; Ak Colony; Adugodi,147 (198-ward map),Bruhat Bengaluru Mahanagara Palike,147-18-000067,EE(BTM)/JE/e-proc/04/2018-19,Completed (final bill),2000000.0,,Sri Satish Nayak,1990401.0,1,2018-11-30,2021-06-16,6,medium,3,info
202,151-17-000076,"Improvements and Development of drains and footpath in 5th, 6th, 8th Blocks, Koramangala Village and Surrounding areas in Koramangala ward No: 151 (Koramangala)","Roads, drains & footpaths (combined)",8th Block,151 (198-ward map),Bruhat Bengaluru Mahanagara Palike,151-17-000076,"BBMP/2017-18/OW/WORK_INDENT27455,BBMP/2017-18/OW/WORK_INDENT27455/CALL-2",Completed (final bill),4945960.0,,Sri. M R Chandrashekar,4933390.0,1,2018-08-11,2021-06-08,6,high,4,notice
203,151-19-000007,Providing and improvements to drian in Koramangala village in ward no 151 Koramangala,General civic works,,151 (198-ward map),Bruhat Bengaluru Mahanagara Palike,151-19-000007,,Completed (final bill),,,M/s KRIDL,1899598.0,1,2018-12-26,2021-06-05,5,none,5,info
204,151-17-000094,"Improvements to road, drains and footpath in 5th block, KHB colony, Koramangala and surrounding areas in Ward No.151 Koramangala","Roads, drains & footpaths (combined)",5th Block,151 (198-ward map),Bruhat Bengaluru Mahanagara Palike,151-17-000094,,Completed (final bill),,,S N Constructions,4625496.0,1,2018-03-21,2021-06-01,5,none,3,info
205,151-17-000038,Asphalting and improvements of roads in 2nd block Koramangala in ward No.151,Roads,2nd Block Koramangala,151 (198-ward map),Bruhat Bengaluru Mahanagara Palike,151-17-000038,BBMP/2017-18/OW/WORK_INDENT27452,Completed (final bill),4935945.0,,S N Constructions,4854710.0,1,2018-03-21,2021-05-27,5,high,2,info
206,151-19-000018,Improvements of BBMP park near 2nd cross 4th block Koramangala in ward no 151,Parks & playgrounds,2nd Cross; 4th Block Koramangala,151 (198-ward map),Bruhat Bengaluru Mahanagara Palike,151-19-000018,,Completed (final bill),,,C N Shantharaju,500348.0,1,2021-03-02,2021-04-30,4,none,0,
207,151-18-000022,Construction of Rain Water Harvesting pits in Ward no. 151 Koramangala,General civic works,,151 (198-ward map),Bruhat Bengaluru Mahanagara Palike,151-18-000022,BBMP/2017-18/OW/WORK_INDENT30219,Completed (final bill),1347222.0,,Sri. K C Sreedhar,1230554.0,1,2020-05-21,2021-03-29,5,medium,2,info
208,151-18-000030,Construction of Rest room for Pourakarmika and CC Road surface for Lorries in Transfer station in HT Line in ward no 151 KOramangala,Street lighting & electrical,,151 (198-ward map),Bruhat Bengaluru Mahanagara Palike,151-18-000030,,Completed (final bill),,,M/s KRIDL,2982915.0,1,2020-07-22,2021-03-23,4,none,2,info
209,151-20-000066,Construction of RCC Box drain and Other development work at MM Garden and surrounding area Koramangala ward no.151,Drains & storm-water,,151 (198-ward map),Bruhat Bengaluru Mahanagara Palike,151-20-000066,,Completed (final bill),,,Sri Abhishek C,600295.0,1,2020-12-18,2021-02-24,4,none,0,
210,151-17-000001,Size Stone Masonary in SWD secondary drain Koramangala 6th block in ward no 151,Drains & storm-water,Koramangala 6th Block,151 (198-ward map),Bruhat Bengaluru Mahanagara Palike,151-17-000001,,Completed (final bill),2400000.0,,TECHNICAL MANAGER-3,2323944.0,1,2016-08-24,2021-02-22,6,none,3,info
211,151-18-000049,Providing library room and other improvement works in subramanya swamy park at koramangal,Buildings & civic facilities,,151 (198-ward map),Bruhat Bengaluru Mahanagara Palike,151-18-000049,,Completed (final bill),,,Sri. R M Ravi,1212298.0,1,2020-06-19,2021-02-04,4,none,1,info
212,115-20-000035,Removing of Unauthorized dumped waste and Improvements to Koramangala Main Road Footpath from Ejipura Junction to N G V Gate in ward no.115 Annexure-A Sl No 7,"Roads, drains & footpaths (combined)",Ejipura,115 (198-ward map),Bruhat Bengaluru Mahanagara Palike,115-20-000035,,Completed (final bill),,,NAKSHTRA CONSTRUCTIONS Pro : Nalinadevi J,1961260.0,1,2020-10-20,2021-01-01,4,none,0,
213,151-19-000021,Construction of New public toilet and maintenance of exising public toilets in ward no 151 Koramangala,Buildings & civic facilities,,151 (198-ward map),Bruhat Bengaluru Mahanagara Palike,151-19-000021,,Completed (final bill),,,M/s KRIDL,932559.0,1,2020-06-19,2020-11-25,4,none,1,info
214,151-18-000001,Comprehensive development of bad road and improvement to road side drains footpath asphalting and concreteting including culverts to selected main and other connecting roads in ward no 151 176 in BTM Division of South Zone Package-6 3 works,"Roads, drains & footpaths (combined)",,151 (198-ward map),Bruhat Bengaluru Mahanagara Palike,151-18-000001,BBMP/2017-18/OW/WORK_INDENT29070,Completed (final bill),106591257.0,,Mr NAGARAJ M T,18176939.0,3,2018-04-11,2020-10-27,5,medium,1,notice
215,151-19-000027,Maintenance of SWM properties in HT Line in 5th block industrial area in ward no 151 Koramangala,Street lighting & electrical,5th Block,151 (198-ward map),Bruhat Bengaluru Mahanagara Palike,151-19-000027,,Completed (final bill),,,M/s KRIDL,990364.0,1,2020-08-07,2020-10-23,4,none,1,info
216,151-19-000023,Improvements to Roads and drains in ward no 151 Koramangala,"Roads, drains & footpaths (combined)",,151 (198-ward map),Bruhat Bengaluru Mahanagara Palike,151-19-000023,,Completed (final bill),,,M/s KRIDL,1489292.0,1,2020-06-26,2020-10-20,4,none,3,info
217,151-18-000031,Construction and Improvement of existing compound wall and providing new compound wall and other improvement work in HT line in ward no 151,Buildings & civic facilities,,151 (198-ward map),Bruhat Bengaluru Mahanagara Palike,151-18-000031,,Completed (final bill),,,M/s KRIDL,8776776.0,1,2020-06-22,2020-10-16,4,none,1,info
218,147-19-000019,Improvements to Road and footpath at 7th block Koramangala in ward no.147 Adugodi,"Roads, drains & footpaths (combined)",7th Block Koramangala; Adugodi,147 (198-ward map),Bruhat Bengaluru Mahanagara Palike,147-19-000019,,Completed (final bill),,,M/s KRIDL,1498806.0,1,2020-06-26,2020-10-16,4,none,4,info
219,151-17-000029,Providing cement concrete to roads near Sri.Rama temple to Govt.School in koramangala village and suroundings in ward No.151,Buildings & civic facilities,,151 (198-ward map),Bruhat Bengaluru Mahanagara Palike,151-17-000029,BBMP/2016-17/OW/WORK_INDENT23876,Completed (final bill),3456601.0,,Sri. M R Chandrashekar,3360419.0,1,2017-11-09,2020-09-08,6,high,3,notice
220,147-17-000016,"Improvements to drains at 7th block, Koramangala in ward No.147 Adugodi",Drains & storm-water,"7th Block, Koramangala; Adugodi",147 (198-ward map),Bruhat Bengaluru Mahanagara Palike,147-17-000016,BBMP/2017-18/OW/WORK_INDENT27446,Completed (final bill),4948908.0,,N Venkatesh,4886950.0,1,2018-01-29,2020-07-08,6,high,5,info
221,151-19-000020,Providing Pipeline for drinking water facilities in ward no 151 Koramangala,Water supply & sewerage,,151 (198-ward map),Bruhat Bengaluru Mahanagara Palike,151-19-000020,,Completed (final bill),,,Smt Hemavathi,1968852.0,1,2020-05-20,2020-07-07,4,none,1,info
222,147-17-000086,"Improvements to roads and asphalting to 1st main, 1st cross, 1st B cross, 2nd cross, 3rd cross, 4th cross, 3rd A cross and sourrounding area 7th block Koramangala in Adugodi ward No.147",Roads,1st Main; 1st Cross; 1st B Cross; 2nd Cross; 3rd Cross; 4th Cross,147 (198-ward map),Bruhat Bengaluru Mahanagara Palike,147-17-000086,BBMP/2017-18/OW/WORK_INDENT27768,Completed (final bill),3963264.0,,Sri. K R Pratheek,4133834.0,1,2018-03-19,2020-06-25,5,high,5,notice
223,147-17-000063,Asphalting to Lawrence School road and surrounding area in 8th block Koramangala in Ward No.147 Adugodi,Buildings & civic facilities,8th Block Koramangala; Adugodi,147 (198-ward map),Bruhat Bengaluru Mahanagara Palike,147-17-000063,BBMP/2017-18/OW/WORK_INDENT27427,Completed (final bill),2751923.0,,Sri. K R Pratheek,2876251.0,1,2018-09-01,2020-06-25,5,high,5,notice
224,147-17-000083,"Improvements to drain and asphalting to 3rd A cross, 3rd B cross and 3rd C cross roads and sourrounding area Nanjappa reddy layout, 8th block Koramangala in Adugodi ward No.147","Roads, drains & footpaths (combined)",3rd A Cross; 3rd B Cross; 3rd C Cross Road; 8th Block Koramangala; Adugodi,147 (198-ward map),Bruhat Bengaluru Mahanagara Palike,147-17-000083,BBMP/2017-18/OW/WORK_INDENT27444,Completed (final bill),3668163.0,,Sri. K R Pratheek,3684588.0,1,2018-03-19,2020-06-25,5,medium,5,notice
225,147-17-000038,Providing asphalting to Adugodi main road from Hosur road via Koramangala 8th block upto Krishna medical form in ward No.147 Adugodi,Roads,Adugodi; Hosur Road; Koramangala 8th Block,147 (198-ward map),Bruhat Bengaluru Mahanagara Palike,147-17-000038,BBMP/2017-18/OW/WORK_INDENT27443,Completed (final bill),3483782.0,,K R Pratheek,2481070.0,1,2018-04-19,2020-06-25,5,high,5,notice
226,147-17-000039,"Providing asphalting to 1st cross, 1st C cross, 1st B main road, beside Ambedkar parks, 2nd A cross and 2nd B cross Koramangala 8th block in ward No.147 Adugodi",Roads,1st Cross; 1st C Cross; 1st B Main Road; 2nd A Cross; 2nd B Cross; Koramangala 8th Block,147 (198-ward map),Bruhat Bengaluru Mahanagara Palike,147-17-000039,BBMP/2017-18/OW/WORK_INDENT27438,Completed (final bill),1376149.0,,Sri. K R Pratheek,1434378.0,1,2018-03-19,2020-06-24,5,high,5,notice
227,151-17-000096,"Improvements to road, drains and footpath in Kudremukh colony, 2nd block, Koramangala and surrounding areas in Ward No.151 Koramangala","Roads, drains & footpaths (combined)","2nd Block, Koramangala",151 (198-ward map),Bruhat Bengaluru Mahanagara Palike,151-17-000096,BBMP/2017-18/OW/WORK_INDENT27405,Completed (final bill),3983109.0,,Sri. Jagadish Mariyappa,3630393.0,1,2018-03-27,2020-05-28,6,high,1,info
228,151-17-000097,"Improvements to road, drains and footpath in Mestry palya, 4th B block, Koramangala and surrounding areas in Ward No.151 Koramangala","Roads, drains & footpaths (combined)","4th B Block, Koramangala",151 (198-ward map),Bruhat Bengaluru Mahanagara Palike,151-17-000097,"BBMP/2017-18/OW/WORK_INDENT27454,BBMP/2017-18/OW/WORK_INDENT27454/CALL-2,BBMP/2017-18/OW/WORK_INDENT27454/CALL-3,BBMP/2017-18/OW/WORK_INDENT27454/CALL-4",Completed (final bill),4938143.0,,Sri K C Sreedhar,4923147.0,1,2018-06-21,2020-05-28,6,high,3,notice
229,151-17-000025,Providing asphalting to roads and drain improvements in Koramangala Village and surrounding areas in ward No.151.,"Roads, drains & footpaths (combined)",,151 (198-ward map),Bruhat Bengaluru Mahanagara Palike,151-17-000025,BBMP/2017-18/OW/WORK_INDENT26402,Completed (final bill),3917654.0,,K C Sridhar,3917642.0,1,2017-12-02,2020-05-28,6,high,3,info
230,151-17-000030,Providing asphalting to roads Opp. To Police station and Lakshmi temple surroundings in Koramangala Village in ward No.151,Roads,,151 (198-ward map),Bruhat Bengaluru Mahanagara Palike,151-17-000030,"BBMP/2016-17/OW/WORK_INDENT23877,BBMP/2016-17/OW/WORK_INDENT23877/CALL-2,BBMP/2016-17/OW/WORK_INDENT23877/CALL-3,BBMP/2016-17/OW/WORK_INDENT23877/CALL-4",Completed (final bill),3465064.0,,K C Sridhar,3402590.0,1,2017-12-03,2020-05-28,6,high,4,notice
231,147-17-000059,"Comprehensive development of Roads, drains and culverts in 1st to 4th cross and surrounding area in 7th block Koramangala in Ward No.147 Adugodi","Roads, drains & footpaths (combined)",4th Cross; 7th Block Koramangala; Adugodi,147 (198-ward map),Bruhat Bengaluru Mahanagara Palike,147-17-000059,BBMP/2017-18/OW/WORK_INDENT27428,Completed (final bill),2751276.0,,Sri Jagadish Mariyappa,2670445.0,1,2018-03-27,2020-05-28,6,high,1,info
232,147-17-000085,"Improvements to drain, footpath and culverts from Arali Katte to Shiva temple and sourrounding area 8th block Koramangala in Adugodi ward No.147","Roads, drains & footpaths (combined)",8th Block Koramangala; Adugodi,147 (198-ward map),Bruhat Bengaluru Mahanagara Palike,147-17-000085,BBMP/2017-18/OW/WORK_INDENT27424,Completed (final bill),1834286.0,,Sri Jagadish Mariyappa,1723752.0,1,2018-03-27,2020-05-28,6,high,1,info
233,151-17-000023,Providing cement concrete to roads and drain improvements in Koramangala Village and suroundings in Koramangala village in ward No.151,"Roads, drains & footpaths (combined)",,151 (198-ward map),Bruhat Bengaluru Mahanagara Palike,151-17-000023,,Completed (final bill),,,Sri K C Sreedhar,8563159.0,1,2018-03-21,2020-05-28,5,none,2,info
234,151-18-000032,Construction and improvement of Compound wall in DWCC centre and other improvement works in HT Line in Ward No. 151 Koramangala,Buildings & civic facilities,,151 (198-ward map),Bruhat Bengaluru Mahanagara Palike,151-18-000032,,Completed (final bill),,,Sri. B.K.Bhaskar (Sri Bharathi Electricals),4262973.0,2,2018-11-22,2020-03-23,4,none,1,notice
235,151-17-000082,Improvements to Burial ground in Jakkasandra Ext and Koramangala in ward no 151 Koramangala,Buildings & civic facilities,Jakkasandra,151 (198-ward map),Bruhat Bengaluru Mahanagara Palike,151-17-000082,BBMP/2017-18/OW/WORK_INDENT28188,Completed (final bill),1499824.0,,C Pushparaj,1444028.0,1,2018-03-22,2020-03-17,6,high,2,info
236,151-17-000024,Providing asphalting to roads and drain improvements in 8th block Koramangala and surrounding areas in ward No.151.,"Roads, drains & footpaths (combined)",8th Block Koramangala,151 (198-ward map),Bruhat Bengaluru Mahanagara Palike,151-17-000024,BBMP/2017-18/OW/WORK_INDENT28183,Completed (final bill),7785546.0,,M Ramesh,8167458.0,1,2018-06-02,2020-03-04,6,medium,2,info
237,151-17-000037,Comprehesive development of the roads and drains in 1st Block Jakkasandra Extenstion Koramangala in ward No.151,"Roads, drains & footpaths (combined)",1st Block; Jakkasandra,151 (198-ward map),Bruhat Bengaluru Mahanagara Palike,151-17-000037,BBMP/2017-18/OW/WORK_INDENT27763,Completed (final bill),5726322.0,,Sri. M Ramesh,6011703.0,1,2018-06-22,2020-03-04,6,high,2,info
238,147-19-000020,Improvements to Road and footpath at 8th block Koramangala in ward no.147 Adugodi,"Roads, drains & footpaths (combined)",8th Block Koramangala; Adugodi,147 (198-ward map),Bruhat Bengaluru Mahanagara Palike,147-19-000020,,Completed (final bill),,,M/s KRILD,1339718.0,1,2020-01-17,2020-02-28,4,none,2,info
239,151-19-000028,Drilling new borewell and Providing water pipeline facilities for SWM properties in HT Line 5th block industrial area in ward no 151 Koramangala,Water supply & sewerage,5th Block,151 (198-ward map),Bruhat Bengaluru Mahanagara Palike,151-19-000028,,Completed (final bill),,,Sri Rangashamaiah,966863.0,1,2020-01-03,2020-02-07,4,none,0,
240,304-17-000188,"Junction Improvements in Koramangala Maharaja signal, Wipro signal and Ishwarya signal","Junctions, flyovers & grade separators",Maharaja Signal; Wipro Signal,,Bruhat Bengaluru Mahanagara Palike,304-17-000188,,Completed (final bill),,,K.Somappa,9729078.0,1,2019-12-09,2020-01-09,4,none,0,
241,151-17-000004,Construction and improvements to Two Ashwathakatte in Siddartha colony in ward no 151,General civic works,,151 (198-ward map),Bruhat Bengaluru Mahanagara Palike,151-17-000004,"BBMP/2016-17/OW/WORK_INDENT23797,BBMP/2016-17/OW/WORK_INDENT23797/CALL-2,BBMP/2016-17/OW/WORK_INDENT23797/CALL-3",Completed (final bill),1330000.0,,Sri. R M Ravi,1369487.0,1,2017-07-07,2020-01-08,6,high,5,notice
242,151-16-000014,Providing Cement concrete designer tiles to footpath and Improvements to drains at 18th main 6th block in ward no 151 (Koramangala),"Roads, drains & footpaths (combined)",18th Main; 6th Block,151 (198-ward map),Bruhat Bengaluru Mahanagara Palike,151-16-000014,,Completed (final bill),,,M/s KRIDL,5145767.0,1,2017-10-30,2019-12-12,5,none,6,info
243,151-18-000051,"Parks, Playground and other Developments in koramangala ward No. 151",Parks & playgrounds,,151 (198-ward map),Bruhat Bengaluru Mahanagara Palike,151-18-000051,,Completed (final bill),,,KRIDL,2479503.0,1,2019-10-23,2019-11-29,4,none,1,info
244,147-18-000023,Providing RO Plant in 8th block Koramangala in Ward No:147 Adugodi,General civic works,8th Block Koramangala; Adugodi,147 (198-ward map),Bruhat Bengaluru Mahanagara Palike,147-18-000023,EE(BTM)/JE/e-proc/02/2018-19,Completed (final bill),1500000.0,,Sri. R Govindaraju,1190608.0,1,2019-09-30,2019-11-21,5,medium,1,info
245,151-18-000023,Providing RO Plant in Koramangala Village in Ward No:151 Koramangala,General civic works,,151 (198-ward map),Bruhat Bengaluru Mahanagara Palike,151-18-000023,BBMP/2017-18/OW/WORK_INDENT30215,Completed (final bill),1349509.0,,Sri. Hitesh Kumar S,1201947.0,1,2019-09-24,2019-10-30,5,high,2,info
246,151-18-000027,Construction and improvement of public toilets in ward No.151 Koramanga,Buildings & civic facilities,,151 (198-ward map),Bruhat Bengaluru Mahanagara Palike,151-18-000027,,Completed (final bill),,,Sri. R Govindaraju,3497830.0,1,2019-08-31,2019-10-14,4,none,0,
247,151-18-000042,Annual Maintenance of roads and drains in ward no 151 Koramangala,"Roads, drains & footpaths (combined)",,151 (198-ward map),Bruhat Bengaluru Mahanagara Palike,151-18-000042,,Completed (final bill),,,Sri. K C Sreedhar,1416200.0,1,2019-07-25,2019-10-14,4,none,2,info
248,148-18-000025,Improvements of park and play ground at NGV in ward no 148,Parks & playgrounds,NGV,148 (198-ward map),Bruhat Bengaluru Mahanagara Palike,148-18-000025,,Completed (final bill),,,M/s KRIDL,8251283.0,1,2019-08-31,2019-09-27,4,none,1,info
249,151-19-000019,Drilling of New Borewells and Erection of Pumps in ward no 151 Koramangala,Water supply & sewerage,,151 (198-ward map),Bruhat Bengaluru Mahanagara Palike,151-19-000019,,Completed (final bill),,,Smt. H S Hemavathi,1966887.0,1,2019-08-16,2019-09-18,4,none,1,info
250,151-19-000015,Providing Street lights and other electrical accessories to Koramangala ward no 151,Street lighting & electrical,,151 (198-ward map),Bruhat Bengaluru Mahanagara Palike,151-19-000015,,Completed (final bill),,,M/s. K.S. Mohan (Vijayalakshmi Associates),1214875.0,1,2019-08-17,2019-09-18,4,none,0,
251,151-11-000024,"Setting up and operation of Nisurgruna Bio-gas plant for Bio degredable waste of 5MT capacity based on Bhabha Atomic Research centre technology in ward no 151, Koramangala 3rd Block, Under High Tension line, Koramangala",Solid waste infrastructure,Koramangala 3rd Block,151 (198-ward map),Bruhat Bengaluru Mahanagara Palike,151-11-000024,,Completed (final bill),,,M/s Ashoka Biogreen Pvt Ltd,4900525.0,3,2012-12-03,2019-08-17,5,none,2,notice
252,151-19-000004,Improvements and construction new culverts in siddartha colony in ward no 151 Koramangala,Drains & storm-water,,151 (198-ward map),Bruhat Bengaluru Mahanagara Palike,151-19-000004,,Completed (final bill),,,M/s KRIDL,1976486.0,1,2018-12-27,2019-08-17,5,none,1,info
253,151-19-000003,Improvements CC roads in mestripalya village in ward no 151 Koramangala,Roads,Mestripalya,151 (198-ward map),Bruhat Bengaluru Mahanagara Palike,151-19-000003,,Completed (final bill),,,M/s KRIDL,1968391.0,1,2018-12-27,2019-08-17,5,none,2,info
254,151-19-000005,Improvements of drian and providing new RCC drian in siddartha colony in ward no 151 Kormanagla,General civic works,,151 (198-ward map),Bruhat Bengaluru Mahanagara Palike,151-19-000005,,Completed (final bill),,,M/s KRIDL,1964847.0,1,2018-12-27,2019-08-17,5,none,1,info
255,151-19-000006,Providing and improvements of RCC drian in mestripalya village in ward no 151 Koramangala,General civic works,Mestripalya,151 (198-ward map),Bruhat Bengaluru Mahanagara Palike,151-19-000006,,Completed (final bill),,,M/s KRIDL,1906908.0,1,2018-12-27,2019-08-17,5,none,2,info
256,151-18-000025,Providing water supply pipelines for drinking water facility in Ward No:151 Koramangala,Water supply & sewerage,,151 (198-ward map),Bruhat Bengaluru Mahanagara Palike,151-18-000025,BBMP/2017-18/OW/WORK_INDENT30236,Completed (final bill),3590930.0,,Sri. Ramaraju Purushotham,2584077.0,1,2019-07-10,2019-08-16,5,high,0,
257,151-17-000093,"Improvements to road, drains and footpath in 5th A block, Koramangala and surrounding areas in Ward No.151 Koramangala","Roads, drains & footpaths (combined)","5th A Block, Koramangala",151 (198-ward map),Bruhat Bengaluru Mahanagara Palike,151-17-000093,BBMP/2017-18/OW/WORK_INDENT27449,Completed (final bill),3979028.0,,N Santosh,3740732.0,1,2018-01-29,2019-08-14,6,medium,3,info
258,151-18-000038,Maintenance of Ambedkar samudaya bhavan at Koramangala in ward no 151 Koramangala,Buildings & civic facilities,,151 (198-ward map),Bruhat Bengaluru Mahanagara Palike,151-18-000038,EE(BTM)/JE/e-proc/02/2018-19,Completed (final bill),500000.0,,Srinivasan C,403722.0,1,2019-05-29,2019-07-22,5,medium,0,
259,151-18-000040,Construction of Public Toilet in ward no 151 KOramangala,Buildings & civic facilities,,151 (198-ward map),Bruhat Bengaluru Mahanagara Palike,151-18-000040,EE(BTM)/JE/e-proc/02/2018-19,Completed (final bill),,,Manjunatha N,503594.0,1,2019-05-04,2019-07-22,5,high,1,info
260,151-18-000043,Improvements and Desilting of secondary drains at Koramangala ward no 151,Drains & storm-water,,151 (198-ward map),Bruhat Bengaluru Mahanagara Palike,151-18-000043,EE(BTM)/JE/e-proc/02/2018-19,Completed (final bill),,,Smt C Pushpa (M P Constructiohn),938528.0,1,2019-06-01,2019-07-22,5,medium,0,
261,151-18-000039,Drilling of New Borewell and Pump Erection and Providing Pipeline at Surrounding area in ward no 151 Koramangala,Water supply & sewerage,,151 (198-ward map),Bruhat Bengaluru Mahanagara Palike,151-18-000039,EE(BTM)/JE/e-proc/02/2018-19,Completed (final bill),2000000.0,,Sri. Lakshman H Pujari,1961896.0,1,2019-05-31,2019-07-22,5,high,0,
262,151-18-000021,Digging of new borewell and providing water supply Pipeline in Ward No:151 Koramangala,Water supply & sewerage,,151 (198-ward map),Bruhat Bengaluru Mahanagara Palike,151-18-000021,,Completed (final bill),,,K Sathish nayak,6006441.0,1,2019-06-01,2019-07-22,4,none,1,info
263,151-17-000031,Providing cement concrete to roads from MES School towards Basava temple and suroundings in Koramangala village in ward No.151,Buildings & civic facilities,,151 (198-ward map),Bruhat Bengaluru Mahanagara Palike,151-17-000031,BBMP/2016-17/OW/WORK_INDENT23878,Completed (final bill),3954371.0,,K. C. Sridhar,3935589.0,1,2017-09-05,2019-07-18,6,high,2,info
264,151-17-000032,Providing cement concrete to roads from Basava temple to Adugodi main road via Koramangala village in ward No.151,Roads,Adugodi,151 (198-ward map),Bruhat Bengaluru Mahanagara Palike,151-17-000032,BBMP/2016-17/OW/WORK_INDENT23879,Completed (final bill),3958103.0,,K C Sridhar,3956912.0,1,2017-10-28,2019-07-18,6,high,3,info
265,151-16-000015,Providing Cement concrete designer tiles to footpath and Improvements to drains at 1st cross 5th block in ward no 151,"Roads, drains & footpaths (combined)",1st Cross; 5th Block,151 (198-ward map),Bruhat Bengaluru Mahanagara Palike,151-16-000015,,Completed (final bill),,,M/s KRIDL,7126358.0,1,2017-10-31,2019-07-18,5,none,5,info
266,304-15-000370,Improvements and Development of Mesthri Palya Park in Koramangala.,Parks & playgrounds,,,Bruhat Bengaluru Mahanagara Palike,304-15-000370,,Completed (final bill),,30028000.0,B.Y. Perumaiah,66088036.0,9,2017-04-27,2019-07-03,5,none,6,attention
267,304-15-000371,Improvements and Development of Beauty Spot Park in Koramangala.,Parks & playgrounds,,,Bruhat Bengaluru Mahanagara Palike,304-15-000371,,Completed (final bill),,14070563.0,B Y Perumaiah,19576212.0,5,2018-03-17,2019-07-03,5,none,4,notice
268,148-15-000010,Providing Chain link fencing and other developmental works at National games village and Pranidaya sangha in ward No 148,General civic works,National Games Village,148 (198-ward map),Bruhat Bengaluru Mahanagara Palike,148-15-000010,,Running bill only (no final bill found),,,K Srikanta,1425277.0,1,2017-01-07,2019-06-11,4,none,3,notice
269,151-17-000035,"Providing Cement Concrete to 5th cross, Jakkasandra extension in Koramangala, Ward No.151",General civic works,5th Cross; Jakkasandra Extension,151 (198-ward map),Bruhat Bengaluru Mahanagara Palike,151-17-000035,,Completed (final bill),,,Hitesh kumar S,692205.0,1,2017-06-30,2019-05-22,5,none,2,info
270,151-18-000036,"Improvement to CC roads, in 4th Block Koramangala and surrounding ares in Ward No. 151 Koramangala",Roads,4th Block Koramangala,151 (198-ward map),Bruhat Bengaluru Mahanagara Palike,151-18-000036,,Completed (final bill),,,Sri. N Chethan Kumar,2618538.0,1,2019-02-19,2019-05-21,4,none,0,
271,151-17-000088,Development of park at south zone Koramangala ward No 151 south zone,Parks & playgrounds,,151 (198-ward map),Bruhat Bengaluru Mahanagara Palike,151-17-000088,BBMP/2017-18/OW/WORK_INDENT27988,Completed (final bill),,,Billapur Yellappa Perumaiah,23194865.0,1,2019-03-19,2019-04-11,5,high,0,
272,151-18-000046,Restoration of BWSSB road Cut Portion in roads under 6th Block and surrounding roads in Koramangala in Ward No.151,Roads,6th Block,151 (198-ward map),Bruhat Bengaluru Mahanagara Palike,151-18-000046,,Completed (final bill),,,M/s KRIDL,3985262.0,1,2019-03-29,2019-04-11,4,none,3,info
273,151-18-000045,Restoration of BWSSB road Cut Portion in roads under 5th Block KHB colony and surrounding roads in Koramangala in Ward No.151,Roads,5th Block,151 (198-ward map),Bruhat Bengaluru Mahanagara Palike,151-18-000045,,Completed (final bill),,,KRIDL,4594945.0,1,2019-03-12,2019-03-26,4,none,4,info
274,151-18-000048,"Restoration of BWSSB road Cut Portion in roads under 3rd Block, 4th block and surrounding roads in Koramangala in Ward No.151",Roads,3rd Block; 4th Block,151 (198-ward map),Bruhat Bengaluru Mahanagara Palike,151-18-000048,,Completed (final bill),,,KRIDL,3985977.0,1,2019-03-12,2019-03-26,4,none,4,info
275,151-18-000047,Providing flagging coarse to drains and improvement of footpath in 3rd Block and 4th Block in ward No. 151 (Koramangala),"Roads, drains & footpaths (combined)",3rd Block; 4th Block,151 (198-ward map),Bruhat Bengaluru Mahanagara Palike,151-18-000047,,Completed (final bill),,,kridl,2682250.0,1,2019-03-12,2019-03-26,4,none,4,info
276,151-18-000029,"Improvement to CC roads, 6th Block Koramangala and surrounding areas in Ward No. 151 Koramangala",Roads,6th Block Koramangala,151 (198-ward map),Bruhat Bengaluru Mahanagara Palike,151-18-000029,,Completed (final bill),,,Sri. N Chathan Kumar,3269544.0,1,2019-01-21,2019-03-06,4,none,1,info
277,148-17-000051,Providing Park lighting and playground lighting and Street lights at NGV in ward No.148 Ejipura of BTM Constituency,Street lighting & electrical,NGV; Ejipura,148 (198-ward map),Bruhat Bengaluru Mahanagara Palike,148-17-000051,BBMP/2017-18/EL/WORK_INDENT26160,Completed (final bill),4454527.0,,M/S.Shree Bharathi Electricals(B.K.Bhaskar),3266273.0,1,2017-10-16,2019-02-19,6,high,1,info
278,151-17-000065,Providing drinking water works in Ward No 151 in BTM Layout Division,General civic works,,151 (198-ward map),Bruhat Bengaluru Mahanagara Palike,151-17-000065,BBMP/2017-18/OW/WORK_INDENT27773,Completed (final bill),1294667.0,,Sri. Hitesh Kumar S,1163100.0,1,2018-11-24,2018-12-19,5,high,1,info
279,151-17-000003,Digging of New Borewell erection of pumpset and providing pipeline at Siddartha colony Koramangala village Koramangala other block and surrounding area in Koramangala Ward no 151,Water supply & sewerage,,151 (198-ward map),Bruhat Bengaluru Mahanagara Palike,151-17-000003,"BBMP/2017-18/OW/WORK_INDENT26403,BBMP/2017-18/OW/WORK_INDENT26403/CALL-2,BBMP/2017-18/OW/WORK_INDENT26403/CALL-3",Completed (final bill),7500000.0,,K Satish Nayak,7321961.0,1,2018-02-21,2018-11-28,6,high,2,notice
280,148-18-000024,Development Bautification and laying of missing Cobble stones in NGV all blocks in ward No. 148,Roads,NGV,148 (198-ward map),Bruhat Bengaluru Mahanagara Palike,148-18-000024,,Running bill only (no final bill found),,,M/s KRIDL,8526387.0,1,2018-10-23,2018-11-28,3,none,2,notice
281,151-14-000065,Providing Cement concrete designer tiles to footpath and Improvements to drains at Sarjapura service road upto SWD in ward No: 151 (Koramangala),Drains & storm-water,,151 (198-ward map),Bruhat Bengaluru Mahanagara Palike,151-14-000065,,Completed (final bill),,,KRIDL,7401653.0,2,2014-06-04,2018-11-16,5,none,5,info
282,151-18-000015,Repairs and Upgradation of lightings at parks and play grounds at Koramangala ward no 151,Street lighting & electrical,,151 (198-ward map),Bruhat Bengaluru Mahanagara Palike,151-18-000015,,Completed (final bill),,,"Executive Engineer -3, KRIDL",3482978.0,1,2018-09-29,2018-10-27,4,none,0,
283,151-14-000004,Providing concreting to road cut portion in Siddartha Colony in ward no 151,Roads,,151 (198-ward map),Bruhat Bengaluru Mahanagara Palike,151-14-000004,,Completed (final bill),,,M/s KRIDL,1808854.0,1,2014-02-10,2018-10-27,5,none,3,info
284,151-18-000052,Providing LED Street lights in ward no 151,Street lighting & electrical,,151 (198-ward map),Bruhat Bengaluru Mahanagara Palike,151-18-000052,,Completed (final bill),,,"Executive Engineer-3, KRIDL",995883.0,1,2018-09-29,2018-10-27,4,none,0,
285,151-18-000014,Providing Street lights Timer Control and other Public lighting accessories in Koramangala and surrounding areas ward no 151,Street lighting & electrical,,151 (198-ward map),Bruhat Bengaluru Mahanagara Palike,151-18-000014,,Completed (final bill),,,"Executive Engineer-3, Karnataka Rural Infrastructure",4998957.0,1,2018-09-03,2018-10-17,4,none,0,
286,147-17-000088,"Additional contsruction of Govt.School,Rajendranagar, 8th block Koramangala in Adugodi ward No.147",Buildings & civic facilities,Rajendranagar; 8th Block Koramangala; Adugodi,147 (198-ward map),Bruhat Bengaluru Mahanagara Palike,147-17-000088,BBMP/2017-18/OW/WORK_INDENT27422,Completed (final bill),1977868.0,,K Satish Nayak,1901288.0,1,2017-12-25,2018-10-12,6,medium,1,info
287,151-18-000012,Construction of RCC Box Culvert and drains at 80 feet Ring Road opposite to BMTC and Construction of drain at Jakkasandra extension in ward No.151,"Roads, drains & footpaths (combined)",80 Feet Ring Road; Jakkasandra Extension,151 (198-ward map),Bruhat Bengaluru Mahanagara Palike,151-18-000012,,Completed (final bill),,,Manjunath S,15237500.0,2,2017-12-12,2018-10-12,4,none,0,
288,151-18-000013,Construction of RCC Box drain from Mesthry playa Lake to Joining of K-100 in 4th Block Koramangala in ward No. 151,Drains & storm-water,4th Block Koramangala,151 (198-ward map),Bruhat Bengaluru Mahanagara Palike,151-18-000013,,Running bill only (no final bill found),,,G M Ravindra,9386000.0,1,2018-07-31,2018-10-12,3,none,1,notice
289,147-17-000004,Improvements to park in 7th block Koramangala in ward no 147,Parks & playgrounds,7th Block Koramangala,147 (198-ward map),Bruhat Bengaluru Mahanagara Palike,147-17-000004,,Completed (final bill),1200000.0,,KRIDL,2264800.0,2,2017-02-18,2018-10-12,6,none,4,notice
290,147-13-000042,Improvements to drain and beautification of footpath at 20th main road Reach-1 and surrounding roads at 7th block Koramangala in ward no 147,"Roads, drains & footpaths (combined)",20th Main Road; 7th Block Koramangala,147 (198-ward map),Bruhat Bengaluru Mahanagara Palike,147-13-000042,,Completed (final bill),,,M/s KRIDL,3005276.0,4,2013-02-07,2018-10-01,5,none,6,notice
291,151-18-000034,Construction of Leaf Compost Building and providing High capacity Leaf Shredder machine in HT Line in Ward No. 151 Koramangala,Buildings & civic facilities,,,Bruhat Bengaluru Mahanagara Palike,151-18-000034,,Running bill only (no final bill found),,,M/s KRIDL,2423000.0,1,2018-07-31,2018-09-20,4,none,2,notice
292,151-17-000039,Annual maintenence and repair of borewells and water supply pipelines in ward no 151,Water supply & sewerage,,151 (198-ward map),Bruhat Bengaluru Mahanagara Palike,151-17-000039,BBMP/2017-18/OW/WORK_INDENT26401,Completed (final bill),1466184.0,,Sathish Nayak,1450844.0,1,2017-11-23,2018-09-07,6,high,1,info
293,151-17-000079,Drilling of Borewells in Koramangala and surrounding areas in Ward No.151 (Koramangala),Water supply & sewerage,,151 (198-ward map),Bruhat Bengaluru Mahanagara Palike,151-17-000079,BBMP/2017-18/OW/WORK_INDENT26653,Completed (final bill),2945852.0,,Sathis Nayak,2912387.0,1,2017-10-28,2018-09-07,6,high,2,info
294,151-17-000111,Construction and improvements of toilets in W N 151 Koramangala,Buildings & civic facilities,,,Bruhat Bengaluru Mahanagara Palike,151-17-000111,,Completed (final bill),,,M/s KRIDL,2998000.0,1,2018-06-18,2018-09-06,5,none,1,info
295,151-16-000005,Construction of New Culverts and Maintainance of Existing Damaged Culverts at 5th 6th 8th block and surrounding area for the year 2015-16 in ward No.151 (Koramangala),Drains & storm-water,8th Block,151 (198-ward map),Bruhat Bengaluru Mahanagara Palike,151-16-000005,"BBMP/2015-16/OW/WORK_INDENT19405,BBMP/2015-16/OW/WORK_INDENT19405/CALL-2,BBMP/2015-16/OW/WORK_INDENT19405/CALL-3,BBMP/2015-16/OW/WORK_INDENT19405/CALL-4",Completed (final bill),988298.0,,Sri. Narasimha N,1026960.0,1,2016-06-23,2018-08-14,6,high,3,notice
296,304-14-000047,Improvements to Drain and footpath and Asphalting to Koramangala 80 feet Road (from Sarjapur Road to Sony world),"Roads, drains & footpaths (combined)",80 Feet Road; Sarjapur Road,,Bruhat Bengaluru Mahanagara Palike,304-14-000047,,Completed (final bill),,,M/s KRIDL,7635850.0,2,2013-12-19,2018-08-14,5,none,5,notice
297,304-14-000048,Improvements to Drain and footpath and Asphalting to Koramangala 80 feet Road (from Sony world to Ejipura Drain),"Roads, drains & footpaths (combined)",80 Feet Road; Ejipura,,Bruhat Bengaluru Mahanagara Palike,304-14-000048,,Completed (final bill),,,M/s KRIDL,3579624.0,2,2013-12-19,2018-08-14,5,none,4,notice
298,151-15-000011,Providing cement concrete to 5th cross 4th block in ward No 151 Koramangala,General civic works,5th Cross; 4th Block,151 (198-ward map),Bruhat Bengaluru Mahanagara Palike,151-15-000011,,Completed (final bill),,,Sri. K R Pratheek,2461203.0,1,2016-03-31,2018-08-14,5,none,3,info
299,r-174-18-000001,Construction of new drains and paving concrete lanes of Ibbaluru village,Drains & storm-water,,174 (225-ward map),Bruhat Bengaluru Mahanagara Palike,R-174-18-000001,,Completed (final bill),,,KRIDL,2015897.0,1,2013-12-30,2018-08-03,4,none,3,info
300,151-16-000034,"Improvements to road side drains and footpath at 16th A1, Mestry Palya main road (Parallel to 100 ft road) and surroundings cross roads in 4th B block in ward no 151 Koramangala","Roads, drains & footpaths (combined)",100 Ft Road; 4th B Block,151 (198-ward map),Bruhat Bengaluru Mahanagara Palike,151-16-000034,,Completed (final bill),,,M/s KRIDL,8909211.0,1,2016-07-27,2018-07-28,5,none,3,info
301,151-17-000002,Size Stone Masonary in SWD K-11e Koramangala 8th block near ajendranagar slum in ward no 151,Drains & storm-water,Koramangala 8th Block,151 (198-ward map),Bruhat Bengaluru Mahanagara Palike,151-17-000002,,Completed (final bill),800000.0,,KRIDL,794500.0,1,2016-09-16,2018-07-16,6,none,2,info
302,151-16-000008,"Providing flagging course and covering slab to drain at 18th Main,4th cross and surrounding area 6th block in ward No.151 (Koramangala)",Drains & storm-water,18th Main; 4th Cross; 6th Block,151 (198-ward map),Bruhat Bengaluru Mahanagara Palike,151-16-000008,,Running bill only (no final bill found),,,Chandrashekar M R,989789.0,1,2016-03-15,2018-07-10,4,none,6,notice
303,148-17-000028,Comprehensive development works in NGV Complex in ward No. 148 (Ejipura),General civic works,NGV; Ejipura,,Bruhat Bengaluru Mahanagara Palike,148-17-000028,,Completed (final bill),,,M/s KRIDL,4984000.0,1,2018-06-06,2018-07-02,5,none,1,info
304,307-15-000029,Excavation of accumulated earth for preventing flood from Bannerughatta road upto joining point K-200 in Kormanagala valley K-206 Ward no.171 Gurappanapalya,Roads,,,Bruhat Bengaluru Mahanagara Palike,307-15-000029,,"Final bill submitted, not yet paid",,,Sri.Prakash Babu,1085000.0,1,2014-07-30,2018-07-02,4,none,3,notice
305,151-15-000002,Asphalting to road cutting portion and bad reaches for the year 2014 15 in ward No 151 Koramangala,Roads,,151 (198-ward map),Bruhat Bengaluru Mahanagara Palike,151-15-000002,,Completed (final bill),,,Sri. K R Pratheek,922528.0,1,2015-01-24,2018-06-26,5,none,3,info
306,151-15-000013,Urgent work under emergency grant for the year 2014 15 (Maintenance of Building Work),Buildings & civic facilities,,151 (198-ward map),Bruhat Bengaluru Mahanagara Palike,151-15-000013,,Completed (final bill),,,Satish Nayak,1982834.0,2,2016-07-27,2018-06-25,5,none,2,info
307,151-16-000113,Providing concreting to road cutting portion @ koramangala village mestri palya village in ward no 151 koramangala,Roads,,151 (198-ward map),Bruhat Bengaluru Mahanagara Palike,151-16-000113,"BBMP/2017-18/OW/WORK_INDENT27777,BBMP/2017-18/OW/WORK_INDENT27777/CALL-2",Completed (final bill),914903.0,,Sri. Sunil J,905665.0,1,2018-03-24,2018-06-18,6,high,1,info
308,151-18-000053,Improvements of Storm water drain Allied works in BTM Layout Constituency Koramangala Valley,Drains & storm-water,,151 (198-ward map),Bruhat Bengaluru Mahanagara Palike,151-18-000053,,Completed (final bill),,,M/s DRF Constructions Pvt. Ltd,4807000.0,1,2018-05-28,2018-06-14,4,none,0,
309,151-18-000050,Improvements of BBMP park in 2nd block Koramangala Opp to Kendriya Sadana Gate in ward no 151 Koramangala,Parks & playgrounds,2nd Block Koramangala,,Bruhat Bengaluru Mahanagara Palike,151-18-000050,,Completed (final bill),,,M/s KRIDL,4007000.0,1,2018-05-16,2018-06-06,5,none,1,info
310,151-13-000033,Providing pre coated galvaluminium sheet cladding to boundary line at Koramangala industrial area in ward no 151,General civic works,Koramangala Industrial Area,151 (198-ward map),Bruhat Bengaluru Mahanagara Palike,151-13-000033,,Completed (final bill),,,Technical Manager (South),10716182.0,1,2014-05-19,2018-05-26,5,none,3,info
311,151-17-000009,"Providing street light fittings, poles, timers, cable, ABC to important roads in Koramangala 3rd block and surrounding area in ward no 151",Street lighting & electrical,Koramangala 3rd Block,151 (198-ward map),Bruhat Bengaluru Mahanagara Palike,151-17-000009,,Completed (final bill),2500000.0,,KRIDL,2497783.0,1,2017-01-27,2018-05-25,6,none,5,info
312,151-17-000010,"Providing street light fittings, poles, timers, cable, ABC to important roads in Koramangala 1st block and surrounding area in ward no 151",Street lighting & electrical,Koramangala 1st Block,151 (198-ward map),Bruhat Bengaluru Mahanagara Palike,151-17-000010,,Completed (final bill),2500000.0,,KRIDL,2498350.0,1,2017-01-27,2018-05-25,6,none,5,info
313,151-17-000011,"Providing street light fittings, poles, timers, cable, ABC to important roads in Koramangala 6th block and surrounding area in ward no 151",Street lighting & electrical,Koramangala 6th Block,151 (198-ward map),Bruhat Bengaluru Mahanagara Palike,151-17-000011,,Completed (final bill),2500000.0,,KRIDL,2497574.0,1,2017-01-27,2018-05-25,6,none,5,info
314,151-17-000012,"Providing street light fittings, poles, timers, cable, ABC in Koramangala village Kathalipalya and surrounding area in ward no 151",Street lighting & electrical,Kathalipalya,151 (198-ward map),Bruhat Bengaluru Mahanagara Palike,151-17-000012,,Completed (final bill),2500000.0,,KRIDL,2497665.0,1,2017-01-27,2018-05-25,6,none,5,info
315,151-17-000064,"Comprehensive Development of bad Roadsand Improvements to roads side drains footpaths, asphalting and concreting including culvertsSWD to selected main and other connecting roads of Packing No BTM 01, in ward no 151,in BTM Division of south zone (14 works )","Roads, drains & footpaths (combined)",,151 (198-ward map),Bruhat Bengaluru Mahanagara Palike,151-17-000064,BBMP/2016-17/OW/WORK_INDENT24643,"Final bill submitted, not yet paid",201564154.0,,M/s Amrutha Construction Pvt Ltd Sri. P Venkateshwara Roa,211506624.0,7,2017-03-30,2018-05-21,4,medium,2,notice
316,151-16-000017,Improvements to park next to Naidu Kalyana Mantapa in Koramangala in ward no 151,Parks & playgrounds,,,Bruhat Bengaluru Mahanagara Palike,151-16-000017,,Completed (final bill),,,SRI P SURESH KUMAR,1957000.0,1,2016-08-26,2018-05-09,5,none,0,
317,151-16-000009,Removing Resetting Desilting and Other Improvements to Existing Drain at 1st block 3rd block and Surrounding area roads in ward No.151(Koramangala),"Roads, drains & footpaths (combined)",1st Block; 3rd Block,151 (198-ward map),Bruhat Bengaluru Mahanagara Palike,151-16-000009,,Completed (final bill),,,Sri. N Venkatesh Babu,786475.0,1,2016-03-15,2018-04-30,5,none,3,info
318,147-18-000036,Restoration of BWSSB Road cut portion at Ambedkar park and surrounding areas 8th block koramangala and surrounding Areas at 8th block koramangala in Adugudi Ward NO 147,Roads,8th Block Koramangala,,Bruhat Bengaluru Mahanagara Palike,147-18-000036,,Completed (final bill),,,M/s KRIDL,1284000.0,1,2018-04-06,2018-04-26,5,none,2,info
319,147-18-000041,Restoration of BWSSB Road cut portion at 1st Cross 1st B main and surrounding area 7th block koramangala in Adugudi ward NO 147,Roads,1st Cross; 1st B Main; 7th Block Koramangala,,Bruhat Bengaluru Mahanagara Palike,147-18-000041,,Completed (final bill),,,M/s KRIDL,1200000.0,1,2018-04-06,2018-04-26,5,none,4,info
320,147-18-000038,Restoration of BWSSB Road cut portion at Mangala kalyanamantapa road and AdgudiI main road in 8th block koramangala ward No 147,Roads,8th Block Koramangala,,Bruhat Bengaluru Mahanagara Palike,147-18-000038,,Completed (final bill),,,M/s KRIDL,1199000.0,1,2018-04-06,2018-04-26,5,none,1,info
321,147-18-000040,"Restoration of BWSSB Road cut portion at 3rd Cross 4th Cross ,5th Cross Road 7th Block Koramangala in Adugudi ward NO 147",Roads,3rd Cross; 4th Cross; 5th Cross Road; 7th Block Koramangala,,Bruhat Bengaluru Mahanagara Palike,147-18-000040,,Completed (final bill),,,M/s KRIDL,1199000.0,1,2018-04-06,2018-04-26,5,none,2,info
322,147-18-000035,Restoration of BWSSB Road cut portion at Chamundeswari park and surrounding area in 8th block koramangala Adugudi ward No 147,Roads,8th Block Koramangala,,Bruhat Bengaluru Mahanagara Palike,147-18-000035,,Completed (final bill),,,M/s KRIDL,1198000.0,1,2018-04-06,2018-04-26,5,none,2,info
323,147-18-000039,Restoration of BWSSB Road cut portion at 1st Main 7th Block koramangala in Adugudi ward NO 147,Roads,1st Main; 7th Block Koramangala,,Bruhat Bengaluru Mahanagara Palike,147-18-000039,,Completed (final bill),,,M/s KRIDL,1197000.0,1,2018-04-06,2018-04-26,5,none,4,info
324,147-18-000042,Restoration of BWSSB Road cut portion and other Improvements works at 1st cross and surrounding area at 8th Block Koramangala in Adugudi ward No 147,Roads,1st Cross; 8th Block Koramangala,,Bruhat Bengaluru Mahanagara Palike,147-18-000042,,Completed (final bill),,,M/s KRIDL,1195000.0,1,2018-04-06,2018-04-26,5,none,5,info
325,147-18-000037,Restoration of BWSSB Road cut portion at Shiva Temple and surrounding area 8th block Koramangala in Adugodi ward no 147,Roads,8th Block Koramangala; Adugodi,,Bruhat Bengaluru Mahanagara Palike,147-18-000037,,Completed (final bill),,,M/s KRIDL,998000.0,1,2018-04-06,2018-04-26,5,none,2,info
326,151-18-000028,Improvements to existing U.G.D Lines and water supply feeder lines in Ward No. 151 Koramangala,Water supply & sewerage,,151 (198-ward map),Bruhat Bengaluru Mahanagara Palike,151-18-000028,,Running bill only (no final bill found),,,Chairman BWSSB,8500000.0,1,2018-02-23,2018-03-21,2,none,3,notice
327,151-16-000006,Improvements to Drain at 17th B Main from 5th cross towards 2nd cross 5th block and Surrounding area in ward No.151 (Koramangala),Drains & storm-water,17th B Main; 5th Cross; 2nd Cross; 5th Block,151 (198-ward map),Bruhat Bengaluru Mahanagara Palike,151-16-000006,,Completed (final bill),,,Shivalingegowda N,989935.0,1,2016-03-15,2018-03-15,5,none,1,info
328,151-15-000028,Improvement to 18th main park 6th block Korumangala in ward no 151,Parks & playgrounds,18th Main; 6th Block,151 (198-ward map),Bruhat Bengaluru Mahanagara Palike,151-15-000028,BBMP/2015-16/OW/WORK_INDENT17530,Completed (final bill),,,N.Krishnappa,1440332.0,2,2016-02-27,2018-03-08,6,high,2,info
329,151-16-000011,"Providing flagging course and covering slab to drain at 12th Main,4th cross and surrounding area 4th block, in ward No.151 (Koramangala)",Drains & storm-water,12th Main; 4th Cross; 4th Block,151 (198-ward map),Bruhat Bengaluru Mahanagara Palike,151-16-000011,,Completed (final bill),,,Sri N Dayanada,949813.0,1,2016-05-02,2018-03-02,5,none,3,info
330,151-16-000007,"Providing flagging course and covering slab to drain at 16th Main and surrounding area 4th block, in ward No.151 (Koramangala)",Drains & storm-water,16th Main; 4th Block,151 (198-ward map),Bruhat Bengaluru Mahanagara Palike,151-16-000007,,Completed (final bill),,,Sri. Vijaya Kumar K,939995.0,1,2016-05-02,2018-03-02,5,none,3,info
331,151-17-000084,Comprohensive development of drains and other developmental works at koramangala village in ward no.151,Drains & storm-water,,151 (198-ward map),Bruhat Bengaluru Mahanagara Palike,151-17-000084,,Completed (final bill),,,M/s KRDIL,5571831.0,1,2018-02-12,2018-02-21,4,none,2,info
332,151-16-000019,Comprehensive Development of roads by providing asphalting drains and foorpaths in ward no 151 and 173 in BTM Layout Division,"Roads, drains & footpaths (combined)",,151 (198-ward map),Bruhat Bengaluru Mahanagara Palike,151-16-000019,,"Final bill submitted, not yet paid",,,Sri. Ramaiah Lokesh,57862129.0,6,2016-12-30,2018-02-05,4,none,4,notice
333,304-16-000012,Improvements to drain and Footpath and asphalting to bad reaches of Koramangala Inner Ring Road from Domlur Fly Over to Ejipura junction in East Divistion,"Roads, drains & footpaths (combined)",Inner Ring Road; Ejipura,,Bruhat Bengaluru Mahanagara Palike,304-16-000012,,Completed (final bill),,,KRIDL,9616068.0,1,2016-05-27,2018-02-01,4,none,2,info
334,151-17-000070,"Comprehensive development of drains footpath and roads in 5th block, KHB colony, koramangala in ward no.151","Roads, drains & footpaths (combined)",5th Block,151 (198-ward map),Bruhat Bengaluru Mahanagara Palike,151-17-000070,BBMP/2017-18/OW/WORK_INDENT27453,Running bill only (no final bill found),4796248.0,,M/s KRIDL,4928979.0,1,2018-01-02,2018-01-04,4,high,3,notice
335,151-17-000071,"Comprehensive development of drains footpath and roads in 5th block, industrial layout, koramangala in ward no.151","Roads, drains & footpaths (combined)",5th Block,151 (198-ward map),Bruhat Bengaluru Mahanagara Palike,151-17-000071,,Running bill only (no final bill found),,,M/s KRIDL,4956081.0,1,2018-01-02,2018-01-04,3,none,2,notice
336,151-17-000073,"Comprehensive development of drains footpath and roads in Siddarth colony, Vishweshwaraiah guest house, kendriya sadana","Roads, drains & footpaths (combined)",,151 (198-ward map),Bruhat Bengaluru Mahanagara Palike,151-17-000073,,Running bill only (no final bill found),,,M/s KRIDL,3921405.0,1,2018-01-02,2018-01-04,3,none,2,notice
337,151-17-000072,Comprehensive development of drains footpath and roads in 8th block koramangala in ward no.151,"Roads, drains & footpaths (combined)",8th Block Koramangala,151 (198-ward map),Bruhat Bengaluru Mahanagara Palike,151-17-000072,,Running bill only (no final bill found),,,M/s KRIDL,2996594.0,2,2017-12-12,2018-01-04,3,none,3,notice
338,151-17-000067,Comprehensive development of drains footpath and roads in 2nd block koramangala in ward no.151,"Roads, drains & footpaths (combined)",2nd Block Koramangala,151 (198-ward map),Bruhat Bengaluru Mahanagara Palike,151-17-000067,,Running bill only (no final bill found),,,M/s KRIDL,2985848.0,1,2018-01-02,2018-01-04,3,none,2,notice
339,151-17-000075,Comprehensive development of drains footpath and roads in 6th block koramangala ward no.151,"Roads, drains & footpaths (combined)",6th Block Koramangala,151 (198-ward map),Bruhat Bengaluru Mahanagara Palike,151-17-000075,"BBMP/2017-18/OW/WORK_INDENT27448,BBMP/2017-18/OW/WORK_INDENT27448/CALL-2",Running bill only (no final bill found),3187190.0,,M/s KRIDL,4727037.0,1,2017-12-12,2017-12-14,4,medium,4,notice
340,151-17-000069,Comprehensive development of drains footpath and roads in 4th block koramangala in ward no.151,"Roads, drains & footpaths (combined)",4th Block Koramangala,151 (198-ward map),Bruhat Bengaluru Mahanagara Palike,151-17-000069,,Running bill only (no final bill found),,,M/s KRIDL,4929136.0,1,2017-12-12,2017-12-14,3,none,2,notice
341,151-17-000066,Comprehensive development of drains and roads in 1st block Koramangala in ward no. 151,"Roads, drains & footpaths (combined)",1st Block Koramangala,151 (198-ward map),Bruhat Bengaluru Mahanagara Palike,151-17-000066,,Running bill only (no final bill found),,,M/s KRIDL,4870605.0,1,2017-12-12,2017-12-14,3,none,2,notice
342,151-17-000068,Comprehensive development of drains footpath and roads in 3rd block koramangala in ward no.151,"Roads, drains & footpaths (combined)",3rd Block Koramangala,151 (198-ward map),Bruhat Bengaluru Mahanagara Palike,151-17-000068,,Running bill only (no final bill found),,,M/s KRIDL,3890852.0,1,2017-12-12,2017-12-14,3,none,2,notice
343,151-17-000074,Comprehensive development of drains footpath and roads in jakkasandra extension ward no.151,"Roads, drains & footpaths (combined)",Jakkasandra Extension,151 (198-ward map),Bruhat Bengaluru Mahanagara Palike,151-17-000074,,Running bill only (no final bill found),,,M/s KRIDL,2924172.0,1,2017-12-12,2017-12-14,3,none,2,notice
344,151-17-000063,Providing and fixing of LED Street lights in Ward No 151 in BTM Layout Division,Street lighting & electrical,,151 (198-ward map),Bruhat Bengaluru Mahanagara Palike,151-17-000063,BBMP/2017-18/EL/WORK_INDENT26029,Completed (final bill),999731.0,,M/S M.S.Manje Gowda (Sri Manjunatha Electricals),629341.0,1,2017-11-25,2017-12-06,5,high,0,
345,151-16-000016,Improvements to drains and Footpath at 1st cross J Block 5th cross road and surrounding roads of SBI Colony in ward no 151 Koramangala,"Roads, drains & footpaths (combined)",1st Cross; 5th Cross Road,151 (198-ward map),Bruhat Bengaluru Mahanagara Palike,151-16-000016,,Completed (final bill),,,M/s KRIDL,4564293.0,1,2014-02-12,2017-10-25,5,none,2,info
346,151-17-000027,Filling of Pot holes to road cutting portion and bad reaches for the year 2016-17 in ward No.151 Koramangala,Roads,,151 (198-ward map),Bruhat Bengaluru Mahanagara Palike,151-17-000027,,Completed (final bill),,,Sri. B M Rangegowda,1973128.0,1,2017-06-09,2017-10-13,5,none,3,info
347,148-15-000014,Providing electrical repairs to street lighting system in National Games Village in egipura ward no 148,Street lighting & electrical,National Games Village,148 (198-ward map),Bruhat Bengaluru Mahanagara Palike,148-15-000014,,Completed (final bill),,,M/s.Sathya Enterprises,3122300.0,2,2015-04-20,2017-10-06,5,none,2,info
348,151-16-000027,Providing Energy Efficient LED Street Light Fittings to Koramangala Ring road 80feet Road and other important roads coming in ward 151 and 148.,Street lighting & electrical,80Feet Road,151 (198-ward map),Bruhat Bengaluru Mahanagara Palike,151-16-000027,,Completed (final bill),,,The Technical Manager-3,9977074.0,1,2017-06-30,2017-09-27,4,none,0,
349,151-15-000009,Improvements to drain and footpath at 18th C D and surrounding road 6th block in ward No 151 Koramangala,"Roads, drains & footpaths (combined)",6th Block,,Bruhat Bengaluru Mahanagara Palike,151-15-000009,,Completed (final bill),,,R M Ravi,2878454.0,1,2017-08-21,2017-09-16,4,none,2,info
350,151-16-000010,"Removing,Resetting,Desilting and Other Improvements to Existing Drain at 5th ,6th , 8th block and Surrounding area roads in ward No.151(Koramangala)","Roads, drains & footpaths (combined)",8th Block,151 (198-ward map),Bruhat Bengaluru Mahanagara Palike,151-16-000010,BBMP/2015-16/OW/WORK_INDENT19805,Completed (final bill),494715.0,,Patel B,514025.0,1,2016-03-15,2017-08-22,6,high,2,info
351,151-16-000013,Providing Concreting to Damaged Roads and Concreting Asphalting to Road cut portion done by BWSSB to lay Sanitary and Water line in and around Meshtri Palya Village 4th block club road and surrounding area in ward No.151(Koramangala),Roads,4th Block,151 (198-ward map),Bruhat Bengaluru Mahanagara Palike,151-16-000013,,Completed (final bill),,,Patel B,977671.0,1,2016-03-15,2017-08-22,5,none,1,info
352,151-15-000012,Providing cement concrete to cross road near Om shakthi temple and surrounding area 1st block in ward No 151 Koramangala,Roads,1st Block,151 (198-ward map),Bruhat Bengaluru Mahanagara Palike,151-15-000012,,Completed (final bill),,,Sri. K R Pratheek,1191150.0,1,2017-03-31,2017-08-07,4,none,2,info
353,151-15-000006,Providing flooring to class rooms and other allied works at Govt School Koramangala village in ward No 151 Koramangala,Buildings & civic facilities,,151 (198-ward map),Bruhat Bengaluru Mahanagara Palike,151-15-000006,,Completed (final bill),,,R Lakshmi KPWD Contractor,1994722.0,1,2015-01-14,2017-08-04,5,none,2,info
354,151-14-000036,Improvements to Drains Shoulder Drains and Providing Design concrete tiles to Footpath at Jyothi nivasd collage road Industrial Layout 5th Block in ward No.151 Kormanagala,"Roads, drains & footpaths (combined)",5th Block,151 (198-ward map),Bruhat Bengaluru Mahanagara Palike,151-14-000036,,Completed (final bill),,,M/s KRIDL,1760231.0,1,2014-02-12,2017-08-01,5,none,2,info
355,151-11-000039,"Improvements to secondary drain (nadu beedi) at 8th block, Koramangala village in ward no. 151",Drains & storm-water,"8th Block, Koramangala",151 (198-ward map),Bruhat Bengaluru Mahanagara Palike,151-11-000039,,Completed (final bill),,,Nagineni Muniswamy Krishnamurthy,5770113.0,1,2013-12-03,2017-07-20,5,none,2,info
356,151-14-000008,Providing cement concrete to Sanitary cutting reaches Mestry Palya in ward No.151 Koramangala,General civic works,,151 (198-ward map),Bruhat Bengaluru Mahanagara Palike,151-14-000008,,Completed (final bill),,,Sri. Pratheek,926158.0,1,2013-03-04,2017-07-17,5,none,3,info
357,151-14-000006,Improvements to drain and footpath 1st A cross 12th main road 4th block Biside Telephone exchange surrounding area in ward No.151 Koramangala,"Roads, drains & footpaths (combined)",1st A Cross; 12th Main Road; 4th Block,151 (198-ward map),Bruhat Bengaluru Mahanagara Palike,151-14-000006,,Completed (final bill),,,K Seetharam,2046000.0,1,2014-05-17,2017-06-19,5,none,2,info
358,151-15-000029,Improvement to park (judge park) Balance work at 8th Block 28th main in ward no 151,Parks & playgrounds,8th Block; 28th Main,151 (198-ward map),Bruhat Bengaluru Mahanagara Palike,151-15-000029,"BBMP/2015-16/OW/WORK_INDENT17531,BBMP/2015-16/OW/WORK_INDENT17531/CALL-2",Completed (final bill),,,N.Krishnappa,3530170.0,2,2016-02-27,2017-06-14,6,high,2,info
359,151-15-000031,Providing shelter plateform and badminton court to Rectangular park 4th C block Korumangala ward no 151,Parks & playgrounds,4th C Block,151 (198-ward map),Bruhat Bengaluru Mahanagara Palike,151-15-000031,BBMP/2015-16/OW/WORK_INDENT17532,Completed (final bill),,,N.Krishnappa,1964090.0,2,2016-02-27,2017-06-14,6,high,1,info
360,151-14-000059,"Providing Cement concrete designer tiles to footpath and Improvements to drains at 1st main, 1st block, in ward No: 151 (Koramangala)","Roads, drains & footpaths (combined)",1st Main; 1st Block,151 (198-ward map),Bruhat Bengaluru Mahanagara Palike,151-14-000059,,Completed (final bill),,,M/s KRIDL,4581634.0,1,2014-06-04,2017-06-14,5,none,8,info
361,151-14-000032,Improvements to Drains and footpath and 6th cross (KML club road) 6th block and surouding roads Kormangala in ward No.151 Kormanagala,"Roads, drains & footpaths (combined)",6th Cross; 6th Block,151 (198-ward map),Bruhat Bengaluru Mahanagara Palike,151-14-000032,,Completed (final bill),,,M/s KRIDL,4301862.0,2,2014-01-27,2017-06-14,5,none,3,info
362,151-13-000011,"Improvements to road side drains and footpath to cross road op.to Krishna temple, 5th block LIC office road SBI colony in ward No.151 Koramangala","Roads, drains & footpaths (combined)",5th Block,151 (198-ward map),Bruhat Bengaluru Mahanagara Palike,151-13-000011,,Completed (final bill),,,V Lakshmi Kanth,569943.0,1,2013-09-06,2017-06-14,5,none,2,info
363,151-16-000002,Filling of Pot holes to road cutting portion and bad reaches for the year 2015-16 in ward No.151 (Koramangala),Roads,,151 (198-ward map),Bruhat Bengaluru Mahanagara Palike,151-16-000002,,Completed (final bill),,,Sri Gopala Krishna,960126.0,1,2016-03-30,2017-06-07,5,none,3,info
364,151-16-000012,Sinking energizing and Commissioning of borewell at Koramangala village and Surrounding area in ward No.151(Koramangala),Water supply & sewerage,,151 (198-ward map),Bruhat Bengaluru Mahanagara Palike,151-16-000012,,Completed (final bill),,,Sri. Sathis Nayak,1538414.0,1,2016-03-15,2017-06-06,5,none,2,info
365,151-13-000031,Providing interlocking pavement to drive way and southern side parking yard of garbage segregation processing unit at Koramangala industrial area in ward no 151,Parks & playgrounds,Koramangala Industrial Area,151 (198-ward map),Bruhat Bengaluru Mahanagara Palike,151-13-000031,,Completed (final bill),,,"M/s KRIDL,Technical Manager (South)",10779185.0,1,2013-06-28,2017-06-03,5,none,4,info
366,151-13-000032,Construction of RCC drain for garbage segregation processing unit at Koramangala industrial area in ward no 151,Drains & storm-water,Koramangala Industrial Area,151 (198-ward map),Bruhat Bengaluru Mahanagara Palike,151-13-000032,,Completed (final bill),,,"M/s KRIDL, Technical Manager (South)",10447470.0,1,2014-05-19,2017-06-03,5,none,5,info
367,151-16-000018,Improvements to park and construction of reading room gazebo at Lakshmi devi park in 6th block 80 road koramangala in ward no 151,Roads,6th Block,151 (198-ward map),Bruhat Bengaluru Mahanagara Palike,151-16-000018,BBMP/2015-16/OW/WORK_INDENT21005,Running bill only (no final bill found),,,P.Suresh kumar,3517704.0,2,2016-08-26,2017-06-01,5,high,2,notice
368,151-14-000052,"Development of Triangular park in 5th block opposite to Raghavendra school 4th Cross, K.H.B colony Koramangala in ward No: 151.",Buildings & civic facilities,5th Block; 4th Cross,151 (198-ward map),Bruhat Bengaluru Mahanagara Palike,151-14-000052,,Completed (final bill),,,KRIDL,3117000.0,2,2014-08-27,2017-06-01,5,none,3,info
369,151-14-000060,"Providing Cement concrete designer tiles to footpath Northern side and Improvement to drains at 8th main, 3rd and 4th Block in ward No: 151 (Koramangala)","Roads, drains & footpaths (combined)",8th Main; 4th Block,151 (198-ward map),Bruhat Bengaluru Mahanagara Palike,151-14-000060,,Completed (final bill),,,M/s KRIDL,14664514.0,3,2014-06-04,2017-05-31,5,none,7,info
370,151-14-000033,Improvements to Drains and footpath and service road frfom 20th main to Madiwala Chech Post. 4th B cross Industrial Layout 5th block and Surrounding roads Koramanagala in ward No.151 Kormanagala,"Roads, drains & footpaths (combined)",20th Main; Madiwala; 4th B Cross; 5th Block,151 (198-ward map),Bruhat Bengaluru Mahanagara Palike,151-14-000033,,Completed (final bill),,,M/s KRIDL,2983560.0,1,2014-02-13,2017-05-31,5,none,3,info
371,151-15-000010,Improvements to drain and footpath at 1st cross surrounding roads Kudremmukha colony in ward No.151 Koramangala,"Roads, drains & footpaths (combined)",1st Cross,151 (198-ward map),Bruhat Bengaluru Mahanagara Palike,151-15-000010,,Completed (final bill),,,T Venkatesh,2014874.0,1,2015-02-05,2017-05-18,5,none,2,info
372,151-14-000061,"Providing Cement concrete designer tiles to footpath Southern side and Improvement to drains at 8th main, 3rd and 4th Block in ward No: 151 (Koramangala)","Roads, drains & footpaths (combined)",8th Main; 4th Block,151 (198-ward map),Bruhat Bengaluru Mahanagara Palike,151-14-000061,,Completed (final bill),,,KRIDL,7276182.0,1,2014-06-04,2017-05-15,5,none,7,info
373,151-14-000062,"Providing Cement concrete designer tiles to footpath and Improvements to drains at 16th main, 3rd block in ward No: 151 (Koramangala)","Roads, drains & footpaths (combined)",16th Main; 3rd Block,151 (198-ward map),Bruhat Bengaluru Mahanagara Palike,151-14-000062,,Completed (final bill),,,M/s KRIDL,3428856.0,1,2014-06-04,2017-05-15,5,none,8,info
374,147-13-000043,Improvements to drain and beautification of footpath at 20th main road Reach-II and surrounding roads at 7th block Koramangala in ward no 147,"Roads, drains & footpaths (combined)",20th Main Road; 7th Block Koramangala,147 (198-ward map),Bruhat Bengaluru Mahanagara Palike,147-13-000043,,Completed (final bill),,,M/s KRIDL,2332743.0,3,2013-07-30,2017-05-15,5,none,5,info
375,148-16-000031,Construction of RCC Box drain from passport office to KPWD quarters and culverts across 80 feet ring road in Kormangala ward no.148 Ejipura,"Roads, drains & footpaths (combined)",80 Feet Ring Road; Ejipura,148 (198-ward map),Bruhat Bengaluru Mahanagara Palike,148-16-000031,,Running bill only (no final bill found),15000000.0,13194860.4,G M Ravindra,11167600.0,1,2017-04-17,2017-04-27,5,none,1,notice
376,148-16-000011,Digging of New borewell Erection of Pumpset and providing pipeline at National games village in ward No.148 Ejipuara,Water supply & sewerage,National Games Village,148 (198-ward map),Bruhat Bengaluru Mahanagara Palike,148-16-000011,BBMP/2015-16/OW/WORK_INDENT19317,Completed (final bill),600000.0,,Sri. Ramanjaneyulu Konanki,596908.0,1,2016-03-31,2017-04-25,6,high,0,
377,151-13-000008,Improvements and construction of new culverts in ward No. 151 Koramangala,Drains & storm-water,,151 (198-ward map),Bruhat Bengaluru Mahanagara Palike,151-13-000008,,Completed (final bill),,,Sri. N Shivalinge Gowda,1580710.0,1,2014-03-04,2017-04-24,5,none,4,info
378,151-15-000015,Providing flood lightings to Basket Ball Court and pathway lightings to Koramangala 3rd block 12th Main Ground in Koramangala ward no 151,Street lighting & electrical,Koramangala 3rd Block; 12th Main,151 (198-ward map),Bruhat Bengaluru Mahanagara Palike,151-15-000015,,Completed (final bill),,,M/s.A.K.Enterprises,1149486.0,2,2015-03-16,2017-04-21,5,none,1,info
379,151-15-000017,"Providing street light fittings poles, timers in Koramangala ward no 151",Street lighting & electrical,,151 (198-ward map),Bruhat Bengaluru Mahanagara Palike,151-15-000017,,Completed (final bill),,,M/s.Vijayalakshmi Associates,6110968.0,2,2015-09-03,2017-03-31,5,none,3,info
380,151-14-000023,Improvements to road side drains and footpaths at 1st cross road (From 8th main road to 80 feet road) 4th B block and surrounding area in ward no 151,"Roads, drains & footpaths (combined)",1st Cross Road; 8th Main Road; 80 Feet Road; 4th B Block,151 (198-ward map),Bruhat Bengaluru Mahanagara Palike,151-14-000023,,Completed (final bill),,,KRIDL,1953144.0,1,2014-02-12,2017-01-23,5,none,4,info
381,151-14-000011,Improvements to drain and footpath 1st A and B cross road Biside beside Bajaj show room and surrounding area 8th block in ward No 151 Koramangala,"Roads, drains & footpaths (combined)",8th Block,151 (198-ward map),Bruhat Bengaluru Mahanagara Palike,151-14-000011,,Completed (final bill),,,KRIDL,1894115.0,1,2014-02-10,2017-01-23,5,none,4,info
382,151-16-000025,Asphalting to 1st block Koramangala in ward no151 Koramangala,Roads,1st Block Koramangala,151 (198-ward map),Bruhat Bengaluru Mahanagara Palike,151-16-000025,,Running bill only (no final bill found),,,Sri. Ramaiah Lokesh,16986002.0,1,2016-10-28,2016-12-29,3,none,4,notice
383,151-14-000034,Improvements to Drains and footpath and J block and 3rd block and Surrounding roads Koramanagala in ward No.151 Kormanagala,"Roads, drains & footpaths (combined)",3rd Block,151 (198-ward map),Bruhat Bengaluru Mahanagara Palike,151-14-000034,,Completed (final bill),,,KRIDL,4306496.0,1,2014-01-27,2016-12-22,5,none,4,info
384,151-14-000022,Improvements to road side drains and footpaths at 16th C main road 4th block and surrounding area in ward no 151,"Roads, drains & footpaths (combined)",16th C Main Road; 4th Block,151 (198-ward map),Bruhat Bengaluru Mahanagara Palike,151-14-000022,,Completed (final bill),,,KRIDL,1971046.0,1,2014-01-10,2016-12-22,5,none,4,info
385,148-14-000028,Improvements and Other Development works at Rear side of Sharavathi and Kaveri blocks of National Games Village and surrounding area in ward no 148,General civic works,National Games Village,148 (198-ward map),Bruhat Bengaluru Mahanagara Palike,148-14-000028,,Completed (final bill),,,KRIDL,603790.0,1,2014-09-18,2016-12-22,5,none,3,info
386,147-13-000052,Improvements to road side drains and Footpath of 1st F Main road and Surrounding area roads in 8th block Koramangala in ward no. 147,"Roads, drains & footpaths (combined)",1st F Main Road; 8th Block Koramangala,147 (198-ward map),Bruhat Bengaluru Mahanagara Palike,147-13-000052,,Completed (final bill),,,KRIDL,1218580.0,1,2014-02-10,2016-11-29,5,none,6,info
387,151-14-000021,Improvements to road side drains and footpaths at 1st cross road (Behink Sipani Bhavan) and 1st A cross road (Park Surrounding area) 4th B block and surrounding area in ward no 151,"Roads, drains & footpaths (combined)",1st Cross Road; 1st A Cross Road; 4th B Block,151 (198-ward map),Bruhat Bengaluru Mahanagara Palike,151-14-000021,,Completed (final bill),,,KRIDL,1964162.0,1,2014-02-12,2016-09-29,5,none,3,info
388,151-14-000029,"Improvements to drains and footpaths at 17th F-2 ,3,4 main roads and surrounding roads 6th block in ward no 151 Koramanagala","Roads, drains & footpaths (combined)",6th Block,151 (198-ward map),Bruhat Bengaluru Mahanagara Palike,151-14-000029,,Completed (final bill),,,KRIDL,4894565.0,1,2014-02-13,2016-09-23,5,none,5,info
389,151-14-000027,Improvements to drains and footpaths at 8th A B C main road J block and 14th main road 3rd block surrounding roads of 1st block in ward no 151 Koramangala,"Roads, drains & footpaths (combined)",14th Main Road; 3rd Block; 1st Block,151 (198-ward map),Bruhat Bengaluru Mahanagara Palike,151-14-000027,,Completed (final bill),,,KRIDL,4891692.0,1,2014-02-13,2016-09-23,5,none,3,info
390,151-14-000028,Improvements to drains and footpaths at 9th A 10th 11th 11th A main roads and surrounding roads 4th block in ward no 151 Koramanagala,"Roads, drains & footpaths (combined)",11th A Main Road; 4th Block,151 (198-ward map),Bruhat Bengaluru Mahanagara Palike,151-14-000028,,Completed (final bill),,,KRIDL,4878264.0,1,2014-02-13,2016-09-23,5,none,3,info
391,151-14-000030,Improvements to drains and footpaths at A B C main road Koramangala village main road and surrounding roads 8th block in ward no 151 Koramanagala,"Roads, drains & footpaths (combined)",8th Block,151 (198-ward map),Bruhat Bengaluru Mahanagara Palike,151-14-000030,,Completed (final bill),,,KRIDL,4820467.0,1,2014-02-13,2016-09-23,5,none,4,info
392,151-14-000026,Improvements to drains and footpaths at 3rd 4th 5th cross road and surrounding roads of 1st block in ward no 151 Koramangala,"Roads, drains & footpaths (combined)",5th Cross Road; 1st Block,151 (198-ward map),Bruhat Bengaluru Mahanagara Palike,151-14-000026,,Completed (final bill),,,KRIDL,4804658.0,1,2014-02-13,2016-09-23,5,none,3,info
393,151-14-000005,Improvements to drain and footpath 6th A and B cross 3rd block and surrounding area in ward No.151 Koramangala,"Roads, drains & footpaths (combined)",3rd Block,151 (198-ward map),Bruhat Bengaluru Mahanagara Palike,151-14-000005,,Completed (final bill),,,KRIDL,1956749.0,1,2014-02-10,2016-09-23,5,none,3,info
394,151-14-000010,Improvements to drain and footpath 17th D main Corporation Bank road 6th block and surrounding area in ward No 151 Koramangala,"Roads, drains & footpaths (combined)",17th D Main; 6th Block,151 (198-ward map),Bruhat Bengaluru Mahanagara Palike,151-14-000010,,Completed (final bill),,,KRIDL,1470079.0,1,2014-02-10,2016-09-23,5,none,3,info
395,r-174-14-000001,PRVD CHAIN LINK FENCING PATHWAY AND OTHER DEV WORKS TO THE PARK at 7TH MN 15TH CROSS SECTOR-6 ( BESIDE LARENSE SCHOOL) W.N 132 IN BOMMANAHALLI ZONE,Buildings & civic facilities,15th Cross,174 (225-ward map),Bruhat Bengaluru Mahanagara Palike,R-174-14-000001,,Completed (final bill),,,SHRUSHTI,3440856.0,1,2015-01-31,2016-07-29,4,none,2,info
396,148-14-000011,Providing kerb stones to roads of National games village and other improvements in ward No.148 Ejipura,Roads,National Games Village; Ejipura,148 (198-ward map),Bruhat Bengaluru Mahanagara Palike,148-14-000011,,Completed (final bill),,,KRIDL,1185364.0,1,2014-02-10,2016-07-23,5,none,3,info
397,148-14-000021,Providing Chainlink fencing to Existing Mini forest at Rear side of Malaprabha and Gataprabha Block in National games village in Ward No.148 ( Ejipura ),General civic works,National Games Village; Ejipura,148 (198-ward map),Bruhat Bengaluru Mahanagara Palike,148-14-000021,,Completed (final bill),,,KRIDL,4801546.0,1,2014-01-27,2016-07-19,5,none,3,info
398,147-13-000037,Construction of RCC Box drain to lawrence school road from 2nd C main road towards 2nd H main road and surrounding roads at 8th block Koramangala in ward no 147,"Roads, drains & footpaths (combined)",2nd C Main Road; 2nd H Main Road; 8th Block Koramangala,147 (198-ward map),Bruhat Bengaluru Mahanagara Palike,147-13-000037,,Completed (final bill),,,KRIDL,1979270.0,1,2014-02-07,2016-07-19,5,none,4,notice
399,148-14-000022,Improvements to Children park at National games village at Judge colony in ward No: 148 Ejipura.,Parks & playgrounds,National Games Village; Ejipura,148 (198-ward map),Bruhat Bengaluru Mahanagara Palike,148-14-000022,,Completed (final bill),,,Technical Manager 2,3246970.0,2,2014-06-19,2016-06-23,5,none,1,info
400,147-13-000036,Construction of RCC Box to shiva theater road right side from Shaneshwara temple to 2nd cross road and surrounding roads at 8th block Koramangala in ward no 147,Roads,2nd Cross Road; 8th Block Koramangala,147 (198-ward map),Bruhat Bengaluru Mahanagara Palike,147-13-000036,,Completed (final bill),,,KRIDL,1957890.0,1,2014-01-31,2016-06-21,5,none,3,info
401,147-13-000041,Improvements to drain and beautification of footpath at 1st main road from 20th main to dead end and surrounding roads at 7th block Koramangala in ward no 147,"Roads, drains & footpaths (combined)",1st Main Road; 20th Main; 7th Block Koramangala,147 (198-ward map),Bruhat Bengaluru Mahanagara Palike,147-13-000041,,Completed (final bill),,,KRIDL,1574270.0,1,2014-02-07,2016-06-21,5,none,3,info
402,147-12-000026,Improvements to drains and providing precast slabs at 2 nd D main and surrounding cross roads 8th block Koramangala in ward no 147,"Roads, drains & footpaths (combined)",8th Block Koramangala,147 (198-ward map),Bruhat Bengaluru Mahanagara Palike,147-12-000026,,Completed (final bill),,,T T Vasanth Kumar,1301960.0,1,2012-10-08,2016-06-21,5,none,2,info
403,151-15-000016,Providing lightings to Beauty Spot in Koramangala 5th A Block in Koramangala ward no 151,Street lighting & electrical,Koramangala 5th A Block,151 (198-ward map),Bruhat Bengaluru Mahanagara Palike,151-15-000016,,Completed (final bill),,,M/s.Sri Durga Enterprises,1305008.0,2,2015-04-20,2016-06-13,5,none,0,
404,151-15-000018,Providing high mast lighting system in Sarjapura Road Opp St Johns Hospital gate in Koramangala ward no 151,Buildings & civic facilities,Sarjapura Road; St Johns,151 (198-ward map),Bruhat Bengaluru Mahanagara Palike,151-15-000018,,Completed (final bill),,,M/s.Sri Durga Enterprises,667152.0,2,2015-04-20,2016-06-09,5,none,0,
405,147-11-000038,"Providing Cement concrete to road near shiva theater and surrounding areas at 8th block, Koramangala in ward no. 147",Roads,"8th Block, Koramangala",147 (198-ward map),Bruhat Bengaluru Mahanagara Palike,147-11-000038,,Completed (final bill),,,M Nagesh,2130070.0,1,2011-08-06,2016-06-08,5,none,2,info
406,151-14-000007,Improvements to drain footpath 17th HB main KHB colony and surrounding area in ward No.151 Koramangala,"Roads, drains & footpaths (combined)",,151 (198-ward map),Bruhat Bengaluru Mahanagara Palike,151-14-000007,,Completed (final bill),,,Patel B,2082974.0,1,2014-03-01,2016-06-08,5,none,2,info
407,147-13-000053,Improvements to road side drains and Footpath of 1st E cross road and Surrounding area roads in 8th block Koramangala in ward no. 147,"Roads, drains & footpaths (combined)",1st E Cross Road; 8th Block Koramangala,147 (198-ward map),Bruhat Bengaluru Mahanagara Palike,147-13-000053,,Completed (final bill),,,B S Vishwanath,825110.0,1,2014-02-12,2016-06-08,5,none,4,info
408,151-14-000038,"Providing tubuler poles, 250 w ts SV fittings, aerial bunched cable along with connected accessories to Sarjapura main road and adugodi, egipura, koramangala, jakkasandra in ward No.147, 148, 151 173.",Roads,Adugodi; Jakkasandra,151 (198-ward map),Bruhat Bengaluru Mahanagara Palike,151-14-000038,,Completed (final bill),,,M/s.KRIDL,9842863.0,2,2014-02-03,2016-06-01,5,none,3,info
409,151-13-000002,Engaging Private Tractor and Labours For Maintenance of Footpath Roads and Road side drains Emergency Works at 1st 2nd 3rd 4th block Kuduremukha colony and siddartha colony in ward no 151 Koramangala for the year 2012-13,"Roads, drains & footpaths (combined)",4th Block; Kuduremukha Colony,151 (198-ward map),Bruhat Bengaluru Mahanagara Palike,151-13-000002,,Completed (final bill),,,M Nagesh,1183410.0,1,2013-12-05,2016-06-01,5,none,2,info
410,151-13-000009,Improvements to drains and footpaths at 3rd main and 2nd cross Road 1st Block in ward No.151 Koramangala,"Roads, drains & footpaths (combined)",3rd Main; 2nd Cross Road; 1st Block,151 (198-ward map),Bruhat Bengaluru Mahanagara Palike,151-13-000009,,Completed (final bill),,,R M Ravi,1914730.0,1,2013-10-28,2016-05-25,5,none,5,info
411,151-13-000012,Improvements to road side drains and footpath to 2nd cross 3rd block in ward no.151 Koramangala,"Roads, drains & footpaths (combined)",2nd Cross; 3rd Block,151 (198-ward map),Bruhat Bengaluru Mahanagara Palike,151-13-000012,,Completed (final bill),,,R M Ravi,1808534.0,1,2013-10-28,2016-05-25,5,none,4,info
412,151-13-000013,Improvements to road side drains and footpath to 17th A and D main and surrounding areas 6th block in ward no.151 Koramangala,"Roads, drains & footpaths (combined)",6th Block,151 (198-ward map),Bruhat Bengaluru Mahanagara Palike,151-13-000013,,Completed (final bill),,,R M Ravi,1471520.0,1,2013-10-28,2016-05-25,5,none,5,info
413,307-15-000093,Construction of elemental bridge across 80 feet road Koramangala for SWD K-113(near passport office),Drains & storm-water,80 Feet Road,,Bruhat Bengaluru Mahanagara Palike,307-15-000093,,Completed (final bill),,42237867.0,Manu.L,15510400.0,4,2015-05-21,2016-05-06,5,none,1,info
414,151-13-000029,Construction of Wet Waste garbage segregation processing unit at Koramangala industrial area in ward no 151,Solid waste infrastructure,Koramangala Industrial Area,151 (198-ward map),Bruhat Bengaluru Mahanagara Palike,151-13-000029,,Completed (final bill),,,M/s KRIDL,9404530.0,1,2015-11-20,2016-05-03,4,none,6,notice
415,304-15-000018,Widening of Suranjandas road from Old Madras Road to Old Airport Road near Kuvempu circle on Varthur Road reg. Shifting of Existing 11 KV UG Cables (S-7 Sub Divisioin Koramangala Division-BESCOM),Roads,,,Bruhat Bengaluru Mahanagara Palike,304-15-000018,,Completed (final bill),,,M/s KRIDL,8993725.0,1,2015-11-20,2016-04-29,4,none,1,info
416,151-14-000054,Development of Swabhimana Karanji park 4th block Koramangala in ward No: 151.,Parks & playgrounds,4th Block Koramangala,151 (198-ward map),Bruhat Bengaluru Mahanagara Palike,151-14-000054,,Completed (final bill),,,KRIDL,1905210.0,2,2014-06-19,2016-04-29,5,none,2,info
417,151-14-000053,Developments of new park 5th Block K.H.B. Colony Koramangala in ward No: 151.,Parks & playgrounds,5th Block,151 (198-ward map),Bruhat Bengaluru Mahanagara Palike,151-14-000053,,Completed (final bill),,,Technical Manager,1701045.0,1,2014-08-27,2016-04-26,5,none,1,info
418,151-14-000057,Improvements to park (Judge Park) at 8th block 28th main in ward No: 151,Parks & playgrounds,8th Block; 28th Main,151 (198-ward map),Bruhat Bengaluru Mahanagara Palike,151-14-000057,,Completed (final bill),,,KRIDL,650605.0,1,2014-07-11,2016-04-26,5,none,3,info
419,151-13-000030,Construction of Dry Waste garbage segregation processing unit at Koramangala industrial area in ward no 151,Solid waste infrastructure,Koramangala Industrial Area,151 (198-ward map),Bruhat Bengaluru Mahanagara Palike,151-13-000030,,Completed (final bill),,,Technical Manager (South),10511760.0,1,2015-11-20,2016-04-06,4,none,5,notice
420,304-14-000051,Improvement and Asphalting to 5th cross and 1st Cross in Koramangala(from 20th main to 17th main).,Roads,5th Cross; 1st Cross; 20th Main; 17th Main,,Bruhat Bengaluru Mahanagara Palike,304-14-000051,,Running bill only (no final bill found),,,KRIDL,976971.0,2,2015-11-02,2016-04-06,3,none,4,notice
421,304-14-000214,Improvements and Asphalting to 7th cross from 100feet road to 80 feet road in Koramangala,Roads,7th Cross; 100Feet Road; 80 Feet Road,,Bruhat Bengaluru Mahanagara Palike,304-14-000214,,Completed (final bill),,,KRIDL,9906328.0,3,2014-10-29,2016-03-31,4,none,3,notice
422,304-14-000246,Improvements and Asphalting to Koramanagala 100 feet road from Hosur road to Sarjapura road from 7th cross to 80ft road.,Roads,100 Feet Road; Hosur Road; Sarjapura Road; 7th Cross; 80Ft Road,,Bruhat Bengaluru Mahanagara Palike,304-14-000246,,Running bill only (no final bill found),,,M/s K K Plastic Waste Management Ltd,503803.0,1,2015-11-02,2016-02-16,3,none,1,notice
423,147-13-000062,Improvements to road side drains and Footpath of 1 st cross road and Surrounding area roads in 8th block Koramangala in ward no. 147,"Roads, drains & footpaths (combined)",8th Block Koramangala,147 (198-ward map),Bruhat Bengaluru Mahanagara Palike,147-13-000062,,Completed (final bill),,,C Raghu Rama Chandra,852885.0,1,2013-08-24,2016-01-27,5,none,4,info
424,151-12-000021,Filling of Pot Holes and Road cut Portions by asphalt and concrete to Main and Cross roads in ward no 151 Koramangala for the year 2011 12,Roads,,151 (198-ward map),Bruhat Bengaluru Mahanagara Palike,151-12-000021,,Completed (final bill),,,Manjunath N,1043818.0,1,2012-08-27,2016-01-09,5,none,3,info
425,151-15-000014,Providing and laying Granite Slabs to existing gallery steps in Koramangala 3rd block Play Ground in ward no 151 Koramangala,Parks & playgrounds,Koramangala 3rd Block,151 (198-ward map),Bruhat Bengaluru Mahanagara Palike,151-15-000014,,Completed (final bill),,,Sri.G.N. Prasanna,5687760.0,2,2015-03-05,2015-12-19,5,none,0,
426,151-14-000001,Filling of Pot Holes for the year 2013 14 in ward No.151 Koramangala,Roads,,151 (198-ward map),Bruhat Bengaluru Mahanagara Palike,151-14-000001,,Completed (final bill),,,K R Pratheek,1433939.0,1,2014-03-04,2015-11-18,5,none,2,info
427,151-13-000004,Filling of Pot Holes and Road cut Portions by asphalt and concrete to Main and Cross roads in ward no 151 Koramangala for the year 2012-13,Roads,,151 (198-ward map),Bruhat Bengaluru Mahanagara Palike,151-13-000004,,Completed (final bill),,,K R Pratheek,1424871.0,1,2013-11-13,2015-11-18,5,none,3,info
428,151-13-000014,Improvements to road side drains and footpath to 17th E main and surrounding areas 5th block in ward no.151 Koramangala,"Roads, drains & footpaths (combined)",17th E Main; 5th Block,151 (198-ward map),Bruhat Bengaluru Mahanagara Palike,151-13-000014,,Completed (final bill),,,N Shivalinge Gowda,1726427.0,1,2013-12-21,2015-09-30,5,none,3,info
429,151-11-000040,Improvements to secondary drain from Reddy Jana sangha college To 80ft road Koramangala in ward no. 151,Drains & storm-water,80Ft Road,151 (198-ward map),Bruhat Bengaluru Mahanagara Palike,151-11-000040,,Completed (final bill),,,Kemparaju N,3593520.0,1,2012-11-05,2015-06-28,5,none,2,info
430,151-12-000015,Providing road side drains percolation pits in ward no 151,"Roads, drains & footpaths (combined)",,151 (198-ward map),Bruhat Bengaluru Mahanagara Palike,151-12-000015,,Completed (final bill),,,M B Banuprasad,1684532.0,1,2011-11-17,2015-06-28,5,none,2,info
431,151-11-000045,Improvements and repairs to shoulder drains in ward no. 151 (Koramangala),Drains & storm-water,,151 (198-ward map),Bruhat Bengaluru Mahanagara Palike,151-11-000045,,Completed (final bill),,,G Pradeep,938303.0,1,2011-08-18,2015-06-28,5,none,2,info
432,147-13-000063,Improvements to road side drains and Footpath of 3 rd main 2nd main from Bheema chandra Kalyana mantappa to towards Tata indicom and Road connecting From 1 st main road to Tata indicom and Surrounding area roads in 7th block Koramangala in ward no. 147,"Roads, drains & footpaths (combined)",2nd Main; 7th Block Koramangala,147 (198-ward map),Bruhat Bengaluru Mahanagara Palike,147-13-000063,,Completed (final bill),,,C KRISHNA,1864650.0,1,2013-07-09,2015-06-19,5,none,2,info
