project_id,code,severity,title,detail,confidence,evidence
1,related_work,info,Near-identical work under another number (BBMP/2024-25/OW/WORK_INDENT3317),"Descriptions are 100% similar. Could be a recurring annual work, a re-tender, a split of one work, or a duplicate entry.",inferred,[]
2,paid_over_contract,attention,Paid 226% of contract value,"Gross payments ₹3,492,610 exceed the contract value ₹1,542,177 by more than GST would explain (work-order values are often quoted excluding 12–18% GST). Variations, work slips, escalation, further work orders under the same job or a longer service period can explain the rest.",inferred,"[{""source_id"": ""KPPP"", ""label"": ""KPPP tender BBMP/2024-25/EL/WORK_INDENT4261"", ""url"": ""https://kppp.karnataka.gov.in/supplier-registration-service/v1/api/portal-service/bids/126655/tender-category/WORKS/get-selected-bid-for-lumpsum"", ""note"": ""Quoted value of the awarded (L1) bid""}, {""source_id"": ""S12"", ""label"": ""BBMP Work Orders and Payments 2025-26 (225-ward regime)"", ""url"": ""https://data.opencity.in/dataset/280a1196-074e-43ac-acd9-914918b429f5/resource/3e784947-b321-4cba-bedb-69de53450a83/download/bbmp-2025-26-225-wards-work-orders.csv"", ""rows"": [246, 379, 1120, 1075, 1409, 1518]}, {""source_id"": ""IFMS-GRID"", ""label"": ""BBMP IFMS payment grid (LoadPaymentGridData, all wards, quarterly)"", ""url"": ""https://accounts.bbmp.gov.in/vssWB/vss00CvStatusData.php?pAction=LoadPaymentGridData"", ""rows"": []}]"
2,over_stipulated_period,notice,Activity spans 19 months vs 8-month stipulated period,From 2025-01-31 to 2026-09-17 (last payment) against a stipulated 240 days. Late final payments also stretch this span.,inferred,"[{""source_id"": ""KPPP"", ""label"": ""Tender document TND 04.docx"", ""url"": ""https://kppp.karnataka.gov.in/supplier-registration-service/v1/api/portal-service/126655/works-tender-file/1ffcd561-7ea3-49d2-803b-25e83b6bec0a/download-file""}, {""source_id"": ""IFMS-GRID"", ""label"": ""BBMP IFMS payment grid (LoadPaymentGridData, all wards, quarterly)"", ""url"": ""https://accounts.bbmp.gov.in/vssWB/vss00CvStatusData.php?pAction=LoadPaymentGridData"", ""rows"": []}]"
2,deep_discount,info,Awarded -43% below estimate,Very low bids can strain execution or lead to variations later.,inferred,"[{""source_id"": ""KPPP"", ""label"": ""KPPP tender BBMP/2024-25/EL/WORK_INDENT4261"", ""url"": ""https://kppp.karnataka.gov.in/supplier-registration-service/v1/api/portal-service/bids/126655/tender-category/WORKS/get-selected-bid-for-lumpsum"", ""note"": ""Quoted value of the awarded (L1) bid""}, {""source_id"": ""KPPP"", ""label"": ""KPPP tender BBMP/2024-25/EL/WORK_INDENT4261"", ""url"": ""https://kppp.karnataka.gov.in/supplier-registration-service/v1/api/portal-service/126655/works-tender-full-view"", ""note"": ""ECV""}]"
2,fine_levied,info,Fine / penalty deducted from a bill,"IFMS deductions: fine ₹28,700. Penalties usually relate to delay or quality; their reason is not in the public record.",confirmed,"[{""source_id"": ""IFMS"", ""label"": ""BBMP IFMS work bill 772683"", ""url"": ""https://accounts.bbmp.gov.in/vssWB/vss00CvStatusData.php?pAction=LoadDetails&pWorkBillID=772683"", ""note"": ""Deductions""}, {""source_id"": ""IFMS"", ""label"": ""BBMP IFMS work bill 721243"", ""url"": ""https://accounts.bbmp.gov.in/vssWB/vss00CvStatusData.php?pAction=LoadDetails&pWorkBillID=721243"", ""note"": ""Deductions""}, {""source_id"": ""IFMS"", ""label"": ""BBMP IFMS work bill 742383"", ""url"": ""https://accounts.bbmp.gov.in/vssWB/vss00CvStatusData.php?pAction=LoadDetails&pWorkBillID=742383"", ""note"": ""Deductions""}]"
2,related_work,info,Near-identical work under another number (151-22-000005),"Descriptions are 84% similar. Could be a recurring annual work, a re-tender, a split of one work, or a duplicate entry.",inferred,[]
2,related_work,info,Near-identical work under another number (151-20-000029),"Descriptions are 84% similar. Could be a recurring annual work, a re-tender, a split of one work, or a duplicate entry.",inferred,[]
2,related_work,info,Near-identical work under another number (151-16-000001),"Descriptions are 84% similar. Could be a recurring annual work, a re-tender, a split of one work, or a duplicate entry.",inferred,[]
2,document_reused,notice,Identical Agreement / Completion Certificate / Job Certificate / Work Order attached to another job number,"The same file (md5 f9ffafdb21…; Agreement, Completion Certificate, Job Certificate, Work Order) is attached to bills of 5 works: 151-16-000001, 151-20-000029, 151-22-000005, 151-22-000006. Could be one contract booked under two job numbers, or a wrong upload — worth checking.",confirmed,"[{""source_id"": ""IFMS-DOC"", ""label"": ""Attachment"", ""url"": ""https://accounts.bbmp.gov.in/vssIFMS/Files1/WO-6--94265407-Not%20Applicable.PDF""}]"
3,contractor_concentration,info,Contractor holds 14% of Koramangala money (12 projects),"C0004 M RAMESH (identity inferred; ids: IFMS:023007, KPPP:1552): ₹862,988,297 across 12 projects in this dataset. Concentration is common for ward maintenance contracts; it is context, not a finding.",inferred,[]
3,related_work,info,Near-identical work under another number (BBMP/2025-26/OW/WORK_INDENT7214),"Descriptions are 99% similar. Could be a recurring annual work, a re-tender, a split of one work, or a duplicate entry.",inferred,[]
8,recalled_tender,info,Tender re-called once (CALL-2),First call did not result in an award.,confirmed,"[{""source_id"": ""KPPP"", ""label"": ""KPPP tender KPTCL/2025-26/OW/WORK_INDENT3242/CALL-2"", ""url"": ""https://kppp.karnataka.gov.in/supplier-registration-service/v1/api/portal-service/327699/works-tender-full-view"", ""note"": ""Call 2""}]"
12,fine_levied,info,Fine / penalty deducted from a bill,"IFMS deductions: fine ₹10,050. Penalties usually relate to delay or quality; their reason is not in the public record.",confirmed,"[{""source_id"": ""IFMS"", ""label"": ""BBMP IFMS work bill 655894"", ""url"": ""https://accounts.bbmp.gov.in/vssWB/vss00CvStatusData.php?pAction=LoadDetails&pWorkBillID=655894"", ""note"": ""Deductions""}]"
12,slow_payment,info,Median 805 days from bill registration to payment,Long payment delays are common (seniority-based bill clearance) and raise contractors' financing costs.,confirmed,"[{""source_id"": ""IFMS"", ""label"": ""BBMP IFMS work bill 655894"", ""url"": ""https://accounts.bbmp.gov.in/vssWB/vss00CvStatusData.php?pAction=LoadDetails&pWorkBillID=655894"", ""note"": ""BR / RTGS dates""}]"
12,contractor_concentration,info,Contractor holds 0% of Koramangala money (7 projects),"C0025 H S HEMAVATHI (identity inferred; ids: IFMS:022298): ₹15,487,495 across 7 projects in this dataset. Concentration is common for ward maintenance contracts; it is context, not a finding.",inferred,[]
12,related_work,info,Near-identical work under another number (151-17-000079),"Descriptions are 83% similar. Could be a recurring annual work, a re-tender, a split of one work, or a duplicate entry.",inferred,[]
13,fine_levied,info,Fine / penalty deducted from a bill,"IFMS deductions: fine ₹49,250. Penalties usually relate to delay or quality; their reason is not in the public record.",confirmed,"[{""source_id"": ""IFMS"", ""label"": ""BBMP IFMS work bill 657322"", ""url"": ""https://accounts.bbmp.gov.in/vssWB/vss00CvStatusData.php?pAction=LoadDetails&pWorkBillID=657322"", ""note"": ""Deductions""}]"
13,slow_payment,info,Median 798 days from bill registration to payment,Long payment delays are common (seniority-based bill clearance) and raise contractors' financing costs.,confirmed,"[{""source_id"": ""IFMS"", ""label"": ""BBMP IFMS work bill 657322"", ""url"": ""https://accounts.bbmp.gov.in/vssWB/vss00CvStatusData.php?pAction=LoadDetails&pWorkBillID=657322"", ""note"": ""BR / RTGS dates""}]"
13,contractor_concentration,info,Contractor holds 1% of Koramangala money (9 projects),"C0016 Y H KRISHNA (identity inferred; ids: IFMS:022294): ₹42,232,488 across 9 projects in this dataset. Concentration is common for ward maintenance contracts; it is context, not a finding.",inferred,[]
13,related_work,info,Near-identical work under another number (151-19-000020),"Descriptions are 83% similar. Could be a recurring annual work, a re-tender, a split of one work, or a duplicate entry.",inferred,[]
14,fine_levied,info,Fine / penalty deducted from a bill,"IFMS deductions: fine ₹63,200. Penalties usually relate to delay or quality; their reason is not in the public record.",confirmed,"[{""source_id"": ""IFMS"", ""label"": ""BBMP IFMS work bill 739299"", ""url"": ""https://accounts.bbmp.gov.in/vssWB/vss00CvStatusData.php?pAction=LoadDetails&pWorkBillID=739299"", ""note"": ""Deductions""}]"
14,placeholder_photos,notice,Blank / placeholder file used as a site photo,3 photo slot(s) filled with a blank / placeholder file. Bills require before/during/after photos; a placeholder means the photo record for this work is missing.,confirmed,"[{""source_id"": ""IFMS-DOC"", ""label"": ""WB-photo1--95365664-NA.pdf"", ""url"": ""https://accounts.bbmp.gov.in/vssIFMS/Files1/WB-photo1--95365664-NA.pdf""}, {""source_id"": ""IFMS-DOC"", ""label"": ""WB-photo2--20786107-NA.pdf"", ""url"": ""https://accounts.bbmp.gov.in/vssIFMS/Files1/WB-photo2--20786107-NA.pdf""}, {""source_id"": ""IFMS-DOC"", ""label"": ""WB-photo3--23988906-NA.pdf"", ""url"": ""https://accounts.bbmp.gov.in/vssIFMS/Files1/WB-photo3--23988906-NA.pdf""}]"
14,partial_release,info,Bill paid in part (release % below 100),"3 bill(s) released partly (75%, 75%, 75%). BBMP releases bills in tranches when funds are short; the balance may follow later.",confirmed,"[{""source_id"": ""IFMS"", ""label"": ""BBMP IFMS work bill 609523"", ""url"": ""https://accounts.bbmp.gov.in/vssWB/vss00CvStatusData.php?pAction=LoadDetails&pWorkBillID=609523"", ""note"": ""Release %""}, {""source_id"": ""IFMS"", ""label"": ""BBMP IFMS work bill 578311"", ""url"": ""https://accounts.bbmp.gov.in/vssWB/vss00CvStatusData.php?pAction=LoadDetails&pWorkBillID=578311"", ""note"": ""Release %""}, {""source_id"": ""IFMS"", ""label"": ""BBMP IFMS work bill 635588"", ""url"": ""https://accounts.bbmp.gov.in/vssWB/vss00CvStatusData.php?pAction=LoadDetails&pWorkBillID=635588"", ""note"": ""Release %""}]"
14,qty_billed_above_plan,notice,Billed quantity above plan (1 item),"d tipper to site, laying in uniform layers with paver in sub- Cum Twenty One And — planned 302.7  (Schedule B), bill form total up to date 385.11 (+27%). Possible explanations: approved deviation or supplementary schedule, site conditions, an OCR misread on the plan side (each row passed quantity × rate = amount).",inferred,"[{""source_id"": ""IFMS-QTY"", ""label"": ""IFMS attachment WO-4--90108352-SB.pdf (Schedule B), p.2"", ""url"": ""https://accounts.bbmp.gov.in/vssIFMS/Files1/WO-4--90108352-SB.pdf"", ""note"": ""OCR (tesseract psm 6, 2x); arithmetic; confidence medium · row: \""12 302.70 |tipper to site, laying in uniform layers with paver in sub-| Cum 2021.29 |Twenty One And| 611845.33\""""}, {""source_id"": ""IFMS-QTY"", ""label"": ""IFMS attachment WB-Bill--03364055-Bill Form.pdf (Bill Form), p.4"", ""url"": ""https://accounts.bbmp.gov.in/vssIFMS/Files1/WB-Bill--03364055-Bill%20Form.pdf"", ""note"": ""OCR (tesseract psm 6, 2x); arithmetic; confidence medium · row: \""plant carriage of mixed materials by tipper to site, laying in 240.07 | 495251.09 | 145.04 | 2021.29 | 293167.90 385.11 778418.99\""""}]"
14,placeholder_reused,info,Same placeholder file uploaded as evidence on several works,"The same file (md5 a3a7ee1247…; Completion Certificate) is attached to bills of 3 works: 151-20-000102, 186-23-000001. A placeholder means the real record is missing.",confirmed,"[{""source_id"": ""IFMS-DOC"", ""label"": ""Attachment"", ""url"": ""https://accounts.bbmp.gov.in/vssIFMS/Files1/WB-CC--70887989-Not%20App.gif""}]"
14,placeholder_reused,info,Same placeholder file uploaded as evidence on several works,"The same file (md5 4a81885c98…; Completion Certificate, Photo - After Work, Photo - Before Work, Photo - Work In Progress) is attached to bills of 3 works: 148-17-000002, 151-19-000056. A placeholder means the real record is missing.",confirmed,"[{""source_id"": ""IFMS-DOC"", ""label"": ""Attachment"", ""url"": ""https://accounts.bbmp.gov.in/vssIFMS/Files1/WB-photo1--95365664-NA.pdf""}]"
15,year_end_payment,info,92% of payments made in the last fortnight of March,Payments bunched at financial-year end (budget lapse pressure) are common; worth checking that measurement of the work preceded payment.,confirmed,"[{""source_id"": ""S12"", ""label"": ""BBMP Work Orders and Payments 2025-26 (225-ward regime)"", ""url"": ""https://data.opencity.in/dataset/280a1196-074e-43ac-acd9-914918b429f5/resource/3e784947-b321-4cba-bedb-69de53450a83/download/bbmp-2025-26-225-wards-work-orders.csv"", ""rows"": [1627]}, {""source_id"": ""IFMS-GRID"", ""label"": ""BBMP IFMS payment grid (LoadPaymentGridData, all wards, quarterly)"", ""url"": ""https://accounts.bbmp.gov.in/vssWB/vss00CvStatusData.php?pAction=LoadPaymentGridData"", ""rows"": []}]"
15,contractor_concentration,info,Contractor holds 14% of Koramangala money (12 projects),"C0004 M RAMESH (identity inferred; ids: IFMS:023007, KPPP:1552): ₹862,988,297 across 12 projects in this dataset. Concentration is common for ward maintenance contracts; it is context, not a finding.",inferred,[]
16,fine_levied,info,Fine / penalty deducted from a bill,"IFMS deductions: fine ₹13,300. Penalties usually relate to delay or quality; their reason is not in the public record.",confirmed,"[{""source_id"": ""IFMS"", ""label"": ""BBMP IFMS work bill 659608"", ""url"": ""https://accounts.bbmp.gov.in/vssWB/vss00CvStatusData.php?pAction=LoadDetails&pWorkBillID=659608"", ""note"": ""Deductions""}]"
16,slow_payment,info,Median 768 days from bill registration to payment,Long payment delays are common (seniority-based bill clearance) and raise contractors' financing costs.,confirmed,"[{""source_id"": ""IFMS"", ""label"": ""BBMP IFMS work bill 659608"", ""url"": ""https://accounts.bbmp.gov.in/vssWB/vss00CvStatusData.php?pAction=LoadDetails&pWorkBillID=659608"", ""note"": ""BR / RTGS dates""}]"
17,fine_levied,info,Fine / penalty deducted from a bill,"IFMS deductions: fine ₹35,750. Penalties usually relate to delay or quality; their reason is not in the public record.",confirmed,"[{""source_id"": ""IFMS"", ""label"": ""BBMP IFMS work bill 702173"", ""url"": ""https://accounts.bbmp.gov.in/vssWB/vss00CvStatusData.php?pAction=LoadDetails&pWorkBillID=702173"", ""note"": ""Deductions""}]"
17,slow_payment,info,Median 521 days from bill registration to payment,Long payment delays are common (seniority-based bill clearance) and raise contractors' financing costs.,confirmed,"[{""source_id"": ""IFMS"", ""label"": ""BBMP IFMS work bill 702173"", ""url"": ""https://accounts.bbmp.gov.in/vssWB/vss00CvStatusData.php?pAction=LoadDetails&pWorkBillID=702173"", ""note"": ""BR / RTGS dates""}]"
17,contractor_concentration,info,Contractor holds 1% of Koramangala money (9 projects),"C0016 Y H KRISHNA (identity inferred; ids: IFMS:022294): ₹42,232,488 across 9 projects in this dataset. Concentration is common for ward maintenance contracts; it is context, not a finding.",inferred,[]
18,slow_payment,info,Median 1089 days from bill registration to payment,Long payment delays are common (seniority-based bill clearance) and raise contractors' financing costs.,confirmed,"[{""source_id"": ""IFMS"", ""label"": ""BBMP IFMS work bill 579077"", ""url"": ""https://accounts.bbmp.gov.in/vssWB/vss00CvStatusData.php?pAction=LoadDetails&pWorkBillID=579077"", ""note"": ""BR / RTGS dates""}]"
19,contractor_concentration,info,Contractor holds 5% of Koramangala money (3 projects),"C0026 LOKESH R (identity confirmed; ids: IFMS:022698): ₹345,262,807 across 3 projects in this dataset. Concentration is common for ward maintenance contracts; it is context, not a finding.",confirmed,[]
20,fine_levied,info,Fine / penalty deducted from a bill,"IFMS deductions: fine ₹18,200. Penalties usually relate to delay or quality; their reason is not in the public record.",confirmed,"[{""source_id"": ""IFMS"", ""label"": ""BBMP IFMS work bill 663885"", ""url"": ""https://accounts.bbmp.gov.in/vssWB/vss00CvStatusData.php?pAction=LoadDetails&pWorkBillID=663885"", ""note"": ""Deductions""}]"
20,slow_payment,info,Median 732 days from bill registration to payment,Long payment delays are common (seniority-based bill clearance) and raise contractors' financing costs.,confirmed,"[{""source_id"": ""IFMS"", ""label"": ""BBMP IFMS work bill 663885"", ""url"": ""https://accounts.bbmp.gov.in/vssWB/vss00CvStatusData.php?pAction=LoadDetails&pWorkBillID=663885"", ""note"": ""BR / RTGS dates""}]"
21,frequent_co_bidders,info,Same two bidders met on 3 Koramangala tenders,"PAVAN S REDDY( Pavan Srinivas Reddy ) and INAYATH ULLA both bid on 3 tenders (PAVAN S REDDY( Pavan Srinivas Reddy ) won 3, INAYATH ULLA won 0). Repeated head-to-head bidding between the same firms limits competition and is worth checking against the full bidder list; it does not by itself indicate collusion.",confirmed,"[{""source_id"": ""KPPP"", ""label"": ""Comparative statement"", ""url"": ""https://kppp.karnataka.gov.in/supplier-registration-service/v1/api/portal-service/tender-eval/298712/commercial-evaluation/tender-category/WORKS/commercial-comparison/download-detailed""}]"
22,recalled_tender,info,Tender re-called once (CALL-2),First call did not result in an award.,confirmed,"[{""source_id"": ""KPPP"", ""label"": ""KPPP tender KPTCL/2025-26/EL/WORK_INDENT2788/CALL-2"", ""url"": ""https://kppp.karnataka.gov.in/supplier-registration-service/v1/api/portal-service/306768/works-tender-full-view"", ""note"": ""Call 2""}]"
23,single_bidder,notice,Only one bidder,The commercial comparative statement lists a single bidder.,inferred,"[{""source_id"": ""KPPP"", ""label"": ""Comparative statement BBMP/2024-25/RD/WORK_INDENT6356"", ""url"": ""https://kppp.karnataka.gov.in/supplier-registration-service/v1/api/portal-service/tender-eval/153954/commercial-evaluation/tender-category/WORKS/commercial-comparison/download-detailed""}]"
23,contractor_concentration,info,Contractor holds 14% of Koramangala money (12 projects),"C0004 M RAMESH (identity inferred; ids: IFMS:023007, KPPP:1552): ₹862,988,297 across 12 projects in this dataset. Concentration is common for ward maintenance contracts; it is context, not a finding.",inferred,[]
24,fine_levied,info,Fine / penalty deducted from a bill,"IFMS deductions: fine ₹12,350. Penalties usually relate to delay or quality; their reason is not in the public record.",confirmed,"[{""source_id"": ""IFMS"", ""label"": ""BBMP IFMS work bill 734184"", ""url"": ""https://accounts.bbmp.gov.in/vssWB/vss00CvStatusData.php?pAction=LoadDetails&pWorkBillID=734184"", ""note"": ""Deductions""}]"
24,contractor_concentration,info,Contractor holds 1% of Koramangala money (9 projects),"C0016 Y H KRISHNA (identity inferred; ids: IFMS:022294): ₹42,232,488 across 9 projects in this dataset. Concentration is common for ward maintenance contracts; it is context, not a finding.",inferred,[]
25,over_stipulated_period,notice,Activity spans 14 months vs 4-month stipulated period,From 2025-03-03 to 2026-05-13 (last payment) against a stipulated 120 days. Late final payments also stretch this span.,inferred,"[{""source_id"": ""KPPP"", ""label"": ""Tender document Koramangla Narsery school  BTM Layout ST Sl no 18.doc"", ""url"": ""https://kppp.karnataka.gov.in/supplier-registration-service/v1/api/portal-service/128350/works-tender-file/61623a09-9a68-405f-acf7-009f79f9e418/download-file""}, {""source_id"": ""IFMS-GRID"", ""label"": ""BBMP IFMS payment grid (LoadPaymentGridData, all wards, quarterly)"", ""url"": ""https://accounts.bbmp.gov.in/vssWB/vss00CvStatusData.php?pAction=LoadPaymentGridData"", ""rows"": []}]"
25,single_bidder,notice,Only one bidder,The commercial comparative statement lists a single bidder.,inferred,"[{""source_id"": ""KPPP"", ""label"": ""Comparative statement BBMP/2024-25/BD/WORK_INDENT4462"", ""url"": ""https://kppp.karnataka.gov.in/supplier-registration-service/v1/api/portal-service/tender-eval/128350/commercial-evaluation/tender-category/WORKS/commercial-comparison/download-detailed""}]"
26,frequent_co_bidders,info,Same two bidders met on 3 Koramangala tenders,"PAVAN S REDDY( Pavan Srinivas Reddy ) and INAYATH ULLA both bid on 3 tenders (PAVAN S REDDY( Pavan Srinivas Reddy ) won 3, INAYATH ULLA won 0). Repeated head-to-head bidding between the same firms limits competition and is worth checking against the full bidder list; it does not by itself indicate collusion.",confirmed,"[{""source_id"": ""KPPP"", ""label"": ""Comparative statement"", ""url"": ""https://kppp.karnataka.gov.in/supplier-registration-service/v1/api/portal-service/tender-eval/281557/commercial-evaluation/tender-category/WORKS/commercial-comparison/download-detailed""}]"
27,contractor_concentration,info,Contractor holds 2% of Koramangala money (8 projects),"C0017 AWIKA CONSTRUCTIONS (identity inferred; ids: KPPP:17612): ₹138,251,234 across 8 projects in this dataset. Concentration is common for ward maintenance contracts; it is context, not a finding.",inferred,[]
28,placeholder_photos,notice,Blank / placeholder file used as a site photo,3 photo slot(s) filled with a blank / placeholder file. Bills require before/during/after photos; a placeholder means the photo record for this work is missing.,confirmed,"[{""source_id"": ""IFMS-DOC"", ""label"": ""WB-photo1--79142706-NA.jpg"", ""url"": ""https://accounts.bbmp.gov.in/vssIFMS/Files1/WB-photo1--79142706-NA.jpg""}, {""source_id"": ""IFMS-DOC"", ""label"": ""WB-photo2--35302257-NA.jpg"", ""url"": ""https://accounts.bbmp.gov.in/vssIFMS/Files1/WB-photo2--35302257-NA.jpg""}, {""source_id"": ""IFMS-DOC"", ""label"": ""WB-photo3--82732904-NA.jpg"", ""url"": ""https://accounts.bbmp.gov.in/vssIFMS/Files1/WB-photo3--82732904-NA.jpg""}]"
28,partial_release,info,Bill paid in part (release % below 100),"2 bill(s) released partly (75%, 75%). BBMP releases bills in tranches when funds are short; the balance may follow later.",confirmed,"[{""source_id"": ""IFMS"", ""label"": ""BBMP IFMS work bill 631659"", ""url"": ""https://accounts.bbmp.gov.in/vssWB/vss00CvStatusData.php?pAction=LoadDetails&pWorkBillID=631659"", ""note"": ""Release %""}, {""source_id"": ""IFMS"", ""label"": ""BBMP IFMS work bill 654745"", ""url"": ""https://accounts.bbmp.gov.in/vssWB/vss00CvStatusData.php?pAction=LoadDetails&pWorkBillID=654745"", ""note"": ""Release %""}]"
28,qty_unreadable_mb,info,High-value work whose measurement records are unreadable,4 MB / bill-form attachments downloaded; none yielded an arithmetic-checked quantity (handwritten or low-quality scans). Quantities for this work cannot be verified from public data.,confirmed,[]
29,fine_levied,info,Fine / penalty deducted from a bill,"IFMS deductions: fine ₹9,800. Penalties usually relate to delay or quality; their reason is not in the public record.",confirmed,"[{""source_id"": ""IFMS"", ""label"": ""BBMP IFMS work bill 622694"", ""url"": ""https://accounts.bbmp.gov.in/vssWB/vss00CvStatusData.php?pAction=LoadDetails&pWorkBillID=622694"", ""note"": ""Deductions""}]"
29,slow_payment,info,Median 853 days from bill registration to payment,Long payment delays are common (seniority-based bill clearance) and raise contractors' financing costs.,confirmed,"[{""source_id"": ""IFMS"", ""label"": ""BBMP IFMS work bill 622694"", ""url"": ""https://accounts.bbmp.gov.in/vssWB/vss00CvStatusData.php?pAction=LoadDetails&pWorkBillID=622694"", ""note"": ""BR / RTGS dates""}]"
30,fine_levied,info,Fine / penalty deducted from a bill,"IFMS deductions: fine ₹41,800. Penalties usually relate to delay or quality; their reason is not in the public record.",confirmed,"[{""source_id"": ""IFMS"", ""label"": ""BBMP IFMS work bill 744341"", ""url"": ""https://accounts.bbmp.gov.in/vssWB/vss00CvStatusData.php?pAction=LoadDetails&pWorkBillID=744341"", ""note"": ""Deductions""}]"
30,payment_burst,info,3 bills paid on the same day (2026-04-08),"Several bills settled together, often at financial-year end or when funds are released.",confirmed,"[{""source_id"": ""S13"", ""label"": ""BBMP Work Orders and Payments 2025-26 (243-ward regime)"", ""url"": ""https://data.opencity.in/dataset/280a1196-074e-43ac-acd9-914918b429f5/resource/6c2e5dfa-845c-440d-808c-3ed45b083059/download/bbmp-2025-26-243-wards-work-orders.csv"", ""rows"": [15, 366]}, {""source_id"": ""IFMS-GRID"", ""label"": ""BBMP IFMS payment grid (LoadPaymentGridData, all wards, quarterly)"", ""url"": ""https://accounts.bbmp.gov.in/vssWB/vss00CvStatusData.php?pAction=LoadPaymentGridData"", ""rows"": []}]"
30,bills_after_final,notice,1 bill(s) registered after the final bill,Final bill registered 2025-07-01; later non-final bills exist.,confirmed,"[{""source_id"": ""IFMS-GRID"", ""label"": ""BBMP IFMS payment grid (LoadPaymentGridData, all wards, quarterly)"", ""url"": ""https://accounts.bbmp.gov.in/vssWB/vss00CvStatusData.php?pAction=LoadPaymentGridData""}]"
30,qty_billed_above_plan,notice,Billed quantity above plan (3 items),"_ Rupees One the legs. Maintenance free self-greased SKF ball each Lakh(s) Forty — planned 2 nos (Schedule B), bill form total up to date 4 (+100%);  _ Rupees Two handles. Bearings; Maintenance-free self-greased SKF each Borla a. — planned 2  (Schedule B), bill form total up to date 4 (+100%); hitty handles. Bearings: Maintenance-free self-greased SKF_ each = Fi e-thousand — planned 2 nos (Schedule B), bill form total up to date 4 (+100%). Possible explanations: approved deviation or supplementary schedule, site conditions, an OCR misread on the plan side (each row passed quantity × rate = amount).",inferred,"[{""source_id"": ""IFMS-QTY"", ""label"": ""IFMS attachment WO-4-L3-ifms422-72704386-3-Accepted SB.pdf (Schedule B), p.7"", ""url"": ""https://accounts.bbmp.gov.in/vssIFMS/Files1/WO-4-L3-ifms422-72704386-3-Accepted%20SB.pdf"", ""note"": ""OCR (tesseract psm 6, 2x, rulings removed); arithmetic; confidence high · row: \""31 |the legs. Maintenance free self-greased SKF ball each | 2 | 140000.00 Lakh(s) Forty | 280000.00\""""}, {""source_id"": ""IFMS-QTY"", ""label"": ""IFMS attachment WB-Bill--52731164-Bill Form 186-23-000001 2nd & Part.pdf (Bill Form), p.12"", ""url"": ""https://accounts.bbmp.gov.in/vssIFMS/Files1/WB-Bill--52731164-Bill%20Form%20186-23-000001%202nd%20%26%20Part.pdf"", ""note"": ""OCR (tesseract psm 6, 2x, rulings removed); arithmetic; confidence high · row: \""Maintenance free self-greased SKF ball bearings. The each 4.00 | 560000.00 0.00 . 140000.00 0.00 4.00 560000.00\""""}, {""source_id"": ""IFMS-QTY"", ""label"": ""IFMS attachment WO-4-L3-ifms422-72704386-3-Accepted SB.pdf (Schedule B), p.7"", ""url"": ""https://accounts.bbmp.gov.in/vssIFMS/Files1/WO-4-L3-ifms422-72704386-3-Accepted%20SB.pdf"", ""note"": ""OCR (tesseract psm 6, 2x, rulings removed); arithmetic; confidence medium · row: \""32 |handles. Bearings; Maintenance-free self-greased SKF each 2 248000.00 Borla a. | 496000.00\""""}, {""source_id"": ""IFMS-QTY"", ""label"": ""IFMS attachment WB-Bill--52731164-Bill Form 186-23-000001 2nd & Part.pdf (Bill Form), p.12"", ""url"": ""https://accounts.bbmp.gov.in/vssIFMS/Files1/WB-Bill--52731164-Bill%20Form%20186-23-000001%202nd%20%26%20Part.pdf"", ""note"": ""OCR (tesseract psm 6, 2x, rulings removed); arithmetic; confidence high · row: \""High quality grip rubber is used for M the handles. each 4.00 992000.00 | 0.00 248000.00 0.00 4,00 992000.00\""""}, {""source_id"": ""IFMS-QTY"", ""label"": ""IFMS attachment WO-4-L3-ifms422-72704386-3-Accepted SB.pdf (Schedule B), p.9"", ""url"": ""https://accounts.bbmp.gov.in/vssIFMS/Files1/WO-4-L3-ifms422-72704386-3-Accepted%20SB.pdf"", ""note"": ""OCR (tesseract psm 6, 2x, rulings removed); arithmetic; confidence high · row: \""| 39 handles. Bearings: Maintenance-free self-greased SKF_ each | = 2 235000.00 | Fi e-thousand | 470000.00\""""}, {""source_id"": ""IFMS-QTY"", ""label"": ""IFMS attachment WB-Bill--99469274-Bill form.pdf (Bill Form), p.15"", ""url"": ""https://accounts.bbmp.gov.in/vssIFMS/Files1/WB-Bill--99469274-Bill%20form.pdf"", ""note"": ""OCR (tesseract psm 6, 2x); arithmetic; confidence high · row: \""quality grip rubber is used # the handles. Bearings each 4.00 | 235000.00 | 940000.00 4.00 940000.00\""""}]"
30,qty_above_plan_no_variation,notice,Quantity above plan with no variation document visible (3 items),"_ Rupees One the legs. Maintenance free self-greased SKF ball each Lakh(s) Forty — planned 2 nos (Schedule B), bill form total up to date 4 (+100%);  _ Rupees Two handles. Bearings; Maintenance-free self-greased SKF each Borla a. — planned 2  (Schedule B), bill form total up to date 4 (+100%); hitty handles. Bearings: Maintenance-free self-greased SKF_ each = Fi e-thousand — planned 2 nos (Schedule B), bill form total up to date 4 (+100%). No supplementary Schedule B, deviation statement, work slip or revised-estimate attachment is listed for this job in IFMS (it may exist on paper).",inferred,"[{""source_id"": ""IFMS-QTY"", ""label"": ""IFMS attachment WO-4-L3-ifms422-72704386-3-Accepted SB.pdf (Schedule B), p.7"", ""url"": ""https://accounts.bbmp.gov.in/vssIFMS/Files1/WO-4-L3-ifms422-72704386-3-Accepted%20SB.pdf"", ""note"": ""OCR (tesseract psm 6, 2x, rulings removed); arithmetic; confidence high · row: \""31 |the legs. Maintenance free self-greased SKF ball each | 2 | 140000.00 Lakh(s) Forty | 280000.00\""""}, {""source_id"": ""IFMS-QTY"", ""label"": ""IFMS attachment WB-Bill--52731164-Bill Form 186-23-000001 2nd & Part.pdf (Bill Form), p.12"", ""url"": ""https://accounts.bbmp.gov.in/vssIFMS/Files1/WB-Bill--52731164-Bill%20Form%20186-23-000001%202nd%20%26%20Part.pdf"", ""note"": ""OCR (tesseract psm 6, 2x, rulings removed); arithmetic; confidence high · row: \""Maintenance free self-greased SKF ball bearings. The each 4.00 | 560000.00 0.00 . 140000.00 0.00 4.00 560000.00\""""}, {""source_id"": ""IFMS-QTY"", ""label"": ""IFMS attachment WO-4-L3-ifms422-72704386-3-Accepted SB.pdf (Schedule B), p.7"", ""url"": ""https://accounts.bbmp.gov.in/vssIFMS/Files1/WO-4-L3-ifms422-72704386-3-Accepted%20SB.pdf"", ""note"": ""OCR (tesseract psm 6, 2x, rulings removed); arithmetic; confidence medium · row: \""32 |handles. Bearings; Maintenance-free self-greased SKF each 2 248000.00 Borla a. | 496000.00\""""}, {""source_id"": ""IFMS-QTY"", ""label"": ""IFMS attachment WB-Bill--52731164-Bill Form 186-23-000001 2nd & Part.pdf (Bill Form), p.12"", ""url"": ""https://accounts.bbmp.gov.in/vssIFMS/Files1/WB-Bill--52731164-Bill%20Form%20186-23-000001%202nd%20%26%20Part.pdf"", ""note"": ""OCR (tesseract psm 6, 2x, rulings removed); arithmetic; confidence high · row: \""High quality grip rubber is used for M the handles. each 4.00 992000.00 | 0.00 248000.00 0.00 4,00 992000.00\""""}, {""source_id"": ""IFMS-QTY"", ""label"": ""IFMS attachment WO-4-L3-ifms422-72704386-3-Accepted SB.pdf (Schedule B), p.9"", ""url"": ""https://accounts.bbmp.gov.in/vssIFMS/Files1/WO-4-L3-ifms422-72704386-3-Accepted%20SB.pdf"", ""note"": ""OCR (tesseract psm 6, 2x, rulings removed); arithmetic; confidence high · row: \""| 39 handles. Bearings: Maintenance-free self-greased SKF_ each | = 2 235000.00 | Fi e-thousand | 470000.00\""""}, {""source_id"": ""IFMS-QTY"", ""label"": ""IFMS attachment WB-Bill--99469274-Bill form.pdf (Bill Form), p.15"", ""url"": ""https://accounts.bbmp.gov.in/vssIFMS/Files1/WB-Bill--99469274-Bill%20form.pdf"", ""note"": ""OCR (tesseract psm 6, 2x); arithmetic; confidence high · row: \""quality grip rubber is used # the handles. Bearings each 4.00 | 235000.00 | 940000.00 4.00 940000.00\""""}]"
30,placeholder_reused,info,Same placeholder file uploaded as evidence on several works,"The same file (md5 a3a7ee1247…; Completion Certificate) is attached to bills of 3 works: 151-20-000102, 151-21-000002. A placeholder means the real record is missing.",confirmed,"[{""source_id"": ""IFMS-DOC"", ""label"": ""Attachment"", ""url"": ""https://accounts.bbmp.gov.in/vssIFMS/Files1/WB-CC--91605698-Not%20App.gif""}]"
31,fine_levied,info,Fine / penalty deducted from a bill,"IFMS deductions: fine ₹40,900. Penalties usually relate to delay or quality; their reason is not in the public record.",confirmed,"[{""source_id"": ""IFMS"", ""label"": ""BBMP IFMS work bill 624853"", ""url"": ""https://accounts.bbmp.gov.in/vssWB/vss00CvStatusData.php?pAction=LoadDetails&pWorkBillID=624853"", ""note"": ""Deductions""}, {""source_id"": ""IFMS"", ""label"": ""BBMP IFMS work bill 719623"", ""url"": ""https://accounts.bbmp.gov.in/vssWB/vss00CvStatusData.php?pAction=LoadDetails&pWorkBillID=719623"", ""note"": ""Deductions""}]"
31,partial_release,info,Bill paid in part (release % below 100),1 bill(s) released partly (75%). BBMP releases bills in tranches when funds are short; the balance may follow later.,confirmed,"[{""source_id"": ""IFMS"", ""label"": ""BBMP IFMS work bill 562448"", ""url"": ""https://accounts.bbmp.gov.in/vssWB/vss00CvStatusData.php?pAction=LoadDetails&pWorkBillID=562448"", ""note"": ""Release %""}]"
31,slow_payment,info,Median 816 days from bill registration to payment,Long payment delays are common (seniority-based bill clearance) and raise contractors' financing costs.,confirmed,"[{""source_id"": ""IFMS"", ""label"": ""BBMP IFMS work bill 562448"", ""url"": ""https://accounts.bbmp.gov.in/vssWB/vss00CvStatusData.php?pAction=LoadDetails&pWorkBillID=562448"", ""note"": ""BR / RTGS dates""}]"
31,bills_after_final,notice,1 bill(s) registered after the final bill,Final bill registered 2023-01-07; later non-final bills exist.,confirmed,"[{""source_id"": ""S08"", ""label"": ""BBMP Work Orders and Payments 2024-25 (198-ward regime)"", ""url"": ""https://data.opencity.in/dataset/4e539082-aca3-4df0-b676-dc1655cf17d2/resource/67637545-30aa-4a6c-80fa-b46bc22bdc24/download/5cfd015d-cc0b-4526-b6e2-e547e740345a.csv"", ""rows"": [4578]}]"
32,fine_levied,info,Fine / penalty deducted from a bill,"IFMS deductions: fine ₹16,000. Penalties usually relate to delay or quality; their reason is not in the public record.",confirmed,"[{""source_id"": ""IFMS"", ""label"": ""BBMP IFMS work bill 737246"", ""url"": ""https://accounts.bbmp.gov.in/vssWB/vss00CvStatusData.php?pAction=LoadDetails&pWorkBillID=737246"", ""note"": ""Deductions""}]"
33,fine_levied,info,Fine / penalty deducted from a bill,"IFMS deductions: fine ₹10,300. Penalties usually relate to delay or quality; their reason is not in the public record.",confirmed,"[{""source_id"": ""IFMS"", ""label"": ""BBMP IFMS work bill 626291"", ""url"": ""https://accounts.bbmp.gov.in/vssWB/vss00CvStatusData.php?pAction=LoadDetails&pWorkBillID=626291"", ""note"": ""Deductions""}]"
33,slow_payment,info,Median 785 days from bill registration to payment,Long payment delays are common (seniority-based bill clearance) and raise contractors' financing costs.,confirmed,"[{""source_id"": ""IFMS"", ""label"": ""BBMP IFMS work bill 626291"", ""url"": ""https://accounts.bbmp.gov.in/vssWB/vss00CvStatusData.php?pAction=LoadDetails&pWorkBillID=626291"", ""note"": ""BR / RTGS dates""}]"
34,contractor_concentration,info,Contractor holds 14% of Koramangala money (12 projects),"C0004 M RAMESH (identity inferred; ids: IFMS:023007, KPPP:1552): ₹862,988,297 across 12 projects in this dataset. Concentration is common for ward maintenance contracts; it is context, not a finding.",inferred,[]
35,contractor_concentration,info,Contractor holds 14% of Koramangala money (12 projects),"C0004 M RAMESH (identity inferred; ids: IFMS:023007, KPPP:1552): ₹862,988,297 across 12 projects in this dataset. Concentration is common for ward maintenance contracts; it is context, not a finding.",inferred,[]
36,recalled_tender,info,Tender re-called once (CALL-2),First call did not result in an award.,confirmed,"[{""source_id"": ""KPPP"", ""label"": ""KPPP tender BWSSB/2025-26/WT/WORK_INDENT2527/CALL-2"", ""url"": ""https://kppp.karnataka.gov.in/supplier-registration-service/v1/api/portal-service/257590/works-tender-full-view"", ""note"": ""Call 2""}]"
37,frequent_co_bidders,info,Same two bidders met on 3 Koramangala tenders,"PAVAN S REDDY( Pavan Srinivas Reddy ) and INAYATH ULLA both bid on 3 tenders (PAVAN S REDDY( Pavan Srinivas Reddy ) won 3, INAYATH ULLA won 0). Repeated head-to-head bidding between the same firms limits competition and is worth checking against the full bidder list; it does not by itself indicate collusion.",confirmed,"[{""source_id"": ""KPPP"", ""label"": ""Comparative statement"", ""url"": ""https://kppp.karnataka.gov.in/supplier-registration-service/v1/api/portal-service/tender-eval/228974/commercial-evaluation/tender-category/WORKS/commercial-comparison/download-detailed""}]"
38,contractor_concentration,info,Contractor holds 14% of Koramangala money (12 projects),"C0004 M RAMESH (identity inferred; ids: IFMS:023007, KPPP:1552): ₹862,988,297 across 12 projects in this dataset. Concentration is common for ward maintenance contracts; it is context, not a finding.",inferred,[]
38,related_work,info,Near-identical work under another number (181-26-000011),"Descriptions are 99% similar. Could be a recurring annual work, a re-tender, a split of one work, or a duplicate entry.",inferred,[]
39,slow_payment,info,Median 869 days from bill registration to payment,Long payment delays are common (seniority-based bill clearance) and raise contractors' financing costs.,confirmed,"[{""source_id"": ""IFMS"", ""label"": ""BBMP IFMS work bill 592627"", ""url"": ""https://accounts.bbmp.gov.in/vssWB/vss00CvStatusData.php?pAction=LoadDetails&pWorkBillID=592627"", ""note"": ""BR / RTGS dates""}]"
39,contractor_concentration,info,Contractor holds 1% of Koramangala money (28 projects),"C0003 SREEDHARA.K.C (identity inferred; ids: IFMS:022360, KPPP:1384): ₹81,769,787 across 28 projects in this dataset. Concentration is common for ward maintenance contracts; it is context, not a finding.",inferred,[]
39,related_work,info,Near-identical work under another number (151-18-000088),"Descriptions are 84% similar. Could be a recurring annual work, a re-tender, a split of one work, or a duplicate entry.",inferred,[]
39,related_work,info,Near-identical work under another number (151-18-000029),"Descriptions are 86% similar. Could be a recurring annual work, a re-tender, a split of one work, or a duplicate entry.",inferred,[]
40,slow_payment,info,Median 869 days from bill registration to payment,Long payment delays are common (seniority-based bill clearance) and raise contractors' financing costs.,confirmed,"[{""source_id"": ""IFMS"", ""label"": ""BBMP IFMS work bill 592622"", ""url"": ""https://accounts.bbmp.gov.in/vssWB/vss00CvStatusData.php?pAction=LoadDetails&pWorkBillID=592622"", ""note"": ""BR / RTGS dates""}]"
40,contractor_concentration,info,Contractor holds 1% of Koramangala money (28 projects),"C0003 SREEDHARA.K.C (identity inferred; ids: IFMS:022360, KPPP:1384): ₹81,769,787 across 28 projects in this dataset. Concentration is common for ward maintenance contracts; it is context, not a finding.",inferred,[]
41,slow_payment,info,Median 891 days from bill registration to payment,Long payment delays are common (seniority-based bill clearance) and raise contractors' financing costs.,confirmed,"[{""source_id"": ""IFMS"", ""label"": ""BBMP IFMS work bill 588348"", ""url"": ""https://accounts.bbmp.gov.in/vssWB/vss00CvStatusData.php?pAction=LoadDetails&pWorkBillID=588348"", ""note"": ""BR / RTGS dates""}]"
41,contractor_concentration,info,Contractor holds 1% of Koramangala money (28 projects),"C0003 SREEDHARA.K.C (identity inferred; ids: IFMS:022360, KPPP:1384): ₹81,769,787 across 28 projects in this dataset. Concentration is common for ward maintenance contracts; it is context, not a finding.",inferred,[]
42,slow_payment,info,Median 922 days from bill registration to payment,Long payment delays are common (seniority-based bill clearance) and raise contractors' financing costs.,confirmed,"[{""source_id"": ""IFMS"", ""label"": ""BBMP IFMS work bill 583534"", ""url"": ""https://accounts.bbmp.gov.in/vssWB/vss00CvStatusData.php?pAction=LoadDetails&pWorkBillID=583534"", ""note"": ""BR / RTGS dates""}]"
42,contractor_concentration,info,Contractor holds 2% of Koramangala money (8 projects),"C0017 AWIKA CONSTRUCTIONS (identity inferred; ids: KPPP:17612): ₹138,251,234 across 8 projects in this dataset. Concentration is common for ward maintenance contracts; it is context, not a finding.",inferred,[]
42,placeholder_reused,info,Same placeholder file uploaded as evidence on several works,"The same file (md5 a3a7ee1247…; Completion Certificate) is attached to bills of 3 works: 151-21-000002, 186-23-000001. A placeholder means the real record is missing.",confirmed,"[{""source_id"": ""IFMS-DOC"", ""label"": ""Attachment"", ""url"": ""https://accounts.bbmp.gov.in/vssIFMS/Files1/WB-CC--88907361-Not%20App.gif""}]"
43,recalled_tender,notice,Tender called 3 times,"Re-calls usually mean no or too few valid bids on earlier calls, which can delay the work and reduce competition.",confirmed,"[{""source_id"": ""KPPP"", ""label"": ""KPPP tender BWSSB/2024-25/WS/WORK_INDENT1680/CALL-3"", ""url"": ""https://kppp.karnataka.gov.in/supplier-registration-service/v1/api/portal-service/146384/works-tender-full-view"", ""note"": ""Call 3""}]"
43,bidder_name_overlap,info,Two bidders with overlapping names on BWSSB/2024-25/WS/WORK_INDENT1680/CALL-3,“VENKATAPPA( SRI VENKATESHWARA ENGINEERING WORK )” (L1) and “VENKATAPPA VENKATESHAIAH (1)( MATHRU SHREE ENGINEERING WORKS )” (L2) both bid. Shared names are common and do not mean the bidders are related.,confirmed,"[{""source_id"": ""KPPP"", ""label"": ""Comparative statement"", ""url"": ""https://kppp.karnataka.gov.in/supplier-registration-service/v1/api/portal-service/tender-eval/146384/commercial-evaluation/tender-category/WORKS/commercial-comparison/download-detailed""}]"
43,related_work,info,Near-identical work under another number (BWSSB/2024-25/WS/WORK_INDENT1678/CALL-3),"Descriptions are 89% similar. Could be a recurring annual work, a re-tender, a split of one work, or a duplicate entry.",inferred,[]
43,related_work,info,Near-identical work under another number (BWSSB/2024-25/WS/WORK_INDENT1682/CALL-2),"Descriptions are 88% similar. Could be a recurring annual work, a re-tender, a split of one work, or a duplicate entry.",inferred,[]
44,fine_levied,info,Fine / penalty deducted from a bill,"IFMS deductions: fine ₹12,300. Penalties usually relate to delay or quality; their reason is not in the public record.",confirmed,"[{""source_id"": ""IFMS"", ""label"": ""BBMP IFMS work bill 710480"", ""url"": ""https://accounts.bbmp.gov.in/vssWB/vss00CvStatusData.php?pAction=LoadDetails&pWorkBillID=710480"", ""note"": ""Deductions""}]"
44,partial_release,info,Bill paid in part (release % below 100),"2 bill(s) released partly (75%, 75%). BBMP releases bills in tranches when funds are short; the balance may follow later.",confirmed,"[{""source_id"": ""IFMS"", ""label"": ""BBMP IFMS work bill 563073"", ""url"": ""https://accounts.bbmp.gov.in/vssWB/vss00CvStatusData.php?pAction=LoadDetails&pWorkBillID=563073"", ""note"": ""Release %""}, {""source_id"": ""IFMS"", ""label"": ""BBMP IFMS work bill 583663"", ""url"": ""https://accounts.bbmp.gov.in/vssWB/vss00CvStatusData.php?pAction=LoadDetails&pWorkBillID=583663"", ""note"": ""Release %""}]"
44,bills_after_final,notice,3 bill(s) registered after the final bill,Final bill registered 2023-01-07; later non-final bills exist.,confirmed,"[{""source_id"": ""S07"", ""label"": ""BBMP Work Orders 2023-24"", ""url"": ""https://data.opencity.in/dataset/356bfc9c-6abe-4d16-b719-a90e265c2e28/resource/375708e4-be2e-4c35-bc12-edbacedc2ab2/download/3cd0f9a1-a899-46a8-81e4-b79834ad8408.csv"", ""rows"": [4784]}]"
44,contractor_concentration,info,Contractor holds 5% of Koramangala money (3 projects),"C0026 LOKESH R (identity confirmed; ids: IFMS:022698): ₹345,262,807 across 3 projects in this dataset. Concentration is common for ward maintenance contracts; it is context, not a finding.",confirmed,[]
45,partial_release,info,Bill paid in part (release % below 100),"6 bill(s) released partly (75%, 75%, 75%). BBMP releases bills in tranches when funds are short; the balance may follow later.",confirmed,"[{""source_id"": ""IFMS"", ""label"": ""BBMP IFMS work bill 570120"", ""url"": ""https://accounts.bbmp.gov.in/vssWB/vss00CvStatusData.php?pAction=LoadDetails&pWorkBillID=570120"", ""note"": ""Release %""}, {""source_id"": ""IFMS"", ""label"": ""BBMP IFMS work bill 570087"", ""url"": ""https://accounts.bbmp.gov.in/vssWB/vss00CvStatusData.php?pAction=LoadDetails&pWorkBillID=570087"", ""note"": ""Release %""}, {""source_id"": ""IFMS"", ""label"": ""BBMP IFMS work bill 620068"", ""url"": ""https://accounts.bbmp.gov.in/vssWB/vss00CvStatusData.php?pAction=LoadDetails&pWorkBillID=620068"", ""note"": ""Release %""}]"
45,payment_burst,info,3 bills paid on the same day (2023-12-16),"Several bills settled together, often at financial-year end or when funds are released.",confirmed,"[{""source_id"": ""S07"", ""label"": ""BBMP Work Orders 2023-24"", ""url"": ""https://data.opencity.in/dataset/356bfc9c-6abe-4d16-b719-a90e265c2e28/resource/375708e4-be2e-4c35-bc12-edbacedc2ab2/download/3cd0f9a1-a899-46a8-81e4-b79834ad8408.csv"", ""rows"": [4635, 4636, 4637, 4788, 6509, 6512]}, {""source_id"": ""S11"", ""label"": ""BBMP Work Orders and Payments 2025-26 (198-ward regime)"", ""url"": ""https://data.opencity.in/dataset/280a1196-074e-43ac-acd9-914918b429f5/resource/7a6907c2-6efd-43d6-99ac-1d10f67b3f85/download/bbmp-2025-26-198-wards-work-orders.csv"", ""rows"": [4227]}]"
45,bills_after_final,notice,2 bill(s) registered after the final bill,Final bill registered 2023-02-23; later non-final bills exist.,confirmed,"[{""source_id"": ""S11"", ""label"": ""BBMP Work Orders and Payments 2025-26 (198-ward regime)"", ""url"": ""https://data.opencity.in/dataset/280a1196-074e-43ac-acd9-914918b429f5/resource/7a6907c2-6efd-43d6-99ac-1d10f67b3f85/download/bbmp-2025-26-198-wards-work-orders.csv"", ""rows"": [4227]}]"
45,contractor_concentration,info,Contractor holds 6% of Koramangala money (3 projects),"C0013 RAMACHANDRA RAJU K (identity inferred; ids: IFMS:024197): ₹373,044,588 across 3 projects in this dataset. Concentration is common for ward maintenance contracts; it is context, not a finding.",inferred,[]
46,fine_levied,info,Fine / penalty deducted from a bill,"IFMS deductions: fine ₹23,500. Penalties usually relate to delay or quality; their reason is not in the public record.",confirmed,"[{""source_id"": ""IFMS"", ""label"": ""BBMP IFMS work bill 615636"", ""url"": ""https://accounts.bbmp.gov.in/vssWB/vss00CvStatusData.php?pAction=LoadDetails&pWorkBillID=615636"", ""note"": ""Deductions""}]"
46,slow_payment,info,Median 718 days from bill registration to payment,Long payment delays are common (seniority-based bill clearance) and raise contractors' financing costs.,confirmed,"[{""source_id"": ""IFMS"", ""label"": ""BBMP IFMS work bill 615636"", ""url"": ""https://accounts.bbmp.gov.in/vssWB/vss00CvStatusData.php?pAction=LoadDetails&pWorkBillID=615636"", ""note"": ""BR / RTGS dates""}]"
46,contractor_concentration,info,Contractor holds 2% of Koramangala money (8 projects),"C0017 AWIKA CONSTRUCTIONS (identity inferred; ids: KPPP:17612): ₹138,251,234 across 8 projects in this dataset. Concentration is common for ward maintenance contracts; it is context, not a finding.",inferred,[]
47,contractor_concentration,info,Contractor holds 6% of Koramangala money (3 projects),"C0013 RAMACHANDRA RAJU K (identity inferred; ids: IFMS:024197): ₹373,044,588 across 3 projects in this dataset. Concentration is common for ward maintenance contracts; it is context, not a finding.",inferred,[]
48,related_work,info,Near-identical work under another number (BBMP/2025-26/OW/WORK_INDENT7579),"Descriptions are 99% similar. Could be a recurring annual work, a re-tender, a split of one work, or a duplicate entry.",inferred,[]
49,single_bidder,notice,Only one bidder,The commercial comparative statement lists a single bidder.,confirmed,"[{""source_id"": ""KPPP"", ""label"": ""Comparative statement BWSSB/2024-25/WS/WORK_INDENT1396"", ""url"": ""https://kppp.karnataka.gov.in/supplier-registration-service/v1/api/portal-service/tender-eval/127280/commercial-evaluation/tender-category/WORKS/commercial-comparison/download-detailed""}]"
50,related_work,info,Near-identical work under another number (BBMP/2025-26/OW/WORK_INDENT7576),"Descriptions are 94% similar. Could be a recurring annual work, a re-tender, a split of one work, or a duplicate entry.",inferred,[]
51,related_work,info,Near-identical work under another number (147-19-000019),"Descriptions are 85% similar. Could be a recurring annual work, a re-tender, a split of one work, or a duplicate entry.",inferred,[]
52,contractor_concentration,info,Contractor holds 1% of Koramangala money (14 projects),"C0005 R M RAVI (CONTRACTO (identity inferred; ids: KPPP:1512): ₹39,889,070 across 14 projects in this dataset. Concentration is common for ward maintenance contracts; it is context, not a finding.",inferred,[]
53,recalled_tender,info,Tender re-called once (CALL-2),First call did not result in an award.,confirmed,"[{""source_id"": ""KPPP"", ""label"": ""KPPP tender BBMP/2024-25/OW/WORK_INDENT3612/CALL-2"", ""url"": ""https://kppp.karnataka.gov.in/supplier-registration-service/v1/api/portal-service/124185/works-tender-full-view"", ""note"": ""Call 2""}]"
55,single_bidder,notice,Only one bidder,The commercial comparative statement lists a single bidder.,confirmed,"[{""source_id"": ""KPPP"", ""label"": ""Comparative statement BBMP/2025-26/OW/WORK_INDENT7579"", ""url"": ""https://kppp.karnataka.gov.in/supplier-registration-service/v1/api/portal-service/tender-eval/196215/commercial-evaluation/tender-category/WORKS/commercial-comparison/download-detailed""}]"
55,related_work,info,Near-identical work under another number (BBMP/2025-26/OW/WORK_INDENT7618),"Descriptions are 99% similar. Could be a recurring annual work, a re-tender, a split of one work, or a duplicate entry.",inferred,[]
56,slow_payment,info,Median 771 days from bill registration to payment,Long payment delays are common (seniority-based bill clearance) and raise contractors' financing costs.,confirmed,"[{""source_id"": ""IFMS"", ""label"": ""BBMP IFMS work bill 590391"", ""url"": ""https://accounts.bbmp.gov.in/vssWB/vss00CvStatusData.php?pAction=LoadDetails&pWorkBillID=590391"", ""note"": ""BR / RTGS dates""}]"
57,slow_payment,info,Median 764 days from bill registration to payment,Long payment delays are common (seniority-based bill clearance) and raise contractors' financing costs.,confirmed,"[{""source_id"": ""IFMS"", ""label"": ""BBMP IFMS work bill 591482"", ""url"": ""https://accounts.bbmp.gov.in/vssWB/vss00CvStatusData.php?pAction=LoadDetails&pWorkBillID=591482"", ""note"": ""BR / RTGS dates""}]"
59,bills_after_final,notice,2 bill(s) registered after the final bill,Final bill registered 2022-05-26; later non-final bills exist.,confirmed,"[{""source_id"": ""S06"", ""label"": ""BBMP Work Orders 2022-23"", ""url"": ""https://data.opencity.in/dataset/57ab37f1-b93e-40be-b553-c528bfcbf12d/resource/22b046a2-9126-46e9-901b-60ac62175844/download/c1088eec-7750-4f93-954e-486bbb78d355.csv"", ""rows"": [5840]}]"
59,contractor_concentration,info,Contractor holds 14% of Koramangala money (12 projects),"C0004 M RAMESH (identity inferred; ids: IFMS:023007, KPPP:1552): ₹862,988,297 across 12 projects in this dataset. Concentration is common for ward maintenance contracts; it is context, not a finding.",inferred,[]
60,fine_levied,info,Fine / penalty deducted from a bill,"IFMS deductions: fine ₹18,200. Penalties usually relate to delay or quality; their reason is not in the public record.",confirmed,"[{""source_id"": ""IFMS"", ""label"": ""BBMP IFMS work bill 649120"", ""url"": ""https://accounts.bbmp.gov.in/vssWB/vss00CvStatusData.php?pAction=LoadDetails&pWorkBillID=649120"", ""note"": ""Deductions""}]"
60,partial_release,info,Bill paid in part (release % below 100),1 bill(s) released partly (75%). BBMP releases bills in tranches when funds are short; the balance may follow later.,confirmed,"[{""source_id"": ""IFMS"", ""label"": ""BBMP IFMS work bill 591299"", ""url"": ""https://accounts.bbmp.gov.in/vssWB/vss00CvStatusData.php?pAction=LoadDetails&pWorkBillID=591299"", ""note"": ""Release %""}]"
60,slow_payment,info,Median 395 days from bill registration to payment,Long payment delays are common (seniority-based bill clearance) and raise contractors' financing costs.,confirmed,"[{""source_id"": ""IFMS"", ""label"": ""BBMP IFMS work bill 662610"", ""url"": ""https://accounts.bbmp.gov.in/vssWB/vss00CvStatusData.php?pAction=LoadDetails&pWorkBillID=662610"", ""note"": ""BR / RTGS dates""}]"
60,bills_after_final,notice,2 bill(s) registered after the final bill,Final bill registered 2023-07-13; later non-final bills exist.,confirmed,"[{""source_id"": ""S07"", ""label"": ""BBMP Work Orders 2023-24"", ""url"": ""https://data.opencity.in/dataset/356bfc9c-6abe-4d16-b719-a90e265c2e28/resource/375708e4-be2e-4c35-bc12-edbacedc2ab2/download/3cd0f9a1-a899-46a8-81e4-b79834ad8408.csv"", ""rows"": [6688]}]"
60,contractor_concentration,info,Contractor holds 14% of Koramangala money (12 projects),"C0004 M RAMESH (identity inferred; ids: IFMS:023007, KPPP:1552): ₹862,988,297 across 12 projects in this dataset. Concentration is common for ward maintenance contracts; it is context, not a finding.",inferred,[]
61,related_work,info,Near-identical work under another number (BBMP/2025-26/OW/WORK_INDENT7575),"Descriptions are 94% similar. Could be a recurring annual work, a re-tender, a split of one work, or a duplicate entry.",inferred,[]
62,slow_payment,info,Median 752 days from bill registration to payment,Long payment delays are common (seniority-based bill clearance) and raise contractors' financing costs.,confirmed,"[{""source_id"": ""IFMS"", ""label"": ""BBMP IFMS work bill 592613"", ""url"": ""https://accounts.bbmp.gov.in/vssWB/vss00CvStatusData.php?pAction=LoadDetails&pWorkBillID=592613"", ""note"": ""BR / RTGS dates""}]"
62,contractor_concentration,info,Contractor holds 1% of Koramangala money (28 projects),"C0003 SREEDHARA.K.C (identity inferred; ids: IFMS:022360, KPPP:1384): ₹81,769,787 across 28 projects in this dataset. Concentration is common for ward maintenance contracts; it is context, not a finding.",inferred,[]
63,slow_payment,info,Median 752 days from bill registration to payment,Long payment delays are common (seniority-based bill clearance) and raise contractors' financing costs.,confirmed,"[{""source_id"": ""IFMS"", ""label"": ""BBMP IFMS work bill 592530"", ""url"": ""https://accounts.bbmp.gov.in/vssWB/vss00CvStatusData.php?pAction=LoadDetails&pWorkBillID=592530"", ""note"": ""BR / RTGS dates""}]"
63,contractor_concentration,info,Contractor holds 1% of Koramangala money (28 projects),"C0003 SREEDHARA.K.C (identity inferred; ids: IFMS:022360, KPPP:1384): ₹81,769,787 across 28 projects in this dataset. Concentration is common for ward maintenance contracts; it is context, not a finding.",inferred,[]
63,related_work,info,Near-identical work under another number (151-18-000060),"Descriptions are 91% similar. Could be a recurring annual work, a re-tender, a split of one work, or a duplicate entry.",inferred,[]
63,related_work,info,Near-identical work under another number (151-18-000047),"Descriptions are 92% similar. Could be a recurring annual work, a re-tender, a split of one work, or a duplicate entry.",inferred,[]
64,recalled_tender,notice,Tender called 3 times,"Re-calls usually mean no or too few valid bids on earlier calls, which can delay the work and reduce competition.",inferred,"[{""source_id"": ""KPPP"", ""label"": ""KPPP tender BBMP/2023-24/OW/WORK_INDENT259/CALL-3"", ""url"": ""https://kppp.karnataka.gov.in/supplier-registration-service/v1/api/portal-service/30579/works-tender-full-view"", ""note"": ""Call 3""}]"
64,single_bidder,notice,Only one bidder,The commercial comparative statement lists a single bidder.,inferred,"[{""source_id"": ""KPPP"", ""label"": ""Comparative statement BBMP/2023-24/OW/WORK_INDENT259/CALL-3"", ""url"": ""https://kppp.karnataka.gov.in/supplier-registration-service/v1/api/portal-service/tender-eval/30579/commercial-evaluation/tender-category/WORKS/commercial-comparison/download-detailed""}]"
64,contractor_concentration,info,Contractor holds 1% of Koramangala money (28 projects),"C0003 SREEDHARA.K.C (identity inferred; ids: IFMS:022360, KPPP:1384): ₹81,769,787 across 28 projects in this dataset. Concentration is common for ward maintenance contracts; it is context, not a finding.",inferred,[]
64,repeat_single_bid_winner,notice,Contractor won 2 Koramangala tenders as the only bidder,SREEDHARA.K.C bid on 5 tenders and won 5; 2 of the wins had no competing bid.,confirmed,[]
65,fine_levied,info,Fine / penalty deducted from a bill,"IFMS deductions: fine ₹17,550. Penalties usually relate to delay or quality; their reason is not in the public record.",confirmed,"[{""source_id"": ""IFMS"", ""label"": ""BBMP IFMS work bill 725829"", ""url"": ""https://accounts.bbmp.gov.in/vssWB/vss00CvStatusData.php?pAction=LoadDetails&pWorkBillID=725829"", ""note"": ""Deductions""}]"
65,partial_release,info,Bill paid in part (release % below 100),1 bill(s) released partly (75%). BBMP releases bills in tranches when funds are short; the balance may follow later.,confirmed,"[{""source_id"": ""IFMS"", ""label"": ""BBMP IFMS work bill 725829"", ""url"": ""https://accounts.bbmp.gov.in/vssWB/vss00CvStatusData.php?pAction=LoadDetails&pWorkBillID=725829"", ""note"": ""Release %""}]"
67,past_expected_completion,notice,No final bill though expected completion (2025-02-14) has passed,"Expected completion = work-order/award date + stipulated period. Bills for this work carry bill types, and none is a final bill.",inferred,"[{""source_id"": ""IFMS-DOC"", ""label"": ""Work Order: WO-7--50043841-WORK ORDER.pdf (page 2)"", ""url"": ""https://accounts.bbmp.gov.in/vssIFMS/Files1/WO-7--50043841-WORK%20ORDER.pdf"", ""note"": ""OCR: “n 15 Months  5 Date of Commencement of  Worle 15.11.2023 6. Date of Completion 14.02.2025 7. Government Approval No No UDD 316 MN”""}, {""source_id"": ""S14"", ""label"": ""BBMP Work Orders and Payments 2025-26 (city-wide departments)"", ""url"": ""https://data.opencity.in/dataset/280a1196-074e-43ac-acd9-914918b429f5/resource/71b93422-3d64-4de6-a823-468517f441e3/download/bbmp-2025-26-common-wards-work-orders.csv"", ""rows"": [600]}]"
67,recalled_tender,info,Tender re-called once (CALL-2),First call did not result in an award.,inferred,"[{""source_id"": ""OC-TENDERS"", ""label"": ""BBMP tender list: BBMP/2013-14/FL/WORK_INDENT12384/CALL-2"", ""url"": ""https://data.opencity.in/dataset/a779be95-ef47-4e04-8da7-08d4304cc61b/resource/f83e8bb7-843d-4b87-872f-12b1549e0799/download/af971b23-a1c0-4726-b380-a86f501cc400.csv"", ""note"": ""Call 2"", ""rows"": [20]}]"
67,past_stipulated_completion,notice,Stipulated completion 2025-02-14 has passed; no final bill in IFMS,The work order fixes completion on 2025-02-14. IFMS shows no final bill; latest bill 2025-07-01. Extension-of-time orders in IFMS cover an earlier period (latest to 2021-12-31); none is visible for the 2025-02-14 date.,inferred,"[{""source_id"": ""IFMS-DOC"", ""label"": ""Work Order: WO-7--50043841-WORK ORDER.pdf (page 2)"", ""url"": ""https://accounts.bbmp.gov.in/vssIFMS/Files1/WO-7--50043841-WORK%20ORDER.pdf"", ""note"": ""OCR: “n 15 Months  5 Date of Commencement of  Worle 15.11.2023 6. Date of Completion 14.02.2025 7. Government Approval No No UDD 316 MN”""}, {""source_id"": ""IFMS-DOC"", ""label"": ""IFMS attachment WB-Ot--03006023-EOT (1).pdf, p.1"", ""url"": ""https://accounts.bbmp.gov.in/vssIFMS/Files1/WB-Ot--03006023-EOT%20%281%29.pdf"", ""note"": ""its allied activities. The extension of time is accorded | from 4/11/2019 to 31/12/2020 (423 days) with a penalty of Rs 48,79,134.00 (Rupees Forty | eight lakhs seventy nine thousand one hundred and thirty f""}, {""source_id"": ""IFMS-DOC"", ""label"": ""IFMS attachment WB-Ot--04913968-EOT.pdf, p.1"", ""url"": ""https://accounts.bbmp.gov.in/vssIFMS/Files1/WB-Ot--04913968-EOT.pdf"", ""note"": ""its allied activities. The extension of time is accorded | from 31/12/2020 to 31/12/2021 (365 days) with a nominal fine of Rs 1.09 crore considering | the delay in the casting of the segments at the casting y""}, {""source_id"": ""IFMS"", ""label"": ""BBMP IFMS work bill 632783"", ""url"": ""https://accounts.bbmp.gov.in/vssWB/vss00CvStatusData.php?pAction=LoadDetails&pWorkBillID=632783"", ""note"": ""Running""}, {""source_id"": ""IFMS"", ""label"": ""BBMP IFMS work bill 180520"", ""url"": ""https://accounts.bbmp.gov.in/vssWB/vss00CvStatusData.php?pAction=LoadDetails&pWorkBillID=180520"", ""note"": ""Running""}, {""source_id"": ""IFMS"", ""label"": ""BBMP IFMS work bill 216261"", ""url"": ""https://accounts.bbmp.gov.in/vssWB/vss00CvStatusData.php?pAction=LoadDetails&pWorkBillID=216261"", ""note"": ""Running""}]"
67,fine_levied,info,Fine / penalty deducted from a bill,"IFMS deductions: fine ₹3,100,000; mobilizationadvance ₹189,655,010. Penalties usually relate to delay or quality; their reason is not in the public record.",confirmed,"[{""source_id"": ""IFMS"", ""label"": ""BBMP IFMS work bill 337757"", ""url"": ""https://accounts.bbmp.gov.in/vssWB/vss00CvStatusData.php?pAction=LoadDetails&pWorkBillID=337757"", ""note"": ""Deductions""}, {""source_id"": ""IFMS"", ""label"": ""BBMP IFMS work bill 250089"", ""url"": ""https://accounts.bbmp.gov.in/vssWB/vss00CvStatusData.php?pAction=LoadDetails&pWorkBillID=250089"", ""note"": ""Deductions""}, {""source_id"": ""IFMS"", ""label"": ""BBMP IFMS work bill 366821"", ""url"": ""https://accounts.bbmp.gov.in/vssWB/vss00CvStatusData.php?pAction=LoadDetails&pWorkBillID=366821"", ""note"": ""Deductions""}]"
67,placeholder_photos,notice,Blank / placeholder file used as a site photo,3 photo slot(s) filled with a blank / placeholder file. Bills require before/during/after photos; a placeholder means the photo record for this work is missing.,confirmed,"[{""source_id"": ""IFMS-DOC"", ""label"": ""WB-photo3--85239527-WORK photos.jpg"", ""url"": ""https://accounts.bbmp.gov.in/vssIFMS/Files/WB-photo3--85239527-WORK%20photos.jpg""}, {""source_id"": ""IFMS-DOC"", ""label"": ""WB-photo1--51680910-WORK photos.jpg"", ""url"": ""https://accounts.bbmp.gov.in/vssIFMS/Files/WB-photo1--51680910-WORK%20photos.jpg""}, {""source_id"": ""IFMS-DOC"", ""label"": ""WB-photo2--26195787-WORK photos.jpg"", ""url"": ""https://accounts.bbmp.gov.in/vssIFMS/Files/WB-photo2--26195787-WORK%20photos.jpg""}]"
67,partial_release,info,Bill paid in part (release % below 100),1 bill(s) released partly (75%). BBMP releases bills in tranches when funds are short; the balance may follow later.,confirmed,"[{""source_id"": ""IFMS"", ""label"": ""BBMP IFMS work bill 632783"", ""url"": ""https://accounts.bbmp.gov.in/vssWB/vss00CvStatusData.php?pAction=LoadDetails&pWorkBillID=632783"", ""note"": ""Release %""}]"
67,payment_burst,info,3 bills paid on the same day (2025-07-01),"Several bills settled together, often at financial-year end or when funds are released.",confirmed,"[{""source_id"": ""S34"", ""label"": ""BBMP Work Order Data 304-CE-Major-Roads (2015-18) - Part-4"", ""url"": ""https://data.opencity.in/dataset/968e5202-74ed-4279-92df-7b7a1a111108/resource/07cb6b16-fdc4-47e0-893c-47036697e845/download/a608d997-a9e2-4cec-b2c1-f62756959240.csv"", ""rows"": [7446]}, {""source_id"": ""IFMS-GRID"", ""label"": ""BBMP IFMS payment grid (LoadPaymentGridData, all wards, quarterly)"", ""url"": ""https://accounts.bbmp.gov.in/vssWB/vss00CvStatusData.php?pAction=LoadPaymentGridData"", ""rows"": []}, {""source_id"": ""S43"", ""label"": ""BBMP Bill Register 01-04-2018 to 30-09-2018"", ""url"": ""https://data.opencity.in/dataset/968e5202-74ed-4279-92df-7b7a1a111108/resource/06812e7e-70a0-43c7-82b8-02e6cd1968c7/download/9cee35c1-eb78-4dbe-b248-8b7cfb5dadba.csv"", ""rows"": [4336]}]"
67,large_deduction,info,Deduction of 88% on a bill,"₹91,146,613 withheld from a ₹103,998,643 bill. Usually recoveries, penalties, escrow or security deposit.",confirmed,"[{""source_id"": ""S34"", ""label"": ""BBMP Work Order Data 304-CE-Major-Roads (2015-18) - Part-4"", ""url"": ""https://data.opencity.in/dataset/968e5202-74ed-4279-92df-7b7a1a111108/resource/07cb6b16-fdc4-47e0-893c-47036697e845/download/a608d997-a9e2-4cec-b2c1-f62756959240.csv"", ""rows"": [7446]}, {""source_id"": ""IFMS-GRID"", ""label"": ""BBMP IFMS payment grid (LoadPaymentGridData, all wards, quarterly)"", ""url"": ""https://accounts.bbmp.gov.in/vssWB/vss00CvStatusData.php?pAction=LoadPaymentGridData"", ""rows"": []}]"
68,long_running,notice,Activity spread over 3.2 years,"First record 2022-04-01, last 2025-05-26. Long gaps can mean phased work, delays or late bill settlement.",confirmed,"[{""source_id"": ""S01"", ""label"": ""BBMP Work Orders - Koramangala (Ward 151), 2013-2022"", ""url"": ""https://data.opencity.in/dataset/d22cea6d-5256-43af-8ad5-68db551e0760/resource/1ccbab74-ca87-465f-826b-5fd1b4b81a5f/download/f68edd0d-7e8b-4386-89cc-a7c946785c8a.csv"", ""rows"": [2]}, {""source_id"": ""S01"", ""label"": ""BBMP Work Orders - Koramangala (Ward 151), 2013-2022"", ""url"": ""https://data.opencity.in/dataset/d22cea6d-5256-43af-8ad5-68db551e0760/resource/1ccbab74-ca87-465f-826b-5fd1b4b81a5f/download/f68edd0d-7e8b-4386-89cc-a7c946785c8a.csv"", ""rows"": [2]}, {""source_id"": ""S11"", ""label"": ""BBMP Work Orders and Payments 2025-26 (198-ward regime)"", ""url"": ""https://data.opencity.in/dataset/280a1196-074e-43ac-acd9-914918b429f5/resource/7a6907c2-6efd-43d6-99ac-1d10f67b3f85/download/bbmp-2025-26-198-wards-work-orders.csv"", ""rows"": [1496]}]"
68,fine_levied,info,Fine / penalty deducted from a bill,"IFMS deductions: fine ₹159,700. Penalties usually relate to delay or quality; their reason is not in the public record.",confirmed,"[{""source_id"": ""IFMS"", ""label"": ""BBMP IFMS work bill 649648"", ""url"": ""https://accounts.bbmp.gov.in/vssWB/vss00CvStatusData.php?pAction=LoadDetails&pWorkBillID=649648"", ""note"": ""Deductions""}, {""source_id"": ""IFMS"", ""label"": ""BBMP IFMS work bill 670289"", ""url"": ""https://accounts.bbmp.gov.in/vssWB/vss00CvStatusData.php?pAction=LoadDetails&pWorkBillID=670289"", ""note"": ""Deductions""}, {""source_id"": ""IFMS"", ""label"": ""BBMP IFMS work bill 619650"", ""url"": ""https://accounts.bbmp.gov.in/vssWB/vss00CvStatusData.php?pAction=LoadDetails&pWorkBillID=619650"", ""note"": ""Deductions""}]"
68,payment_burst,info,4 bills paid on the same day (2023-04-28),"Several bills settled together, often at financial-year end or when funds are released.",confirmed,"[{""source_id"": ""S01"", ""label"": ""BBMP Work Orders - Koramangala (Ward 151), 2013-2022"", ""url"": ""https://data.opencity.in/dataset/d22cea6d-5256-43af-8ad5-68db551e0760/resource/1ccbab74-ca87-465f-826b-5fd1b4b81a5f/download/f68edd0d-7e8b-4386-89cc-a7c946785c8a.csv"", ""rows"": [2]}, {""source_id"": ""S06"", ""label"": ""BBMP Work Orders 2022-23"", ""url"": ""https://data.opencity.in/dataset/57ab37f1-b93e-40be-b553-c528bfcbf12d/resource/22b046a2-9126-46e9-901b-60ac62175844/download/c1088eec-7750-4f93-954e-486bbb78d355.csv"", ""rows"": [5837, 5844]}, {""source_id"": ""S07"", ""label"": ""BBMP Work Orders 2023-24"", ""url"": ""https://data.opencity.in/dataset/356bfc9c-6abe-4d16-b719-a90e265c2e28/resource/375708e4-be2e-4c35-bc12-edbacedc2ab2/download/3cd0f9a1-a899-46a8-81e4-b79834ad8408.csv"", ""rows"": [310, 333, 372, 383, 1866, 1894, 1914, 3376, 4025, 4651, 4974, 5904, 6450]}]"
68,related_work,info,Near-identical work under another number (174-25-000010),"Descriptions are 84% similar. Could be a recurring annual work, a re-tender, a split of one work, or a duplicate entry.",inferred,[]
68,related_work,info,Near-identical work under another number (151-20-000029),"Descriptions are 100% similar. Could be a recurring annual work, a re-tender, a split of one work, or a duplicate entry.",inferred,[]
68,related_work,info,Near-identical work under another number (151-16-000001),"Descriptions are 94% similar. Could be a recurring annual work, a re-tender, a split of one work, or a duplicate entry.",inferred,[]
68,document_reused,notice,Identical Agreement / Completion Certificate / Job Certificate / Work Order attached to another job number,"The same file (md5 f9ffafdb21…; Agreement, Completion Certificate, Job Certificate, Work Order) is attached to bills of 5 works: 151-16-000001, 151-20-000029, 151-22-000006, 174-25-000010. Could be one contract booked under two job numbers, or a wrong upload — worth checking.",confirmed,"[{""source_id"": ""IFMS-DOC"", ""label"": ""Attachment"", ""url"": ""https://accounts.bbmp.gov.in/vssIFMS/Files1/WB-CC--10434703-Not%20Applicable.PDF""}]"
69,recalled_tender,notice,Tender called 3 times,"Re-calls usually mean no or too few valid bids on earlier calls, which can delay the work and reduce competition.",confirmed,"[{""source_id"": ""KPPP"", ""label"": ""KPPP tender BWSSB/2024-25/WS/WORK_INDENT1398/CALL-3"", ""url"": ""https://kppp.karnataka.gov.in/supplier-registration-service/v1/api/portal-service/146379/works-tender-full-view"", ""note"": ""Call 3""}]"
69,single_bidder,notice,Only one bidder,The commercial comparative statement lists a single bidder.,confirmed,"[{""source_id"": ""KPPP"", ""label"": ""Comparative statement BWSSB/2024-25/WS/WORK_INDENT1398/CALL-3"", ""url"": ""https://kppp.karnataka.gov.in/supplier-registration-service/v1/api/portal-service/tender-eval/146379/commercial-evaluation/tender-category/WORKS/commercial-comparison/download-detailed""}]"
69,repeat_single_bid_winner,notice,Contractor won 2 Koramangala tenders as the only bidder,VENKATAPPA VENKATESHAIAH (1)( MATHRU SHREE ENGINEERING WORKS ) bid on 4 tenders and won 2; 2 of the wins had no competing bid.,confirmed,[]
70,recalled_tender,notice,Tender called 3 times,"Re-calls usually mean no or too few valid bids on earlier calls, which can delay the work and reduce competition.",confirmed,"[{""source_id"": ""KPPP"", ""label"": ""KPPP tender BWSSB/2024-25/WS/WORK_INDENT1678/CALL-3"", ""url"": ""https://kppp.karnataka.gov.in/supplier-registration-service/v1/api/portal-service/146383/works-tender-full-view"", ""note"": ""Call 3""}]"
70,single_bidder,notice,Only one bidder,The commercial comparative statement lists a single bidder.,confirmed,"[{""source_id"": ""KPPP"", ""label"": ""Comparative statement BWSSB/2024-25/WS/WORK_INDENT1678/CALL-3"", ""url"": ""https://kppp.karnataka.gov.in/supplier-registration-service/v1/api/portal-service/tender-eval/146383/commercial-evaluation/tender-category/WORKS/commercial-comparison/download-detailed""}]"
70,repeat_single_bid_winner,notice,Contractor won 2 Koramangala tenders as the only bidder,VENKATAPPA VENKATESHAIAH (1)( MATHRU SHREE ENGINEERING WORKS ) bid on 4 tenders and won 2; 2 of the wins had no competing bid.,confirmed,[]
70,related_work,info,Near-identical work under another number (BWSSB/2024-25/WS/WORK_INDENT1680/CALL-3),"Descriptions are 89% similar. Could be a recurring annual work, a re-tender, a split of one work, or a duplicate entry.",inferred,[]
70,related_work,info,Near-identical work under another number (BWSSB/2024-25/WS/WORK_INDENT1682/CALL-2),"Descriptions are 97% similar. Could be a recurring annual work, a re-tender, a split of one work, or a duplicate entry.",inferred,[]
72,related_work,info,Near-identical work under another number (177-25-000007),"Descriptions are 100% similar. Could be a recurring annual work, a re-tender, a split of one work, or a duplicate entry.",inferred,[]
73,no_bills_after_expected_completion,info,No bill found though expected completion (2025-09-24) is 6+ months before the data ends,BBMP bill exports run to about Mar 2026; a finished work would normally show a bill by then. The bill may be booked under a job number we could not link.,inferred,"[{""source_id"": ""KPPP"", ""label"": ""Tender document notification 9th 24-25.doc"", ""url"": ""https://kppp.karnataka.gov.in/supplier-registration-service/v1/api/portal-service/150386/works-tender-file/3b437b3f-c32e-40c6-a919-088eed25d61f/download-file""}, {""source_id"": ""KPPP"", ""label"": ""KPPP tender BBMP/2024-25/OW/WORK_INDENT6185"", ""url"": ""https://kppp.karnataka.gov.in/supplier-registration-service/v1/api/portal-service/150386/works-tender-full-view"", ""note"": ""Award date""}]"
74,no_bills_after_expected_completion,info,No bill found though expected completion (2025-09-16) is 6+ months before the data ends,BBMP bill exports run to about Mar 2026; a finished work would normally show a bill by then. The bill may be booked under a job number we could not link.,inferred,"[{""source_id"": ""KPPP"", ""label"": ""Tender document S_It No 27 KW-3.docx"", ""url"": ""https://kppp.karnataka.gov.in/supplier-registration-service/v1/api/portal-service/43881/works-tender-file/d6906046-3078-4d49-bbda-e0c856a56f5b/download-file""}, {""source_id"": ""KPPP"", ""label"": ""KPPP tender BBMP/2023-24/OW/WORK_INDENT1024"", ""url"": ""https://kppp.karnataka.gov.in/supplier-registration-service/v1/api/portal-service/43881/works-tender-full-view"", ""note"": ""Award date""}]"
74,single_bidder,notice,Only one bidder,The commercial comparative statement lists a single bidder.,confirmed,"[{""source_id"": ""KPPP"", ""label"": ""Comparative statement BBMP/2023-24/OW/WORK_INDENT1024"", ""url"": ""https://kppp.karnataka.gov.in/supplier-registration-service/v1/api/portal-service/tender-eval/43881/commercial-evaluation/tender-category/WORKS/commercial-comparison/download-detailed""}]"
74,deep_discount,info,Awarded -30% below estimate,Very low bids can strain execution or lead to variations later.,confirmed,"[{""source_id"": ""KPPP"", ""label"": ""KPPP tender BBMP/2023-24/OW/WORK_INDENT1024"", ""url"": ""https://kppp.karnataka.gov.in/supplier-registration-service/v1/api/portal-service/bids/43881/tender-category/WORKS/get-selected-bid-for-lumpsum"", ""note"": ""Quoted value of the awarded (L1) bid""}, {""source_id"": ""KPPP"", ""label"": ""KPPP tender BBMP/2023-24/OW/WORK_INDENT1024"", ""url"": ""https://kppp.karnataka.gov.in/supplier-registration-service/v1/api/portal-service/43881/works-tender-full-view"", ""note"": ""ECV""}]"
75,no_bills_after_expected_completion,info,No bill found though expected completion (2025-04-28) is 6+ months before the data ends,BBMP bill exports run to about Mar 2026; a finished work would normally show a bill by then. The bill may be booked under a job number we could not link.,inferred,"[{""source_id"": ""KPPP"", ""label"": ""Tender document KW-1 It No 02 res.doc"", ""url"": ""https://kppp.karnataka.gov.in/supplier-registration-service/v1/api/portal-service/126460/works-tender-file/6a6db590-e26f-4472-a659-7d18466475fb/download-file""}, {""source_id"": ""KPPP"", ""label"": ""KPPP tender BBMP/2024-25/OW/WORK_INDENT4303"", ""url"": ""https://kppp.karnataka.gov.in/supplier-registration-service/v1/api/portal-service/126460/works-tender-full-view"", ""note"": ""Award date""}]"
75,related_work,info,Near-identical work under another number (BBMP/2024-25/OW/WORK_INDENT4307),"Descriptions are 91% similar. Could be a recurring annual work, a re-tender, a split of one work, or a duplicate entry.",inferred,[]
76,no_bills_after_expected_completion,info,No bill found though expected completion (2025-04-27) is 6+ months before the data ends,BBMP bill exports run to about Mar 2026; a finished work would normally show a bill by then. The bill may be booked under a job number we could not link.,inferred,"[{""source_id"": ""KPPP"", ""label"": ""Tender document kw_2 It no 06-res.doc"", ""url"": ""https://kppp.karnataka.gov.in/supplier-registration-service/v1/api/portal-service/126893/works-tender-file/2bf3dd6c-76f7-4f4b-a274-1fcd310b0a14/download-file""}, {""source_id"": ""KPPP"", ""label"": ""KPPP tender BBMP/2024-25/OW/WORK_INDENT4331"", ""url"": ""https://kppp.karnataka.gov.in/supplier-registration-service/v1/api/portal-service/126893/works-tender-full-view"", ""note"": ""Award date""}]"
77,no_bills_after_expected_completion,info,No bill found though expected completion (2025-04-22) is 6+ months before the data ends,BBMP bill exports run to about Mar 2026; a finished work would normally show a bill by then. The bill may be booked under a job number we could not link.,inferred,"[{""source_id"": ""KPPP"", ""label"": ""Tender document kw_2 7th 24-25 It no 10-Gen.doc"", ""url"": ""https://kppp.karnataka.gov.in/supplier-registration-service/v1/api/portal-service/126882/works-tender-file/43268464-50cc-474f-8d49-ab679db80987/download-file""}, {""source_id"": ""KPPP"", ""label"": ""KPPP tender BBMP/2024-25/OW/WORK_INDENT4336"", ""url"": ""https://kppp.karnataka.gov.in/supplier-registration-service/v1/api/portal-service/126882/works-tender-full-view"", ""note"": ""Award date""}]"
77,single_bidder,notice,Only one bidder,The commercial comparative statement lists a single bidder.,confirmed,"[{""source_id"": ""KPPP"", ""label"": ""Comparative statement BBMP/2024-25/OW/WORK_INDENT4336"", ""url"": ""https://kppp.karnataka.gov.in/supplier-registration-service/v1/api/portal-service/tender-eval/126882/commercial-evaluation/tender-category/WORKS/commercial-comparison/download-detailed""}]"
77,contractor_concentration,info,Contractor holds 1% of Koramangala money (28 projects),"C0003 SREEDHARA.K.C (identity inferred; ids: IFMS:022360, KPPP:1384): ₹81,769,787 across 28 projects in this dataset. Concentration is common for ward maintenance contracts; it is context, not a finding.",inferred,[]
77,repeat_single_bid_winner,notice,Contractor won 2 Koramangala tenders as the only bidder,SREEDHARA.K.C bid on 5 tenders and won 5; 2 of the wins had no competing bid.,confirmed,[]
78,no_bills_after_expected_completion,info,No bill found though expected completion (2025-05-22) is 6+ months before the data ends,BBMP bill exports run to about Mar 2026; a finished work would normally show a bill by then. The bill may be booked under a job number we could not link.,inferred,"[{""source_id"": ""KPPP"", ""label"": ""Tender document kw_2 7th 24-25 It no 9-Gen.doc"", ""url"": ""https://kppp.karnataka.gov.in/supplier-registration-service/v1/api/portal-service/126885/works-tender-file/b04a1a12-d94e-4946-ae7c-3e8946471386/download-file""}, {""source_id"": ""KPPP"", ""label"": ""KPPP tender BBMP/2024-25/OW/WORK_INDENT4335"", ""url"": ""https://kppp.karnataka.gov.in/supplier-registration-service/v1/api/portal-service/126885/works-tender-full-view"", ""note"": ""Award date""}]"
78,contractor_concentration,info,Contractor holds 1% of Koramangala money (28 projects),"C0003 SREEDHARA.K.C (identity inferred; ids: IFMS:022360, KPPP:1384): ₹81,769,787 across 28 projects in this dataset. Concentration is common for ward maintenance contracts; it is context, not a finding.",inferred,[]
78,frequent_co_bidders,info,Same two bidders met on 3 Koramangala tenders,"SREEDHARA.K.C and H S Prakash both bid on 3 tenders (SREEDHARA.K.C won 3, H S Prakash won 0). Repeated head-to-head bidding between the same firms limits competition and is worth checking against the full bidder list; it does not by itself indicate collusion.",inferred,"[{""source_id"": ""KPPP"", ""label"": ""Comparative statement"", ""url"": ""https://kppp.karnataka.gov.in/supplier-registration-service/v1/api/portal-service/tender-eval/126885/commercial-evaluation/tender-category/WORKS/commercial-comparison/download-detailed""}]"
79,no_bills_after_expected_completion,info,No bill found though expected completion (2025-05-22) is 6+ months before the data ends,BBMP bill exports run to about Mar 2026; a finished work would normally show a bill by then. The bill may be booked under a job number we could not link.,inferred,"[{""source_id"": ""KPPP"", ""label"": ""Tender document kw_2 7th 24-25 It no 5-Gen.doc"", ""url"": ""https://kppp.karnataka.gov.in/supplier-registration-service/v1/api/portal-service/126903/works-tender-file/215e1061-b7dc-4781-84ab-00f4b8512331/download-file""}, {""source_id"": ""KPPP"", ""label"": ""KPPP tender BBMP/2024-25/OW/WORK_INDENT4330"", ""url"": ""https://kppp.karnataka.gov.in/supplier-registration-service/v1/api/portal-service/126903/works-tender-full-view"", ""note"": ""Award date""}]"
79,contractor_concentration,info,Contractor holds 1% of Koramangala money (28 projects),"C0003 SREEDHARA.K.C (identity inferred; ids: IFMS:022360, KPPP:1384): ₹81,769,787 across 28 projects in this dataset. Concentration is common for ward maintenance contracts; it is context, not a finding.",inferred,[]
79,frequent_co_bidders,info,Same two bidders met on 3 Koramangala tenders,"SREEDHARA.K.C and H S Prakash both bid on 3 tenders (SREEDHARA.K.C won 3, H S Prakash won 0). Repeated head-to-head bidding between the same firms limits competition and is worth checking against the full bidder list; it does not by itself indicate collusion.",inferred,"[{""source_id"": ""KPPP"", ""label"": ""Comparative statement"", ""url"": ""https://kppp.karnataka.gov.in/supplier-registration-service/v1/api/portal-service/tender-eval/126903/commercial-evaluation/tender-category/WORKS/commercial-comparison/download-detailed""}]"
80,no_bills_after_expected_completion,info,No bill found though expected completion (2025-04-22) is 6+ months before the data ends,BBMP bill exports run to about Mar 2026; a finished work would normally show a bill by then. The bill may be booked under a job number we could not link.,inferred,"[{""source_id"": ""KPPP"", ""label"": ""Tender document kw_2 7th 24-25 It no 4-Gen.doc"", ""url"": ""https://kppp.karnataka.gov.in/supplier-registration-service/v1/api/portal-service/126910/works-tender-file/8df833a6-c10a-4d8c-b5fa-6b0e27dcc1eb/download-file""}, {""source_id"": ""KPPP"", ""label"": ""KPPP tender BBMP/2024-25/OW/WORK_INDENT4329"", ""url"": ""https://kppp.karnataka.gov.in/supplier-registration-service/v1/api/portal-service/126910/works-tender-full-view"", ""note"": ""Award date""}]"
80,contractor_concentration,info,Contractor holds 1% of Koramangala money (28 projects),"C0003 SREEDHARA.K.C (identity inferred; ids: IFMS:022360, KPPP:1384): ₹81,769,787 across 28 projects in this dataset. Concentration is common for ward maintenance contracts; it is context, not a finding.",inferred,[]
80,frequent_co_bidders,info,Same two bidders met on 3 Koramangala tenders,"SREEDHARA.K.C and H S Prakash both bid on 3 tenders (SREEDHARA.K.C won 3, H S Prakash won 0). Repeated head-to-head bidding between the same firms limits competition and is worth checking against the full bidder list; it does not by itself indicate collusion.",inferred,"[{""source_id"": ""KPPP"", ""label"": ""Comparative statement"", ""url"": ""https://kppp.karnataka.gov.in/supplier-registration-service/v1/api/portal-service/tender-eval/126910/commercial-evaluation/tender-category/WORKS/commercial-comparison/download-detailed""}]"
81,no_bills_after_expected_completion,info,No bill found though expected completion (2025-04-20) is 6+ months before the data ends,BBMP bill exports run to about Mar 2026; a finished work would normally show a bill by then. The bill may be booked under a job number we could not link.,inferred,"[{""source_id"": ""KPPP"", ""label"": ""Tender document KW-1 6th 24-25 It No 03.doc"", ""url"": ""https://kppp.karnataka.gov.in/supplier-registration-service/v1/api/portal-service/126416/works-tender-file/bf30b05f-fc02-4a3f-8f03-40d877d5954c/download-file""}, {""source_id"": ""KPPP"", ""label"": ""KPPP tender BBMP/2024-25/OW/WORK_INDENT4305"", ""url"": ""https://kppp.karnataka.gov.in/supplier-registration-service/v1/api/portal-service/126416/works-tender-full-view"", ""note"": ""Award date""}]"
81,contractor_concentration,info,Contractor holds 1% of Koramangala money (14 projects),"C0005 R M RAVI (CONTRACTO (identity inferred; ids: KPPP:1512): ₹39,889,070 across 14 projects in this dataset. Concentration is common for ward maintenance contracts; it is context, not a finding.",inferred,[]
82,no_bills_after_expected_completion,info,No bill found though expected completion (2025-04-16) is 6+ months before the data ends,BBMP bill exports run to about Mar 2026; a finished work would normally show a bill by then. The bill may be booked under a job number we could not link.,inferred,"[{""source_id"": ""KPPP"", ""label"": ""Tender document KW-1 6th 24-25 It No 04.doc"", ""url"": ""https://kppp.karnataka.gov.in/supplier-registration-service/v1/api/portal-service/126466/works-tender-file/cbd07d22-f8a7-407b-a7c6-791034aab1a6/download-file""}, {""source_id"": ""KPPP"", ""label"": ""KPPP tender BBMP/2024-25/OW/WORK_INDENT4307"", ""url"": ""https://kppp.karnataka.gov.in/supplier-registration-service/v1/api/portal-service/126466/works-tender-full-view"", ""note"": ""Award date""}]"
82,related_work,info,Near-identical work under another number (BBMP/2024-25/OW/WORK_INDENT4303),"Descriptions are 91% similar. Could be a recurring annual work, a re-tender, a split of one work, or a duplicate entry.",inferred,[]
83,recalled_tender,info,Tender re-called once (CALL-2),First call did not result in an award.,confirmed,"[{""source_id"": ""KPPP"", ""label"": ""KPPP tender BWSSB/2024-25/WS/WORK_INDENT1682/CALL-2"", ""url"": ""https://kppp.karnataka.gov.in/supplier-registration-service/v1/api/portal-service/138990/works-tender-full-view"", ""note"": ""Call 2""}]"
83,single_bidder,notice,Only one bidder,The commercial comparative statement lists a single bidder.,confirmed,"[{""source_id"": ""KPPP"", ""label"": ""Comparative statement BWSSB/2024-25/WS/WORK_INDENT1682/CALL-2"", ""url"": ""https://kppp.karnataka.gov.in/supplier-registration-service/v1/api/portal-service/tender-eval/138990/commercial-evaluation/tender-category/WORKS/commercial-comparison/download-detailed""}]"
83,repeat_single_bid_winner,notice,Contractor won 2 Koramangala tenders as the only bidder,VENKATAPPA( SRI VENKATESHWARA ENGINEERING WORK ) bid on 4 tenders and won 4; 2 of the wins had no competing bid.,confirmed,[]
83,related_work,info,Near-identical work under another number (BWSSB/2024-25/WS/WORK_INDENT1680/CALL-3),"Descriptions are 88% similar. Could be a recurring annual work, a re-tender, a split of one work, or a duplicate entry.",inferred,[]
83,related_work,info,Near-identical work under another number (BWSSB/2024-25/WS/WORK_INDENT1678/CALL-3),"Descriptions are 97% similar. Could be a recurring annual work, a re-tender, a split of one work, or a duplicate entry.",inferred,[]
84,no_bills_after_expected_completion,info,No bill found though expected completion (2025-05-21) is 6+ months before the data ends,BBMP bill exports run to about Mar 2026; a finished work would normally show a bill by then. The bill may be booked under a job number we could not link.,inferred,"[{""source_id"": ""KPPP"", ""label"": ""Tender document Bid_Document_90.docx"", ""url"": ""https://kppp.karnataka.gov.in/supplier-registration-service/v1/api/portal-service/111756/works-tender-file/51617756-df0a-441f-a780-02eb6aa2ad43/download-file""}, {""source_id"": ""KPPP"", ""label"": ""KPPP tender BWSSB/2024-25/WS/WORK_INDENT927"", ""url"": ""https://kppp.karnataka.gov.in/supplier-registration-service/v1/api/portal-service/111756/works-tender-full-view"", ""note"": ""Award date""}]"
84,bidder_name_overlap,info,Two bidders with overlapping names on BWSSB/2024-25/WS/WORK_INDENT927,“VENKATAPPA( SRI VENKATESHWARA ENGINEERING WORK )” (L1) and “VENKATAPPA VENKATESHAIAH (1)( MATHRU SHREE ENGINEERING WORKS )” (L3) both bid. Shared names are common and do not mean the bidders are related.,confirmed,"[{""source_id"": ""KPPP"", ""label"": ""Comparative statement"", ""url"": ""https://kppp.karnataka.gov.in/supplier-registration-service/v1/api/portal-service/tender-eval/111756/commercial-evaluation/tender-category/WORKS/commercial-comparison/download-detailed""}]"
85,recalled_tender,info,Tender re-called once (CALL-2),First call did not result in an award.,confirmed,"[{""source_id"": ""KPPP"", ""label"": ""KPPP tender BWSSB/2024-25/WS/WORK_INDENT1397/CALL-2"", ""url"": ""https://kppp.karnataka.gov.in/supplier-registration-service/v1/api/portal-service/130569/works-tender-full-view"", ""note"": ""Call 2""}]"
85,single_bidder,notice,Only one bidder,The commercial comparative statement lists a single bidder.,confirmed,"[{""source_id"": ""KPPP"", ""label"": ""Comparative statement BWSSB/2024-25/WS/WORK_INDENT1397/CALL-2"", ""url"": ""https://kppp.karnataka.gov.in/supplier-registration-service/v1/api/portal-service/tender-eval/130569/commercial-evaluation/tender-category/WORKS/commercial-comparison/download-detailed""}]"
85,repeat_single_bid_winner,notice,Contractor won 2 Koramangala tenders as the only bidder,VENKATAPPA( SRI VENKATESHWARA ENGINEERING WORK ) bid on 4 tenders and won 4; 2 of the wins had no competing bid.,confirmed,[]
86,partial_release,info,Bill paid in part (release % below 100),1 bill(s) released partly (75%). BBMP releases bills in tranches when funds are short; the balance may follow later.,confirmed,"[{""source_id"": ""IFMS"", ""label"": ""BBMP IFMS work bill 567708"", ""url"": ""https://accounts.bbmp.gov.in/vssWB/vss00CvStatusData.php?pAction=LoadDetails&pWorkBillID=567708"", ""note"": ""Release %""}]"
86,slow_payment,info,Median 627 days from bill registration to payment,Long payment delays are common (seniority-based bill clearance) and raise contractors' financing costs.,confirmed,"[{""source_id"": ""IFMS"", ""label"": ""BBMP IFMS work bill 567708"", ""url"": ""https://accounts.bbmp.gov.in/vssWB/vss00CvStatusData.php?pAction=LoadDetails&pWorkBillID=567708"", ""note"": ""BR / RTGS dates""}]"
87,partial_release,info,Bill paid in part (release % below 100),1 bill(s) released partly (75%). BBMP releases bills in tranches when funds are short; the balance may follow later.,confirmed,"[{""source_id"": ""IFMS"", ""label"": ""BBMP IFMS work bill 571991"", ""url"": ""https://accounts.bbmp.gov.in/vssWB/vss00CvStatusData.php?pAction=LoadDetails&pWorkBillID=571991"", ""note"": ""Release %""}]"
87,slow_payment,info,Median 605 days from bill registration to payment,Long payment delays are common (seniority-based bill clearance) and raise contractors' financing costs.,confirmed,"[{""source_id"": ""IFMS"", ""label"": ""BBMP IFMS work bill 571991"", ""url"": ""https://accounts.bbmp.gov.in/vssWB/vss00CvStatusData.php?pAction=LoadDetails&pWorkBillID=571991"", ""note"": ""BR / RTGS dates""}]"
88,partial_release,info,Bill paid in part (release % below 100),1 bill(s) released partly (75%). BBMP releases bills in tranches when funds are short; the balance may follow later.,confirmed,"[{""source_id"": ""IFMS"", ""label"": ""BBMP IFMS work bill 550472"", ""url"": ""https://accounts.bbmp.gov.in/vssWB/vss00CvStatusData.php?pAction=LoadDetails&pWorkBillID=550472"", ""note"": ""Release %""}]"
88,slow_payment,info,Median 684 days from bill registration to payment,Long payment delays are common (seniority-based bill clearance) and raise contractors' financing costs.,confirmed,"[{""source_id"": ""IFMS"", ""label"": ""BBMP IFMS work bill 550472"", ""url"": ""https://accounts.bbmp.gov.in/vssWB/vss00CvStatusData.php?pAction=LoadDetails&pWorkBillID=550472"", ""note"": ""BR / RTGS dates""}]"
89,placeholder_photos,notice,Blank / placeholder file used as a site photo,3 photo slot(s) filled with a blank / placeholder file. Bills require before/during/after photos; a placeholder means the photo record for this work is missing.,confirmed,"[{""source_id"": ""IFMS-DOC"", ""label"": ""WB-photo3--15008970-NA.JPG"", ""url"": ""https://accounts.bbmp.gov.in/vssIFMS/Files1/WB-photo3--15008970-NA.JPG""}, {""source_id"": ""IFMS-DOC"", ""label"": ""WB-photo1--62649662-NA.JPG"", ""url"": ""https://accounts.bbmp.gov.in/vssIFMS/Files1/WB-photo1--62649662-NA.JPG""}, {""source_id"": ""IFMS-DOC"", ""label"": ""WB-photo2--29595748-NA.JPG"", ""url"": ""https://accounts.bbmp.gov.in/vssIFMS/Files1/WB-photo2--29595748-NA.JPG""}]"
89,partial_release,info,Bill paid in part (release % below 100),1 bill(s) released partly (75%). BBMP releases bills in tranches when funds are short; the balance may follow later.,confirmed,"[{""source_id"": ""IFMS"", ""label"": ""BBMP IFMS work bill 626922"", ""url"": ""https://accounts.bbmp.gov.in/vssWB/vss00CvStatusData.php?pAction=LoadDetails&pWorkBillID=626922"", ""note"": ""Release %""}]"
89,bills_after_final,notice,2 bill(s) registered after the final bill,Final bill registered 2022-10-21; later non-final bills exist.,confirmed,"[{""source_id"": ""S06"", ""label"": ""BBMP Work Orders 2022-23"", ""url"": ""https://data.opencity.in/dataset/57ab37f1-b93e-40be-b553-c528bfcbf12d/resource/22b046a2-9126-46e9-901b-60ac62175844/download/c1088eec-7750-4f93-954e-486bbb78d355.csv"", ""rows"": [5839]}]"
90,year_end_payment,info,72% of payments made in the last fortnight of March,Payments bunched at financial-year end (budget lapse pressure) are common; worth checking that measurement of the work preceded payment.,confirmed,"[{""source_id"": ""S06"", ""label"": ""BBMP Work Orders 2022-23"", ""url"": ""https://data.opencity.in/dataset/57ab37f1-b93e-40be-b553-c528bfcbf12d/resource/22b046a2-9126-46e9-901b-60ac62175844/download/c1088eec-7750-4f93-954e-486bbb78d355.csv"", ""rows"": [5849]}, {""source_id"": ""S07"", ""label"": ""BBMP Work Orders 2023-24"", ""url"": ""https://data.opencity.in/dataset/356bfc9c-6abe-4d16-b719-a90e265c2e28/resource/375708e4-be2e-4c35-bc12-edbacedc2ab2/download/3cd0f9a1-a899-46a8-81e4-b79834ad8408.csv"", ""rows"": [4789, 6687]}]"
90,partial_release,info,Bill paid in part (release % below 100),"4 bill(s) released partly (75%, 75%, 75%). BBMP releases bills in tranches when funds are short; the balance may follow later.",confirmed,"[{""source_id"": ""IFMS"", ""label"": ""BBMP IFMS work bill 566057"", ""url"": ""https://accounts.bbmp.gov.in/vssWB/vss00CvStatusData.php?pAction=LoadDetails&pWorkBillID=566057"", ""note"": ""Release %""}, {""source_id"": ""IFMS"", ""label"": ""BBMP IFMS work bill 634429"", ""url"": ""https://accounts.bbmp.gov.in/vssWB/vss00CvStatusData.php?pAction=LoadDetails&pWorkBillID=634429"", ""note"": ""Release %""}, {""source_id"": ""IFMS"", ""label"": ""BBMP IFMS work bill 610874"", ""url"": ""https://accounts.bbmp.gov.in/vssWB/vss00CvStatusData.php?pAction=LoadDetails&pWorkBillID=610874"", ""note"": ""Release %""}]"
90,bills_after_final,notice,1 bill(s) registered after the final bill,Final bill registered 2023-02-23; later non-final bills exist.,confirmed,"[{""source_id"": ""S08"", ""label"": ""BBMP Work Orders and Payments 2024-25 (198-ward regime)"", ""url"": ""https://data.opencity.in/dataset/4e539082-aca3-4df0-b676-dc1655cf17d2/resource/67637545-30aa-4a6c-80fa-b46bc22bdc24/download/5cfd015d-cc0b-4526-b6e2-e547e740345a.csv"", ""rows"": [4574]}]"
90,qty_identical_to_plan,info,Billed quantities identical to Schedule B (3 items),"in uniform lay on with. moter ll r a Cum Seven Hundred Sixty — 216 cum;  level and alignment, rolling with smooth Cum Thousand Seven — 1,205.16 cum; g levelling the formwork as per drawing), Five Hundred Fifty — 135.36 . Executed quantity up to date equals the tendered quantity to the decimal. Auditors commonly check such items to confirm measurements were taken on site; it can also be legitimate (quantities fixed by drawings, items measured once).",inferred,"[{""source_id"": ""IFMS-QTY"", ""label"": ""IFMS attachment WO-4--33515496-Schedule B.pdf (Schedule B), p.3"", ""url"": ""https://accounts.bbmp.gov.in/vssIFMS/Files1/WO-4--33515496-Schedule%20B.pdf"", ""note"": ""OCR (tesseract psm 6, 2x); arithmetic; confidence high · row: \""20 |'° work site, spreading in uniform lay on with. moter ll r a Cum} 216.00 | 2767.00 | Seven Hundred Sixty 597672.00\""""}, {""source_id"": ""IFMS-QTY"", ""label"": ""IFMS attachment WB-Bill--39527045-Bill form BTM 23-0000003.pdf (Bill Form), p.7"", ""url"": ""https://accounts.bbmp.gov.in/vssIFMS/Files1/WB-Bill--39527045-Bill%20form%20BTM%2023-0000003.pdf"", ""note"": ""OCR (tesseract psm 6, 2x); arithmetic; confidence medium · row: \""\\ SW cae Gees _mopated:ysuriiee | sna // 216.00 | 2767.00 6.00 | 2767.00 597672.00 216.00 597672.00\""""}, {""source_id"": ""IFMS-QTY"", ""label"": ""IFMS attachment WO-4--33515496-Schedule B.pdf (Schedule B), p.4"", ""url"": ""https://accounts.bbmp.gov.in/vssIFMS/Files1/WO-4--33515496-Schedule%20B.pdf"", ""note"": ""OCR (tesseract psm 6, 2x); arithmetic; confidence high · row: \""25 |finisher to the required grade, level and alignment, rolling with smooth] Cum| 1205.16 12700.00 Thousand Seven 15305532.00\""""}, {""source_id"": ""IFMS-QTY"", ""label"": ""IFMS attachment WB-Bill--39527045-Bill form BTM 23-0000003.pdf (Bill Form), p.9"", ""url"": ""https://accounts.bbmp.gov.in/vssIFMS/Files1/WB-Bill--39527045-Bill%20form%20BTM%2023-0000003.pdf"", ""note"": ""OCR (tesseract psm 6, 2x); arithmetic; confidence medium · row: \""level and alignment, rolling with smooth wheeled, Es .16 | 12700.00} G.00 1205.16 | 12700.00 15305532.00 | 120515 | 15306532.00 \\\""""}, {""source_id"": ""IFMS-QTY"", ""label"": ""IFMS attachment WO-4--33515496-Schedule B.pdf (Schedule B), p.4"", ""url"": ""https://accounts.bbmp.gov.in/vssIFMS/Files1/WO-4--33515496-Schedule%20B.pdf"", ""note"": ""OCR (tesseract psm 6, 2x); arithmetic; confidence medium · row: \""steel plates including levelling the formwork as per drawing), 135.36 | 7550.00 Five Hundred Fifty 1021968.00\""""}, {""source_id"": ""IFMS-QTY"", ""label"": ""IFMS attachment WB-Bill--39527045-Bill form BTM 23-0000003.pdf (Bill Form), p.10"", ""url"": ""https://accounts.bbmp.gov.in/vssIFMS/Files1/WB-Bill--39527045-Bill%20form%20BTM%2023-0000003.pdf"", ""note"": ""OCR (tesseract psm 6, 2x, rulings removed); arithmetic; confidence high · row: \""iecloding eye he SecA ge ner dio ina Cum 135.36 7550.00 0.00 0.00 195.86 | 7550.00] 1021968.00 | 135.36 |  1021968.00\""""}]"
90,contractor_concentration,info,Contractor holds 5% of Koramangala money (3 projects),"C0026 LOKESH R (identity confirmed; ids: IFMS:022698): ₹345,262,807 across 3 projects in this dataset. Concentration is common for ward maintenance contracts; it is context, not a finding.",confirmed,[]
91,long_running,notice,Activity spread over 3.9 years,"First record 2020-10-03, last 2024-08-23. Long gaps can mean phased work, delays or late bill settlement.",confirmed,"[{""source_id"": ""S08"", ""label"": ""BBMP Work Orders and Payments 2024-25 (198-ward regime)"", ""url"": ""https://data.opencity.in/dataset/4e539082-aca3-4df0-b676-dc1655cf17d2/resource/67637545-30aa-4a6c-80fa-b46bc22bdc24/download/5cfd015d-cc0b-4526-b6e2-e547e740345a.csv"", ""rows"": [4575]}]"
91,partial_release,info,Bill paid in part (release % below 100),1 bill(s) released partly (75%). BBMP releases bills in tranches when funds are short; the balance may follow later.,confirmed,"[{""source_id"": ""IFMS"", ""label"": ""BBMP IFMS work bill 559407"", ""url"": ""https://accounts.bbmp.gov.in/vssWB/vss00CvStatusData.php?pAction=LoadDetails&pWorkBillID=559407"", ""note"": ""Release %""}]"
91,slow_payment,info,Median 618 days from bill registration to payment,Long payment delays are common (seniority-based bill clearance) and raise contractors' financing costs.,confirmed,"[{""source_id"": ""IFMS"", ""label"": ""BBMP IFMS work bill 559407"", ""url"": ""https://accounts.bbmp.gov.in/vssWB/vss00CvStatusData.php?pAction=LoadDetails&pWorkBillID=559407"", ""note"": ""BR / RTGS dates""}]"
92,partial_release,info,Bill paid in part (release % below 100),1 bill(s) released partly (75%). BBMP releases bills in tranches when funds are short; the balance may follow later.,confirmed,"[{""source_id"": ""IFMS"", ""label"": ""BBMP IFMS work bill 550633"", ""url"": ""https://accounts.bbmp.gov.in/vssWB/vss00CvStatusData.php?pAction=LoadDetails&pWorkBillID=550633"", ""note"": ""Release %""}]"
92,slow_payment,info,Median 663 days from bill registration to payment,Long payment delays are common (seniority-based bill clearance) and raise contractors' financing costs.,confirmed,"[{""source_id"": ""IFMS"", ""label"": ""BBMP IFMS work bill 550633"", ""url"": ""https://accounts.bbmp.gov.in/vssWB/vss00CvStatusData.php?pAction=LoadDetails&pWorkBillID=550633"", ""note"": ""BR / RTGS dates""}]"
92,related_work,info,Near-identical work under another number (151-17-000093),"Descriptions are 90% similar. Could be a recurring annual work, a re-tender, a split of one work, or a duplicate entry.",inferred,[]
93,fine_levied,info,Fine / penalty deducted from a bill,"IFMS deductions: fine ₹31,400. Penalties usually relate to delay or quality; their reason is not in the public record.",confirmed,"[{""source_id"": ""IFMS"", ""label"": ""BBMP IFMS work bill 511759"", ""url"": ""https://accounts.bbmp.gov.in/vssWB/vss00CvStatusData.php?pAction=LoadDetails&pWorkBillID=511759"", ""note"": ""Deductions""}]"
93,partial_release,info,Bill paid in part (release % below 100),1 bill(s) released partly (75%). BBMP releases bills in tranches when funds are short; the balance may follow later.,confirmed,"[{""source_id"": ""IFMS"", ""label"": ""BBMP IFMS work bill 511759"", ""url"": ""https://accounts.bbmp.gov.in/vssWB/vss00CvStatusData.php?pAction=LoadDetails&pWorkBillID=511759"", ""note"": ""Release %""}]"
93,slow_payment,info,Median 844 days from bill registration to payment,Long payment delays are common (seniority-based bill clearance) and raise contractors' financing costs.,confirmed,"[{""source_id"": ""IFMS"", ""label"": ""BBMP IFMS work bill 511759"", ""url"": ""https://accounts.bbmp.gov.in/vssWB/vss00CvStatusData.php?pAction=LoadDetails&pWorkBillID=511759"", ""note"": ""BR / RTGS dates""}]"
93,late_payment,info,Bill paid 2 years after work end date,Long payment lag; common with BBMP bill backlogs (seniority-based payment).,confirmed,"[{""source_id"": ""S01"", ""label"": ""BBMP Work Orders - Koramangala (Ward 151), 2013-2022"", ""url"": ""https://data.opencity.in/dataset/d22cea6d-5256-43af-8ad5-68db551e0760/resource/1ccbab74-ca87-465f-826b-5fd1b4b81a5f/download/f68edd0d-7e8b-4386-89cc-a7c946785c8a.csv"", ""rows"": [43]}]"
93,contractor_concentration,info,Contractor holds 1% of Koramangala money (12 projects),"C0008 KRIDL BHUSIRI ACCOU (identity confirmed; ids: none): ₹66,672,117 across 12 projects in this dataset. Concentration is common for ward maintenance contracts; it is context, not a finding.",confirmed,[]
94,partial_release,info,Bill paid in part (release % below 100),1 bill(s) released partly (75%). BBMP releases bills in tranches when funds are short; the balance may follow later.,confirmed,"[{""source_id"": ""IFMS"", ""label"": ""BBMP IFMS work bill 550688"", ""url"": ""https://accounts.bbmp.gov.in/vssWB/vss00CvStatusData.php?pAction=LoadDetails&pWorkBillID=550688"", ""note"": ""Release %""}]"
94,slow_payment,info,Median 634 days from bill registration to payment,Long payment delays are common (seniority-based bill clearance) and raise contractors' financing costs.,confirmed,"[{""source_id"": ""IFMS"", ""label"": ""BBMP IFMS work bill 550688"", ""url"": ""https://accounts.bbmp.gov.in/vssWB/vss00CvStatusData.php?pAction=LoadDetails&pWorkBillID=550688"", ""note"": ""BR / RTGS dates""}]"
94,contractor_concentration,info,Contractor holds 0% of Koramangala money (7 projects),"C0025 H S HEMAVATHI (identity inferred; ids: IFMS:022298): ₹15,487,495 across 7 projects in this dataset. Concentration is common for ward maintenance contracts; it is context, not a finding.",inferred,[]
95,fine_levied,info,Fine / penalty deducted from a bill,"IFMS deductions: fine ₹4,350. Penalties usually relate to delay or quality; their reason is not in the public record.",confirmed,"[{""source_id"": ""IFMS"", ""label"": ""BBMP IFMS work bill 539026"", ""url"": ""https://accounts.bbmp.gov.in/vssWB/vss00CvStatusData.php?pAction=LoadDetails&pWorkBillID=539026"", ""note"": ""Deductions""}]"
95,partial_release,info,Bill paid in part (release % below 100),1 bill(s) released partly (75%). BBMP releases bills in tranches when funds are short; the balance may follow later.,confirmed,"[{""source_id"": ""IFMS"", ""label"": ""BBMP IFMS work bill 539026"", ""url"": ""https://accounts.bbmp.gov.in/vssWB/vss00CvStatusData.php?pAction=LoadDetails&pWorkBillID=539026"", ""note"": ""Release %""}]"
95,slow_payment,info,Median 670 days from bill registration to payment,Long payment delays are common (seniority-based bill clearance) and raise contractors' financing costs.,confirmed,"[{""source_id"": ""IFMS"", ""label"": ""BBMP IFMS work bill 539026"", ""url"": ""https://accounts.bbmp.gov.in/vssWB/vss00CvStatusData.php?pAction=LoadDetails&pWorkBillID=539026"", ""note"": ""BR / RTGS dates""}]"
96,partial_release,info,Bill paid in part (release % below 100),1 bill(s) released partly (75%). BBMP releases bills in tranches when funds are short; the balance may follow later.,confirmed,"[{""source_id"": ""IFMS"", ""label"": ""BBMP IFMS work bill 550686"", ""url"": ""https://accounts.bbmp.gov.in/vssWB/vss00CvStatusData.php?pAction=LoadDetails&pWorkBillID=550686"", ""note"": ""Release %""}]"
96,slow_payment,info,Median 634 days from bill registration to payment,Long payment delays are common (seniority-based bill clearance) and raise contractors' financing costs.,confirmed,"[{""source_id"": ""IFMS"", ""label"": ""BBMP IFMS work bill 550686"", ""url"": ""https://accounts.bbmp.gov.in/vssWB/vss00CvStatusData.php?pAction=LoadDetails&pWorkBillID=550686"", ""note"": ""BR / RTGS dates""}]"
96,contractor_concentration,info,Contractor holds 1% of Koramangala money (9 projects),"C0016 Y H KRISHNA (identity inferred; ids: IFMS:022294): ₹42,232,488 across 9 projects in this dataset. Concentration is common for ward maintenance contracts; it is context, not a finding.",inferred,[]
97,placeholder_photos,notice,Blank / placeholder file used as a site photo,3 photo slot(s) filled with a blank / placeholder file. Bills require before/during/after photos; a placeholder means the photo record for this work is missing.,confirmed,"[{""source_id"": ""IFMS-DOC"", ""label"": ""WB-photo3--04190140-Not Applicable.PDF"", ""url"": ""https://accounts.bbmp.gov.in/vssIFMS/Files1/WB-photo3--04190140-Not%20Applicable.PDF""}, {""source_id"": ""IFMS-DOC"", ""label"": ""WB-photo1--64466418-Not Applicable.PDF"", ""url"": ""https://accounts.bbmp.gov.in/vssIFMS/Files1/WB-photo1--64466418-Not%20Applicable.PDF""}, {""source_id"": ""IFMS-DOC"", ""label"": ""WB-photo2--87200556-Not Applicable.PDF"", ""url"": ""https://accounts.bbmp.gov.in/vssIFMS/Files1/WB-photo2--87200556-Not%20Applicable.PDF""}]"
97,partial_release,info,Bill paid in part (release % below 100),1 bill(s) released partly (75%). BBMP releases bills in tranches when funds are short; the balance may follow later.,confirmed,"[{""source_id"": ""IFMS"", ""label"": ""BBMP IFMS work bill 544458"", ""url"": ""https://accounts.bbmp.gov.in/vssWB/vss00CvStatusData.php?pAction=LoadDetails&pWorkBillID=544458"", ""note"": ""Release %""}]"
97,slow_payment,info,Median 672 days from bill registration to payment,Long payment delays are common (seniority-based bill clearance) and raise contractors' financing costs.,confirmed,"[{""source_id"": ""IFMS"", ""label"": ""BBMP IFMS work bill 544459"", ""url"": ""https://accounts.bbmp.gov.in/vssWB/vss00CvStatusData.php?pAction=LoadDetails&pWorkBillID=544459"", ""note"": ""BR / RTGS dates""}]"
97,qty_unreadable_mb,info,High-value work whose measurement records are unreadable,5 MB / bill-form attachments downloaded; none yielded an arithmetic-checked quantity (handwritten or low-quality scans). Quantities for this work cannot be verified from public data.,confirmed,[]
97,document_reused,notice,Identical Agreement / Completion Certificate / Job Certificate / Work Order attached to another job number,"The same file (md5 f9ffafdb21…; Agreement, Completion Certificate, Job Certificate, Work Order) is attached to bills of 5 works: 151-16-000001, 151-20-000029, 151-22-000005, 174-25-000010. Could be one contract booked under two job numbers, or a wrong upload — worth checking.",confirmed,"[{""source_id"": ""IFMS-DOC"", ""label"": ""Attachment"", ""url"": ""https://accounts.bbmp.gov.in/vssIFMS/Files1/WB-CC--83716105-Not%20Applicable.PDF""}]"
98,partial_release,info,Bill paid in part (release % below 100),1 bill(s) released partly (75%). BBMP releases bills in tranches when funds are short; the balance may follow later.,confirmed,"[{""source_id"": ""IFMS"", ""label"": ""BBMP IFMS work bill 548647"", ""url"": ""https://accounts.bbmp.gov.in/vssWB/vss00CvStatusData.php?pAction=LoadDetails&pWorkBillID=548647"", ""note"": ""Release %""}]"
98,slow_payment,info,Median 647 days from bill registration to payment,Long payment delays are common (seniority-based bill clearance) and raise contractors' financing costs.,confirmed,"[{""source_id"": ""IFMS"", ""label"": ""BBMP IFMS work bill 548647"", ""url"": ""https://accounts.bbmp.gov.in/vssWB/vss00CvStatusData.php?pAction=LoadDetails&pWorkBillID=548647"", ""note"": ""BR / RTGS dates""}]"
98,related_work,info,Near-identical work under another number (151-19-000034),"Descriptions are 95% similar. Could be a recurring annual work, a re-tender, a split of one work, or a duplicate entry.",inferred,[]
98,related_work,info,Near-identical work under another number (151-13-000008),"Descriptions are 95% similar. Could be a recurring annual work, a re-tender, a split of one work, or a duplicate entry.",inferred,[]
99,fine_levied,info,Fine / penalty deducted from a bill,"IFMS deductions: fine ₹22,400. Penalties usually relate to delay or quality; their reason is not in the public record.",confirmed,"[{""source_id"": ""IFMS"", ""label"": ""BBMP IFMS work bill 516935"", ""url"": ""https://accounts.bbmp.gov.in/vssWB/vss00CvStatusData.php?pAction=LoadDetails&pWorkBillID=516935"", ""note"": ""Deductions""}]"
99,partial_release,info,Bill paid in part (release % below 100),1 bill(s) released partly (75%). BBMP releases bills in tranches when funds are short; the balance may follow later.,confirmed,"[{""source_id"": ""IFMS"", ""label"": ""BBMP IFMS work bill 516935"", ""url"": ""https://accounts.bbmp.gov.in/vssWB/vss00CvStatusData.php?pAction=LoadDetails&pWorkBillID=516935"", ""note"": ""Release %""}]"
99,slow_payment,info,Median 779 days from bill registration to payment,Long payment delays are common (seniority-based bill clearance) and raise contractors' financing costs.,confirmed,"[{""source_id"": ""IFMS"", ""label"": ""BBMP IFMS work bill 516935"", ""url"": ""https://accounts.bbmp.gov.in/vssWB/vss00CvStatusData.php?pAction=LoadDetails&pWorkBillID=516935"", ""note"": ""BR / RTGS dates""}]"
99,late_payment,info,Bill paid 2 years after work end date,Long payment lag; common with BBMP bill backlogs (seniority-based payment).,confirmed,"[{""source_id"": ""S01"", ""label"": ""BBMP Work Orders - Koramangala (Ward 151), 2013-2022"", ""url"": ""https://data.opencity.in/dataset/d22cea6d-5256-43af-8ad5-68db551e0760/resource/1ccbab74-ca87-465f-826b-5fd1b4b81a5f/download/f68edd0d-7e8b-4386-89cc-a7c946785c8a.csv"", ""rows"": [29]}]"
99,contractor_concentration,info,Contractor holds 1% of Koramangala money (12 projects),"C0008 KRIDL BHUSIRI ACCOU (identity confirmed; ids: none): ₹66,672,117 across 12 projects in this dataset. Concentration is common for ward maintenance contracts; it is context, not a finding.",confirmed,[]
100,partial_release,info,Bill paid in part (release % below 100),1 bill(s) released partly (75%). BBMP releases bills in tranches when funds are short; the balance may follow later.,confirmed,"[{""source_id"": ""IFMS"", ""label"": ""BBMP IFMS work bill 589324"", ""url"": ""https://accounts.bbmp.gov.in/vssWB/vss00CvStatusData.php?pAction=LoadDetails&pWorkBillID=589324"", ""note"": ""Release %""}]"
100,contractor_concentration,info,Contractor holds 0% of Koramangala money (14 projects),"C0007 Sri. K R Pratheek (identity inferred; ids: none): ₹31,619,971 across 14 projects in this dataset. Concentration is common for ward maintenance contracts; it is context, not a finding.",inferred,[]
101,fine_levied,info,Fine / penalty deducted from a bill,"IFMS deductions: fine ₹16,400. Penalties usually relate to delay or quality; their reason is not in the public record.",confirmed,"[{""source_id"": ""IFMS"", ""label"": ""BBMP IFMS work bill 522605"", ""url"": ""https://accounts.bbmp.gov.in/vssWB/vss00CvStatusData.php?pAction=LoadDetails&pWorkBillID=522605"", ""note"": ""Deductions""}]"
101,partial_release,info,Bill paid in part (release % below 100),1 bill(s) released partly (75%). BBMP releases bills in tranches when funds are short; the balance may follow later.,confirmed,"[{""source_id"": ""IFMS"", ""label"": ""BBMP IFMS work bill 522605"", ""url"": ""https://accounts.bbmp.gov.in/vssWB/vss00CvStatusData.php?pAction=LoadDetails&pWorkBillID=522605"", ""note"": ""Release %""}]"
101,slow_payment,info,Median 748 days from bill registration to payment,Long payment delays are common (seniority-based bill clearance) and raise contractors' financing costs.,confirmed,"[{""source_id"": ""IFMS"", ""label"": ""BBMP IFMS work bill 522605"", ""url"": ""https://accounts.bbmp.gov.in/vssWB/vss00CvStatusData.php?pAction=LoadDetails&pWorkBillID=522605"", ""note"": ""BR / RTGS dates""}]"
101,late_payment,info,Bill paid 2 years after work end date,Long payment lag; common with BBMP bill backlogs (seniority-based payment).,confirmed,"[{""source_id"": ""S01"", ""label"": ""BBMP Work Orders - Koramangala (Ward 151), 2013-2022"", ""url"": ""https://data.opencity.in/dataset/d22cea6d-5256-43af-8ad5-68db551e0760/resource/1ccbab74-ca87-465f-826b-5fd1b4b81a5f/download/f68edd0d-7e8b-4386-89cc-a7c946785c8a.csv"", ""rows"": [28]}]"
101,related_work,info,Near-identical work under another number (151-18-000095),"Descriptions are 100% similar. Could be a recurring annual work, a re-tender, a split of one work, or a duplicate entry.",inferred,[]
102,fine_levied,info,Fine / penalty deducted from a bill,"IFMS deductions: fine ₹61,600. Penalties usually relate to delay or quality; their reason is not in the public record.",confirmed,"[{""source_id"": ""IFMS"", ""label"": ""BBMP IFMS work bill 534679"", ""url"": ""https://accounts.bbmp.gov.in/vssWB/vss00CvStatusData.php?pAction=LoadDetails&pWorkBillID=534679"", ""note"": ""Deductions""}]"
102,partial_release,info,Bill paid in part (release % below 100),1 bill(s) released partly (75%). BBMP releases bills in tranches when funds are short; the balance may follow later.,confirmed,"[{""source_id"": ""IFMS"", ""label"": ""BBMP IFMS work bill 534679"", ""url"": ""https://accounts.bbmp.gov.in/vssWB/vss00CvStatusData.php?pAction=LoadDetails&pWorkBillID=534679"", ""note"": ""Release %""}]"
102,slow_payment,info,Median 692 days from bill registration to payment,Long payment delays are common (seniority-based bill clearance) and raise contractors' financing costs.,confirmed,"[{""source_id"": ""IFMS"", ""label"": ""BBMP IFMS work bill 534679"", ""url"": ""https://accounts.bbmp.gov.in/vssWB/vss00CvStatusData.php?pAction=LoadDetails&pWorkBillID=534679"", ""note"": ""BR / RTGS dates""}]"
103,partial_release,info,Bill paid in part (release % below 100),1 bill(s) released partly (75%). BBMP releases bills in tranches when funds are short; the balance may follow later.,confirmed,"[{""source_id"": ""IFMS"", ""label"": ""BBMP IFMS work bill 535447"", ""url"": ""https://accounts.bbmp.gov.in/vssWB/vss00CvStatusData.php?pAction=LoadDetails&pWorkBillID=535447"", ""note"": ""Release %""}]"
103,slow_payment,info,Median 686 days from bill registration to payment,Long payment delays are common (seniority-based bill clearance) and raise contractors' financing costs.,confirmed,"[{""source_id"": ""IFMS"", ""label"": ""BBMP IFMS work bill 535447"", ""url"": ""https://accounts.bbmp.gov.in/vssWB/vss00CvStatusData.php?pAction=LoadDetails&pWorkBillID=535447"", ""note"": ""BR / RTGS dates""}]"
104,fine_levied,info,Fine / penalty deducted from a bill,"IFMS deductions: fine ₹61,500. Penalties usually relate to delay or quality; their reason is not in the public record.",confirmed,"[{""source_id"": ""IFMS"", ""label"": ""BBMP IFMS work bill 534682"", ""url"": ""https://accounts.bbmp.gov.in/vssWB/vss00CvStatusData.php?pAction=LoadDetails&pWorkBillID=534682"", ""note"": ""Deductions""}]"
104,partial_release,info,Bill paid in part (release % below 100),1 bill(s) released partly (75%). BBMP releases bills in tranches when funds are short; the balance may follow later.,confirmed,"[{""source_id"": ""IFMS"", ""label"": ""BBMP IFMS work bill 534682"", ""url"": ""https://accounts.bbmp.gov.in/vssWB/vss00CvStatusData.php?pAction=LoadDetails&pWorkBillID=534682"", ""note"": ""Release %""}]"
104,slow_payment,info,Median 687 days from bill registration to payment,Long payment delays are common (seniority-based bill clearance) and raise contractors' financing costs.,confirmed,"[{""source_id"": ""IFMS"", ""label"": ""BBMP IFMS work bill 534682"", ""url"": ""https://accounts.bbmp.gov.in/vssWB/vss00CvStatusData.php?pAction=LoadDetails&pWorkBillID=534682"", ""note"": ""BR / RTGS dates""}]"
105,fine_levied,info,Fine / penalty deducted from a bill,"IFMS deductions: fine ₹3,450. Penalties usually relate to delay or quality; their reason is not in the public record.",confirmed,"[{""source_id"": ""IFMS"", ""label"": ""BBMP IFMS work bill 623420"", ""url"": ""https://accounts.bbmp.gov.in/vssWB/vss00CvStatusData.php?pAction=LoadDetails&pWorkBillID=623420"", ""note"": ""Deductions""}]"
106,long_running,notice,Activity spread over 3.1 years,"First record 2019-01-17, last 2022-02-28. Long gaps can mean phased work, delays or late bill settlement.",confirmed,"[{""source_id"": ""S01"", ""label"": ""BBMP Work Orders - Koramangala (Ward 151), 2013-2022"", ""url"": ""https://data.opencity.in/dataset/d22cea6d-5256-43af-8ad5-68db551e0760/resource/1ccbab74-ca87-465f-826b-5fd1b4b81a5f/download/f68edd0d-7e8b-4386-89cc-a7c946785c8a.csv"", ""rows"": [74]}, {""source_id"": ""S01"", ""label"": ""BBMP Work Orders - Koramangala (Ward 151), 2013-2022"", ""url"": ""https://data.opencity.in/dataset/d22cea6d-5256-43af-8ad5-68db551e0760/resource/1ccbab74-ca87-465f-826b-5fd1b4b81a5f/download/f68edd0d-7e8b-4386-89cc-a7c946785c8a.csv"", ""rows"": [74]}, {""source_id"": ""S01"", ""label"": ""BBMP Work Orders - Koramangala (Ward 151), 2013-2022"", ""url"": ""https://data.opencity.in/dataset/d22cea6d-5256-43af-8ad5-68db551e0760/resource/1ccbab74-ca87-465f-826b-5fd1b4b81a5f/download/f68edd0d-7e8b-4386-89cc-a7c946785c8a.csv"", ""rows"": [74]}]"
106,fine_levied,info,Fine / penalty deducted from a bill,"IFMS deductions: fine ₹43,500. Penalties usually relate to delay or quality; their reason is not in the public record.",confirmed,"[{""source_id"": ""IFMS"", ""label"": ""BBMP IFMS work bill 511735"", ""url"": ""https://accounts.bbmp.gov.in/vssWB/vss00CvStatusData.php?pAction=LoadDetails&pWorkBillID=511735"", ""note"": ""Deductions""}]"
106,partial_release,info,Bill paid in part (release % below 100),1 bill(s) released partly (75%). BBMP releases bills in tranches when funds are short; the balance may follow later.,confirmed,"[{""source_id"": ""IFMS"", ""label"": ""BBMP IFMS work bill 511735"", ""url"": ""https://accounts.bbmp.gov.in/vssWB/vss00CvStatusData.php?pAction=LoadDetails&pWorkBillID=511735"", ""note"": ""Release %""}]"
106,slow_payment,info,Median 760 days from bill registration to payment,Long payment delays are common (seniority-based bill clearance) and raise contractors' financing costs.,confirmed,"[{""source_id"": ""IFMS"", ""label"": ""BBMP IFMS work bill 511735"", ""url"": ""https://accounts.bbmp.gov.in/vssWB/vss00CvStatusData.php?pAction=LoadDetails&pWorkBillID=511735"", ""note"": ""BR / RTGS dates""}]"
106,late_payment,info,Bill paid 2 years after work end date,Long payment lag; common with BBMP bill backlogs (seniority-based payment).,confirmed,"[{""source_id"": ""S01"", ""label"": ""BBMP Work Orders - Koramangala (Ward 151), 2013-2022"", ""url"": ""https://data.opencity.in/dataset/d22cea6d-5256-43af-8ad5-68db551e0760/resource/1ccbab74-ca87-465f-826b-5fd1b4b81a5f/download/f68edd0d-7e8b-4386-89cc-a7c946785c8a.csv"", ""rows"": [74]}]"
106,contractor_concentration,info,Contractor holds 1% of Koramangala money (28 projects),"C0003 SREEDHARA.K.C (identity inferred; ids: IFMS:022360, KPPP:1384): ₹81,769,787 across 28 projects in this dataset. Concentration is common for ward maintenance contracts; it is context, not a finding.",inferred,[]
107,fine_levied,info,Fine / penalty deducted from a bill,"IFMS deductions: fine ₹33,650. Penalties usually relate to delay or quality; their reason is not in the public record.",confirmed,"[{""source_id"": ""IFMS"", ""label"": ""BBMP IFMS work bill 511731"", ""url"": ""https://accounts.bbmp.gov.in/vssWB/vss00CvStatusData.php?pAction=LoadDetails&pWorkBillID=511731"", ""note"": ""Deductions""}]"
107,partial_release,info,Bill paid in part (release % below 100),1 bill(s) released partly (75%). BBMP releases bills in tranches when funds are short; the balance may follow later.,confirmed,"[{""source_id"": ""IFMS"", ""label"": ""BBMP IFMS work bill 511731"", ""url"": ""https://accounts.bbmp.gov.in/vssWB/vss00CvStatusData.php?pAction=LoadDetails&pWorkBillID=511731"", ""note"": ""Release %""}]"
107,slow_payment,info,Median 760 days from bill registration to payment,Long payment delays are common (seniority-based bill clearance) and raise contractors' financing costs.,confirmed,"[{""source_id"": ""IFMS"", ""label"": ""BBMP IFMS work bill 511731"", ""url"": ""https://accounts.bbmp.gov.in/vssWB/vss00CvStatusData.php?pAction=LoadDetails&pWorkBillID=511731"", ""note"": ""BR / RTGS dates""}]"
107,late_payment,info,Bill paid 2 years after work end date,Long payment lag; common with BBMP bill backlogs (seniority-based payment).,confirmed,"[{""source_id"": ""S01"", ""label"": ""BBMP Work Orders - Koramangala (Ward 151), 2013-2022"", ""url"": ""https://data.opencity.in/dataset/d22cea6d-5256-43af-8ad5-68db551e0760/resource/1ccbab74-ca87-465f-826b-5fd1b4b81a5f/download/f68edd0d-7e8b-4386-89cc-a7c946785c8a.csv"", ""rows"": [50]}]"
107,contractor_concentration,info,Contractor holds 1% of Koramangala money (28 projects),"C0003 SREEDHARA.K.C (identity inferred; ids: IFMS:022360, KPPP:1384): ₹81,769,787 across 28 projects in this dataset. Concentration is common for ward maintenance contracts; it is context, not a finding.",inferred,[]
108,fine_levied,info,Fine / penalty deducted from a bill,"IFMS deductions: fine ₹33,650. Penalties usually relate to delay or quality; their reason is not in the public record.",confirmed,"[{""source_id"": ""IFMS"", ""label"": ""BBMP IFMS work bill 511729"", ""url"": ""https://accounts.bbmp.gov.in/vssWB/vss00CvStatusData.php?pAction=LoadDetails&pWorkBillID=511729"", ""note"": ""Deductions""}]"
108,partial_release,info,Bill paid in part (release % below 100),1 bill(s) released partly (75%). BBMP releases bills in tranches when funds are short; the balance may follow later.,confirmed,"[{""source_id"": ""IFMS"", ""label"": ""BBMP IFMS work bill 511729"", ""url"": ""https://accounts.bbmp.gov.in/vssWB/vss00CvStatusData.php?pAction=LoadDetails&pWorkBillID=511729"", ""note"": ""Release %""}]"
108,slow_payment,info,Median 760 days from bill registration to payment,Long payment delays are common (seniority-based bill clearance) and raise contractors' financing costs.,confirmed,"[{""source_id"": ""IFMS"", ""label"": ""BBMP IFMS work bill 511729"", ""url"": ""https://accounts.bbmp.gov.in/vssWB/vss00CvStatusData.php?pAction=LoadDetails&pWorkBillID=511729"", ""note"": ""BR / RTGS dates""}]"
108,late_payment,info,Bill paid 2 years after work end date,Long payment lag; common with BBMP bill backlogs (seniority-based payment).,confirmed,"[{""source_id"": ""S01"", ""label"": ""BBMP Work Orders - Koramangala (Ward 151), 2013-2022"", ""url"": ""https://data.opencity.in/dataset/d22cea6d-5256-43af-8ad5-68db551e0760/resource/1ccbab74-ca87-465f-826b-5fd1b4b81a5f/download/f68edd0d-7e8b-4386-89cc-a7c946785c8a.csv"", ""rows"": [51]}]"
108,contractor_concentration,info,Contractor holds 1% of Koramangala money (28 projects),"C0003 SREEDHARA.K.C (identity inferred; ids: IFMS:022360, KPPP:1384): ₹81,769,787 across 28 projects in this dataset. Concentration is common for ward maintenance contracts; it is context, not a finding.",inferred,[]
109,fine_levied,info,Fine / penalty deducted from a bill,"IFMS deductions: fine ₹33,650. Penalties usually relate to delay or quality; their reason is not in the public record.",confirmed,"[{""source_id"": ""IFMS"", ""label"": ""BBMP IFMS work bill 511747"", ""url"": ""https://accounts.bbmp.gov.in/vssWB/vss00CvStatusData.php?pAction=LoadDetails&pWorkBillID=511747"", ""note"": ""Deductions""}]"
109,partial_release,info,Bill paid in part (release % below 100),1 bill(s) released partly (75%). BBMP releases bills in tranches when funds are short; the balance may follow later.,confirmed,"[{""source_id"": ""IFMS"", ""label"": ""BBMP IFMS work bill 511747"", ""url"": ""https://accounts.bbmp.gov.in/vssWB/vss00CvStatusData.php?pAction=LoadDetails&pWorkBillID=511747"", ""note"": ""Release %""}]"
109,slow_payment,info,Median 760 days from bill registration to payment,Long payment delays are common (seniority-based bill clearance) and raise contractors' financing costs.,confirmed,"[{""source_id"": ""IFMS"", ""label"": ""BBMP IFMS work bill 511747"", ""url"": ""https://accounts.bbmp.gov.in/vssWB/vss00CvStatusData.php?pAction=LoadDetails&pWorkBillID=511747"", ""note"": ""BR / RTGS dates""}]"
109,late_payment,info,Bill paid 2 years after work end date,Long payment lag; common with BBMP bill backlogs (seniority-based payment).,confirmed,"[{""source_id"": ""S01"", ""label"": ""BBMP Work Orders - Koramangala (Ward 151), 2013-2022"", ""url"": ""https://data.opencity.in/dataset/d22cea6d-5256-43af-8ad5-68db551e0760/resource/1ccbab74-ca87-465f-826b-5fd1b4b81a5f/download/f68edd0d-7e8b-4386-89cc-a7c946785c8a.csv"", ""rows"": [52]}]"
109,contractor_concentration,info,Contractor holds 1% of Koramangala money (28 projects),"C0003 SREEDHARA.K.C (identity inferred; ids: IFMS:022360, KPPP:1384): ₹81,769,787 across 28 projects in this dataset. Concentration is common for ward maintenance contracts; it is context, not a finding.",inferred,[]
109,related_work,info,Near-identical work under another number (151-19-000029),"Descriptions are 99% similar. Could be a recurring annual work, a re-tender, a split of one work, or a duplicate entry.",inferred,[]
110,partial_release,info,Bill paid in part (release % below 100),1 bill(s) released partly (75%). BBMP releases bills in tranches when funds are short; the balance may follow later.,confirmed,"[{""source_id"": ""IFMS"", ""label"": ""BBMP IFMS work bill 642656"", ""url"": ""https://accounts.bbmp.gov.in/vssWB/vss00CvStatusData.php?pAction=LoadDetails&pWorkBillID=642656"", ""note"": ""Release %""}]"
111,year_end_payment,info,100% of payments made in the last fortnight of March,Payments bunched at financial-year end (budget lapse pressure) are common; worth checking that measurement of the work preceded payment.,confirmed,"[{""source_id"": ""S01"", ""label"": ""BBMP Work Orders - Koramangala (Ward 151), 2013-2022"", ""url"": ""https://data.opencity.in/dataset/d22cea6d-5256-43af-8ad5-68db551e0760/resource/1ccbab74-ca87-465f-826b-5fd1b4b81a5f/download/f68edd0d-7e8b-4386-89cc-a7c946785c8a.csv"", ""rows"": [1]}]"
111,partial_release,info,Bill paid in part (release % below 100),1 bill(s) released partly (75%). BBMP releases bills in tranches when funds are short; the balance may follow later.,confirmed,"[{""source_id"": ""IFMS"", ""label"": ""BBMP IFMS work bill 526624"", ""url"": ""https://accounts.bbmp.gov.in/vssWB/vss00CvStatusData.php?pAction=LoadDetails&pWorkBillID=526624"", ""note"": ""Release %""}]"
111,slow_payment,info,Median 638 days from bill registration to payment,Long payment delays are common (seniority-based bill clearance) and raise contractors' financing costs.,confirmed,"[{""source_id"": ""IFMS"", ""label"": ""BBMP IFMS work bill 526624"", ""url"": ""https://accounts.bbmp.gov.in/vssWB/vss00CvStatusData.php?pAction=LoadDetails&pWorkBillID=526624"", ""note"": ""BR / RTGS dates""}]"
112,fine_levied,info,Fine / penalty deducted from a bill,"IFMS deductions: fine ₹3,800. Penalties usually relate to delay or quality; their reason is not in the public record.",confirmed,"[{""source_id"": ""IFMS"", ""label"": ""BBMP IFMS work bill 510802"", ""url"": ""https://accounts.bbmp.gov.in/vssWB/vss00CvStatusData.php?pAction=LoadDetails&pWorkBillID=510802"", ""note"": ""Deductions""}]"
112,partial_release,info,Bill paid in part (release % below 100),1 bill(s) released partly (75%). BBMP releases bills in tranches when funds are short; the balance may follow later.,confirmed,"[{""source_id"": ""IFMS"", ""label"": ""BBMP IFMS work bill 510802"", ""url"": ""https://accounts.bbmp.gov.in/vssWB/vss00CvStatusData.php?pAction=LoadDetails&pWorkBillID=510802"", ""note"": ""Release %""}]"
112,slow_payment,info,Median 693 days from bill registration to payment,Long payment delays are common (seniority-based bill clearance) and raise contractors' financing costs.,confirmed,"[{""source_id"": ""IFMS"", ""label"": ""BBMP IFMS work bill 510802"", ""url"": ""https://accounts.bbmp.gov.in/vssWB/vss00CvStatusData.php?pAction=LoadDetails&pWorkBillID=510802"", ""note"": ""BR / RTGS dates""}]"
113,partial_release,info,Bill paid in part (release % below 100),1 bill(s) released partly (75%). BBMP releases bills in tranches when funds are short; the balance may follow later.,confirmed,"[{""source_id"": ""IFMS"", ""label"": ""BBMP IFMS work bill 504363"", ""url"": ""https://accounts.bbmp.gov.in/vssWB/vss00CvStatusData.php?pAction=LoadDetails&pWorkBillID=504363"", ""note"": ""Release %""}]"
113,slow_payment,info,Median 703 days from bill registration to payment,Long payment delays are common (seniority-based bill clearance) and raise contractors' financing costs.,confirmed,"[{""source_id"": ""IFMS"", ""label"": ""BBMP IFMS work bill 504363"", ""url"": ""https://accounts.bbmp.gov.in/vssWB/vss00CvStatusData.php?pAction=LoadDetails&pWorkBillID=504363"", ""note"": ""BR / RTGS dates""}]"
113,late_payment,info,Bill paid 2 years after work end date,Long payment lag; common with BBMP bill backlogs (seniority-based payment).,confirmed,"[{""source_id"": ""S01"", ""label"": ""BBMP Work Orders - Koramangala (Ward 151), 2013-2022"", ""url"": ""https://data.opencity.in/dataset/d22cea6d-5256-43af-8ad5-68db551e0760/resource/1ccbab74-ca87-465f-826b-5fd1b4b81a5f/download/f68edd0d-7e8b-4386-89cc-a7c946785c8a.csv"", ""rows"": [6]}]"
114,partial_release,info,Bill paid in part (release % below 100),1 bill(s) released partly (75%). BBMP releases bills in tranches when funds are short; the balance may follow later.,confirmed,"[{""source_id"": ""IFMS"", ""label"": ""BBMP IFMS work bill 514403"", ""url"": ""https://accounts.bbmp.gov.in/vssWB/vss00CvStatusData.php?pAction=LoadDetails&pWorkBillID=514403"", ""note"": ""Release %""}]"
114,slow_payment,info,Median 627 days from bill registration to payment,Long payment delays are common (seniority-based bill clearance) and raise contractors' financing costs.,confirmed,"[{""source_id"": ""IFMS"", ""label"": ""BBMP IFMS work bill 514403"", ""url"": ""https://accounts.bbmp.gov.in/vssWB/vss00CvStatusData.php?pAction=LoadDetails&pWorkBillID=514403"", ""note"": ""BR / RTGS dates""}]"
115,partial_release,info,Bill paid in part (release % below 100),1 bill(s) released partly (75%). BBMP releases bills in tranches when funds are short; the balance may follow later.,confirmed,"[{""source_id"": ""IFMS"", ""label"": ""BBMP IFMS work bill 495957"", ""url"": ""https://accounts.bbmp.gov.in/vssWB/vss00CvStatusData.php?pAction=LoadDetails&pWorkBillID=495957"", ""note"": ""Release %""}]"
115,slow_payment,info,Median 710 days from bill registration to payment,Long payment delays are common (seniority-based bill clearance) and raise contractors' financing costs.,confirmed,"[{""source_id"": ""IFMS"", ""label"": ""BBMP IFMS work bill 495957"", ""url"": ""https://accounts.bbmp.gov.in/vssWB/vss00CvStatusData.php?pAction=LoadDetails&pWorkBillID=495957"", ""note"": ""BR / RTGS dates""}]"
115,late_payment,info,Bill paid 2 years after work end date,Long payment lag; common with BBMP bill backlogs (seniority-based payment).,confirmed,"[{""source_id"": ""S01"", ""label"": ""BBMP Work Orders - Koramangala (Ward 151), 2013-2022"", ""url"": ""https://data.opencity.in/dataset/d22cea6d-5256-43af-8ad5-68db551e0760/resource/1ccbab74-ca87-465f-826b-5fd1b4b81a5f/download/f68edd0d-7e8b-4386-89cc-a7c946785c8a.csv"", ""rows"": [8]}]"
115,related_work,info,Near-identical work under another number (151-18-000085),"Descriptions are 97% similar. Could be a recurring annual work, a re-tender, a split of one work, or a duplicate entry.",inferred,[]
115,related_work,info,Near-identical work under another number (151-17-000027),"Descriptions are 97% similar. Could be a recurring annual work, a re-tender, a split of one work, or a duplicate entry.",inferred,[]
115,related_work,info,Near-identical work under another number (151-16-000002),"Descriptions are 97% similar. Could be a recurring annual work, a re-tender, a split of one work, or a duplicate entry.",inferred,[]
116,year_end_payment,info,96% of payments made in the last fortnight of March,Payments bunched at financial-year end (budget lapse pressure) are common; worth checking that measurement of the work preceded payment.,confirmed,"[{""source_id"": ""IFMS-GRID"", ""label"": ""BBMP IFMS payment grid (LoadPaymentGridData, all wards, quarterly)"", ""url"": ""https://accounts.bbmp.gov.in/vssWB/vss00CvStatusData.php?pAction=LoadPaymentGridData"", ""rows"": []}, {""source_id"": ""S07"", ""label"": ""BBMP Work Orders 2023-24"", ""url"": ""https://data.opencity.in/dataset/356bfc9c-6abe-4d16-b719-a90e265c2e28/resource/375708e4-be2e-4c35-bc12-edbacedc2ab2/download/3cd0f9a1-a899-46a8-81e4-b79834ad8408.csv"", ""rows"": [4806]}]"
116,partial_release,info,Bill paid in part (release % below 100),1 bill(s) released partly (75%). BBMP releases bills in tranches when funds are short; the balance may follow later.,confirmed,"[{""source_id"": ""IFMS"", ""label"": ""BBMP IFMS work bill 571060"", ""url"": ""https://accounts.bbmp.gov.in/vssWB/vss00CvStatusData.php?pAction=LoadDetails&pWorkBillID=571060"", ""note"": ""Release %""}]"
116,payment_burst,info,3 bills paid on the same day (2023-03-24),"Several bills settled together, often at financial-year end or when funds are released.",confirmed,"[{""source_id"": ""IFMS-GRID"", ""label"": ""BBMP IFMS payment grid (LoadPaymentGridData, all wards, quarterly)"", ""url"": ""https://accounts.bbmp.gov.in/vssWB/vss00CvStatusData.php?pAction=LoadPaymentGridData"", ""rows"": []}, {""source_id"": ""S07"", ""label"": ""BBMP Work Orders 2023-24"", ""url"": ""https://data.opencity.in/dataset/356bfc9c-6abe-4d16-b719-a90e265c2e28/resource/375708e4-be2e-4c35-bc12-edbacedc2ab2/download/3cd0f9a1-a899-46a8-81e4-b79834ad8408.csv"", ""rows"": [4806]}, {""source_id"": ""S06"", ""label"": ""BBMP Work Orders 2022-23"", ""url"": ""https://data.opencity.in/dataset/57ab37f1-b93e-40be-b553-c528bfcbf12d/resource/22b046a2-9126-46e9-901b-60ac62175844/download/c1088eec-7750-4f93-954e-486bbb78d355.csv"", ""rows"": [5846, 5847, 5848]}]"
116,document_reused,notice,Identical Completion Certificate attached to another job number,"The same file (md5 6e99fdc0ec…; Completion Certificate) is attached to bills of 2 works: 152-20-000049. Could be one contract booked under two job numbers, or a wrong upload — worth checking.",confirmed,"[{""source_id"": ""IFMS-DOC"", ""label"": ""Attachment"", ""url"": ""https://accounts.bbmp.gov.in/vssIFMS/Files1/WB-CC--31481906-NOT%20APPLICABLE.pdf""}]"
117,partial_release,info,Bill paid in part (release % below 100),1 bill(s) released partly (75%). BBMP releases bills in tranches when funds are short; the balance may follow later.,confirmed,"[{""source_id"": ""IFMS"", ""label"": ""BBMP IFMS work bill 603646"", ""url"": ""https://accounts.bbmp.gov.in/vssWB/vss00CvStatusData.php?pAction=LoadDetails&pWorkBillID=603646"", ""note"": ""Release %""}]"
118,fine_levied,info,Fine / penalty deducted from a bill,"IFMS deductions: fine ₹18,350. Penalties usually relate to delay or quality; their reason is not in the public record.",confirmed,"[{""source_id"": ""IFMS"", ""label"": ""BBMP IFMS work bill 476870"", ""url"": ""https://accounts.bbmp.gov.in/vssWB/vss00CvStatusData.php?pAction=LoadDetails&pWorkBillID=476870"", ""note"": ""Deductions""}]"
118,partial_release,info,Bill paid in part (release % below 100),1 bill(s) released partly (75%). BBMP releases bills in tranches when funds are short; the balance may follow later.,confirmed,"[{""source_id"": ""IFMS"", ""label"": ""BBMP IFMS work bill 476870"", ""url"": ""https://accounts.bbmp.gov.in/vssWB/vss00CvStatusData.php?pAction=LoadDetails&pWorkBillID=476870"", ""note"": ""Release %""}]"
118,slow_payment,info,Median 750 days from bill registration to payment,Long payment delays are common (seniority-based bill clearance) and raise contractors' financing costs.,confirmed,"[{""source_id"": ""IFMS"", ""label"": ""BBMP IFMS work bill 476870"", ""url"": ""https://accounts.bbmp.gov.in/vssWB/vss00CvStatusData.php?pAction=LoadDetails&pWorkBillID=476870"", ""note"": ""BR / RTGS dates""}]"
118,late_payment,info,Bill paid 2 years after work end date,Long payment lag; common with BBMP bill backlogs (seniority-based payment).,confirmed,"[{""source_id"": ""S01"", ""label"": ""BBMP Work Orders - Koramangala (Ward 151), 2013-2022"", ""url"": ""https://data.opencity.in/dataset/d22cea6d-5256-43af-8ad5-68db551e0760/resource/1ccbab74-ca87-465f-826b-5fd1b4b81a5f/download/f68edd0d-7e8b-4386-89cc-a7c946785c8a.csv"", ""rows"": [42, 41]}]"
118,contractor_concentration,info,Contractor holds 0% of Koramangala money (10 projects),"C0012 SATHISH NAYAK K (identity inferred; ids: none): ₹27,751,149 across 10 projects in this dataset. Concentration is common for ward maintenance contracts; it is context, not a finding.",inferred,[]
119,partial_release,info,Bill paid in part (release % below 100),1 bill(s) released partly (75%). BBMP releases bills in tranches when funds are short; the balance may follow later.,confirmed,"[{""source_id"": ""IFMS"", ""label"": ""BBMP IFMS work bill 471699"", ""url"": ""https://accounts.bbmp.gov.in/vssWB/vss00CvStatusData.php?pAction=LoadDetails&pWorkBillID=471699"", ""note"": ""Release %""}]"
119,slow_payment,info,Median 737 days from bill registration to payment,Long payment delays are common (seniority-based bill clearance) and raise contractors' financing costs.,confirmed,"[{""source_id"": ""IFMS"", ""label"": ""BBMP IFMS work bill 471699"", ""url"": ""https://accounts.bbmp.gov.in/vssWB/vss00CvStatusData.php?pAction=LoadDetails&pWorkBillID=471699"", ""note"": ""BR / RTGS dates""}]"
119,late_payment,info,Bill paid 2 years after work end date,Long payment lag; common with BBMP bill backlogs (seniority-based payment).,confirmed,"[{""source_id"": ""S01"", ""label"": ""BBMP Work Orders - Koramangala (Ward 151), 2013-2022"", ""url"": ""https://data.opencity.in/dataset/d22cea6d-5256-43af-8ad5-68db551e0760/resource/1ccbab74-ca87-465f-826b-5fd1b4b81a5f/download/f68edd0d-7e8b-4386-89cc-a7c946785c8a.csv"", ""rows"": [7]}]"
120,slow_payment,info,Median 748 days from bill registration to payment,Long payment delays are common (seniority-based bill clearance) and raise contractors' financing costs.,confirmed,"[{""source_id"": ""IFMS"", ""label"": ""BBMP IFMS work bill 466238"", ""url"": ""https://accounts.bbmp.gov.in/vssWB/vss00CvStatusData.php?pAction=LoadDetails&pWorkBillID=466238"", ""note"": ""BR / RTGS dates""}]"
120,late_payment,info,Bill paid 2 years after work end date,Long payment lag; common with BBMP bill backlogs (seniority-based payment).,confirmed,"[{""source_id"": ""S01"", ""label"": ""BBMP Work Orders - Koramangala (Ward 151), 2013-2022"", ""url"": ""https://data.opencity.in/dataset/d22cea6d-5256-43af-8ad5-68db551e0760/resource/1ccbab74-ca87-465f-826b-5fd1b4b81a5f/download/f68edd0d-7e8b-4386-89cc-a7c946785c8a.csv"", ""rows"": [27]}]"
121,partial_release,info,Bill paid in part (release % below 100),1 bill(s) released partly (75%). BBMP releases bills in tranches when funds are short; the balance may follow later.,confirmed,"[{""source_id"": ""IFMS"", ""label"": ""BBMP IFMS work bill 498285"", ""url"": ""https://accounts.bbmp.gov.in/vssWB/vss00CvStatusData.php?pAction=LoadDetails&pWorkBillID=498285"", ""note"": ""Release %""}]"
121,slow_payment,info,Median 621 days from bill registration to payment,Long payment delays are common (seniority-based bill clearance) and raise contractors' financing costs.,confirmed,"[{""source_id"": ""IFMS"", ""label"": ""BBMP IFMS work bill 498285"", ""url"": ""https://accounts.bbmp.gov.in/vssWB/vss00CvStatusData.php?pAction=LoadDetails&pWorkBillID=498285"", ""note"": ""BR / RTGS dates""}]"
121,late_payment,info,Bill paid 2 years after work end date,Long payment lag; common with BBMP bill backlogs (seniority-based payment).,confirmed,"[{""source_id"": ""S01"", ""label"": ""BBMP Work Orders - Koramangala (Ward 151), 2013-2022"", ""url"": ""https://data.opencity.in/dataset/d22cea6d-5256-43af-8ad5-68db551e0760/resource/1ccbab74-ca87-465f-826b-5fd1b4b81a5f/download/f68edd0d-7e8b-4386-89cc-a7c946785c8a.csv"", ""rows"": [15]}]"
122,slow_payment,info,Median 634 days from bill registration to payment,Long payment delays are common (seniority-based bill clearance) and raise contractors' financing costs.,confirmed,"[{""source_id"": ""IFMS"", ""label"": ""BBMP IFMS work bill 528409"", ""url"": ""https://accounts.bbmp.gov.in/vssWB/vss00CvStatusData.php?pAction=LoadDetails&pWorkBillID=528409"", ""note"": ""BR / RTGS dates""}]"
122,late_payment,info,Bill paid 2 years after work end date,Long payment lag; common with BBMP bill backlogs (seniority-based payment).,confirmed,"[{""source_id"": ""S01"", ""label"": ""BBMP Work Orders - Koramangala (Ward 151), 2013-2022"", ""url"": ""https://data.opencity.in/dataset/d22cea6d-5256-43af-8ad5-68db551e0760/resource/1ccbab74-ca87-465f-826b-5fd1b4b81a5f/download/f68edd0d-7e8b-4386-89cc-a7c946785c8a.csv"", ""rows"": [13, 11]}]"
123,partial_release,info,Bill paid in part (release % below 100),1 bill(s) released partly (75%). BBMP releases bills in tranches when funds are short; the balance may follow later.,confirmed,"[{""source_id"": ""IFMS"", ""label"": ""BBMP IFMS work bill 477574"", ""url"": ""https://accounts.bbmp.gov.in/vssWB/vss00CvStatusData.php?pAction=LoadDetails&pWorkBillID=477574"", ""note"": ""Release %""}]"
123,slow_payment,info,Median 697 days from bill registration to payment,Long payment delays are common (seniority-based bill clearance) and raise contractors' financing costs.,confirmed,"[{""source_id"": ""IFMS"", ""label"": ""BBMP IFMS work bill 477574"", ""url"": ""https://accounts.bbmp.gov.in/vssWB/vss00CvStatusData.php?pAction=LoadDetails&pWorkBillID=477574"", ""note"": ""BR / RTGS dates""}]"
123,late_payment,info,Bill paid 2 years after work end date,Long payment lag; common with BBMP bill backlogs (seniority-based payment).,confirmed,"[{""source_id"": ""S01"", ""label"": ""BBMP Work Orders - Koramangala (Ward 151), 2013-2022"", ""url"": ""https://data.opencity.in/dataset/d22cea6d-5256-43af-8ad5-68db551e0760/resource/1ccbab74-ca87-465f-826b-5fd1b4b81a5f/download/f68edd0d-7e8b-4386-89cc-a7c946785c8a.csv"", ""rows"": [14]}]"
124,partial_release,info,Bill paid in part (release % below 100),1 bill(s) released partly (75%). BBMP releases bills in tranches when funds are short; the balance may follow later.,confirmed,"[{""source_id"": ""IFMS"", ""label"": ""BBMP IFMS work bill 436969"", ""url"": ""https://accounts.bbmp.gov.in/vssWB/vss00CvStatusData.php?pAction=LoadDetails&pWorkBillID=436969"", ""note"": ""Release %""}]"
124,slow_payment,info,Median 830 days from bill registration to payment,Long payment delays are common (seniority-based bill clearance) and raise contractors' financing costs.,confirmed,"[{""source_id"": ""IFMS"", ""label"": ""BBMP IFMS work bill 436969"", ""url"": ""https://accounts.bbmp.gov.in/vssWB/vss00CvStatusData.php?pAction=LoadDetails&pWorkBillID=436969"", ""note"": ""BR / RTGS dates""}]"
124,late_payment,info,Bill paid 2 years after work end date,Long payment lag; common with BBMP bill backlogs (seniority-based payment).,confirmed,"[{""source_id"": ""S01"", ""label"": ""BBMP Work Orders - Koramangala (Ward 151), 2013-2022"", ""url"": ""https://data.opencity.in/dataset/d22cea6d-5256-43af-8ad5-68db551e0760/resource/1ccbab74-ca87-465f-826b-5fd1b4b81a5f/download/f68edd0d-7e8b-4386-89cc-a7c946785c8a.csv"", ""rows"": [17]}]"
124,contractor_concentration,info,Contractor holds 1% of Koramangala money (14 projects),"C0005 R M RAVI (CONTRACTO (identity inferred; ids: KPPP:1512): ₹39,889,070 across 14 projects in this dataset. Concentration is common for ward maintenance contracts; it is context, not a finding.",inferred,[]
124,related_work,info,Near-identical work under another number (151-20-000105),"Descriptions are 100% similar. Could be a recurring annual work, a re-tender, a split of one work, or a duplicate entry.",inferred,[]
124,related_work,info,Near-identical work under another number (151-19-000023),"Descriptions are 100% similar. Could be a recurring annual work, a re-tender, a split of one work, or a duplicate entry.",inferred,[]
125,partial_release,info,Bill paid in part (release % below 100),1 bill(s) released partly (75%). BBMP releases bills in tranches when funds are short; the balance may follow later.,confirmed,"[{""source_id"": ""IFMS"", ""label"": ""BBMP IFMS work bill 421059"", ""url"": ""https://accounts.bbmp.gov.in/vssWB/vss00CvStatusData.php?pAction=LoadDetails&pWorkBillID=421059"", ""note"": ""Release %""}]"
125,slow_payment,info,Median 858 days from bill registration to payment,Long payment delays are common (seniority-based bill clearance) and raise contractors' financing costs.,confirmed,"[{""source_id"": ""IFMS"", ""label"": ""BBMP IFMS work bill 421059"", ""url"": ""https://accounts.bbmp.gov.in/vssWB/vss00CvStatusData.php?pAction=LoadDetails&pWorkBillID=421059"", ""note"": ""BR / RTGS dates""}]"
125,late_payment,info,Bill paid 2 years after work end date,Long payment lag; common with BBMP bill backlogs (seniority-based payment).,confirmed,"[{""source_id"": ""S01"", ""label"": ""BBMP Work Orders - Koramangala (Ward 151), 2013-2022"", ""url"": ""https://data.opencity.in/dataset/d22cea6d-5256-43af-8ad5-68db551e0760/resource/1ccbab74-ca87-465f-826b-5fd1b4b81a5f/download/f68edd0d-7e8b-4386-89cc-a7c946785c8a.csv"", ""rows"": [23]}]"
125,contractor_concentration,info,Contractor holds 0% of Koramangala money (7 projects),"C0025 H S HEMAVATHI (identity inferred; ids: IFMS:022298): ₹15,487,495 across 7 projects in this dataset. Concentration is common for ward maintenance contracts; it is context, not a finding.",inferred,[]
125,related_work,info,Near-identical work under another number (151-18-000021),"Descriptions are 97% similar. Could be a recurring annual work, a re-tender, a split of one work, or a duplicate entry.",inferred,[]
127,placeholder_photos,notice,Blank / placeholder file used as a site photo,3 photo slot(s) filled with a blank / placeholder file. Bills require before/during/after photos; a placeholder means the photo record for this work is missing.,confirmed,"[{""source_id"": ""IFMS-DOC"", ""label"": ""WB-photo1--33234820-NOT APPLICABLE.pdf"", ""url"": ""https://accounts.bbmp.gov.in/vssIFMS/Files1/WB-photo1--33234820-NOT%20APPLICABLE.pdf""}, {""source_id"": ""IFMS-DOC"", ""label"": ""WB-photo3--65370429-NOT APPLICABLE.pdf"", ""url"": ""https://accounts.bbmp.gov.in/vssIFMS/Files1/WB-photo3--65370429-NOT%20APPLICABLE.pdf""}, {""source_id"": ""IFMS-DOC"", ""label"": ""WB-photo2--13418168-NOT APPLICABLE.pdf"", ""url"": ""https://accounts.bbmp.gov.in/vssIFMS/Files1/WB-photo2--13418168-NOT%20APPLICABLE.pdf""}]"
127,payment_burst,info,4 bills paid on the same day (2022-04-27),"Several bills settled together, often at financial-year end or when funds are released.",confirmed,"[{""source_id"": ""IFMS-GRID"", ""label"": ""BBMP IFMS payment grid (LoadPaymentGridData, all wards, quarterly)"", ""url"": ""https://accounts.bbmp.gov.in/vssWB/vss00CvStatusData.php?pAction=LoadPaymentGridData"", ""rows"": []}, {""source_id"": ""S06"", ""label"": ""BBMP Work Orders 2022-23"", ""url"": ""https://data.opencity.in/dataset/57ab37f1-b93e-40be-b553-c528bfcbf12d/resource/22b046a2-9126-46e9-901b-60ac62175844/download/c1088eec-7750-4f93-954e-486bbb78d355.csv"", ""rows"": [5854, 5855, 5857, 5856, 5885, 5891]}]"
127,bills_after_final,notice,4 bill(s) registered after the final bill,Final bill registered 2021-08-13; later non-final bills exist.,confirmed,"[{""source_id"": ""S06"", ""label"": ""BBMP Work Orders 2022-23"", ""url"": ""https://data.opencity.in/dataset/57ab37f1-b93e-40be-b553-c528bfcbf12d/resource/22b046a2-9126-46e9-901b-60ac62175844/download/c1088eec-7750-4f93-954e-486bbb78d355.csv"", ""rows"": [5891]}]"
127,document_reused,notice,Identical Completion Certificate attached to another job number,"The same file (md5 6e99fdc0ec…; Completion Certificate) is attached to bills of 2 works: 151-20-000080. Could be one contract booked under two job numbers, or a wrong upload — worth checking.",confirmed,"[{""source_id"": ""IFMS-DOC"", ""label"": ""Attachment"", ""url"": ""https://accounts.bbmp.gov.in/vssIFMS/Files1/WB-CC--21141644-NOT%20APPLICABLE.pdf""}]"
128,year_end_payment,info,100% of payments made in the last fortnight of March,Payments bunched at financial-year end (budget lapse pressure) are common; worth checking that measurement of the work preceded payment.,confirmed,"[{""source_id"": ""S01"", ""label"": ""BBMP Work Orders - Koramangala (Ward 151), 2013-2022"", ""url"": ""https://data.opencity.in/dataset/d22cea6d-5256-43af-8ad5-68db551e0760/resource/1ccbab74-ca87-465f-826b-5fd1b4b81a5f/download/f68edd0d-7e8b-4386-89cc-a7c946785c8a.csv"", ""rows"": [26]}]"
128,slow_payment,info,Median 775 days from bill registration to payment,Long payment delays are common (seniority-based bill clearance) and raise contractors' financing costs.,confirmed,"[{""source_id"": ""IFMS"", ""label"": ""BBMP IFMS work bill 404448"", ""url"": ""https://accounts.bbmp.gov.in/vssWB/vss00CvStatusData.php?pAction=LoadDetails&pWorkBillID=404448"", ""note"": ""BR / RTGS dates""}]"
128,late_payment,info,Bill paid 2 years after work end date,Long payment lag; common with BBMP bill backlogs (seniority-based payment).,confirmed,"[{""source_id"": ""S01"", ""label"": ""BBMP Work Orders - Koramangala (Ward 151), 2013-2022"", ""url"": ""https://data.opencity.in/dataset/d22cea6d-5256-43af-8ad5-68db551e0760/resource/1ccbab74-ca87-465f-826b-5fd1b4b81a5f/download/f68edd0d-7e8b-4386-89cc-a7c946785c8a.csv"", ""rows"": [26]}]"
128,contractor_concentration,info,Contractor holds 1% of Koramangala money (14 projects),"C0005 R M RAVI (CONTRACTO (identity inferred; ids: KPPP:1512): ₹39,889,070 across 14 projects in this dataset. Concentration is common for ward maintenance contracts; it is context, not a finding.",inferred,[]
129,fine_levied,info,Fine / penalty deducted from a bill,"IFMS deductions: fine ₹81,900. Penalties usually relate to delay or quality; their reason is not in the public record.",confirmed,"[{""source_id"": ""IFMS"", ""label"": ""BBMP IFMS work bill 404386"", ""url"": ""https://accounts.bbmp.gov.in/vssWB/vss00CvStatusData.php?pAction=LoadDetails&pWorkBillID=404386"", ""note"": ""Deductions""}]"
129,slow_payment,info,Median 775 days from bill registration to payment,Long payment delays are common (seniority-based bill clearance) and raise contractors' financing costs.,confirmed,"[{""source_id"": ""IFMS"", ""label"": ""BBMP IFMS work bill 404386"", ""url"": ""https://accounts.bbmp.gov.in/vssWB/vss00CvStatusData.php?pAction=LoadDetails&pWorkBillID=404386"", ""note"": ""BR / RTGS dates""}]"
129,late_payment,info,Bill paid 2 years after work end date,Long payment lag; common with BBMP bill backlogs (seniority-based payment).,confirmed,"[{""source_id"": ""S02"", ""label"": ""BBMP Work Orders - Adugodi (Ward 147), 2013-2022"", ""url"": ""https://data.opencity.in/dataset/d22cea6d-5256-43af-8ad5-68db551e0760/resource/9781e788-6c7b-4978-a600-abf3836b2a37/download/e51f4570-bde5-4fa7-bdd7-ec131041ea35.csv"", ""rows"": [70]}]"
129,contractor_concentration,info,Contractor holds 1% of Koramangala money (12 projects),"C0008 KRIDL BHUSIRI ACCOU (identity confirmed; ids: none): ₹66,672,117 across 12 projects in this dataset. Concentration is common for ward maintenance contracts; it is context, not a finding.",confirmed,[]
130,recalled_tender,notice,Tender called 3 times,"Re-calls usually mean no or too few valid bids on earlier calls, which can delay the work and reduce competition.",inferred,"[{""source_id"": ""OC-TENDERS"", ""label"": ""BBMP tender list: BBMP/2017-18/OW/WORK_INDENT26677"", ""url"": ""https://data.opencity.in/dataset/a779be95-ef47-4e04-8da7-08d4304cc61b/resource/2292da69-b446-4b8c-b30b-ff065dbc53cc/download/361319f8-5c74-4230-8612-a5832d58a409.csv"", ""note"": ""Call 1"", ""rows"": [2375]}, {""source_id"": ""OC-TENDERS"", ""label"": ""BBMP tender list: BBMP/2017-18/OW/WORK_INDENT26677/CALL-2"", ""url"": ""https://data.opencity.in/dataset/a779be95-ef47-4e04-8da7-08d4304cc61b/resource/2292da69-b446-4b8c-b30b-ff065dbc53cc/download/361319f8-5c74-4230-8612-a5832d58a409.csv"", ""note"": ""Call 2"", ""rows"": [3310]}, {""source_id"": ""OC-TENDERS"", ""label"": ""BBMP tender list: BBMP/2017-18/OW/WORK_INDENT26677/CALL-3"", ""url"": ""https://data.opencity.in/dataset/a779be95-ef47-4e04-8da7-08d4304cc61b/resource/2292da69-b446-4b8c-b30b-ff065dbc53cc/download/361319f8-5c74-4230-8612-a5832d58a409.csv"", ""note"": ""Call 3"", ""rows"": [4329]}]"
130,slow_payment,info,Median 758 days from bill registration to payment,Long payment delays are common (seniority-based bill clearance) and raise contractors' financing costs.,confirmed,"[{""source_id"": ""IFMS"", ""label"": ""BBMP IFMS work bill 396652"", ""url"": ""https://accounts.bbmp.gov.in/vssWB/vss00CvStatusData.php?pAction=LoadDetails&pWorkBillID=396652"", ""note"": ""BR / RTGS dates""}]"
130,late_payment,info,Bill paid 2 years after work end date,Long payment lag; common with BBMP bill backlogs (seniority-based payment).,confirmed,"[{""source_id"": ""S01"", ""label"": ""BBMP Work Orders - Koramangala (Ward 151), 2013-2022"", ""url"": ""https://data.opencity.in/dataset/d22cea6d-5256-43af-8ad5-68db551e0760/resource/1ccbab74-ca87-465f-826b-5fd1b4b81a5f/download/f68edd0d-7e8b-4386-89cc-a7c946785c8a.csv"", ""rows"": [85]}]"
131,over_stipulated_period,notice,Activity spans 25 months vs 9-month stipulated period,From 2020-12-30 to 2023-01-23 (last payment) against a stipulated 270 days. Late final payments also stretch this span.,inferred,"[{""source_id"": ""IFMS-DOC"", ""label"": ""Agreement: WO-6--17492932-Agre.pdf (page 3)"", ""url"": ""https://accounts.bbmp.gov.in/vssIFMS/Files1/WO-6--17492932-Agre.pdf"", ""note"": ""OCR: “9,53,000/- BG No. 01752IGL0000321 Dt:  11-01-2021  Deposit  Time of Completion 9 Months inclusive of Monsoon period  from the d”""}, {""source_id"": ""S06"", ""label"": ""BBMP Work Orders 2022-23"", ""url"": ""https://data.opencity.in/dataset/57ab37f1-b93e-40be-b553-c528bfcbf12d/resource/22b046a2-9126-46e9-901b-60ac62175844/download/c1088eec-7750-4f93-954e-486bbb78d355.csv"", ""rows"": [5842]}]"
131,payment_burst,info,3 bills paid on the same day (2022-07-01),"Several bills settled together, often at financial-year end or when funds are released.",confirmed,"[{""source_id"": ""IFMS-GRID"", ""label"": ""BBMP IFMS payment grid (LoadPaymentGridData, all wards, quarterly)"", ""url"": ""https://accounts.bbmp.gov.in/vssWB/vss00CvStatusData.php?pAction=LoadPaymentGridData"", ""rows"": []}, {""source_id"": ""S06"", ""label"": ""BBMP Work Orders 2022-23"", ""url"": ""https://data.opencity.in/dataset/57ab37f1-b93e-40be-b553-c528bfcbf12d/resource/22b046a2-9126-46e9-901b-60ac62175844/download/c1088eec-7750-4f93-954e-486bbb78d355.csv"", ""rows"": [5808, 5809, 5810, 5842]}]"
131,bills_after_final,notice,2 bill(s) registered after the final bill,Final bill registered 2021-08-13; later non-final bills exist.,confirmed,"[{""source_id"": ""S06"", ""label"": ""BBMP Work Orders 2022-23"", ""url"": ""https://data.opencity.in/dataset/57ab37f1-b93e-40be-b553-c528bfcbf12d/resource/22b046a2-9126-46e9-901b-60ac62175844/download/c1088eec-7750-4f93-954e-486bbb78d355.csv"", ""rows"": [5842]}]"
131,qty_identical_to_plan,info,Billed quantities identical to Schedule B (3 items),"serviceable and unserviceable materials seperately Cum) Only — 826.46 cum; course on well prepared surface and Cum Rup ees One Thonsand — 1,987.52 cum;  By Mechanical Means including lead upto kms Rupees one Five — 1,465.16 . Executed quantity up to date equals the tendered quantity to the decimal. Auditors commonly check such items to confirm measurements were taken on site; it can also be legitimate (quantities fixed by drawings, items measured once).",inferred,"[{""source_id"": ""IFMS-QTY"", ""label"": ""IFMS attachment WO-4--28826930-Schedule B.pdf (Schedule B), p.3"", ""url"": ""https://accounts.bbmp.gov.in/vssIFMS/Files1/WO-4--28826930-Schedule%20B.pdf"", ""note"": ""OCR (tesseract psm 6, 2x); arithmetic; confidence high · row: \""materials stacking serviceable and unserviceable materials seperately Cum) 826.46 1000.00 Only 826460.00\""""}, {""source_id"": ""IFMS-QTY"", ""label"": ""IFMS attachment WB-Bill--27471690-bill 151-20-000096.pdf (Bill Form), p.8"", ""url"": ""https://accounts.bbmp.gov.in/vssIFMS/Files1/WB-Bill--27471690-bill%20151-20-000096.pdf"", ""note"": ""OCR (tesseract psm 6, 2x); arithmetic; confidence medium · row: \""stacking serviceable and unserviceable materials um 826.46 1000.00 826460.00 826.46 826460.00\""""}, {""source_id"": ""IFMS-QTY"", ""label"": ""IFMS attachment WO-4--28826930-Schedule B.pdf (Schedule B), p.4"", ""url"": ""https://accounts.bbmp.gov.in/vssIFMS/Files1/WO-4--28826930-Schedule%20B.pdf"", ""note"": ""OCR (tesseract psm 6, 2x); arithmetic; confidence high · row: \""with paver in sub-base/base course on well prepared surface and| Cum 1987.52 | 1600.00 Rup ees One Thonsand 3180032.00\""""}, {""source_id"": ""IFMS-QTY"", ""label"": ""IFMS attachment WB-Bill--27471690-bill 151-20-000096.pdf (Bill Form), p.9"", ""url"": ""https://accounts.bbmp.gov.in/vssIFMS/Files1/WB-Bill--27471690-bill%20151-20-000096.pdf"", ""note"": ""OCR (tesseract psm 6, 2x); arithmetic; confidence high · row: \""base/base course on well prepared surface and compacting cum 1987.52 | 1600.00 3180032.00 1987.52 3180032.00\""""}, {""source_id"": ""IFMS-QTY"", ""label"": ""IFMS attachment WO-4--28826930-Schedule B.pdf (Schedule B), p.5"", ""url"": ""https://accounts.bbmp.gov.in/vssIFMS/Files1/WO-4--28826930-Schedule%20B.pdf"", ""note"": ""OCR (tesseract psm 6, 2x); arithmetic; confidence medium · row: \""35 By Mechanical Means including lead upto 15 kms 1465.16 | 25.00 | Rupees one Five | 36629.00\""""}, {""source_id"": ""IFMS-QTY"", ""label"": ""IFMS attachment WB-Bill--27471690-bill 151-20-000096.pdf (Bill Form), p.13"", ""url"": ""https://accounts.bbmp.gov.in/vssIFMS/Files1/WB-Bill--27471690-bill%20151-20-000096.pdf"", ""note"": ""OCR (tesseract psm 6, 2x); arithmetic; confidence medium · row: \""|35|By Mechanical MeansincludingleaduptoiSkms | —Cum_ [| | 1465.26 | 25.00 | 36629.00 | 1465.16 | 36629.00 |\""""}]"
131,contractor_concentration,info,Contractor holds 6% of Koramangala money (3 projects),"C0013 RAMACHANDRA RAJU K (identity inferred; ids: IFMS:024197): ₹373,044,588 across 3 projects in this dataset. Concentration is common for ward maintenance contracts; it is context, not a finding.",inferred,[]
132,contractor_concentration,info,Contractor holds 0% of Koramangala money (7 projects),"C0025 H S HEMAVATHI (identity inferred; ids: IFMS:022298): ₹15,487,495 across 7 projects in this dataset. Concentration is common for ward maintenance contracts; it is context, not a finding.",inferred,[]
133,stale_running,notice,Running bill but no final bill in 3+ years,"Last bill/payment 2022-11-23. The work may be finished with the final bill outside these exports, or stalled.",inferred,"[{""source_id"": ""S06"", ""label"": ""BBMP Work Orders 2022-23"", ""url"": ""https://data.opencity.in/dataset/57ab37f1-b93e-40be-b553-c528bfcbf12d/resource/22b046a2-9126-46e9-901b-60ac62175844/download/c1088eec-7750-4f93-954e-486bbb78d355.csv"", ""rows"": [8068]}, {""source_id"": ""S06"", ""label"": ""BBMP Work Orders 2022-23"", ""url"": ""https://data.opencity.in/dataset/57ab37f1-b93e-40be-b553-c528bfcbf12d/resource/22b046a2-9126-46e9-901b-60ac62175844/download/c1088eec-7750-4f93-954e-486bbb78d355.csv"", ""rows"": [8068]}]"
133,placeholder_photos,notice,Blank / placeholder file used as a site photo,3 photo slot(s) filled with a blank / placeholder file. Bills require before/during/after photos; a placeholder means the photo record for this work is missing.,confirmed,"[{""source_id"": ""IFMS-DOC"", ""label"": ""WB-photo3--29404700-Not Applicable.pdf"", ""url"": ""https://accounts.bbmp.gov.in/vssIFMS/Files1/WB-photo3--29404700-Not%20Applicable.pdf""}, {""source_id"": ""IFMS-DOC"", ""label"": ""WB-photo2--52143305-Not Applicable.pdf"", ""url"": ""https://accounts.bbmp.gov.in/vssIFMS/Files1/WB-photo2--52143305-Not%20Applicable.pdf""}, {""source_id"": ""IFMS-DOC"", ""label"": ""WB-photo1--90530260-Not Applicable.pdf"", ""url"": ""https://accounts.bbmp.gov.in/vssIFMS/Files1/WB-photo1--90530260-Not%20Applicable.pdf""}]"
133,qty_unreadable_mb,info,High-value work whose measurement records are unreadable,14 MB / bill-form attachments downloaded; none yielded an arithmetic-checked quantity (handwritten or low-quality scans). Quantities for this work cannot be verified from public data.,confirmed,[]
133,contractor_concentration,info,Contractor holds 14% of Koramangala money (12 projects),"C0004 M RAMESH (identity inferred; ids: IFMS:023007, KPPP:1552): ₹862,988,297 across 12 projects in this dataset. Concentration is common for ward maintenance contracts; it is context, not a finding.",inferred,[]
133,document_reused,notice,Identical Completion Certificate attached to another job number,"The same file (md5 632045fbd8…; Completion Certificate) is attached to bills of 2 works: 304-15-000370. Could be one contract booked under two job numbers, or a wrong upload — worth checking.",confirmed,"[{""source_id"": ""IFMS-DOC"", ""label"": ""Attachment"", ""url"": ""https://accounts.bbmp.gov.in/vssIFMS/Files1/WB-CC--29381607-NOt%20Applicable.pdf""}]"
133,document_reused,notice,Identical Completion Certificate / Job Certificate attached to another job number,"The same file (md5 66a13bffca…; Completion Certificate, Job Certificate) is attached to bills of 3 works: 304-15-000370, 304-15-000371. Could be one contract booked under two job numbers, or a wrong upload — worth checking.",confirmed,"[{""source_id"": ""IFMS-DOC"", ""label"": ""Attachment"", ""url"": ""https://accounts.bbmp.gov.in/vssIFMS/Files1/WB-CC--95662315-Not%20Applicable.pdf""}]"
134,recalled_tender,info,Tender re-called once (CALL-2),First call did not result in an award.,inferred,"[{""source_id"": ""OC-TENDERS"", ""label"": ""BBMP tender list: BBMP/2017-18/OW/WORK_INDENT27450"", ""url"": ""https://data.opencity.in/dataset/a779be95-ef47-4e04-8da7-08d4304cc61b/resource/2292da69-b446-4b8c-b30b-ff065dbc53cc/download/361319f8-5c74-4230-8612-a5832d58a409.csv"", ""note"": ""Call 1"", ""rows"": [3413]}, {""source_id"": ""OC-TENDERS"", ""label"": ""BBMP tender list: BBMP/2017-18/OW/WORK_INDENT27450/CALL-2"", ""url"": ""https://data.opencity.in/dataset/a779be95-ef47-4e04-8da7-08d4304cc61b/resource/2292da69-b446-4b8c-b30b-ff065dbc53cc/download/361319f8-5c74-4230-8612-a5832d58a409.csv"", ""note"": ""Call 2"", ""rows"": [3823]}]"
134,slow_payment,info,Median 711 days from bill registration to payment,Long payment delays are common (seniority-based bill clearance) and raise contractors' financing costs.,confirmed,"[{""source_id"": ""IFMS"", ""label"": ""BBMP IFMS work bill 380638"", ""url"": ""https://accounts.bbmp.gov.in/vssWB/vss00CvStatusData.php?pAction=LoadDetails&pWorkBillID=380638"", ""note"": ""BR / RTGS dates""}]"
134,late_payment,info,Bill paid 2 years after work end date,Long payment lag; common with BBMP bill backlogs (seniority-based payment).,confirmed,"[{""source_id"": ""S01"", ""label"": ""BBMP Work Orders - Koramangala (Ward 151), 2013-2022"", ""url"": ""https://data.opencity.in/dataset/d22cea6d-5256-43af-8ad5-68db551e0760/resource/1ccbab74-ca87-465f-826b-5fd1b4b81a5f/download/f68edd0d-7e8b-4386-89cc-a7c946785c8a.csv"", ""rows"": [25]}]"
134,contractor_concentration,info,Contractor holds 1% of Koramangala money (14 projects),"C0005 R M RAVI (CONTRACTO (identity inferred; ids: KPPP:1512): ₹39,889,070 across 14 projects in this dataset. Concentration is common for ward maintenance contracts; it is context, not a finding.",inferred,[]
134,related_work,info,Near-identical work under another number (151-19-000010),"Descriptions are 84% similar. Could be a recurring annual work, a re-tender, a split of one work, or a duplicate entry.",inferred,[]
134,related_work,info,Near-identical work under another number (151-13-000009),"Descriptions are 88% similar. Could be a recurring annual work, a re-tender, a split of one work, or a duplicate entry.",inferred,[]
135,fine_levied,info,Fine / penalty deducted from a bill,"IFMS deductions: fine ₹56,400. Penalties usually relate to delay or quality; their reason is not in the public record.",confirmed,"[{""source_id"": ""IFMS"", ""label"": ""BBMP IFMS work bill 454475"", ""url"": ""https://accounts.bbmp.gov.in/vssWB/vss00CvStatusData.php?pAction=LoadDetails&pWorkBillID=454475"", ""note"": ""Deductions""}, {""source_id"": ""IFMS"", ""label"": ""BBMP IFMS work bill 488739"", ""url"": ""https://accounts.bbmp.gov.in/vssWB/vss00CvStatusData.php?pAction=LoadDetails&pWorkBillID=488739"", ""note"": ""Deductions""}, {""source_id"": ""IFMS"", ""label"": ""BBMP IFMS work bill 527799"", ""url"": ""https://accounts.bbmp.gov.in/vssWB/vss00CvStatusData.php?pAction=LoadDetails&pWorkBillID=527799"", ""note"": ""Deductions""}]"
135,related_work,info,Near-identical work under another number (174-25-000010),"Descriptions are 84% similar. Could be a recurring annual work, a re-tender, a split of one work, or a duplicate entry.",inferred,[]
135,related_work,info,Near-identical work under another number (151-22-000005),"Descriptions are 100% similar. Could be a recurring annual work, a re-tender, a split of one work, or a duplicate entry.",inferred,[]
135,related_work,info,Near-identical work under another number (151-16-000001),"Descriptions are 94% similar. Could be a recurring annual work, a re-tender, a split of one work, or a duplicate entry.",inferred,[]
135,document_reused,notice,Identical Agreement / Completion Certificate / Job Certificate / Work Order attached to another job number,"The same file (md5 f9ffafdb21…; Agreement, Completion Certificate, Job Certificate, Work Order) is attached to bills of 5 works: 151-16-000001, 151-22-000005, 151-22-000006, 174-25-000010. Could be one contract booked under two job numbers, or a wrong upload — worth checking.",confirmed,"[{""source_id"": ""IFMS-DOC"", ""label"": ""Attachment"", ""url"": ""https://accounts.bbmp.gov.in/vssIFMS/Files1/WB-CC--29677866-Not%20Applicable.PDF""}]"
136,slow_payment,info,Median 706 days from bill registration to payment,Long payment delays are common (seniority-based bill clearance) and raise contractors' financing costs.,confirmed,"[{""source_id"": ""IFMS"", ""label"": ""BBMP IFMS work bill 378725"", ""url"": ""https://accounts.bbmp.gov.in/vssWB/vss00CvStatusData.php?pAction=LoadDetails&pWorkBillID=378725"", ""note"": ""BR / RTGS dates""}]"
136,late_payment,info,Bill paid 3 years after work end date,Long payment lag; common with BBMP bill backlogs (seniority-based payment).,confirmed,"[{""source_id"": ""S01"", ""label"": ""BBMP Work Orders - Koramangala (Ward 151), 2013-2022"", ""url"": ""https://data.opencity.in/dataset/d22cea6d-5256-43af-8ad5-68db551e0760/resource/1ccbab74-ca87-465f-826b-5fd1b4b81a5f/download/f68edd0d-7e8b-4386-89cc-a7c946785c8a.csv"", ""rows"": [75]}]"
136,contractor_concentration,info,Contractor holds 1% of Koramangala money (28 projects),"C0003 SREEDHARA.K.C (identity inferred; ids: IFMS:022360, KPPP:1384): ₹81,769,787 across 28 projects in this dataset. Concentration is common for ward maintenance contracts; it is context, not a finding.",inferred,[]
136,related_work,info,Near-identical work under another number (151-19-000032),"Descriptions are 84% similar. Could be a recurring annual work, a re-tender, a split of one work, or a duplicate entry.",inferred,[]
137,slow_payment,info,Median 700 days from bill registration to payment,Long payment delays are common (seniority-based bill clearance) and raise contractors' financing costs.,confirmed,"[{""source_id"": ""IFMS"", ""label"": ""BBMP IFMS work bill 377654"", ""url"": ""https://accounts.bbmp.gov.in/vssWB/vss00CvStatusData.php?pAction=LoadDetails&pWorkBillID=377654"", ""note"": ""BR / RTGS dates""}]"
137,late_payment,info,Bill paid 2 years after work end date,Long payment lag; common with BBMP bill backlogs (seniority-based payment).,confirmed,"[{""source_id"": ""S01"", ""label"": ""BBMP Work Orders - Koramangala (Ward 151), 2013-2022"", ""url"": ""https://data.opencity.in/dataset/d22cea6d-5256-43af-8ad5-68db551e0760/resource/1ccbab74-ca87-465f-826b-5fd1b4b81a5f/download/f68edd0d-7e8b-4386-89cc-a7c946785c8a.csv"", ""rows"": [24]}]"
137,contractor_concentration,info,Contractor holds 1% of Koramangala money (9 projects),"C0016 Y H KRISHNA (identity inferred; ids: IFMS:022294): ₹42,232,488 across 9 projects in this dataset. Concentration is common for ward maintenance contracts; it is context, not a finding.",inferred,[]
137,related_work,info,Near-identical work under another number (151-18-000089),"Descriptions are 100% similar. Could be a recurring annual work, a re-tender, a split of one work, or a duplicate entry.",inferred,[]
138,slow_payment,info,Median 706 days from bill registration to payment,Long payment delays are common (seniority-based bill clearance) and raise contractors' financing costs.,confirmed,"[{""source_id"": ""IFMS"", ""label"": ""BBMP IFMS work bill 378380"", ""url"": ""https://accounts.bbmp.gov.in/vssWB/vss00CvStatusData.php?pAction=LoadDetails&pWorkBillID=378380"", ""note"": ""BR / RTGS dates""}]"
138,late_payment,info,Bill paid 2 years after work end date,Long payment lag; common with BBMP bill backlogs (seniority-based payment).,confirmed,"[{""source_id"": ""S01"", ""label"": ""BBMP Work Orders - Koramangala (Ward 151), 2013-2022"", ""url"": ""https://data.opencity.in/dataset/d22cea6d-5256-43af-8ad5-68db551e0760/resource/1ccbab74-ca87-465f-826b-5fd1b4b81a5f/download/f68edd0d-7e8b-4386-89cc-a7c946785c8a.csv"", ""rows"": [53]}]"
138,contractor_concentration,info,Contractor holds 1% of Koramangala money (28 projects),"C0003 SREEDHARA.K.C (identity inferred; ids: IFMS:022360, KPPP:1384): ₹81,769,787 across 28 projects in this dataset. Concentration is common for ward maintenance contracts; it is context, not a finding.",inferred,[]
138,related_work,info,Near-identical work under another number (151-19-000034),"Descriptions are 83% similar. Could be a recurring annual work, a re-tender, a split of one work, or a duplicate entry.",inferred,[]
139,slow_payment,info,Median 700 days from bill registration to payment,Long payment delays are common (seniority-based bill clearance) and raise contractors' financing costs.,confirmed,"[{""source_id"": ""IFMS"", ""label"": ""BBMP IFMS work bill 378256"", ""url"": ""https://accounts.bbmp.gov.in/vssWB/vss00CvStatusData.php?pAction=LoadDetails&pWorkBillID=378256"", ""note"": ""BR / RTGS dates""}]"
139,late_payment,info,Bill paid 2 years after work end date,Long payment lag; common with BBMP bill backlogs (seniority-based payment).,confirmed,"[{""source_id"": ""S02"", ""label"": ""BBMP Work Orders - Adugodi (Ward 147), 2013-2022"", ""url"": ""https://data.opencity.in/dataset/d22cea6d-5256-43af-8ad5-68db551e0760/resource/9781e788-6c7b-4978-a600-abf3836b2a37/download/e51f4570-bde5-4fa7-bdd7-ec131041ea35.csv"", ""rows"": [28]}]"
139,related_work,info,Near-identical work under another number (147-18-000045),"Descriptions are 87% similar. Could be a recurring annual work, a re-tender, a split of one work, or a duplicate entry.",inferred,[]
139,related_work,info,Near-identical work under another number (147-18-000046),"Descriptions are 87% similar. Could be a recurring annual work, a re-tender, a split of one work, or a duplicate entry.",inferred,[]
140,fine_levied,info,Fine / penalty deducted from a bill,"IFMS deductions: fine ₹22,750. Penalties usually relate to delay or quality; their reason is not in the public record.",confirmed,"[{""source_id"": ""IFMS"", ""label"": ""BBMP IFMS work bill 535925"", ""url"": ""https://accounts.bbmp.gov.in/vssWB/vss00CvStatusData.php?pAction=LoadDetails&pWorkBillID=535925"", ""note"": ""Deductions""}]"
140,slow_payment,info,Median 756 days from bill registration to payment,Long payment delays are common (seniority-based bill clearance) and raise contractors' financing costs.,confirmed,"[{""source_id"": ""IFMS"", ""label"": ""BBMP IFMS work bill 363983"", ""url"": ""https://accounts.bbmp.gov.in/vssWB/vss00CvStatusData.php?pAction=LoadDetails&pWorkBillID=363983"", ""note"": ""BR / RTGS dates""}]"
140,late_payment,info,Bill paid 2 years after work end date,Long payment lag; common with BBMP bill backlogs (seniority-based payment).,confirmed,"[{""source_id"": ""S01"", ""label"": ""BBMP Work Orders - Koramangala (Ward 151), 2013-2022"", ""url"": ""https://data.opencity.in/dataset/d22cea6d-5256-43af-8ad5-68db551e0760/resource/1ccbab74-ca87-465f-826b-5fd1b4b81a5f/download/f68edd0d-7e8b-4386-89cc-a7c946785c8a.csv"", ""rows"": [30]}]"
140,contractor_concentration,info,Contractor holds 1% of Koramangala money (12 projects),"C0008 KRIDL BHUSIRI ACCOU (identity confirmed; ids: none): ₹66,672,117 across 12 projects in this dataset. Concentration is common for ward maintenance contracts; it is context, not a finding.",confirmed,[]
140,placeholder_reused,info,Same placeholder file uploaded as evidence on several works,"The same file (md5 4a81885c98…; Completion Certificate, Photo - After Work, Photo - Before Work, Photo - Work In Progress) is attached to bills of 3 works: 148-17-000002, 151-21-000002. A placeholder means the real record is missing.",confirmed,"[{""source_id"": ""IFMS-DOC"", ""label"": ""Attachment"", ""url"": ""https://accounts.bbmp.gov.in/vssIFMS/Files1/WB-CC--06466867-NA.pdf""}]"
141,slow_payment,info,Median 766 days from bill registration to payment,Long payment delays are common (seniority-based bill clearance) and raise contractors' financing costs.,confirmed,"[{""source_id"": ""IFMS"", ""label"": ""BBMP IFMS work bill 357121"", ""url"": ""https://accounts.bbmp.gov.in/vssWB/vss00CvStatusData.php?pAction=LoadDetails&pWorkBillID=357121"", ""note"": ""BR / RTGS dates""}]"
141,late_payment,info,Bill paid 3 years after work end date,Long payment lag; common with BBMP bill backlogs (seniority-based payment).,confirmed,"[{""source_id"": ""S01"", ""label"": ""BBMP Work Orders - Koramangala (Ward 151), 2013-2022"", ""url"": ""https://data.opencity.in/dataset/d22cea6d-5256-43af-8ad5-68db551e0760/resource/1ccbab74-ca87-465f-826b-5fd1b4b81a5f/download/f68edd0d-7e8b-4386-89cc-a7c946785c8a.csv"", ""rows"": [57]}]"
141,contractor_concentration,info,Contractor holds 1% of Koramangala money (12 projects),"C0008 KRIDL BHUSIRI ACCOU (identity confirmed; ids: none): ₹66,672,117 across 12 projects in this dataset. Concentration is common for ward maintenance contracts; it is context, not a finding.",confirmed,[]
142,paid_over_estimate,notice,Paid 200% of the estimate,"Gross payments ₹19,796,742 vs estimate ₹9,900,000.",confirmed,"[{""source_id"": ""WB-SANCTION"", ""label"": ""BBMP ward works list FY 2016-17 — Koramangala (Wayback Machine)"", ""url"": ""https://web.archive.org/web/20220823021249/https://site.bbmp.gov.in/documents/Koramangala-south.pdf"", ""note"": ""Job 151-17-000007, row 7"", ""rows"": [7]}, {""source_id"": ""S01"", ""label"": ""BBMP Work Orders - Koramangala (Ward 151), 2013-2022"", ""url"": ""https://data.opencity.in/dataset/d22cea6d-5256-43af-8ad5-68db551e0760/resource/1ccbab74-ca87-465f-826b-5fd1b4b81a5f/download/f68edd0d-7e8b-4386-89cc-a7c946785c8a.csv"", ""rows"": [58]}, {""source_id"": ""S06"", ""label"": ""BBMP Work Orders 2022-23"", ""url"": ""https://data.opencity.in/dataset/57ab37f1-b93e-40be-b553-c528bfcbf12d/resource/22b046a2-9126-46e9-901b-60ac62175844/download/c1088eec-7750-4f93-954e-486bbb78d355.csv"", ""rows"": [5825]}]"
142,long_running,notice,Activity spread over 3.2 years,"First record 2019-07-03, last 2022-09-01. Long gaps can mean phased work, delays or late bill settlement.",confirmed,"[{""source_id"": ""S01"", ""label"": ""BBMP Work Orders - Koramangala (Ward 151), 2013-2022"", ""url"": ""https://data.opencity.in/dataset/d22cea6d-5256-43af-8ad5-68db551e0760/resource/1ccbab74-ca87-465f-826b-5fd1b4b81a5f/download/f68edd0d-7e8b-4386-89cc-a7c946785c8a.csv"", ""rows"": [58]}, {""source_id"": ""S01"", ""label"": ""BBMP Work Orders - Koramangala (Ward 151), 2013-2022"", ""url"": ""https://data.opencity.in/dataset/d22cea6d-5256-43af-8ad5-68db551e0760/resource/1ccbab74-ca87-465f-826b-5fd1b4b81a5f/download/f68edd0d-7e8b-4386-89cc-a7c946785c8a.csv"", ""rows"": [58]}, {""source_id"": ""S06"", ""label"": ""BBMP Work Orders 2022-23"", ""url"": ""https://data.opencity.in/dataset/57ab37f1-b93e-40be-b553-c528bfcbf12d/resource/22b046a2-9126-46e9-901b-60ac62175844/download/c1088eec-7750-4f93-954e-486bbb78d355.csv"", ""rows"": [5825]}]"
142,contractor_concentration,info,Contractor holds 1% of Koramangala money (12 projects),"C0008 KRIDL BHUSIRI ACCOU (identity confirmed; ids: none): ₹66,672,117 across 12 projects in this dataset. Concentration is common for ward maintenance contracts; it is context, not a finding.",confirmed,[]
143,slow_payment,info,Median 729 days from bill registration to payment,Long payment delays are common (seniority-based bill clearance) and raise contractors' financing costs.,confirmed,"[{""source_id"": ""IFMS"", ""label"": ""BBMP IFMS work bill 361236"", ""url"": ""https://accounts.bbmp.gov.in/vssWB/vss00CvStatusData.php?pAction=LoadDetails&pWorkBillID=361236"", ""note"": ""BR / RTGS dates""}]"
143,late_payment,info,Bill paid 2 years after work end date,Long payment lag; common with BBMP bill backlogs (seniority-based payment).,confirmed,"[{""source_id"": ""S01"", ""label"": ""BBMP Work Orders - Koramangala (Ward 151), 2013-2022"", ""url"": ""https://data.opencity.in/dataset/d22cea6d-5256-43af-8ad5-68db551e0760/resource/1ccbab74-ca87-465f-826b-5fd1b4b81a5f/download/f68edd0d-7e8b-4386-89cc-a7c946785c8a.csv"", ""rows"": [44]}]"
143,contractor_concentration,info,Contractor holds 1% of Koramangala money (12 projects),"C0008 KRIDL BHUSIRI ACCOU (identity confirmed; ids: none): ₹66,672,117 across 12 projects in this dataset. Concentration is common for ward maintenance contracts; it is context, not a finding.",confirmed,[]
143,related_work,info,Near-identical work under another number (151-19-000030),"Descriptions are 84% similar. Could be a recurring annual work, a re-tender, a split of one work, or a duplicate entry.",inferred,[]
144,slow_payment,info,Median 729 days from bill registration to payment,Long payment delays are common (seniority-based bill clearance) and raise contractors' financing costs.,confirmed,"[{""source_id"": ""IFMS"", ""label"": ""BBMP IFMS work bill 361097"", ""url"": ""https://accounts.bbmp.gov.in/vssWB/vss00CvStatusData.php?pAction=LoadDetails&pWorkBillID=361097"", ""note"": ""BR / RTGS dates""}]"
144,late_payment,info,Bill paid 2 years after work end date,Long payment lag; common with BBMP bill backlogs (seniority-based payment).,confirmed,"[{""source_id"": ""S01"", ""label"": ""BBMP Work Orders - Koramangala (Ward 151), 2013-2022"", ""url"": ""https://data.opencity.in/dataset/d22cea6d-5256-43af-8ad5-68db551e0760/resource/1ccbab74-ca87-465f-826b-5fd1b4b81a5f/download/f68edd0d-7e8b-4386-89cc-a7c946785c8a.csv"", ""rows"": [45]}]"
144,contractor_concentration,info,Contractor holds 1% of Koramangala money (12 projects),"C0008 KRIDL BHUSIRI ACCOU (identity confirmed; ids: none): ₹66,672,117 across 12 projects in this dataset. Concentration is common for ward maintenance contracts; it is context, not a finding.",confirmed,[]
144,related_work,info,Near-identical work under another number (151-19-000035),"Descriptions are 99% similar. Could be a recurring annual work, a re-tender, a split of one work, or a duplicate entry.",inferred,[]
145,slow_payment,info,Median 729 days from bill registration to payment,Long payment delays are common (seniority-based bill clearance) and raise contractors' financing costs.,confirmed,"[{""source_id"": ""IFMS"", ""label"": ""BBMP IFMS work bill 361093"", ""url"": ""https://accounts.bbmp.gov.in/vssWB/vss00CvStatusData.php?pAction=LoadDetails&pWorkBillID=361093"", ""note"": ""BR / RTGS dates""}]"
145,late_payment,info,Bill paid 2 years after work end date,Long payment lag; common with BBMP bill backlogs (seniority-based payment).,confirmed,"[{""source_id"": ""S01"", ""label"": ""BBMP Work Orders - Koramangala (Ward 151), 2013-2022"", ""url"": ""https://data.opencity.in/dataset/d22cea6d-5256-43af-8ad5-68db551e0760/resource/1ccbab74-ca87-465f-826b-5fd1b4b81a5f/download/f68edd0d-7e8b-4386-89cc-a7c946785c8a.csv"", ""rows"": [46]}]"
145,contractor_concentration,info,Contractor holds 1% of Koramangala money (12 projects),"C0008 KRIDL BHUSIRI ACCOU (identity confirmed; ids: none): ₹66,672,117 across 12 projects in this dataset. Concentration is common for ward maintenance contracts; it is context, not a finding.",confirmed,[]
145,related_work,info,Near-identical work under another number (151-20-000108),"Descriptions are 95% similar. Could be a recurring annual work, a re-tender, a split of one work, or a duplicate entry.",inferred,[]
145,related_work,info,Near-identical work under another number (151-18-000056),"Descriptions are 83% similar. Could be a recurring annual work, a re-tender, a split of one work, or a duplicate entry.",inferred,[]
145,related_work,info,Near-identical work under another number (151-13-000008),"Descriptions are 100% similar. Could be a recurring annual work, a re-tender, a split of one work, or a duplicate entry.",inferred,[]
146,slow_payment,info,Median 729 days from bill registration to payment,Long payment delays are common (seniority-based bill clearance) and raise contractors' financing costs.,confirmed,"[{""source_id"": ""IFMS"", ""label"": ""BBMP IFMS work bill 361101"", ""url"": ""https://accounts.bbmp.gov.in/vssWB/vss00CvStatusData.php?pAction=LoadDetails&pWorkBillID=361101"", ""note"": ""BR / RTGS dates""}]"
146,late_payment,info,Bill paid 2 years after work end date,Long payment lag; common with BBMP bill backlogs (seniority-based payment).,confirmed,"[{""source_id"": ""S01"", ""label"": ""BBMP Work Orders - Koramangala (Ward 151), 2013-2022"", ""url"": ""https://data.opencity.in/dataset/d22cea6d-5256-43af-8ad5-68db551e0760/resource/1ccbab74-ca87-465f-826b-5fd1b4b81a5f/download/f68edd0d-7e8b-4386-89cc-a7c946785c8a.csv"", ""rows"": [54]}]"
146,contractor_concentration,info,Contractor holds 1% of Koramangala money (28 projects),"C0003 SREEDHARA.K.C (identity inferred; ids: IFMS:022360, KPPP:1384): ₹81,769,787 across 28 projects in this dataset. Concentration is common for ward maintenance contracts; it is context, not a finding.",inferred,[]
147,slow_payment,info,Median 727 days from bill registration to payment,Long payment delays are common (seniority-based bill clearance) and raise contractors' financing costs.,confirmed,"[{""source_id"": ""IFMS"", ""label"": ""BBMP IFMS work bill 352843"", ""url"": ""https://accounts.bbmp.gov.in/vssWB/vss00CvStatusData.php?pAction=LoadDetails&pWorkBillID=352843"", ""note"": ""BR / RTGS dates""}]"
147,late_payment,info,Bill paid 2 years after work end date,Long payment lag; common with BBMP bill backlogs (seniority-based payment).,confirmed,"[{""source_id"": ""S01"", ""label"": ""BBMP Work Orders - Koramangala (Ward 151), 2013-2022"", ""url"": ""https://data.opencity.in/dataset/d22cea6d-5256-43af-8ad5-68db551e0760/resource/1ccbab74-ca87-465f-826b-5fd1b4b81a5f/download/f68edd0d-7e8b-4386-89cc-a7c946785c8a.csv"", ""rows"": [69]}]"
148,contractor_concentration,info,Contractor holds 1% of Koramangala money (14 projects),"C0005 R M RAVI (CONTRACTO (identity inferred; ids: KPPP:1512): ₹39,889,070 across 14 projects in this dataset. Concentration is common for ward maintenance contracts; it is context, not a finding.",inferred,[]
148,related_work,info,Near-identical work under another number (151-18-000028),"Descriptions are 99% similar. Could be a recurring annual work, a re-tender, a split of one work, or a duplicate entry.",inferred,[]
149,slow_payment,info,Median 727 days from bill registration to payment,Long payment delays are common (seniority-based bill clearance) and raise contractors' financing costs.,confirmed,"[{""source_id"": ""IFMS"", ""label"": ""BBMP IFMS work bill 349809"", ""url"": ""https://accounts.bbmp.gov.in/vssWB/vss00CvStatusData.php?pAction=LoadDetails&pWorkBillID=349809"", ""note"": ""BR / RTGS dates""}]"
149,late_payment,info,Bill paid 2 years after work end date,Long payment lag; common with BBMP bill backlogs (seniority-based payment).,confirmed,"[{""source_id"": ""S01"", ""label"": ""BBMP Work Orders - Koramangala (Ward 151), 2013-2022"", ""url"": ""https://data.opencity.in/dataset/d22cea6d-5256-43af-8ad5-68db551e0760/resource/1ccbab74-ca87-465f-826b-5fd1b4b81a5f/download/f68edd0d-7e8b-4386-89cc-a7c946785c8a.csv"", ""rows"": [47]}]"
149,contractor_concentration,info,Contractor holds 1% of Koramangala money (12 projects),"C0008 KRIDL BHUSIRI ACCOU (identity confirmed; ids: none): ₹66,672,117 across 12 projects in this dataset. Concentration is common for ward maintenance contracts; it is context, not a finding.",confirmed,[]
149,related_work,info,Near-identical work under another number (151-20-000110),"Descriptions are 97% similar. Could be a recurring annual work, a re-tender, a split of one work, or a duplicate entry.",inferred,[]
149,related_work,info,Near-identical work under another number (151-17-000027),"Descriptions are 98% similar. Could be a recurring annual work, a re-tender, a split of one work, or a duplicate entry.",inferred,[]
149,related_work,info,Near-identical work under another number (151-16-000002),"Descriptions are 98% similar. Could be a recurring annual work, a re-tender, a split of one work, or a duplicate entry.",inferred,[]
150,stale_running,notice,Running bill but no final bill in 3+ years,"Last bill/payment 2022-07-15. The work may be finished with the final bill outside these exports, or stalled.",inferred,"[{""source_id"": ""S01"", ""label"": ""BBMP Work Orders - Koramangala (Ward 151), 2013-2022"", ""url"": ""https://data.opencity.in/dataset/d22cea6d-5256-43af-8ad5-68db551e0760/resource/1ccbab74-ca87-465f-826b-5fd1b4b81a5f/download/f68edd0d-7e8b-4386-89cc-a7c946785c8a.csv"", ""rows"": [36]}, {""source_id"": ""S01"", ""label"": ""BBMP Work Orders - Koramangala (Ward 151), 2013-2022"", ""url"": ""https://data.opencity.in/dataset/d22cea6d-5256-43af-8ad5-68db551e0760/resource/1ccbab74-ca87-465f-826b-5fd1b4b81a5f/download/f68edd0d-7e8b-4386-89cc-a7c946785c8a.csv"", ""rows"": [36]}]"
150,slow_payment,info,Median 727 days from bill registration to payment,Long payment delays are common (seniority-based bill clearance) and raise contractors' financing costs.,confirmed,"[{""source_id"": ""IFMS"", ""label"": ""BBMP IFMS work bill 322546"", ""url"": ""https://accounts.bbmp.gov.in/vssWB/vss00CvStatusData.php?pAction=LoadDetails&pWorkBillID=322546"", ""note"": ""BR / RTGS dates""}]"
150,late_payment,info,Bill paid 2 years after work end date,Long payment lag; common with BBMP bill backlogs (seniority-based payment).,confirmed,"[{""source_id"": ""S01"", ""label"": ""BBMP Work Orders - Koramangala (Ward 151), 2013-2022"", ""url"": ""https://data.opencity.in/dataset/d22cea6d-5256-43af-8ad5-68db551e0760/resource/1ccbab74-ca87-465f-826b-5fd1b4b81a5f/download/f68edd0d-7e8b-4386-89cc-a7c946785c8a.csv"", ""rows"": [36]}]"
150,contractor_concentration,info,Contractor holds 0% of Koramangala money (14 projects),"C0007 Sri. K R Pratheek (identity inferred; ids: none): ₹31,619,971 across 14 projects in this dataset. Concentration is common for ward maintenance contracts; it is context, not a finding.",inferred,[]
150,related_work,info,Near-identical work under another number (151-18-000078),"Descriptions are 86% similar. Could be a recurring annual work, a re-tender, a split of one work, or a duplicate entry.",inferred,[]
150,related_work,info,Near-identical work under another number (151-18-000079),"Descriptions are 88% similar. Could be a recurring annual work, a re-tender, a split of one work, or a duplicate entry.",inferred,[]
151,stale_running,notice,Running bill but no final bill in 3+ years,"Last bill/payment 2022-07-15. The work may be finished with the final bill outside these exports, or stalled.",inferred,"[{""source_id"": ""S01"", ""label"": ""BBMP Work Orders - Koramangala (Ward 151), 2013-2022"", ""url"": ""https://data.opencity.in/dataset/d22cea6d-5256-43af-8ad5-68db551e0760/resource/1ccbab74-ca87-465f-826b-5fd1b4b81a5f/download/f68edd0d-7e8b-4386-89cc-a7c946785c8a.csv"", ""rows"": [37]}, {""source_id"": ""S01"", ""label"": ""BBMP Work Orders - Koramangala (Ward 151), 2013-2022"", ""url"": ""https://data.opencity.in/dataset/d22cea6d-5256-43af-8ad5-68db551e0760/resource/1ccbab74-ca87-465f-826b-5fd1b4b81a5f/download/f68edd0d-7e8b-4386-89cc-a7c946785c8a.csv"", ""rows"": [37]}]"
151,slow_payment,info,Median 727 days from bill registration to payment,Long payment delays are common (seniority-based bill clearance) and raise contractors' financing costs.,confirmed,"[{""source_id"": ""IFMS"", ""label"": ""BBMP IFMS work bill 322430"", ""url"": ""https://accounts.bbmp.gov.in/vssWB/vss00CvStatusData.php?pAction=LoadDetails&pWorkBillID=322430"", ""note"": ""BR / RTGS dates""}]"
151,late_payment,info,Bill paid 2 years after work end date,Long payment lag; common with BBMP bill backlogs (seniority-based payment).,confirmed,"[{""source_id"": ""S01"", ""label"": ""BBMP Work Orders - Koramangala (Ward 151), 2013-2022"", ""url"": ""https://data.opencity.in/dataset/d22cea6d-5256-43af-8ad5-68db551e0760/resource/1ccbab74-ca87-465f-826b-5fd1b4b81a5f/download/f68edd0d-7e8b-4386-89cc-a7c946785c8a.csv"", ""rows"": [37]}]"
151,contractor_concentration,info,Contractor holds 0% of Koramangala money (14 projects),"C0007 Sri. K R Pratheek (identity inferred; ids: none): ₹31,619,971 across 14 projects in this dataset. Concentration is common for ward maintenance contracts; it is context, not a finding.",inferred,[]
151,related_work,info,Near-identical work under another number (151-18-000077),"Descriptions are 86% similar. Could be a recurring annual work, a re-tender, a split of one work, or a duplicate entry.",inferred,[]
151,related_work,info,Near-identical work under another number (151-18-000079),"Descriptions are 83% similar. Could be a recurring annual work, a re-tender, a split of one work, or a duplicate entry.",inferred,[]
152,slow_payment,info,Median 727 days from bill registration to payment,Long payment delays are common (seniority-based bill clearance) and raise contractors' financing costs.,confirmed,"[{""source_id"": ""IFMS"", ""label"": ""BBMP IFMS work bill 352697"", ""url"": ""https://accounts.bbmp.gov.in/vssWB/vss00CvStatusData.php?pAction=LoadDetails&pWorkBillID=352697"", ""note"": ""BR / RTGS dates""}]"
152,late_payment,info,Bill paid 2 years after work end date,Long payment lag; common with BBMP bill backlogs (seniority-based payment).,confirmed,"[{""source_id"": ""S01"", ""label"": ""BBMP Work Orders - Koramangala (Ward 151), 2013-2022"", ""url"": ""https://data.opencity.in/dataset/d22cea6d-5256-43af-8ad5-68db551e0760/resource/1ccbab74-ca87-465f-826b-5fd1b4b81a5f/download/f68edd0d-7e8b-4386-89cc-a7c946785c8a.csv"", ""rows"": [48]}]"
152,contractor_concentration,info,Contractor holds 1% of Koramangala money (12 projects),"C0008 KRIDL BHUSIRI ACCOU (identity confirmed; ids: none): ₹66,672,117 across 12 projects in this dataset. Concentration is common for ward maintenance contracts; it is context, not a finding.",confirmed,[]
153,slow_payment,info,Median 727 days from bill registration to payment,Long payment delays are common (seniority-based bill clearance) and raise contractors' financing costs.,confirmed,"[{""source_id"": ""IFMS"", ""label"": ""BBMP IFMS work bill 352643"", ""url"": ""https://accounts.bbmp.gov.in/vssWB/vss00CvStatusData.php?pAction=LoadDetails&pWorkBillID=352643"", ""note"": ""BR / RTGS dates""}]"
153,late_payment,info,Bill paid 2 years after work end date,Long payment lag; common with BBMP bill backlogs (seniority-based payment).,confirmed,"[{""source_id"": ""S01"", ""label"": ""BBMP Work Orders - Koramangala (Ward 151), 2013-2022"", ""url"": ""https://data.opencity.in/dataset/d22cea6d-5256-43af-8ad5-68db551e0760/resource/1ccbab74-ca87-465f-826b-5fd1b4b81a5f/download/f68edd0d-7e8b-4386-89cc-a7c946785c8a.csv"", ""rows"": [49]}]"
153,contractor_concentration,info,Contractor holds 1% of Koramangala money (12 projects),"C0008 KRIDL BHUSIRI ACCOU (identity confirmed; ids: none): ₹66,672,117 across 12 projects in this dataset. Concentration is common for ward maintenance contracts; it is context, not a finding.",confirmed,[]
154,stale_running,notice,Running bill but no final bill in 3+ years,"Last bill/payment 2022-07-14. The work may be finished with the final bill outside these exports, or stalled.",inferred,"[{""source_id"": ""S01"", ""label"": ""BBMP Work Orders - Koramangala (Ward 151), 2013-2022"", ""url"": ""https://data.opencity.in/dataset/d22cea6d-5256-43af-8ad5-68db551e0760/resource/1ccbab74-ca87-465f-826b-5fd1b4b81a5f/download/f68edd0d-7e8b-4386-89cc-a7c946785c8a.csv"", ""rows"": [38]}, {""source_id"": ""S01"", ""label"": ""BBMP Work Orders - Koramangala (Ward 151), 2013-2022"", ""url"": ""https://data.opencity.in/dataset/d22cea6d-5256-43af-8ad5-68db551e0760/resource/1ccbab74-ca87-465f-826b-5fd1b4b81a5f/download/f68edd0d-7e8b-4386-89cc-a7c946785c8a.csv"", ""rows"": [38]}]"
154,slow_payment,info,Median 726 days from bill registration to payment,Long payment delays are common (seniority-based bill clearance) and raise contractors' financing costs.,confirmed,"[{""source_id"": ""IFMS"", ""label"": ""BBMP IFMS work bill 322570"", ""url"": ""https://accounts.bbmp.gov.in/vssWB/vss00CvStatusData.php?pAction=LoadDetails&pWorkBillID=322570"", ""note"": ""BR / RTGS dates""}]"
154,late_payment,info,Bill paid 2 years after work end date,Long payment lag; common with BBMP bill backlogs (seniority-based payment).,confirmed,"[{""source_id"": ""S01"", ""label"": ""BBMP Work Orders - Koramangala (Ward 151), 2013-2022"", ""url"": ""https://data.opencity.in/dataset/d22cea6d-5256-43af-8ad5-68db551e0760/resource/1ccbab74-ca87-465f-826b-5fd1b4b81a5f/download/f68edd0d-7e8b-4386-89cc-a7c946785c8a.csv"", ""rows"": [38]}]"
154,contractor_concentration,info,Contractor holds 0% of Koramangala money (14 projects),"C0007 Sri. K R Pratheek (identity inferred; ids: none): ₹31,619,971 across 14 projects in this dataset. Concentration is common for ward maintenance contracts; it is context, not a finding.",inferred,[]
154,related_work,info,Near-identical work under another number (151-18-000077),"Descriptions are 88% similar. Could be a recurring annual work, a re-tender, a split of one work, or a duplicate entry.",inferred,[]
154,related_work,info,Near-identical work under another number (151-18-000078),"Descriptions are 83% similar. Could be a recurring annual work, a re-tender, a split of one work, or a duplicate entry.",inferred,[]
155,slow_payment,info,Median 728 days from bill registration to payment,Long payment delays are common (seniority-based bill clearance) and raise contractors' financing costs.,confirmed,"[{""source_id"": ""IFMS"", ""label"": ""BBMP IFMS work bill 351382"", ""url"": ""https://accounts.bbmp.gov.in/vssWB/vss00CvStatusData.php?pAction=LoadDetails&pWorkBillID=351382"", ""note"": ""BR / RTGS dates""}]"
155,late_payment,info,Bill paid 2 years after work end date,Long payment lag; common with BBMP bill backlogs (seniority-based payment).,confirmed,"[{""source_id"": ""S01"", ""label"": ""BBMP Work Orders - Koramangala (Ward 151), 2013-2022"", ""url"": ""https://data.opencity.in/dataset/d22cea6d-5256-43af-8ad5-68db551e0760/resource/1ccbab74-ca87-465f-826b-5fd1b4b81a5f/download/f68edd0d-7e8b-4386-89cc-a7c946785c8a.csv"", ""rows"": [34]}]"
155,related_work,info,Near-identical work under another number (151-19-000031),"Descriptions are 84% similar. Could be a recurring annual work, a re-tender, a split of one work, or a duplicate entry.",inferred,[]
155,related_work,info,Near-identical work under another number (151-17-000072),"Descriptions are 100% similar. Could be a recurring annual work, a re-tender, a split of one work, or a duplicate entry.",inferred,[]
157,contractor_concentration,info,Contractor holds 1% of Koramangala money (9 projects),"C0016 Y H KRISHNA (identity inferred; ids: IFMS:022294): ₹42,232,488 across 9 projects in this dataset. Concentration is common for ward maintenance contracts; it is context, not a finding.",inferred,[]
157,related_work,info,Near-identical work under another number (151-20-000077),"Descriptions are 94% similar. Could be a recurring annual work, a re-tender, a split of one work, or a duplicate entry.",inferred,[]
158,contractor_concentration,info,Contractor holds 1% of Koramangala money (9 projects),"C0016 Y H KRISHNA (identity inferred; ids: IFMS:022294): ₹42,232,488 across 9 projects in this dataset. Concentration is common for ward maintenance contracts; it is context, not a finding.",inferred,[]
158,related_work,info,Near-identical work under another number (151-20-000078),"Descriptions are 94% similar. Could be a recurring annual work, a re-tender, a split of one work, or a duplicate entry.",inferred,[]
159,contractor_concentration,info,Contractor holds 0% of Koramangala money (7 projects),"C0025 H S HEMAVATHI (identity inferred; ids: IFMS:022298): ₹15,487,495 across 7 projects in this dataset. Concentration is common for ward maintenance contracts; it is context, not a finding.",inferred,[]
159,related_work,info,Near-identical work under another number (151-18-000023),"Descriptions are 83% similar. Could be a recurring annual work, a re-tender, a split of one work, or a duplicate entry.",inferred,[]
160,slow_payment,info,Median 721 days from bill registration to payment,Long payment delays are common (seniority-based bill clearance) and raise contractors' financing costs.,confirmed,"[{""source_id"": ""IFMS"", ""label"": ""BBMP IFMS work bill 342965"", ""url"": ""https://accounts.bbmp.gov.in/vssWB/vss00CvStatusData.php?pAction=LoadDetails&pWorkBillID=342965"", ""note"": ""BR / RTGS dates""}]"
160,late_payment,info,Bill paid 2 years after work end date,Long payment lag; common with BBMP bill backlogs (seniority-based payment).,confirmed,"[{""source_id"": ""S01"", ""label"": ""BBMP Work Orders - Koramangala (Ward 151), 2013-2022"", ""url"": ""https://data.opencity.in/dataset/d22cea6d-5256-43af-8ad5-68db551e0760/resource/1ccbab74-ca87-465f-826b-5fd1b4b81a5f/download/f68edd0d-7e8b-4386-89cc-a7c946785c8a.csv"", ""rows"": [64]}]"
160,related_work,info,Near-identical work under another number (151-18-000057),"Descriptions are 84% similar. Could be a recurring annual work, a re-tender, a split of one work, or a duplicate entry.",inferred,[]
160,related_work,info,Near-identical work under another number (151-19-000011),"Descriptions are 85% similar. Could be a recurring annual work, a re-tender, a split of one work, or a duplicate entry.",inferred,[]
160,related_work,info,Near-identical work under another number (151-17-000093),"Descriptions are 85% similar. Could be a recurring annual work, a re-tender, a split of one work, or a duplicate entry.",inferred,[]
161,slow_payment,info,Median 729 days from bill registration to payment,Long payment delays are common (seniority-based bill clearance) and raise contractors' financing costs.,confirmed,"[{""source_id"": ""IFMS"", ""label"": ""BBMP IFMS work bill 344473"", ""url"": ""https://accounts.bbmp.gov.in/vssWB/vss00CvStatusData.php?pAction=LoadDetails&pWorkBillID=344473"", ""note"": ""BR / RTGS dates""}]"
161,late_payment,info,Bill paid 2 years after work end date,Long payment lag; common with BBMP bill backlogs (seniority-based payment).,confirmed,"[{""source_id"": ""S01"", ""label"": ""BBMP Work Orders - Koramangala (Ward 151), 2013-2022"", ""url"": ""https://data.opencity.in/dataset/d22cea6d-5256-43af-8ad5-68db551e0760/resource/1ccbab74-ca87-465f-826b-5fd1b4b81a5f/download/f68edd0d-7e8b-4386-89cc-a7c946785c8a.csv"", ""rows"": [39]}]"
161,contractor_concentration,info,Contractor holds 1% of Koramangala money (14 projects),"C0005 R M RAVI (CONTRACTO (identity inferred; ids: KPPP:1512): ₹39,889,070 across 14 projects in this dataset. Concentration is common for ward maintenance contracts; it is context, not a finding.",inferred,[]
161,related_work,info,Near-identical work under another number (151-19-000031),"Descriptions are 85% similar. Could be a recurring annual work, a re-tender, a split of one work, or a duplicate entry.",inferred,[]
162,slow_payment,info,Median 750 days from bill registration to payment,Long payment delays are common (seniority-based bill clearance) and raise contractors' financing costs.,confirmed,"[{""source_id"": ""IFMS"", ""label"": ""BBMP IFMS work bill 308561"", ""url"": ""https://accounts.bbmp.gov.in/vssWB/vss00CvStatusData.php?pAction=LoadDetails&pWorkBillID=308561"", ""note"": ""BR / RTGS dates""}]"
162,late_payment,info,Bill paid 2 years after work end date,Long payment lag; common with BBMP bill backlogs (seniority-based payment).,confirmed,"[{""source_id"": ""S01"", ""label"": ""BBMP Work Orders - Koramangala (Ward 151), 2013-2022"", ""url"": ""https://data.opencity.in/dataset/d22cea6d-5256-43af-8ad5-68db551e0760/resource/1ccbab74-ca87-465f-826b-5fd1b4b81a5f/download/f68edd0d-7e8b-4386-89cc-a7c946785c8a.csv"", ""rows"": [55]}]"
162,contractor_concentration,info,Contractor holds 0% of Koramangala money (10 projects),"C0012 SATHISH NAYAK K (identity inferred; ids: none): ₹27,751,149 across 10 projects in this dataset. Concentration is common for ward maintenance contracts; it is context, not a finding.",inferred,[]
163,slow_payment,info,Median 733 days from bill registration to payment,Long payment delays are common (seniority-based bill clearance) and raise contractors' financing costs.,confirmed,"[{""source_id"": ""IFMS"", ""label"": ""BBMP IFMS work bill 337425"", ""url"": ""https://accounts.bbmp.gov.in/vssWB/vss00CvStatusData.php?pAction=LoadDetails&pWorkBillID=337425"", ""note"": ""BR / RTGS dates""}]"
163,late_payment,info,Bill paid 2 years after work end date,Long payment lag; common with BBMP bill backlogs (seniority-based payment).,confirmed,"[{""source_id"": ""S01"", ""label"": ""BBMP Work Orders - Koramangala (Ward 151), 2013-2022"", ""url"": ""https://data.opencity.in/dataset/d22cea6d-5256-43af-8ad5-68db551e0760/resource/1ccbab74-ca87-465f-826b-5fd1b4b81a5f/download/f68edd0d-7e8b-4386-89cc-a7c946785c8a.csv"", ""rows"": [31]}]"
163,contractor_concentration,info,Contractor holds 0% of Koramangala money (7 projects),"C0025 H S HEMAVATHI (identity inferred; ids: IFMS:022298): ₹15,487,495 across 7 projects in this dataset. Concentration is common for ward maintenance contracts; it is context, not a finding.",inferred,[]
164,contractor_concentration,info,Contractor holds 1% of Koramangala money (14 projects),"C0005 R M RAVI (CONTRACTO (identity inferred; ids: KPPP:1512): ₹39,889,070 across 14 projects in this dataset. Concentration is common for ward maintenance contracts; it is context, not a finding.",inferred,[]
165,slow_payment,info,Median 789 days from bill registration to payment,Long payment delays are common (seniority-based bill clearance) and raise contractors' financing costs.,confirmed,"[{""source_id"": ""IFMS"", ""label"": ""BBMP IFMS work bill 323745"", ""url"": ""https://accounts.bbmp.gov.in/vssWB/vss00CvStatusData.php?pAction=LoadDetails&pWorkBillID=323745"", ""note"": ""BR / RTGS dates""}]"
165,late_payment,info,Bill paid 3 years after work end date,Long payment lag; common with BBMP bill backlogs (seniority-based payment).,confirmed,"[{""source_id"": ""S02"", ""label"": ""BBMP Work Orders - Adugodi (Ward 147), 2013-2022"", ""url"": ""https://data.opencity.in/dataset/d22cea6d-5256-43af-8ad5-68db551e0760/resource/9781e788-6c7b-4978-a600-abf3836b2a37/download/e51f4570-bde5-4fa7-bdd7-ec131041ea35.csv"", ""rows"": [52]}]"
165,related_work,info,Near-identical work under another number (147-18-000047),"Descriptions are 87% similar. Could be a recurring annual work, a re-tender, a split of one work, or a duplicate entry.",inferred,[]
165,related_work,info,Near-identical work under another number (147-18-000046),"Descriptions are 100% similar. Could be a recurring annual work, a re-tender, a split of one work, or a duplicate entry.",inferred,[]
166,slow_payment,info,Median 789 days from bill registration to payment,Long payment delays are common (seniority-based bill clearance) and raise contractors' financing costs.,confirmed,"[{""source_id"": ""IFMS"", ""label"": ""BBMP IFMS work bill 323797"", ""url"": ""https://accounts.bbmp.gov.in/vssWB/vss00CvStatusData.php?pAction=LoadDetails&pWorkBillID=323797"", ""note"": ""BR / RTGS dates""}]"
166,late_payment,info,Bill paid 2 years after work end date,Long payment lag; common with BBMP bill backlogs (seniority-based payment).,confirmed,"[{""source_id"": ""S02"", ""label"": ""BBMP Work Orders - Adugodi (Ward 147), 2013-2022"", ""url"": ""https://data.opencity.in/dataset/d22cea6d-5256-43af-8ad5-68db551e0760/resource/9781e788-6c7b-4978-a600-abf3836b2a37/download/e51f4570-bde5-4fa7-bdd7-ec131041ea35.csv"", ""rows"": [53]}]"
166,related_work,info,Near-identical work under another number (147-18-000047),"Descriptions are 87% similar. Could be a recurring annual work, a re-tender, a split of one work, or a duplicate entry.",inferred,[]
166,related_work,info,Near-identical work under another number (147-18-000045),"Descriptions are 100% similar. Could be a recurring annual work, a re-tender, a split of one work, or a duplicate entry.",inferred,[]
168,contractor_concentration,info,Contractor holds 2% of Koramangala money (8 projects),"C0017 AWIKA CONSTRUCTIONS (identity inferred; ids: KPPP:17612): ₹138,251,234 across 8 projects in this dataset. Concentration is common for ward maintenance contracts; it is context, not a finding.",inferred,[]
169,contractor_concentration,info,Contractor holds 2% of Koramangala money (8 projects),"C0017 AWIKA CONSTRUCTIONS (identity inferred; ids: KPPP:17612): ₹138,251,234 across 8 projects in this dataset. Concentration is common for ward maintenance contracts; it is context, not a finding.",inferred,[]
170,related_work,info,Near-identical work under another number (151-20-000070),"Descriptions are 100% similar. Could be a recurring annual work, a re-tender, a split of one work, or a duplicate entry.",inferred,[]
170,related_work,info,Near-identical work under another number (151-19-000023),"Descriptions are 100% similar. Could be a recurring annual work, a re-tender, a split of one work, or a duplicate entry.",inferred,[]
171,slow_payment,info,Median 843 days from bill registration to payment,Long payment delays are common (seniority-based bill clearance) and raise contractors' financing costs.,confirmed,"[{""source_id"": ""IFMS"", ""label"": ""BBMP IFMS work bill 306089"", ""url"": ""https://accounts.bbmp.gov.in/vssWB/vss00CvStatusData.php?pAction=LoadDetails&pWorkBillID=306089"", ""note"": ""BR / RTGS dates""}]"
171,late_payment,info,Bill paid 2 years after work end date,Long payment lag; common with BBMP bill backlogs (seniority-based payment).,confirmed,"[{""source_id"": ""S01"", ""label"": ""BBMP Work Orders - Koramangala (Ward 151), 2013-2022"", ""url"": ""https://data.opencity.in/dataset/d22cea6d-5256-43af-8ad5-68db551e0760/resource/1ccbab74-ca87-465f-826b-5fd1b4b81a5f/download/f68edd0d-7e8b-4386-89cc-a7c946785c8a.csv"", ""rows"": [56]}]"
171,related_work,info,Near-identical work under another number (151-19-000009),"Descriptions are 100% similar. Could be a recurring annual work, a re-tender, a split of one work, or a duplicate entry.",inferred,[]
172,slow_payment,info,Median 880 days from bill registration to payment,Long payment delays are common (seniority-based bill clearance) and raise contractors' financing costs.,confirmed,"[{""source_id"": ""IFMS"", ""label"": ""BBMP IFMS work bill 296930"", ""url"": ""https://accounts.bbmp.gov.in/vssWB/vss00CvStatusData.php?pAction=LoadDetails&pWorkBillID=296930"", ""note"": ""BR / RTGS dates""}]"
172,late_payment,info,Bill paid 2 years after work end date,Long payment lag; common with BBMP bill backlogs (seniority-based payment).,confirmed,"[{""source_id"": ""S01"", ""label"": ""BBMP Work Orders - Koramangala (Ward 151), 2013-2022"", ""url"": ""https://data.opencity.in/dataset/d22cea6d-5256-43af-8ad5-68db551e0760/resource/1ccbab74-ca87-465f-826b-5fd1b4b81a5f/download/f68edd0d-7e8b-4386-89cc-a7c946785c8a.csv"", ""rows"": [66, 35]}]"
172,related_work,info,Near-identical work under another number (151-18-000063),"Descriptions are 91% similar. Could be a recurring annual work, a re-tender, a split of one work, or a duplicate entry.",inferred,[]
172,related_work,info,Near-identical work under another number (151-18-000047),"Descriptions are 86% similar. Could be a recurring annual work, a re-tender, a split of one work, or a duplicate entry.",inferred,[]
173,fine_levied,info,Fine / penalty deducted from a bill,"IFMS deductions: fine ₹72,797. Penalties usually relate to delay or quality; their reason is not in the public record.",confirmed,"[{""source_id"": ""IFMS"", ""label"": ""BBMP IFMS work bill 296052"", ""url"": ""https://accounts.bbmp.gov.in/vssWB/vss00CvStatusData.php?pAction=LoadDetails&pWorkBillID=296052"", ""note"": ""Deductions""}]"
173,slow_payment,info,Median 885 days from bill registration to payment,Long payment delays are common (seniority-based bill clearance) and raise contractors' financing costs.,confirmed,"[{""source_id"": ""IFMS"", ""label"": ""BBMP IFMS work bill 296052"", ""url"": ""https://accounts.bbmp.gov.in/vssWB/vss00CvStatusData.php?pAction=LoadDetails&pWorkBillID=296052"", ""note"": ""BR / RTGS dates""}]"
173,late_payment,info,Bill paid 2 years after work end date,Long payment lag; common with BBMP bill backlogs (seniority-based payment).,confirmed,"[{""source_id"": ""S01"", ""label"": ""BBMP Work Orders - Koramangala (Ward 151), 2013-2022"", ""url"": ""https://data.opencity.in/dataset/d22cea6d-5256-43af-8ad5-68db551e0760/resource/1ccbab74-ca87-465f-826b-5fd1b4b81a5f/download/f68edd0d-7e8b-4386-89cc-a7c946785c8a.csv"", ""rows"": [67]}]"
173,related_work,info,Near-identical work under another number (151-18-000086),"Descriptions are 88% similar. Could be a recurring annual work, a re-tender, a split of one work, or a duplicate entry.",inferred,[]
173,related_work,info,Near-identical work under another number (151-18-000058),"Descriptions are 89% similar. Could be a recurring annual work, a re-tender, a split of one work, or a duplicate entry.",inferred,[]
174,slow_payment,info,Median 910 days from bill registration to payment,Long payment delays are common (seniority-based bill clearance) and raise contractors' financing costs.,confirmed,"[{""source_id"": ""IFMS"", ""label"": ""BBMP IFMS work bill 277069"", ""url"": ""https://accounts.bbmp.gov.in/vssWB/vss00CvStatusData.php?pAction=LoadDetails&pWorkBillID=277069"", ""note"": ""BR / RTGS dates""}]"
174,late_payment,info,Bill paid 3 years after work end date,Long payment lag; common with BBMP bill backlogs (seniority-based payment).,confirmed,"[{""source_id"": ""S01"", ""label"": ""BBMP Work Orders - Koramangala (Ward 151), 2013-2022"", ""url"": ""https://data.opencity.in/dataset/d22cea6d-5256-43af-8ad5-68db551e0760/resource/1ccbab74-ca87-465f-826b-5fd1b4b81a5f/download/f68edd0d-7e8b-4386-89cc-a7c946785c8a.csv"", ""rows"": [90]}]"
175,slow_payment,info,Median 894 days from bill registration to payment,Long payment delays are common (seniority-based bill clearance) and raise contractors' financing costs.,confirmed,"[{""source_id"": ""IFMS"", ""label"": ""BBMP IFMS work bill 266356"", ""url"": ""https://accounts.bbmp.gov.in/vssWB/vss00CvStatusData.php?pAction=LoadDetails&pWorkBillID=266356"", ""note"": ""BR / RTGS dates""}]"
175,late_payment,info,Bill paid 2 years after work end date,Long payment lag; common with BBMP bill backlogs (seniority-based payment).,confirmed,"[{""source_id"": ""S01"", ""label"": ""BBMP Work Orders - Koramangala (Ward 151), 2013-2022"", ""url"": ""https://data.opencity.in/dataset/d22cea6d-5256-43af-8ad5-68db551e0760/resource/1ccbab74-ca87-465f-826b-5fd1b4b81a5f/download/f68edd0d-7e8b-4386-89cc-a7c946785c8a.csv"", ""rows"": [65]}]"
176,related_work,info,Near-identical work under another number (151-18-000040),"Descriptions are 92% similar. Could be a recurring annual work, a re-tender, a split of one work, or a duplicate entry.",inferred,[]
178,paid_over_estimate,notice,Paid 200% of the estimate,"Gross payments ₹7,508,291 vs estimate ₹3,745,898.",inferred,"[{""source_id"": ""OC-TENDERS"", ""label"": ""BBMP tender list: BBMP/2015-16/EL/WORK_INDENT18015"", ""url"": ""https://data.opencity.in/dataset/a779be95-ef47-4e04-8da7-08d4304cc61b/resource/8ed88e7f-e338-4f9b-a8fb-ac2502864eba/download/baff643d-8e76-4620-8057-43809e2e9b42.csv"", ""note"": ""ECV"", ""rows"": [657]}, {""source_id"": ""S01"", ""label"": ""BBMP Work Orders - Koramangala (Ward 151), 2013-2022"", ""url"": ""https://data.opencity.in/dataset/d22cea6d-5256-43af-8ad5-68db551e0760/resource/1ccbab74-ca87-465f-826b-5fd1b4b81a5f/download/f68edd0d-7e8b-4386-89cc-a7c946785c8a.csv"", ""rows"": [127, 126, 125, 124, 123, 122, 121, 120, 119, 118, 117, 116]}]"
178,long_running,notice,Activity spread over 4.0 years,"First record 2017-02-01, last 2021-01-20. Long gaps can mean phased work, delays or late bill settlement.",confirmed,"[{""source_id"": ""S01"", ""label"": ""BBMP Work Orders - Koramangala (Ward 151), 2013-2022"", ""url"": ""https://data.opencity.in/dataset/d22cea6d-5256-43af-8ad5-68db551e0760/resource/1ccbab74-ca87-465f-826b-5fd1b4b81a5f/download/f68edd0d-7e8b-4386-89cc-a7c946785c8a.csv"", ""rows"": [127]}, {""source_id"": ""S01"", ""label"": ""BBMP Work Orders - Koramangala (Ward 151), 2013-2022"", ""url"": ""https://data.opencity.in/dataset/d22cea6d-5256-43af-8ad5-68db551e0760/resource/1ccbab74-ca87-465f-826b-5fd1b4b81a5f/download/f68edd0d-7e8b-4386-89cc-a7c946785c8a.csv"", ""rows"": [117]}, {""source_id"": ""S01"", ""label"": ""BBMP Work Orders - Koramangala (Ward 151), 2013-2022"", ""url"": ""https://data.opencity.in/dataset/d22cea6d-5256-43af-8ad5-68db551e0760/resource/1ccbab74-ca87-465f-826b-5fd1b4b81a5f/download/f68edd0d-7e8b-4386-89cc-a7c946785c8a.csv"", ""rows"": [116]}]"
178,fine_levied,info,Fine / penalty deducted from a bill,"IFMS deductions: fine ₹104,500; withheld ₹57,384. Penalties usually relate to delay or quality; their reason is not in the public record.",confirmed,"[{""source_id"": ""IFMS"", ""label"": ""BBMP IFMS work bill 440324"", ""url"": ""https://accounts.bbmp.gov.in/vssWB/vss00CvStatusData.php?pAction=LoadDetails&pWorkBillID=440324"", ""note"": ""Deductions""}, {""source_id"": ""IFMS"", ""label"": ""BBMP IFMS work bill 346130"", ""url"": ""https://accounts.bbmp.gov.in/vssWB/vss00CvStatusData.php?pAction=LoadDetails&pWorkBillID=346130"", ""note"": ""Deductions""}, {""source_id"": ""IFMS"", ""label"": ""BBMP IFMS work bill 191224"", ""url"": ""https://accounts.bbmp.gov.in/vssWB/vss00CvStatusData.php?pAction=LoadDetails&pWorkBillID=191224"", ""note"": ""Deductions""}]"
178,related_work,info,Near-identical work under another number (174-25-000010),"Descriptions are 84% similar. Could be a recurring annual work, a re-tender, a split of one work, or a duplicate entry.",inferred,[]
178,related_work,info,Near-identical work under another number (151-22-000005),"Descriptions are 94% similar. Could be a recurring annual work, a re-tender, a split of one work, or a duplicate entry.",inferred,[]
178,related_work,info,Near-identical work under another number (151-20-000029),"Descriptions are 94% similar. Could be a recurring annual work, a re-tender, a split of one work, or a duplicate entry.",inferred,[]
178,document_reused,notice,Identical Agreement / Completion Certificate / Job Certificate / Work Order attached to another job number,"The same file (md5 f9ffafdb21…; Agreement, Completion Certificate, Job Certificate, Work Order) is attached to bills of 5 works: 151-20-000029, 151-22-000005, 151-22-000006, 174-25-000010. Could be one contract booked under two job numbers, or a wrong upload — worth checking.",confirmed,"[{""source_id"": ""IFMS-DOC"", ""label"": ""Attachment"", ""url"": ""https://accounts.bbmp.gov.in/vssIFMS/Files1/WB-CC--91070227-Not%20Applicable.PDF""}]"
179,slow_payment,info,Median 774 days from bill registration to payment,Long payment delays are common (seniority-based bill clearance) and raise contractors' financing costs.,confirmed,"[{""source_id"": ""IFMS"", ""label"": ""BBMP IFMS work bill 273381"", ""url"": ""https://accounts.bbmp.gov.in/vssWB/vss00CvStatusData.php?pAction=LoadDetails&pWorkBillID=273381"", ""note"": ""BR / RTGS dates""}]"
179,late_payment,info,Bill paid 2 years after work end date,Long payment lag; common with BBMP bill backlogs (seniority-based payment).,confirmed,"[{""source_id"": ""S02"", ""label"": ""BBMP Work Orders - Adugodi (Ward 147), 2013-2022"", ""url"": ""https://data.opencity.in/dataset/d22cea6d-5256-43af-8ad5-68db551e0760/resource/9781e788-6c7b-4978-a600-abf3836b2a37/download/e51f4570-bde5-4fa7-bdd7-ec131041ea35.csv"", ""rows"": [58]}]"
180,fine_levied,info,Fine / penalty deducted from a bill,"IFMS deductions: fine ₹4,088. Penalties usually relate to delay or quality; their reason is not in the public record.",confirmed,"[{""source_id"": ""IFMS"", ""label"": ""BBMP IFMS work bill 274956"", ""url"": ""https://accounts.bbmp.gov.in/vssWB/vss00CvStatusData.php?pAction=LoadDetails&pWorkBillID=274956"", ""note"": ""Deductions""}]"
180,slow_payment,info,Median 773 days from bill registration to payment,Long payment delays are common (seniority-based bill clearance) and raise contractors' financing costs.,confirmed,"[{""source_id"": ""IFMS"", ""label"": ""BBMP IFMS work bill 274956"", ""url"": ""https://accounts.bbmp.gov.in/vssWB/vss00CvStatusData.php?pAction=LoadDetails&pWorkBillID=274956"", ""note"": ""BR / RTGS dates""}]"
180,late_payment,info,Bill paid 2 years after work end date,Long payment lag; common with BBMP bill backlogs (seniority-based payment).,confirmed,"[{""source_id"": ""S01"", ""label"": ""BBMP Work Orders - Koramangala (Ward 151), 2013-2022"", ""url"": ""https://data.opencity.in/dataset/d22cea6d-5256-43af-8ad5-68db551e0760/resource/1ccbab74-ca87-465f-826b-5fd1b4b81a5f/download/f68edd0d-7e8b-4386-89cc-a7c946785c8a.csv"", ""rows"": [68]}]"
180,related_work,info,Near-identical work under another number (151-18-000093),"Descriptions are 88% similar. Could be a recurring annual work, a re-tender, a split of one work, or a duplicate entry.",inferred,[]
180,related_work,info,Near-identical work under another number (151-18-000058),"Descriptions are 87% similar. Could be a recurring annual work, a re-tender, a split of one work, or a duplicate entry.",inferred,[]
181,fine_levied,info,Fine / penalty deducted from a bill,IFMS deductions: fine ₹842. Penalties usually relate to delay or quality; their reason is not in the public record.,confirmed,"[{""source_id"": ""IFMS"", ""label"": ""BBMP IFMS work bill 255199"", ""url"": ""https://accounts.bbmp.gov.in/vssWB/vss00CvStatusData.php?pAction=LoadDetails&pWorkBillID=255199"", ""note"": ""Deductions""}]"
181,slow_payment,info,Median 834 days from bill registration to payment,Long payment delays are common (seniority-based bill clearance) and raise contractors' financing costs.,confirmed,"[{""source_id"": ""IFMS"", ""label"": ""BBMP IFMS work bill 255199"", ""url"": ""https://accounts.bbmp.gov.in/vssWB/vss00CvStatusData.php?pAction=LoadDetails&pWorkBillID=255199"", ""note"": ""BR / RTGS dates""}]"
181,late_payment,info,Bill paid 2 years after work end date,Long payment lag; common with BBMP bill backlogs (seniority-based payment).,confirmed,"[{""source_id"": ""S01"", ""label"": ""BBMP Work Orders - Koramangala (Ward 151), 2013-2022"", ""url"": ""https://data.opencity.in/dataset/d22cea6d-5256-43af-8ad5-68db551e0760/resource/1ccbab74-ca87-465f-826b-5fd1b4b81a5f/download/f68edd0d-7e8b-4386-89cc-a7c946785c8a.csv"", ""rows"": [72]}]"
181,related_work,info,Near-identical work under another number (151-18-000093),"Descriptions are 89% similar. Could be a recurring annual work, a re-tender, a split of one work, or a duplicate entry.",inferred,[]
181,related_work,info,Near-identical work under another number (151-18-000086),"Descriptions are 87% similar. Could be a recurring annual work, a re-tender, a split of one work, or a duplicate entry.",inferred,[]
182,fine_levied,info,Fine / penalty deducted from a bill,"IFMS deductions: fine ₹18,650. Penalties usually relate to delay or quality; their reason is not in the public record.",confirmed,"[{""source_id"": ""IFMS"", ""label"": ""BBMP IFMS work bill 447360"", ""url"": ""https://accounts.bbmp.gov.in/vssWB/vss00CvStatusData.php?pAction=LoadDetails&pWorkBillID=447360"", ""note"": ""Deductions""}]"
183,placeholder_photos,notice,Blank / placeholder file used as a site photo,6 photo slot(s) filled with a blank / placeholder file. Bills require before/during/after photos; a placeholder means the photo record for this work is missing.,confirmed,"[{""source_id"": ""IFMS-DOC"", ""label"": ""WB-photo1--38922638-NA.jpg"", ""url"": ""https://accounts.bbmp.gov.in/vssIFMS/Files1/WB-photo1--38922638-NA.jpg""}, {""source_id"": ""IFMS-DOC"", ""label"": ""WB-photo3--30624691-NA.jpg"", ""url"": ""https://accounts.bbmp.gov.in/vssIFMS/Files1/WB-photo3--30624691-NA.jpg""}, {""source_id"": ""IFMS-DOC"", ""label"": ""WB-photo2--31025101-NA.jpg"", ""url"": ""https://accounts.bbmp.gov.in/vssIFMS/Files1/WB-photo2--31025101-NA.jpg""}]"
183,bills_after_final,notice,10 bill(s) registered after the final bill,Final bill registered 2019-03-08; later non-final bills exist.,confirmed,"[{""source_id"": ""IFMS-GRID"", ""label"": ""BBMP IFMS payment grid (LoadPaymentGridData, all wards, quarterly)"", ""url"": ""https://accounts.bbmp.gov.in/vssWB/vss00CvStatusData.php?pAction=LoadPaymentGridData""}]"
183,qty_billed_above_plan,notice,Billed quantity above plan (2 items),"iron section, m in height, horizontal rail painted ( coats) with yellow and Each — planned 100 nos (Schedule B), bill abstracts (sum of read bills) 150 (+50%); gregates @ .459cum machine mixed, concrete laid in layers not exceeding cms. cum — planned 738.05 cum (Schedule B), bill abstracts (sum of read bills) 967.85 (+31%). Possible explanations: approved deviation or supplementary schedule, site conditions, an OCR misread on the plan side (each row passed quantity × rate = amount).",inferred,"[{""source_id"": ""IFMS-QTY"", ""label"": ""IFMS attachment WO-4-L4-ifms426-15462604-4-Shedule B.pdf (Schedule B), p.3"", ""url"": ""https://accounts.bbmp.gov.in/vssIFMS/Files/WO-4-L4-ifms426-15462604-4-Shedule%20B.pdf"", ""note"": ""OCR (tesseract psm 6, 2x); arithmetic; confidence high · row: \""section, 1.5 m in height, horizontal rail painted (2 coats) with yellow and|Each| 100.00 3000.00 300000.00\""""}, {""source_id"": ""IFMS-QTY"", ""label"": ""IFMS attachment WB-Bill--84224255-bill form 307-19-000009 (2).pdf (Bill Form), p.7"", ""url"": ""https://accounts.bbmp.gov.in/vssIFMS/Files/WB-Bill--84224255-bill%20form%20307-19-000009%20%282%29.pdf"", ""note"": ""OCR (tesseract psm 6, 2x, rulings removed); arithmetic; confidence high · row: \""x5 mm angle iron section, 1.5 m in height, horizontal rail painted Each — 100.00 45.00 135000.00 50.00 3000.00 150000.00 | 95.00 | — 285000.00\""""}, {""source_id"": ""IFMS-QTY"", ""label"": ""IFMS attachment WB-Bill-L4-ifms426-62124178-4-Bill Form.pdf (Bill Form), p.4"", ""url"": ""https://accounts.bbmp.gov.in/vssIFMS/Files1/WB-Bill-L4-ifms426-62124178-4-Bill%20Form.pdf"", ""note"": ""OCR (tesseract psm 6, 2x); arithmetic; confidence high · row: \""with 45 x 45 x 5 mm angle iron section, 1.5 m in height, horizontal rail painted (2 coats)| Each| 100.00: 95.00 285000.00 5.00 3000.00 15000.00 100.00 300000.00\""""}, {""source_id"": ""IFMS-QTY"", ""label"": ""IFMS attachment WO-4-L4-ifms426-15462604-4-Shedule B.pdf (Schedule B), p.7"", ""url"": ""https://accounts.bbmp.gov.in/vssIFMS/Files/WO-4-L4-ifms426-15462604-4-Shedule%20B.pdf"", ""note"": ""OCR (tesseract psm 6, 2x); arithmetic; confidence high · row: \""40 |0.459cum machine mixed, concrete laid in layers not exceeding 15 cms.] cum| 738.05 4500.00 3321225.00\""""}, {""source_id"": ""IFMS-QTY"", ""label"": ""IFMS attachment WB-Bill--84224255-bill form 307-19-000009 (2).pdf (Bill Form), p.14"", ""url"": ""https://accounts.bbmp.gov.in/vssIFMS/Files/WB-Bill--84224255-bill%20form%20307-19-000009%20%282%29.pdf"", ""note"": ""OCR (tesseract psm 6, 2x); arithmetic; confidence high · row: \""ca machine mixed, concrete laid in layers not] cum | 738.05 | 336.01 314.92 | 4500.00 1417139.55 65293 2938184.55\""""}, {""source_id"": ""IFMS-QTY"", ""label"": ""IFMS attachment WB-Bill-L4-ifms426-61447662-4-Bill Form.pdf (Bill Form), p.10"", ""url"": ""https://accounts.bbmp.gov.in/vssIFMS/Files/WB-Bill-L4-ifms426-61447662-4-Bill%20Form.pdf"", ""note"": ""OCR (tesseract psm 6, 2x); arithmetic; confidence high · row: \""aggregates @ 0.459cum machine mixed, concrete laid in layers not} cum | 738.05 338.01 . 1521045.00 314.92 | 4500.00 ¢~ .1417139.55 652.93 2938184.55\""""}]"
184,contractor_concentration,info,Contractor holds 1% of Koramangala money (9 projects),"C0016 Y H KRISHNA (identity inferred; ids: IFMS:022294): ₹42,232,488 across 9 projects in this dataset. Concentration is common for ward maintenance contracts; it is context, not a finding.",inferred,[]
185,related_work,info,Near-identical work under another number (151-18-000042),"Descriptions are 100% similar. Could be a recurring annual work, a re-tender, a split of one work, or a duplicate entry.",inferred,[]
186,contractor_concentration,info,Contractor holds 1% of Koramangala money (9 projects),"C0016 Y H KRISHNA (identity inferred; ids: IFMS:022294): ₹42,232,488 across 9 projects in this dataset. Concentration is common for ward maintenance contracts; it is context, not a finding.",inferred,[]
187,qty_unreadable_mb,info,High-value work whose measurement records are unreadable,8 MB / bill-form attachments downloaded; none yielded an arithmetic-checked quantity (handwritten or low-quality scans). Quantities for this work cannot be verified from public data.,confirmed,[]
188,fine_levied,info,Fine / penalty deducted from a bill,"IFMS deductions: fine ₹10,000. Penalties usually relate to delay or quality; their reason is not in the public record.",confirmed,"[{""source_id"": ""IFMS"", ""label"": ""BBMP IFMS work bill 244975"", ""url"": ""https://accounts.bbmp.gov.in/vssWB/vss00CvStatusData.php?pAction=LoadDetails&pWorkBillID=244975"", ""note"": ""Deductions""}]"
188,slow_payment,info,Median 821 days from bill registration to payment,Long payment delays are common (seniority-based bill clearance) and raise contractors' financing costs.,confirmed,"[{""source_id"": ""IFMS"", ""label"": ""BBMP IFMS work bill 244975"", ""url"": ""https://accounts.bbmp.gov.in/vssWB/vss00CvStatusData.php?pAction=LoadDetails&pWorkBillID=244975"", ""note"": ""BR / RTGS dates""}]"
188,late_payment,info,Bill paid 2 years after work end date,Long payment lag; common with BBMP bill backlogs (seniority-based payment).,confirmed,"[{""source_id"": ""S01"", ""label"": ""BBMP Work Orders - Koramangala (Ward 151), 2013-2022"", ""url"": ""https://data.opencity.in/dataset/d22cea6d-5256-43af-8ad5-68db551e0760/resource/1ccbab74-ca87-465f-826b-5fd1b4b81a5f/download/f68edd0d-7e8b-4386-89cc-a7c946785c8a.csv"", ""rows"": [114]}]"
189,contractor_concentration,info,Contractor holds 1% of Koramangala money (28 projects),"C0003 SREEDHARA.K.C (identity inferred; ids: IFMS:022360, KPPP:1384): ₹81,769,787 across 28 projects in this dataset. Concentration is common for ward maintenance contracts; it is context, not a finding.",inferred,[]
190,contractor_concentration,info,Contractor holds 1% of Koramangala money (28 projects),"C0003 SREEDHARA.K.C (identity inferred; ids: IFMS:022360, KPPP:1384): ₹81,769,787 across 28 projects in this dataset. Concentration is common for ward maintenance contracts; it is context, not a finding.",inferred,[]
191,contractor_concentration,info,Contractor holds 1% of Koramangala money (28 projects),"C0003 SREEDHARA.K.C (identity inferred; ids: IFMS:022360, KPPP:1384): ₹81,769,787 across 28 projects in this dataset. Concentration is common for ward maintenance contracts; it is context, not a finding.",inferred,[]
191,related_work,info,Near-identical work under another number (151-19-000007),"Descriptions are 100% similar. Could be a recurring annual work, a re-tender, a split of one work, or a duplicate entry.",inferred,[]
191,related_work,info,Near-identical work under another number (151-17-000084),"Descriptions are 100% similar. Could be a recurring annual work, a re-tender, a split of one work, or a duplicate entry.",inferred,[]
192,slow_payment,info,Median 811 days from bill registration to payment,Long payment delays are common (seniority-based bill clearance) and raise contractors' financing costs.,confirmed,"[{""source_id"": ""IFMS"", ""label"": ""BBMP IFMS work bill 245585"", ""url"": ""https://accounts.bbmp.gov.in/vssWB/vss00CvStatusData.php?pAction=LoadDetails&pWorkBillID=245585"", ""note"": ""BR / RTGS dates""}]"
192,late_payment,info,Bill paid 2 years after work end date,Long payment lag; common with BBMP bill backlogs (seniority-based payment).,confirmed,"[{""source_id"": ""S01"", ""label"": ""BBMP Work Orders - Koramangala (Ward 151), 2013-2022"", ""url"": ""https://data.opencity.in/dataset/d22cea6d-5256-43af-8ad5-68db551e0760/resource/1ccbab74-ca87-465f-826b-5fd1b4b81a5f/download/f68edd0d-7e8b-4386-89cc-a7c946785c8a.csv"", ""rows"": [71]}]"
193,fine_levied,info,Fine / penalty deducted from a bill,"IFMS deductions: fine ₹10,000. Penalties usually relate to delay or quality; their reason is not in the public record.",confirmed,"[{""source_id"": ""IFMS"", ""label"": ""BBMP IFMS work bill 242007"", ""url"": ""https://accounts.bbmp.gov.in/vssWB/vss00CvStatusData.php?pAction=LoadDetails&pWorkBillID=242007"", ""note"": ""Deductions""}]"
193,slow_payment,info,Median 809 days from bill registration to payment,Long payment delays are common (seniority-based bill clearance) and raise contractors' financing costs.,confirmed,"[{""source_id"": ""IFMS"", ""label"": ""BBMP IFMS work bill 242007"", ""url"": ""https://accounts.bbmp.gov.in/vssWB/vss00CvStatusData.php?pAction=LoadDetails&pWorkBillID=242007"", ""note"": ""BR / RTGS dates""}]"
193,late_payment,info,Bill paid 2 years after work end date,Long payment lag; common with BBMP bill backlogs (seniority-based payment).,confirmed,"[{""source_id"": ""S03"", ""label"": ""BBMP Work Orders - Ejipura (Ward 148), 2013-2022"", ""url"": ""https://data.opencity.in/dataset/d22cea6d-5256-43af-8ad5-68db551e0760/resource/bcc85853-64d8-4ffb-b213-ff1c769f1ddf/download/ba583625-49c9-4e9f-89b4-764b9e9773cd.csv"", ""rows"": [113]}]"
193,placeholder_reused,info,Same placeholder file uploaded as evidence on several works,"The same file (md5 4a81885c98…; Completion Certificate, Photo - After Work, Photo - Before Work, Photo - Work In Progress) is attached to bills of 3 works: 151-19-000056, 151-21-000002. A placeholder means the real record is missing.",confirmed,"[{""source_id"": ""IFMS-DOC"", ""label"": ""Attachment"", ""url"": ""https://accounts.bbmp.gov.in/vssIFMS/Files/WB-CC--26217486-NA.pdf""}]"
194,slow_payment,info,Median 837 days from bill registration to payment,Long payment delays are common (seniority-based bill clearance) and raise contractors' financing costs.,confirmed,"[{""source_id"": ""IFMS"", ""label"": ""BBMP IFMS work bill 239792"", ""url"": ""https://accounts.bbmp.gov.in/vssWB/vss00CvStatusData.php?pAction=LoadDetails&pWorkBillID=239792"", ""note"": ""BR / RTGS dates""}]"
194,late_payment,info,Bill paid 2 years after work end date,Long payment lag; common with BBMP bill backlogs (seniority-based payment).,confirmed,"[{""source_id"": ""S01"", ""label"": ""BBMP Work Orders - Koramangala (Ward 151), 2013-2022"", ""url"": ""https://data.opencity.in/dataset/d22cea6d-5256-43af-8ad5-68db551e0760/resource/1ccbab74-ca87-465f-826b-5fd1b4b81a5f/download/f68edd0d-7e8b-4386-89cc-a7c946785c8a.csv"", ""rows"": [73]}]"
195,slow_payment,info,Median 837 days from bill registration to payment,Long payment delays are common (seniority-based bill clearance) and raise contractors' financing costs.,confirmed,"[{""source_id"": ""IFMS"", ""label"": ""BBMP IFMS work bill 240369"", ""url"": ""https://accounts.bbmp.gov.in/vssWB/vss00CvStatusData.php?pAction=LoadDetails&pWorkBillID=240369"", ""note"": ""BR / RTGS dates""}]"
195,late_payment,info,Bill paid 2 years after work end date,Long payment lag; common with BBMP bill backlogs (seniority-based payment).,confirmed,"[{""source_id"": ""S01"", ""label"": ""BBMP Work Orders - Koramangala (Ward 151), 2013-2022"", ""url"": ""https://data.opencity.in/dataset/d22cea6d-5256-43af-8ad5-68db551e0760/resource/1ccbab74-ca87-465f-826b-5fd1b4b81a5f/download/f68edd0d-7e8b-4386-89cc-a7c946785c8a.csv"", ""rows"": [77]}]"
196,slow_payment,info,Median 771 days from bill registration to payment,Long payment delays are common (seniority-based bill clearance) and raise contractors' financing costs.,confirmed,"[{""source_id"": ""IFMS"", ""label"": ""BBMP IFMS work bill 249408"", ""url"": ""https://accounts.bbmp.gov.in/vssWB/vss00CvStatusData.php?pAction=LoadDetails&pWorkBillID=249408"", ""note"": ""BR / RTGS dates""}]"
196,late_payment,info,Bill paid 2 years after work end date,Long payment lag; common with BBMP bill backlogs (seniority-based payment).,confirmed,"[{""source_id"": ""S03"", ""label"": ""BBMP Work Orders - Ejipura (Ward 148), 2013-2022"", ""url"": ""https://data.opencity.in/dataset/d22cea6d-5256-43af-8ad5-68db551e0760/resource/bcc85853-64d8-4ffb-b213-ff1c769f1ddf/download/ba583625-49c9-4e9f-89b4-764b9e9773cd.csv"", ""rows"": [89]}]"
197,slow_payment,info,Median 823 days from bill registration to payment,Long payment delays are common (seniority-based bill clearance) and raise contractors' financing costs.,confirmed,"[{""source_id"": ""IFMS"", ""label"": ""BBMP IFMS work bill 239566"", ""url"": ""https://accounts.bbmp.gov.in/vssWB/vss00CvStatusData.php?pAction=LoadDetails&pWorkBillID=239566"", ""note"": ""BR / RTGS dates""}]"
197,late_payment,info,Bill paid 2 years after work end date,Long payment lag; common with BBMP bill backlogs (seniority-based payment).,confirmed,"[{""source_id"": ""S01"", ""label"": ""BBMP Work Orders - Koramangala (Ward 151), 2013-2022"", ""url"": ""https://data.opencity.in/dataset/d22cea6d-5256-43af-8ad5-68db551e0760/resource/1ccbab74-ca87-465f-826b-5fd1b4b81a5f/download/f68edd0d-7e8b-4386-89cc-a7c946785c8a.csv"", ""rows"": [70]}]"
197,contractor_concentration,info,Contractor holds 14% of Koramangala money (12 projects),"C0004 M RAMESH (identity inferred; ids: IFMS:023007, KPPP:1552): ₹862,988,297 across 12 projects in this dataset. Concentration is common for ward maintenance contracts; it is context, not a finding.",inferred,[]
198,slow_payment,info,Median 398 days from bill registration to payment,Long payment delays are common (seniority-based bill clearance) and raise contractors' financing costs.,confirmed,"[{""source_id"": ""IFMS"", ""label"": ""BBMP IFMS work bill 327117"", ""url"": ""https://accounts.bbmp.gov.in/vssWB/vss00CvStatusData.php?pAction=LoadDetails&pWorkBillID=327117"", ""note"": ""BR / RTGS dates""}]"
199,fine_levied,info,Fine / penalty deducted from a bill,"IFMS deductions: fine ₹69,600. Penalties usually relate to delay or quality; their reason is not in the public record.",confirmed,"[{""source_id"": ""IFMS"", ""label"": ""BBMP IFMS work bill 422027"", ""url"": ""https://accounts.bbmp.gov.in/vssWB/vss00CvStatusData.php?pAction=LoadDetails&pWorkBillID=422027"", ""note"": ""Deductions""}]"
199,related_work,info,Near-identical work under another number (147-18-000023),"Descriptions are 98% similar. Could be a recurring annual work, a re-tender, a split of one work, or a duplicate entry.",inferred,[]
200,slow_payment,info,Median 837 days from bill registration to payment,Long payment delays are common (seniority-based bill clearance) and raise contractors' financing costs.,confirmed,"[{""source_id"": ""IFMS"", ""label"": ""BBMP IFMS work bill 221247"", ""url"": ""https://accounts.bbmp.gov.in/vssWB/vss00CvStatusData.php?pAction=LoadDetails&pWorkBillID=221247"", ""note"": ""BR / RTGS dates""}]"
200,late_payment,info,Bill paid 2 years after work end date,Long payment lag; common with BBMP bill backlogs (seniority-based payment).,confirmed,"[{""source_id"": ""S01"", ""label"": ""BBMP Work Orders - Koramangala (Ward 151), 2013-2022"", ""url"": ""https://data.opencity.in/dataset/d22cea6d-5256-43af-8ad5-68db551e0760/resource/1ccbab74-ca87-465f-826b-5fd1b4b81a5f/download/f68edd0d-7e8b-4386-89cc-a7c946785c8a.csv"", ""rows"": [86]}]"
200,contractor_concentration,info,Contractor holds 0% of Koramangala money (10 projects),"C0012 SATHISH NAYAK K (identity inferred; ids: none): ₹27,751,149 across 10 projects in this dataset. Concentration is common for ward maintenance contracts; it is context, not a finding.",inferred,[]
200,related_work,info,Near-identical work under another number (151-19-000076),"Descriptions are 100% similar. Could be a recurring annual work, a re-tender, a split of one work, or a duplicate entry.",inferred,[]
201,slow_payment,info,Median 837 days from bill registration to payment,Long payment delays are common (seniority-based bill clearance) and raise contractors' financing costs.,confirmed,"[{""source_id"": ""IFMS"", ""label"": ""BBMP IFMS work bill 219191"", ""url"": ""https://accounts.bbmp.gov.in/vssWB/vss00CvStatusData.php?pAction=LoadDetails&pWorkBillID=219191"", ""note"": ""BR / RTGS dates""}]"
201,late_payment,info,Bill paid 2 years after work end date,Long payment lag; common with BBMP bill backlogs (seniority-based payment).,confirmed,"[{""source_id"": ""S02"", ""label"": ""BBMP Work Orders - Adugodi (Ward 147), 2013-2022"", ""url"": ""https://data.opencity.in/dataset/d22cea6d-5256-43af-8ad5-68db551e0760/resource/9781e788-6c7b-4978-a600-abf3836b2a37/download/e51f4570-bde5-4fa7-bdd7-ec131041ea35.csv"", ""rows"": [68]}]"
201,contractor_concentration,info,Contractor holds 0% of Koramangala money (10 projects),"C0012 SATHISH NAYAK K (identity inferred; ids: none): ₹27,751,149 across 10 projects in this dataset. Concentration is common for ward maintenance contracts; it is context, not a finding.",inferred,[]
202,recalled_tender,info,Tender re-called once (CALL-2),First call did not result in an award.,inferred,"[{""source_id"": ""OC-TENDERS"", ""label"": ""BBMP tender list: BBMP/2017-18/OW/WORK_INDENT27455"", ""url"": ""https://data.opencity.in/dataset/a779be95-ef47-4e04-8da7-08d4304cc61b/resource/2292da69-b446-4b8c-b30b-ff065dbc53cc/download/361319f8-5c74-4230-8612-a5832d58a409.csv"", ""note"": ""Call 1"", ""rows"": [3417]}, {""source_id"": ""OC-TENDERS"", ""label"": ""BBMP tender list: BBMP/2017-18/OW/WORK_INDENT27455/CALL-2"", ""url"": ""https://data.opencity.in/dataset/a779be95-ef47-4e04-8da7-08d4304cc61b/resource/2292da69-b446-4b8c-b30b-ff065dbc53cc/download/361319f8-5c74-4230-8612-a5832d58a409.csv"", ""note"": ""Call 2"", ""rows"": [3822]}]"
202,slow_payment,info,Median 847 days from bill registration to payment,Long payment delays are common (seniority-based bill clearance) and raise contractors' financing costs.,confirmed,"[{""source_id"": ""IFMS"", ""label"": ""BBMP IFMS work bill 207435"", ""url"": ""https://accounts.bbmp.gov.in/vssWB/vss00CvStatusData.php?pAction=LoadDetails&pWorkBillID=207435"", ""note"": ""BR / RTGS dates""}]"
202,late_payment,info,Bill paid 2 years after work end date,Long payment lag; common with BBMP bill backlogs (seniority-based payment).,confirmed,"[{""source_id"": ""S01"", ""label"": ""BBMP Work Orders - Koramangala (Ward 151), 2013-2022"", ""url"": ""https://data.opencity.in/dataset/d22cea6d-5256-43af-8ad5-68db551e0760/resource/1ccbab74-ca87-465f-826b-5fd1b4b81a5f/download/f68edd0d-7e8b-4386-89cc-a7c946785c8a.csv"", ""rows"": [89]}]"
202,document_reused,notice,Identical Agreement attached to another job number,"The same file (md5 220f8c06b4…; Agreement) is attached to bills of 2 works: 151-17-000029. Could be one contract booked under two job numbers, or a wrong upload — worth checking.",confirmed,"[{""source_id"": ""IFMS-DOC"", ""label"": ""Attachment"", ""url"": ""https://accounts.bbmp.gov.in/vssIFMS/Files1/WO-6-L4-ifms426-82420532-4-Agre.pdf""}]"
203,fine_levied,info,Fine / penalty deducted from a bill,"IFMS deductions: fine ₹17,600. Penalties usually relate to delay or quality; their reason is not in the public record.",confirmed,"[{""source_id"": ""IFMS"", ""label"": ""BBMP IFMS work bill 329256"", ""url"": ""https://accounts.bbmp.gov.in/vssWB/vss00CvStatusData.php?pAction=LoadDetails&pWorkBillID=329256"", ""note"": ""Deductions""}]"
203,slow_payment,info,Median 431 days from bill registration to payment,Long payment delays are common (seniority-based bill clearance) and raise contractors' financing costs.,confirmed,"[{""source_id"": ""IFMS"", ""label"": ""BBMP IFMS work bill 329256"", ""url"": ""https://accounts.bbmp.gov.in/vssWB/vss00CvStatusData.php?pAction=LoadDetails&pWorkBillID=329256"", ""note"": ""BR / RTGS dates""}]"
203,contractor_concentration,info,Contractor holds 5% of Koramangala money (92 projects),"C0001 M/s KRIDL (identity inferred; ids: none): ₹339,017,742 across 92 projects in this dataset. Concentration is common for ward maintenance contracts; it is context, not a finding.",inferred,[]
203,related_work,info,Near-identical work under another number (151-20-000006),"Descriptions are 100% similar. Could be a recurring annual work, a re-tender, a split of one work, or a duplicate entry.",inferred,[]
203,related_work,info,Near-identical work under another number (151-17-000084),"Descriptions are 100% similar. Could be a recurring annual work, a re-tender, a split of one work, or a duplicate entry.",inferred,[]
204,slow_payment,info,Median 878 days from bill registration to payment,Long payment delays are common (seniority-based bill clearance) and raise contractors' financing costs.,confirmed,"[{""source_id"": ""IFMS"", ""label"": ""BBMP IFMS work bill 209186"", ""url"": ""https://accounts.bbmp.gov.in/vssWB/vss00CvStatusData.php?pAction=LoadDetails&pWorkBillID=209186"", ""note"": ""BR / RTGS dates""}]"
204,late_payment,info,Bill paid 2 years after work end date,Long payment lag; common with BBMP bill backlogs (seniority-based payment).,confirmed,"[{""source_id"": ""S01"", ""label"": ""BBMP Work Orders - Koramangala (Ward 151), 2013-2022"", ""url"": ""https://data.opencity.in/dataset/d22cea6d-5256-43af-8ad5-68db551e0760/resource/1ccbab74-ca87-465f-826b-5fd1b4b81a5f/download/f68edd0d-7e8b-4386-89cc-a7c946785c8a.csv"", ""rows"": [88]}]"
204,related_work,info,Near-identical work under another number (151-17-000070),"Descriptions are 100% similar. Could be a recurring annual work, a re-tender, a split of one work, or a duplicate entry.",inferred,[]
205,slow_payment,info,Median 873 days from bill registration to payment,Long payment delays are common (seniority-based bill clearance) and raise contractors' financing costs.,confirmed,"[{""source_id"": ""IFMS"", ""label"": ""BBMP IFMS work bill 209187"", ""url"": ""https://accounts.bbmp.gov.in/vssWB/vss00CvStatusData.php?pAction=LoadDetails&pWorkBillID=209187"", ""note"": ""BR / RTGS dates""}]"
205,late_payment,info,Bill paid 2 years after work end date,Long payment lag; common with BBMP bill backlogs (seniority-based payment).,confirmed,"[{""source_id"": ""S01"", ""label"": ""BBMP Work Orders - Koramangala (Ward 151), 2013-2022"", ""url"": ""https://data.opencity.in/dataset/d22cea6d-5256-43af-8ad5-68db551e0760/resource/1ccbab74-ca87-465f-826b-5fd1b4b81a5f/download/f68edd0d-7e8b-4386-89cc-a7c946785c8a.csv"", ""rows"": [87]}]"
207,year_end_payment,info,100% of payments made in the last fortnight of March,Payments bunched at financial-year end (budget lapse pressure) are common; worth checking that measurement of the work preceded payment.,confirmed,"[{""source_id"": ""IFMS-GRID"", ""label"": ""BBMP IFMS payment grid (LoadPaymentGridData, all wards, quarterly)"", ""url"": ""https://accounts.bbmp.gov.in/vssWB/vss00CvStatusData.php?pAction=LoadPaymentGridData"", ""rows"": []}]"
207,contractor_concentration,info,Contractor holds 1% of Koramangala money (28 projects),"C0003 SREEDHARA.K.C (identity inferred; ids: IFMS:022360, KPPP:1384): ₹81,769,787 across 28 projects in this dataset. Concentration is common for ward maintenance contracts; it is context, not a finding.",inferred,[]
208,year_end_payment,info,100% of payments made in the last fortnight of March,Payments bunched at financial-year end (budget lapse pressure) are common; worth checking that measurement of the work preceded payment.,confirmed,"[{""source_id"": ""IFMS-GRID"", ""label"": ""BBMP IFMS payment grid (LoadPaymentGridData, all wards, quarterly)"", ""url"": ""https://accounts.bbmp.gov.in/vssWB/vss00CvStatusData.php?pAction=LoadPaymentGridData"", ""rows"": []}]"
208,contractor_concentration,info,Contractor holds 5% of Koramangala money (92 projects),"C0001 M/s KRIDL (identity inferred; ids: none): ₹339,017,742 across 92 projects in this dataset. Concentration is common for ward maintenance contracts; it is context, not a finding.",inferred,[]
210,fine_levied,info,Fine / penalty deducted from a bill,"IFMS deductions: fine ₹10,000. Penalties usually relate to delay or quality; their reason is not in the public record.",confirmed,"[{""source_id"": ""IFMS"", ""label"": ""BBMP IFMS work bill 198599"", ""url"": ""https://accounts.bbmp.gov.in/vssWB/vss00CvStatusData.php?pAction=LoadDetails&pWorkBillID=198599"", ""note"": ""Deductions""}]"
210,slow_payment,info,Median 872 days from bill registration to payment,Long payment delays are common (seniority-based bill clearance) and raise contractors' financing costs.,confirmed,"[{""source_id"": ""IFMS"", ""label"": ""BBMP IFMS work bill 198599"", ""url"": ""https://accounts.bbmp.gov.in/vssWB/vss00CvStatusData.php?pAction=LoadDetails&pWorkBillID=198599"", ""note"": ""BR / RTGS dates""}]"
210,late_payment,info,Bill paid 2 years after work end date,Long payment lag; common with BBMP bill backlogs (seniority-based payment).,confirmed,"[{""source_id"": ""S01"", ""label"": ""BBMP Work Orders - Koramangala (Ward 151), 2013-2022"", ""url"": ""https://data.opencity.in/dataset/d22cea6d-5256-43af-8ad5-68db551e0760/resource/1ccbab74-ca87-465f-826b-5fd1b4b81a5f/download/f68edd0d-7e8b-4386-89cc-a7c946785c8a.csv"", ""rows"": [150]}]"
211,contractor_concentration,info,Contractor holds 1% of Koramangala money (14 projects),"C0005 R M RAVI (CONTRACTO (identity inferred; ids: KPPP:1512): ₹39,889,070 across 14 projects in this dataset. Concentration is common for ward maintenance contracts; it is context, not a finding.",inferred,[]
213,contractor_concentration,info,Contractor holds 5% of Koramangala money (92 projects),"C0001 M/s KRIDL (identity inferred; ids: none): ₹339,017,742 across 92 projects in this dataset. Concentration is common for ward maintenance contracts; it is context, not a finding.",inferred,[]
214,bills_after_final,notice,2 bill(s) registered after the final bill,Final bill registered 2018-04-11; later non-final bills exist.,confirmed,"[{""source_id"": ""IFMS-GRID"", ""label"": ""BBMP IFMS payment grid (LoadPaymentGridData, all wards, quarterly)"", ""url"": ""https://accounts.bbmp.gov.in/vssWB/vss00CvStatusData.php?pAction=LoadPaymentGridData""}]"
215,contractor_concentration,info,Contractor holds 5% of Koramangala money (92 projects),"C0001 M/s KRIDL (identity inferred; ids: none): ₹339,017,742 across 92 projects in this dataset. Concentration is common for ward maintenance contracts; it is context, not a finding.",inferred,[]
216,contractor_concentration,info,Contractor holds 5% of Koramangala money (92 projects),"C0001 M/s KRIDL (identity inferred; ids: none): ₹339,017,742 across 92 projects in this dataset. Concentration is common for ward maintenance contracts; it is context, not a finding.",inferred,[]
216,related_work,info,Near-identical work under another number (151-20-000070),"Descriptions are 100% similar. Could be a recurring annual work, a re-tender, a split of one work, or a duplicate entry.",inferred,[]
216,related_work,info,Near-identical work under another number (151-20-000105),"Descriptions are 100% similar. Could be a recurring annual work, a re-tender, a split of one work, or a duplicate entry.",inferred,[]
217,contractor_concentration,info,Contractor holds 5% of Koramangala money (92 projects),"C0001 M/s KRIDL (identity inferred; ids: none): ₹339,017,742 across 92 projects in this dataset. Concentration is common for ward maintenance contracts; it is context, not a finding.",inferred,[]
218,contractor_concentration,info,Contractor holds 5% of Koramangala money (92 projects),"C0001 M/s KRIDL (identity inferred; ids: none): ₹339,017,742 across 92 projects in this dataset. Concentration is common for ward maintenance contracts; it is context, not a finding.",inferred,[]
218,related_work,info,Near-identical work under another number (BBMP/2025-26/OW/WORK_INDENT7580),"Descriptions are 85% similar. Could be a recurring annual work, a re-tender, a split of one work, or a duplicate entry.",inferred,[]
218,related_work,info,Near-identical work under another number (147-17-000016),"Descriptions are 93% similar. Could be a recurring annual work, a re-tender, a split of one work, or a duplicate entry.",inferred,[]
218,related_work,info,Near-identical work under another number (147-19-000020),"Descriptions are 99% similar. Could be a recurring annual work, a re-tender, a split of one work, or a duplicate entry.",inferred,[]
219,slow_payment,info,Median 931 days from bill registration to payment,Long payment delays are common (seniority-based bill clearance) and raise contractors' financing costs.,confirmed,"[{""source_id"": ""IFMS"", ""label"": ""BBMP IFMS work bill 172834"", ""url"": ""https://accounts.bbmp.gov.in/vssWB/vss00CvStatusData.php?pAction=LoadDetails&pWorkBillID=172834"", ""note"": ""BR / RTGS dates""}]"
219,late_payment,info,Bill paid 2 years after work end date,Long payment lag; common with BBMP bill backlogs (seniority-based payment).,confirmed,"[{""source_id"": ""S01"", ""label"": ""BBMP Work Orders - Koramangala (Ward 151), 2013-2022"", ""url"": ""https://data.opencity.in/dataset/d22cea6d-5256-43af-8ad5-68db551e0760/resource/1ccbab74-ca87-465f-826b-5fd1b4b81a5f/download/f68edd0d-7e8b-4386-89cc-a7c946785c8a.csv"", ""rows"": [99]}]"
219,document_reused,notice,Identical Agreement attached to another job number,"The same file (md5 220f8c06b4…; Agreement) is attached to bills of 2 works: 151-17-000076. Could be one contract booked under two job numbers, or a wrong upload — worth checking.",confirmed,"[{""source_id"": ""IFMS-DOC"", ""label"": ""Attachment"", ""url"": ""https://accounts.bbmp.gov.in/vssIFMS/Files1/WO-6-L4-ifms426-65351079-4-Agre.pdf""}]"
220,slow_payment,info,Median 629 days from bill registration to payment,Long payment delays are common (seniority-based bill clearance) and raise contractors' financing costs.,confirmed,"[{""source_id"": ""IFMS"", ""label"": ""BBMP IFMS work bill 202129"", ""url"": ""https://accounts.bbmp.gov.in/vssWB/vss00CvStatusData.php?pAction=LoadDetails&pWorkBillID=202129"", ""note"": ""BR / RTGS dates""}]"
220,late_payment,info,Bill paid 2 years after work end date,Long payment lag; common with BBMP bill backlogs (seniority-based payment).,confirmed,"[{""source_id"": ""S02"", ""label"": ""BBMP Work Orders - Adugodi (Ward 147), 2013-2022"", ""url"": ""https://data.opencity.in/dataset/d22cea6d-5256-43af-8ad5-68db551e0760/resource/9781e788-6c7b-4978-a600-abf3836b2a37/download/e51f4570-bde5-4fa7-bdd7-ec131041ea35.csv"", ""rows"": [112]}]"
220,related_work,info,Near-identical work under another number (147-19-000019),"Descriptions are 93% similar. Could be a recurring annual work, a re-tender, a split of one work, or a duplicate entry.",inferred,[]
220,related_work,info,Near-identical work under another number (147-19-000020),"Descriptions are 88% similar. Could be a recurring annual work, a re-tender, a split of one work, or a duplicate entry.",inferred,[]
220,related_work,info,Near-identical work under another number (147-17-000004),"Descriptions are 87% similar. Could be a recurring annual work, a re-tender, a split of one work, or a duplicate entry.",inferred,[]
221,related_work,info,Near-identical work under another number (151-19-000038),"Descriptions are 83% similar. Could be a recurring annual work, a re-tender, a split of one work, or a duplicate entry.",inferred,[]
222,placeholder_photos,notice,Blank / placeholder file used as a site photo,3 photo slot(s) filled with a blank / placeholder file. Bills require before/during/after photos; a placeholder means the photo record for this work is missing.,confirmed,"[{""source_id"": ""IFMS-DOC"", ""label"": ""WB-photo1--32393750-emty page.pdf"", ""url"": ""https://accounts.bbmp.gov.in/vssIFMS/Files/WB-photo1--32393750-emty%20page.pdf""}, {""source_id"": ""IFMS-DOC"", ""label"": ""WB-photo2--02068961-emty page.pdf"", ""url"": ""https://accounts.bbmp.gov.in/vssIFMS/Files/WB-photo2--02068961-emty%20page.pdf""}, {""source_id"": ""IFMS-DOC"", ""label"": ""WB-photo3--25289339-emty page.pdf"", ""url"": ""https://accounts.bbmp.gov.in/vssIFMS/Files/WB-photo3--25289339-emty%20page.pdf""}]"
222,slow_payment,info,Median 644 days from bill registration to payment,Long payment delays are common (seniority-based bill clearance) and raise contractors' financing costs.,confirmed,"[{""source_id"": ""IFMS"", ""label"": ""BBMP IFMS work bill 191931"", ""url"": ""https://accounts.bbmp.gov.in/vssWB/vss00CvStatusData.php?pAction=LoadDetails&pWorkBillID=191931"", ""note"": ""BR / RTGS dates""}]"
222,late_payment,info,Bill paid 2 years after work end date,Long payment lag; common with BBMP bill backlogs (seniority-based payment).,confirmed,"[{""source_id"": ""S02"", ""label"": ""BBMP Work Orders - Adugodi (Ward 147), 2013-2022"", ""url"": ""https://data.opencity.in/dataset/d22cea6d-5256-43af-8ad5-68db551e0760/resource/9781e788-6c7b-4978-a600-abf3836b2a37/download/e51f4570-bde5-4fa7-bdd7-ec131041ea35.csv"", ""rows"": [89]}]"
222,contractor_concentration,info,Contractor holds 0% of Koramangala money (14 projects),"C0007 Sri. K R Pratheek (identity inferred; ids: none): ₹31,619,971 across 14 projects in this dataset. Concentration is common for ward maintenance contracts; it is context, not a finding.",inferred,[]
222,placeholder_reused,info,Same placeholder file uploaded as evidence on several works,"The same file (md5 94e47fe3cc…; Photo - After Work, Photo - Before Work, Photo - Work In Progress) is attached to bills of 5 works: 147-17-000038, 147-17-000039, 147-17-000063, 147-17-000083. A placeholder means the real record is missing.",confirmed,"[{""source_id"": ""IFMS-DOC"", ""label"": ""Attachment"", ""url"": ""https://accounts.bbmp.gov.in/vssIFMS/Files/WB-photo1--32393750-emty%20page.pdf""}]"
223,placeholder_photos,notice,Blank / placeholder file used as a site photo,3 photo slot(s) filled with a blank / placeholder file. Bills require before/during/after photos; a placeholder means the photo record for this work is missing.,confirmed,"[{""source_id"": ""IFMS-DOC"", ""label"": ""WB-photo2--56885513-emty page.pdf"", ""url"": ""https://accounts.bbmp.gov.in/vssIFMS/Files/WB-photo2--56885513-emty%20page.pdf""}, {""source_id"": ""IFMS-DOC"", ""label"": ""WB-photo3--56885513-emty page.pdf"", ""url"": ""https://accounts.bbmp.gov.in/vssIFMS/Files/WB-photo3--56885513-emty%20page.pdf""}, {""source_id"": ""IFMS-DOC"", ""label"": ""WB-photo1--78209919-emty page.pdf"", ""url"": ""https://accounts.bbmp.gov.in/vssIFMS/Files/WB-photo1--78209919-emty%20page.pdf""}]"
223,slow_payment,info,Median 644 days from bill registration to payment,Long payment delays are common (seniority-based bill clearance) and raise contractors' financing costs.,confirmed,"[{""source_id"": ""IFMS"", ""label"": ""BBMP IFMS work bill 191944"", ""url"": ""https://accounts.bbmp.gov.in/vssWB/vss00CvStatusData.php?pAction=LoadDetails&pWorkBillID=191944"", ""note"": ""BR / RTGS dates""}]"
223,late_payment,info,Bill paid 2 years after work end date,Long payment lag; common with BBMP bill backlogs (seniority-based payment).,confirmed,"[{""source_id"": ""S02"", ""label"": ""BBMP Work Orders - Adugodi (Ward 147), 2013-2022"", ""url"": ""https://data.opencity.in/dataset/d22cea6d-5256-43af-8ad5-68db551e0760/resource/9781e788-6c7b-4978-a600-abf3836b2a37/download/e51f4570-bde5-4fa7-bdd7-ec131041ea35.csv"", ""rows"": [96]}]"
223,contractor_concentration,info,Contractor holds 0% of Koramangala money (14 projects),"C0007 Sri. K R Pratheek (identity inferred; ids: none): ₹31,619,971 across 14 projects in this dataset. Concentration is common for ward maintenance contracts; it is context, not a finding.",inferred,[]
223,placeholder_reused,info,Same placeholder file uploaded as evidence on several works,"The same file (md5 94e47fe3cc…; Photo - After Work, Photo - Before Work, Photo - Work In Progress) is attached to bills of 5 works: 147-17-000038, 147-17-000039, 147-17-000083, 147-17-000086. A placeholder means the real record is missing.",confirmed,"[{""source_id"": ""IFMS-DOC"", ""label"": ""Attachment"", ""url"": ""https://accounts.bbmp.gov.in/vssIFMS/Files/WB-photo2--56885513-emty%20page.pdf""}]"
224,placeholder_photos,notice,Blank / placeholder file used as a site photo,4 photo slot(s) filled with a blank / placeholder file. Bills require before/during/after photos; a placeholder means the photo record for this work is missing.,confirmed,"[{""source_id"": ""IFMS-DOC"", ""label"": ""WB-photo2--11301335-emty page.pdf"", ""url"": ""https://accounts.bbmp.gov.in/vssIFMS/Files/WB-photo2--11301335-emty%20page.pdf""}, {""source_id"": ""IFMS-DOC"", ""label"": ""WB-photo3--52178232-emty page.pdf"", ""url"": ""https://accounts.bbmp.gov.in/vssIFMS/Files/WB-photo3--52178232-emty%20page.pdf""}, {""source_id"": ""IFMS-DOC"", ""label"": ""WB-photo1--64675895-emty page.pdf"", ""url"": ""https://accounts.bbmp.gov.in/vssIFMS/Files/WB-photo1--64675895-emty%20page.pdf""}]"
224,slow_payment,info,Median 644 days from bill registration to payment,Long payment delays are common (seniority-based bill clearance) and raise contractors' financing costs.,confirmed,"[{""source_id"": ""IFMS"", ""label"": ""BBMP IFMS work bill 192374"", ""url"": ""https://accounts.bbmp.gov.in/vssWB/vss00CvStatusData.php?pAction=LoadDetails&pWorkBillID=192374"", ""note"": ""BR / RTGS dates""}]"
224,late_payment,info,Bill paid 2 years after work end date,Long payment lag; common with BBMP bill backlogs (seniority-based payment).,confirmed,"[{""source_id"": ""S02"", ""label"": ""BBMP Work Orders - Adugodi (Ward 147), 2013-2022"", ""url"": ""https://data.opencity.in/dataset/d22cea6d-5256-43af-8ad5-68db551e0760/resource/9781e788-6c7b-4978-a600-abf3836b2a37/download/e51f4570-bde5-4fa7-bdd7-ec131041ea35.csv"", ""rows"": [97]}]"
224,contractor_concentration,info,Contractor holds 0% of Koramangala money (14 projects),"C0007 Sri. K R Pratheek (identity inferred; ids: none): ₹31,619,971 across 14 projects in this dataset. Concentration is common for ward maintenance contracts; it is context, not a finding.",inferred,[]
224,placeholder_reused,info,Same placeholder file uploaded as evidence on several works,"The same file (md5 94e47fe3cc…; Photo - After Work, Photo - Before Work, Photo - Work In Progress) is attached to bills of 5 works: 147-17-000038, 147-17-000039, 147-17-000063, 147-17-000086. A placeholder means the real record is missing.",confirmed,"[{""source_id"": ""IFMS-DOC"", ""label"": ""Attachment"", ""url"": ""https://accounts.bbmp.gov.in/vssIFMS/Files/WB-photo2--11301335-emty%20page.pdf""}]"
225,placeholder_photos,notice,Blank / placeholder file used as a site photo,3 photo slot(s) filled with a blank / placeholder file. Bills require before/during/after photos; a placeholder means the photo record for this work is missing.,confirmed,"[{""source_id"": ""IFMS-DOC"", ""label"": ""WB-photo2--84071552-emty page (1).pdf"", ""url"": ""https://accounts.bbmp.gov.in/vssIFMS/Files/WB-photo2--84071552-emty%20page%20%281%29.pdf""}, {""source_id"": ""IFMS-DOC"", ""label"": ""WB-photo3--84071552-emty page (1).pdf"", ""url"": ""https://accounts.bbmp.gov.in/vssIFMS/Files/WB-photo3--84071552-emty%20page%20%281%29.pdf""}, {""source_id"": ""IFMS-DOC"", ""label"": ""WB-photo1--31398053-emty page (1).pdf"", ""url"": ""https://accounts.bbmp.gov.in/vssIFMS/Files/WB-photo1--31398053-emty%20page%20%281%29.pdf""}]"
225,slow_payment,info,Median 642 days from bill registration to payment,Long payment delays are common (seniority-based bill clearance) and raise contractors' financing costs.,confirmed,"[{""source_id"": ""IFMS"", ""label"": ""BBMP IFMS work bill 197194"", ""url"": ""https://accounts.bbmp.gov.in/vssWB/vss00CvStatusData.php?pAction=LoadDetails&pWorkBillID=197194"", ""note"": ""BR / RTGS dates""}]"
225,late_payment,info,Bill paid 2 years after work end date,Long payment lag; common with BBMP bill backlogs (seniority-based payment).,confirmed,"[{""source_id"": ""S02"", ""label"": ""BBMP Work Orders - Adugodi (Ward 147), 2013-2022"", ""url"": ""https://data.opencity.in/dataset/d22cea6d-5256-43af-8ad5-68db551e0760/resource/9781e788-6c7b-4978-a600-abf3836b2a37/download/e51f4570-bde5-4fa7-bdd7-ec131041ea35.csv"", ""rows"": [101]}]"
225,contractor_concentration,info,Contractor holds 0% of Koramangala money (14 projects),"C0007 Sri. K R Pratheek (identity inferred; ids: none): ₹31,619,971 across 14 projects in this dataset. Concentration is common for ward maintenance contracts; it is context, not a finding.",inferred,[]
225,placeholder_reused,info,Same placeholder file uploaded as evidence on several works,"The same file (md5 94e47fe3cc…; Photo - After Work, Photo - Before Work, Photo - Work In Progress) is attached to bills of 5 works: 147-17-000039, 147-17-000063, 147-17-000083, 147-17-000086. A placeholder means the real record is missing.",confirmed,"[{""source_id"": ""IFMS-DOC"", ""label"": ""Attachment"", ""url"": ""https://accounts.bbmp.gov.in/vssIFMS/Files/WB-photo2--84071552-emty%20page%20%281%29.pdf""}]"
226,placeholder_photos,notice,Blank / placeholder file used as a site photo,3 photo slot(s) filled with a blank / placeholder file. Bills require before/during/after photos; a placeholder means the photo record for this work is missing.,confirmed,"[{""source_id"": ""IFMS-DOC"", ""label"": ""WB-photo3--96331432-emty page.pdf"", ""url"": ""https://accounts.bbmp.gov.in/vssIFMS/Files/WB-photo3--96331432-emty%20page.pdf""}, {""source_id"": ""IFMS-DOC"", ""label"": ""WB-photo2--05091074-emty page.pdf"", ""url"": ""https://accounts.bbmp.gov.in/vssIFMS/Files/WB-photo2--05091074-emty%20page.pdf""}, {""source_id"": ""IFMS-DOC"", ""label"": ""WB-photo1--50764514-emty page.pdf"", ""url"": ""https://accounts.bbmp.gov.in/vssIFMS/Files/WB-photo1--50764514-emty%20page.pdf""}]"
226,slow_payment,info,Median 635 days from bill registration to payment,Long payment delays are common (seniority-based bill clearance) and raise contractors' financing costs.,confirmed,"[{""source_id"": ""IFMS"", ""label"": ""BBMP IFMS work bill 191842"", ""url"": ""https://accounts.bbmp.gov.in/vssWB/vss00CvStatusData.php?pAction=LoadDetails&pWorkBillID=191842"", ""note"": ""BR / RTGS dates""}]"
226,late_payment,info,Bill paid 2 years after work end date,Long payment lag; common with BBMP bill backlogs (seniority-based payment).,confirmed,"[{""source_id"": ""S02"", ""label"": ""BBMP Work Orders - Adugodi (Ward 147), 2013-2022"", ""url"": ""https://data.opencity.in/dataset/d22cea6d-5256-43af-8ad5-68db551e0760/resource/9781e788-6c7b-4978-a600-abf3836b2a37/download/e51f4570-bde5-4fa7-bdd7-ec131041ea35.csv"", ""rows"": [88]}]"
226,contractor_concentration,info,Contractor holds 0% of Koramangala money (14 projects),"C0007 Sri. K R Pratheek (identity inferred; ids: none): ₹31,619,971 across 14 projects in this dataset. Concentration is common for ward maintenance contracts; it is context, not a finding.",inferred,[]
226,placeholder_reused,info,Same placeholder file uploaded as evidence on several works,"The same file (md5 94e47fe3cc…; Photo - After Work, Photo - Before Work, Photo - Work In Progress) is attached to bills of 5 works: 147-17-000038, 147-17-000063, 147-17-000083, 147-17-000086. A placeholder means the real record is missing.",confirmed,"[{""source_id"": ""IFMS-DOC"", ""label"": ""Attachment"", ""url"": ""https://accounts.bbmp.gov.in/vssIFMS/Files/WB-photo3--96331432-emty%20page.pdf""}]"
227,slow_payment,info,Median 642 days from bill registration to payment,Long payment delays are common (seniority-based bill clearance) and raise contractors' financing costs.,confirmed,"[{""source_id"": ""IFMS"", ""label"": ""BBMP IFMS work bill 189829"", ""url"": ""https://accounts.bbmp.gov.in/vssWB/vss00CvStatusData.php?pAction=LoadDetails&pWorkBillID=189829"", ""note"": ""BR / RTGS dates""}]"
228,recalled_tender,notice,Tender called 4 times,"Re-calls usually mean no or too few valid bids on earlier calls, which can delay the work and reduce competition.",inferred,"[{""source_id"": ""OC-TENDERS"", ""label"": ""BBMP tender list: BBMP/2017-18/OW/WORK_INDENT27454"", ""url"": ""https://data.opencity.in/dataset/a779be95-ef47-4e04-8da7-08d4304cc61b/resource/2292da69-b446-4b8c-b30b-ff065dbc53cc/download/361319f8-5c74-4230-8612-a5832d58a409.csv"", ""note"": ""Call 1"", ""rows"": [3416]}, {""source_id"": ""OC-TENDERS"", ""label"": ""BBMP tender list: BBMP/2017-18/OW/WORK_INDENT27454/CALL-2"", ""url"": ""https://data.opencity.in/dataset/a779be95-ef47-4e04-8da7-08d4304cc61b/resource/2292da69-b446-4b8c-b30b-ff065dbc53cc/download/361319f8-5c74-4230-8612-a5832d58a409.csv"", ""note"": ""Call 2"", ""rows"": [3824]}, {""source_id"": ""OC-TENDERS"", ""label"": ""BBMP tender list: BBMP/2017-18/OW/WORK_INDENT27454/CALL-3"", ""url"": ""https://data.opencity.in/dataset/a779be95-ef47-4e04-8da7-08d4304cc61b/resource/2292da69-b446-4b8c-b30b-ff065dbc53cc/download/361319f8-5c74-4230-8612-a5832d58a409.csv"", ""note"": ""Call 3"", ""rows"": [4333]}, {""source_id"": ""OC-TENDERS"", ""label"": ""BBMP tender list: BBMP/2017-18/OW/WORK_INDENT27454/CALL-4"", ""url"": ""https://data.opencity.in/dataset/a779be95-ef47-4e04-8da7-08d4304cc61b/resource/2292da69-b446-4b8c-b30b-ff065dbc53cc/download/361319f8-5c74-4230-8612-a5832d58a409.csv"", ""note"": ""Call 4"", ""rows"": [4997]}]"
228,slow_payment,info,Median 641 days from bill registration to payment,Long payment delays are common (seniority-based bill clearance) and raise contractors' financing costs.,confirmed,"[{""source_id"": ""IFMS"", ""label"": ""BBMP IFMS work bill 188966"", ""url"": ""https://accounts.bbmp.gov.in/vssWB/vss00CvStatusData.php?pAction=LoadDetails&pWorkBillID=188966"", ""note"": ""BR / RTGS dates""}]"
228,contractor_concentration,info,Contractor holds 1% of Koramangala money (28 projects),"C0003 SREEDHARA.K.C (identity inferred; ids: IFMS:022360, KPPP:1384): ₹81,769,787 across 28 projects in this dataset. Concentration is common for ward maintenance contracts; it is context, not a finding.",inferred,[]
229,slow_payment,info,Median 657 days from bill registration to payment,Long payment delays are common (seniority-based bill clearance) and raise contractors' financing costs.,confirmed,"[{""source_id"": ""IFMS"", ""label"": ""BBMP IFMS work bill 185961"", ""url"": ""https://accounts.bbmp.gov.in/vssWB/vss00CvStatusData.php?pAction=LoadDetails&pWorkBillID=185961"", ""note"": ""BR / RTGS dates""}]"
229,late_payment,info,Bill paid 2 years after work end date,Long payment lag; common with BBMP bill backlogs (seniority-based payment).,confirmed,"[{""source_id"": ""S01"", ""label"": ""BBMP Work Orders - Koramangala (Ward 151), 2013-2022"", ""url"": ""https://data.opencity.in/dataset/d22cea6d-5256-43af-8ad5-68db551e0760/resource/1ccbab74-ca87-465f-826b-5fd1b4b81a5f/download/f68edd0d-7e8b-4386-89cc-a7c946785c8a.csv"", ""rows"": [96]}]"
229,contractor_concentration,info,Contractor holds 1% of Koramangala money (28 projects),"C0003 SREEDHARA.K.C (identity inferred; ids: IFMS:022360, KPPP:1384): ₹81,769,787 across 28 projects in this dataset. Concentration is common for ward maintenance contracts; it is context, not a finding.",inferred,[]
230,recalled_tender,notice,Tender called 4 times,"Re-calls usually mean no or too few valid bids on earlier calls, which can delay the work and reduce competition.",inferred,"[{""source_id"": ""OC-TENDERS"", ""label"": ""BBMP tender list: BBMP/2016-17/OW/WORK_INDENT23877"", ""url"": ""https://data.opencity.in/dataset/a779be95-ef47-4e04-8da7-08d4304cc61b/resource/efd6572b-dc71-4dfa-b4b6-1aab657955a4/download/9c256f2d-d92a-4e3c-95b6-6106f69d39b2.csv"", ""note"": ""Call 1"", ""rows"": [2206]}, {""source_id"": ""OC-TENDERS"", ""label"": ""BBMP tender list: BBMP/2016-17/OW/WORK_INDENT23877/CALL-2"", ""url"": ""https://data.opencity.in/dataset/a779be95-ef47-4e04-8da7-08d4304cc61b/resource/efd6572b-dc71-4dfa-b4b6-1aab657955a4/download/9c256f2d-d92a-4e3c-95b6-6106f69d39b2.csv"", ""note"": ""Call 2"", ""rows"": [3946]}, {""source_id"": ""OC-TENDERS"", ""label"": ""BBMP tender list: BBMP/2016-17/OW/WORK_INDENT23877/CALL-3"", ""url"": ""https://data.opencity.in/dataset/a779be95-ef47-4e04-8da7-08d4304cc61b/resource/2292da69-b446-4b8c-b30b-ff065dbc53cc/download/361319f8-5c74-4230-8612-a5832d58a409.csv"", ""note"": ""Call 3"", ""rows"": [111]}, {""source_id"": ""OC-TENDERS"", ""label"": ""BBMP tender list: BBMP/2016-17/OW/WORK_INDENT23877/CALL-4"", ""url"": ""https://data.opencity.in/dataset/a779be95-ef47-4e04-8da7-08d4304cc61b/resource/2292da69-b446-4b8c-b30b-ff065dbc53cc/download/361319f8-5c74-4230-8612-a5832d58a409.csv"", ""note"": ""Call 4"", ""rows"": [1820]}]"
230,slow_payment,info,Median 657 days from bill registration to payment,Long payment delays are common (seniority-based bill clearance) and raise contractors' financing costs.,confirmed,"[{""source_id"": ""IFMS"", ""label"": ""BBMP IFMS work bill 185965"", ""url"": ""https://accounts.bbmp.gov.in/vssWB/vss00CvStatusData.php?pAction=LoadDetails&pWorkBillID=185965"", ""note"": ""BR / RTGS dates""}]"
230,late_payment,info,Bill paid 2 years after work end date,Long payment lag; common with BBMP bill backlogs (seniority-based payment).,confirmed,"[{""source_id"": ""S01"", ""label"": ""BBMP Work Orders - Koramangala (Ward 151), 2013-2022"", ""url"": ""https://data.opencity.in/dataset/d22cea6d-5256-43af-8ad5-68db551e0760/resource/1ccbab74-ca87-465f-826b-5fd1b4b81a5f/download/f68edd0d-7e8b-4386-89cc-a7c946785c8a.csv"", ""rows"": [97]}]"
230,contractor_concentration,info,Contractor holds 1% of Koramangala money (28 projects),"C0003 SREEDHARA.K.C (identity inferred; ids: IFMS:022360, KPPP:1384): ₹81,769,787 across 28 projects in this dataset. Concentration is common for ward maintenance contracts; it is context, not a finding.",inferred,[]
231,slow_payment,info,Median 642 days from bill registration to payment,Long payment delays are common (seniority-based bill clearance) and raise contractors' financing costs.,confirmed,"[{""source_id"": ""IFMS"", ""label"": ""BBMP IFMS work bill 190014"", ""url"": ""https://accounts.bbmp.gov.in/vssWB/vss00CvStatusData.php?pAction=LoadDetails&pWorkBillID=190014"", ""note"": ""BR / RTGS dates""}]"
232,slow_payment,info,Median 642 days from bill registration to payment,Long payment delays are common (seniority-based bill clearance) and raise contractors' financing costs.,confirmed,"[{""source_id"": ""IFMS"", ""label"": ""BBMP IFMS work bill 190026"", ""url"": ""https://accounts.bbmp.gov.in/vssWB/vss00CvStatusData.php?pAction=LoadDetails&pWorkBillID=190026"", ""note"": ""BR / RTGS dates""}]"
233,slow_payment,info,Median 645 days from bill registration to payment,Long payment delays are common (seniority-based bill clearance) and raise contractors' financing costs.,confirmed,"[{""source_id"": ""IFMS"", ""label"": ""BBMP IFMS work bill 188946"", ""url"": ""https://accounts.bbmp.gov.in/vssWB/vss00CvStatusData.php?pAction=LoadDetails&pWorkBillID=188946"", ""note"": ""BR / RTGS dates""}]"
233,contractor_concentration,info,Contractor holds 1% of Koramangala money (28 projects),"C0003 SREEDHARA.K.C (identity inferred; ids: IFMS:022360, KPPP:1384): ₹81,769,787 across 28 projects in this dataset. Concentration is common for ward maintenance contracts; it is context, not a finding.",inferred,[]
234,placeholder_photos,notice,Blank / placeholder file used as a site photo,3 photo slot(s) filled with a blank / placeholder file. Bills require before/during/after photos; a placeholder means the photo record for this work is missing.,confirmed,"[{""source_id"": ""IFMS-DOC"", ""label"": ""WB-photo1--47102973-Not Applicable.PDF"", ""url"": ""https://accounts.bbmp.gov.in/vssIFMS/Files/WB-photo1--47102973-Not%20Applicable.PDF""}, {""source_id"": ""IFMS-DOC"", ""label"": ""WB-photo3--35618038-Not Applicable.PDF"", ""url"": ""https://accounts.bbmp.gov.in/vssIFMS/Files/WB-photo3--35618038-Not%20Applicable.PDF""}, {""source_id"": ""IFMS-DOC"", ""label"": ""WB-photo2--63774545-Not Applicable.PDF"", ""url"": ""https://accounts.bbmp.gov.in/vssIFMS/Files/WB-photo2--63774545-Not%20Applicable.PDF""}]"
235,year_end_payment,info,100% of payments made in the last fortnight of March,Payments bunched at financial-year end (budget lapse pressure) are common; worth checking that measurement of the work preceded payment.,confirmed,"[{""source_id"": ""S01"", ""label"": ""BBMP Work Orders - Koramangala (Ward 151), 2013-2022"", ""url"": ""https://data.opencity.in/dataset/d22cea6d-5256-43af-8ad5-68db551e0760/resource/1ccbab74-ca87-465f-826b-5fd1b4b81a5f/download/f68edd0d-7e8b-4386-89cc-a7c946785c8a.csv"", ""rows"": [98]}]"
235,slow_payment,info,Median 651 days from bill registration to payment,Long payment delays are common (seniority-based bill clearance) and raise contractors' financing costs.,confirmed,"[{""source_id"": ""IFMS"", ""label"": ""BBMP IFMS work bill 183920"", ""url"": ""https://accounts.bbmp.gov.in/vssWB/vss00CvStatusData.php?pAction=LoadDetails&pWorkBillID=183920"", ""note"": ""BR / RTGS dates""}]"
236,slow_payment,info,Median 579 days from bill registration to payment,Long payment delays are common (seniority-based bill clearance) and raise contractors' financing costs.,confirmed,"[{""source_id"": ""IFMS"", ""label"": ""BBMP IFMS work bill 185061"", ""url"": ""https://accounts.bbmp.gov.in/vssWB/vss00CvStatusData.php?pAction=LoadDetails&pWorkBillID=185061"", ""note"": ""BR / RTGS dates""}]"
236,contractor_concentration,info,Contractor holds 14% of Koramangala money (12 projects),"C0004 M RAMESH (identity inferred; ids: IFMS:023007, KPPP:1552): ₹862,988,297 across 12 projects in this dataset. Concentration is common for ward maintenance contracts; it is context, not a finding.",inferred,[]
237,slow_payment,info,Median 579 days from bill registration to payment,Long payment delays are common (seniority-based bill clearance) and raise contractors' financing costs.,confirmed,"[{""source_id"": ""IFMS"", ""label"": ""BBMP IFMS work bill 185026"", ""url"": ""https://accounts.bbmp.gov.in/vssWB/vss00CvStatusData.php?pAction=LoadDetails&pWorkBillID=185026"", ""note"": ""BR / RTGS dates""}]"
237,contractor_concentration,info,Contractor holds 14% of Koramangala money (12 projects),"C0004 M RAMESH (identity inferred; ids: IFMS:023007, KPPP:1552): ₹862,988,297 across 12 projects in this dataset. Concentration is common for ward maintenance contracts; it is context, not a finding.",inferred,[]
238,related_work,info,Near-identical work under another number (147-19-000019),"Descriptions are 99% similar. Could be a recurring annual work, a re-tender, a split of one work, or a duplicate entry.",inferred,[]
238,related_work,info,Near-identical work under another number (147-17-000016),"Descriptions are 88% similar. Could be a recurring annual work, a re-tender, a split of one work, or a duplicate entry.",inferred,[]
241,recalled_tender,notice,Tender called 3 times,"Re-calls usually mean no or too few valid bids on earlier calls, which can delay the work and reduce competition.",inferred,"[{""source_id"": ""OC-TENDERS"", ""label"": ""BBMP tender list: BBMP/2016-17/OW/WORK_INDENT23797"", ""url"": ""https://data.opencity.in/dataset/a779be95-ef47-4e04-8da7-08d4304cc61b/resource/efd6572b-dc71-4dfa-b4b6-1aab657955a4/download/9c256f2d-d92a-4e3c-95b6-6106f69d39b2.csv"", ""note"": ""Call 1"", ""rows"": [2175]}, {""source_id"": ""OC-TENDERS"", ""label"": ""BBMP tender list: BBMP/2016-17/OW/WORK_INDENT23797/CALL-2"", ""url"": ""https://data.opencity.in/dataset/a779be95-ef47-4e04-8da7-08d4304cc61b/resource/efd6572b-dc71-4dfa-b4b6-1aab657955a4/download/9c256f2d-d92a-4e3c-95b6-6106f69d39b2.csv"", ""note"": ""Call 2"", ""rows"": [3948]}, {""source_id"": ""OC-TENDERS"", ""label"": ""BBMP tender list: BBMP/2016-17/OW/WORK_INDENT23797/CALL-3"", ""url"": ""https://data.opencity.in/dataset/a779be95-ef47-4e04-8da7-08d4304cc61b/resource/2292da69-b446-4b8c-b30b-ff065dbc53cc/download/361319f8-5c74-4230-8612-a5832d58a409.csv"", ""note"": ""Call 3"", ""rows"": [120]}]"
241,fine_levied,info,Fine / penalty deducted from a bill,"IFMS deductions: fine ₹5,000. Penalties usually relate to delay or quality; their reason is not in the public record.",confirmed,"[{""source_id"": ""IFMS"", ""label"": ""BBMP IFMS work bill 165500"", ""url"": ""https://accounts.bbmp.gov.in/vssWB/vss00CvStatusData.php?pAction=LoadDetails&pWorkBillID=165500"", ""note"": ""Deductions""}]"
241,slow_payment,info,Median 586 days from bill registration to payment,Long payment delays are common (seniority-based bill clearance) and raise contractors' financing costs.,confirmed,"[{""source_id"": ""IFMS"", ""label"": ""BBMP IFMS work bill 165500"", ""url"": ""https://accounts.bbmp.gov.in/vssWB/vss00CvStatusData.php?pAction=LoadDetails&pWorkBillID=165500"", ""note"": ""BR / RTGS dates""}]"
241,late_payment,info,Bill paid 2 years after work end date,Long payment lag; common with BBMP bill backlogs (seniority-based payment).,confirmed,"[{""source_id"": ""S01"", ""label"": ""BBMP Work Orders - Koramangala (Ward 151), 2013-2022"", ""url"": ""https://data.opencity.in/dataset/d22cea6d-5256-43af-8ad5-68db551e0760/resource/1ccbab74-ca87-465f-826b-5fd1b4b81a5f/download/f68edd0d-7e8b-4386-89cc-a7c946785c8a.csv"", ""rows"": [106]}]"
241,contractor_concentration,info,Contractor holds 1% of Koramangala money (14 projects),"C0005 R M RAVI (CONTRACTO (identity inferred; ids: KPPP:1512): ₹39,889,070 across 14 projects in this dataset. Concentration is common for ward maintenance contracts; it is context, not a finding.",inferred,[]
242,slow_payment,info,Median 582 days from bill registration to payment,Long payment delays are common (seniority-based bill clearance) and raise contractors' financing costs.,confirmed,"[{""source_id"": ""IFMS"", ""label"": ""BBMP IFMS work bill 162677"", ""url"": ""https://accounts.bbmp.gov.in/vssWB/vss00CvStatusData.php?pAction=LoadDetails&pWorkBillID=162677"", ""note"": ""BR / RTGS dates""}]"
242,contractor_concentration,info,Contractor holds 5% of Koramangala money (92 projects),"C0001 M/s KRIDL (identity inferred; ids: none): ₹339,017,742 across 92 projects in this dataset. Concentration is common for ward maintenance contracts; it is context, not a finding.",inferred,[]
242,related_work,info,Near-identical work under another number (151-16-000015),"Descriptions are 89% similar. Could be a recurring annual work, a re-tender, a split of one work, or a duplicate entry.",inferred,[]
242,related_work,info,Near-identical work under another number (151-14-000059),"Descriptions are 97% similar. Could be a recurring annual work, a re-tender, a split of one work, or a duplicate entry.",inferred,[]
242,related_work,info,Near-identical work under another number (151-14-000061),"Descriptions are 91% similar. Could be a recurring annual work, a re-tender, a split of one work, or a duplicate entry.",inferred,[]
242,related_work,info,Near-identical work under another number (151-14-000062),"Descriptions are 97% similar. Could be a recurring annual work, a re-tender, a split of one work, or a duplicate entry.",inferred,[]
243,contractor_concentration,info,Contractor holds 5% of Koramangala money (92 projects),"C0001 M/s KRIDL (identity inferred; ids: none): ₹339,017,742 across 92 projects in this dataset. Concentration is common for ward maintenance contracts; it is context, not a finding.",inferred,[]
244,related_work,info,Near-identical work under another number (147-18-000022),"Descriptions are 98% similar. Could be a recurring annual work, a re-tender, a split of one work, or a duplicate entry.",inferred,[]
245,contractor_concentration,info,Contractor holds 2% of Koramangala money (8 projects),"C0017 AWIKA CONSTRUCTIONS (identity inferred; ids: KPPP:17612): ₹138,251,234 across 8 projects in this dataset. Concentration is common for ward maintenance contracts; it is context, not a finding.",inferred,[]
245,related_work,info,Near-identical work under another number (151-18-000024),"Descriptions are 83% similar. Could be a recurring annual work, a re-tender, a split of one work, or a duplicate entry.",inferred,[]
247,contractor_concentration,info,Contractor holds 1% of Koramangala money (28 projects),"C0003 SREEDHARA.K.C (identity inferred; ids: IFMS:022360, KPPP:1384): ₹81,769,787 across 28 projects in this dataset. Concentration is common for ward maintenance contracts; it is context, not a finding.",inferred,[]
247,related_work,info,Near-identical work under another number (151-19-000024),"Descriptions are 100% similar. Could be a recurring annual work, a re-tender, a split of one work, or a duplicate entry.",inferred,[]
248,contractor_concentration,info,Contractor holds 5% of Koramangala money (92 projects),"C0001 M/s KRIDL (identity inferred; ids: none): ₹339,017,742 across 92 projects in this dataset. Concentration is common for ward maintenance contracts; it is context, not a finding.",inferred,[]
249,contractor_concentration,info,Contractor holds 0% of Koramangala money (7 projects),"C0025 H S HEMAVATHI (identity inferred; ids: IFMS:022298): ₹15,487,495 across 7 projects in this dataset. Concentration is common for ward maintenance contracts; it is context, not a finding.",inferred,[]
251,long_running,notice,Activity spread over 4.4 years,"First record 2014-09-12, last 2019-02-12. Long gaps can mean phased work, delays or late bill settlement.",confirmed,"[{""source_id"": ""S24"", ""label"": ""BBMP Work Order Data Zone-6-South (2010-15)"", ""url"": ""https://data.opencity.in/dataset/968e5202-74ed-4279-92df-7b7a1a111108/resource/29791ed4-40b0-41bf-b6a5-b40da512f48d/download/b55132eb-758d-4df8-a7d7-2fd6169fb4dc.csv"", ""rows"": [5148]}, {""source_id"": ""S01"", ""label"": ""BBMP Work Orders - Koramangala (Ward 151), 2013-2022"", ""url"": ""https://data.opencity.in/dataset/d22cea6d-5256-43af-8ad5-68db551e0760/resource/1ccbab74-ca87-465f-826b-5fd1b4b81a5f/download/f68edd0d-7e8b-4386-89cc-a7c946785c8a.csv"", ""rows"": [62]}, {""source_id"": ""S01"", ""label"": ""BBMP Work Orders - Koramangala (Ward 151), 2013-2022"", ""url"": ""https://data.opencity.in/dataset/d22cea6d-5256-43af-8ad5-68db551e0760/resource/1ccbab74-ca87-465f-826b-5fd1b4b81a5f/download/f68edd0d-7e8b-4386-89cc-a7c946785c8a.csv"", ""rows"": [62]}]"
251,placeholder_photos,notice,Blank / placeholder file used as a site photo,3 photo slot(s) filled with a blank / placeholder file. Bills require before/during/after photos; a placeholder means the photo record for this work is missing.,confirmed,"[{""source_id"": ""IFMS-DOC"", ""label"": ""WB-photo1--96812139-NA.jpg"", ""url"": ""https://accounts.bbmp.gov.in/vssIFMS/Files/WB-photo1--96812139-NA.jpg""}, {""source_id"": ""IFMS-DOC"", ""label"": ""WB-photo2--23923310-NA.jpg"", ""url"": ""https://accounts.bbmp.gov.in/vssIFMS/Files/WB-photo2--23923310-NA.jpg""}, {""source_id"": ""IFMS-DOC"", ""label"": ""WB-photo3--66131703-NA.jpg"", ""url"": ""https://accounts.bbmp.gov.in/vssIFMS/Files/WB-photo3--66131703-NA.jpg""}]"
252,contractor_concentration,info,Contractor holds 5% of Koramangala money (92 projects),"C0001 M/s KRIDL (identity inferred; ids: none): ₹339,017,742 across 92 projects in this dataset. Concentration is common for ward maintenance contracts; it is context, not a finding.",inferred,[]
253,contractor_concentration,info,Contractor holds 5% of Koramangala money (92 projects),"C0001 M/s KRIDL (identity inferred; ids: none): ₹339,017,742 across 92 projects in this dataset. Concentration is common for ward maintenance contracts; it is context, not a finding.",inferred,[]
253,related_work,info,Near-identical work under another number (151-19-000006),"Descriptions are 85% similar. Could be a recurring annual work, a re-tender, a split of one work, or a duplicate entry.",inferred,[]
254,contractor_concentration,info,Contractor holds 5% of Koramangala money (92 projects),"C0001 M/s KRIDL (identity inferred; ids: none): ₹339,017,742 across 92 projects in this dataset. Concentration is common for ward maintenance contracts; it is context, not a finding.",inferred,[]
255,contractor_concentration,info,Contractor holds 5% of Koramangala money (92 projects),"C0001 M/s KRIDL (identity inferred; ids: none): ₹339,017,742 across 92 projects in this dataset. Concentration is common for ward maintenance contracts; it is context, not a finding.",inferred,[]
255,related_work,info,Near-identical work under another number (151-19-000003),"Descriptions are 85% similar. Could be a recurring annual work, a re-tender, a split of one work, or a duplicate entry.",inferred,[]
257,slow_payment,info,Median 507 days from bill registration to payment,Long payment delays are common (seniority-based bill clearance) and raise contractors' financing costs.,confirmed,"[{""source_id"": ""IFMS"", ""label"": ""BBMP IFMS work bill 155067"", ""url"": ""https://accounts.bbmp.gov.in/vssWB/vss00CvStatusData.php?pAction=LoadDetails&pWorkBillID=155067"", ""note"": ""BR / RTGS dates""}]"
257,related_work,info,Near-identical work under another number (151-22-000002),"Descriptions are 90% similar. Could be a recurring annual work, a re-tender, a split of one work, or a duplicate entry.",inferred,[]
257,related_work,info,Near-identical work under another number (151-19-000031),"Descriptions are 85% similar. Could be a recurring annual work, a re-tender, a split of one work, or a duplicate entry.",inferred,[]
259,related_work,info,Near-identical work under another number (151-20-000063),"Descriptions are 92% similar. Could be a recurring annual work, a re-tender, a split of one work, or a duplicate entry.",inferred,[]
262,related_work,info,Near-identical work under another number (151-19-000072),"Descriptions are 97% similar. Could be a recurring annual work, a re-tender, a split of one work, or a duplicate entry.",inferred,[]
263,slow_payment,info,Median 517 days from bill registration to payment,Long payment delays are common (seniority-based bill clearance) and raise contractors' financing costs.,confirmed,"[{""source_id"": ""IFMS"", ""label"": ""BBMP IFMS work bill 144729"", ""url"": ""https://accounts.bbmp.gov.in/vssWB/vss00CvStatusData.php?pAction=LoadDetails&pWorkBillID=144729"", ""note"": ""BR / RTGS dates""}]"
263,contractor_concentration,info,Contractor holds 1% of Koramangala money (28 projects),"C0003 SREEDHARA.K.C (identity inferred; ids: IFMS:022360, KPPP:1384): ₹81,769,787 across 28 projects in this dataset. Concentration is common for ward maintenance contracts; it is context, not a finding.",inferred,[]
264,fine_levied,info,Fine / penalty deducted from a bill,"IFMS deductions: fine ₹10,000; withheld ₹79,138. Penalties usually relate to delay or quality; their reason is not in the public record.",confirmed,"[{""source_id"": ""IFMS"", ""label"": ""BBMP IFMS work bill 144738"", ""url"": ""https://accounts.bbmp.gov.in/vssWB/vss00CvStatusData.php?pAction=LoadDetails&pWorkBillID=144738"", ""note"": ""Deductions""}]"
264,slow_payment,info,Median 517 days from bill registration to payment,Long payment delays are common (seniority-based bill clearance) and raise contractors' financing costs.,confirmed,"[{""source_id"": ""IFMS"", ""label"": ""BBMP IFMS work bill 144738"", ""url"": ""https://accounts.bbmp.gov.in/vssWB/vss00CvStatusData.php?pAction=LoadDetails&pWorkBillID=144738"", ""note"": ""BR / RTGS dates""}]"
264,contractor_concentration,info,Contractor holds 1% of Koramangala money (28 projects),"C0003 SREEDHARA.K.C (identity inferred; ids: IFMS:022360, KPPP:1384): ₹81,769,787 across 28 projects in this dataset. Concentration is common for ward maintenance contracts; it is context, not a finding.",inferred,[]
265,slow_payment,info,Median 519 days from bill registration to payment,Long payment delays are common (seniority-based bill clearance) and raise contractors' financing costs.,confirmed,"[{""source_id"": ""IFMS"", ""label"": ""BBMP IFMS work bill 143246"", ""url"": ""https://accounts.bbmp.gov.in/vssWB/vss00CvStatusData.php?pAction=LoadDetails&pWorkBillID=143246"", ""note"": ""BR / RTGS dates""}]"
265,contractor_concentration,info,Contractor holds 5% of Koramangala money (92 projects),"C0001 M/s KRIDL (identity inferred; ids: none): ₹339,017,742 across 92 projects in this dataset. Concentration is common for ward maintenance contracts; it is context, not a finding.",inferred,[]
265,related_work,info,Near-identical work under another number (151-16-000014),"Descriptions are 89% similar. Could be a recurring annual work, a re-tender, a split of one work, or a duplicate entry.",inferred,[]
265,related_work,info,Near-identical work under another number (151-14-000059),"Descriptions are 93% similar. Could be a recurring annual work, a re-tender, a split of one work, or a duplicate entry.",inferred,[]
265,related_work,info,Near-identical work under another number (151-14-000062),"Descriptions are 87% similar. Could be a recurring annual work, a re-tender, a split of one work, or a duplicate entry.",inferred,[]
266,paid_over_contract,attention,Paid 220% of contract value,"Gross payments ₹66,088,036 exceed the contract value ₹30,028,000 by more than GST would explain (work-order values are often quoted excluding 12–18% GST). Variations, work slips, escalation, further work orders under the same job or a longer service period can explain the rest.",inferred,"[{""source_id"": ""IFMS-DOC"", ""label"": ""Work Order: WO-7--12489128-Work order.pdf (page 1)"", ""url"": ""https://accounts.bbmp.gov.in/vssIFMS/Files/WO-7--12489128-Work%20order.pdf"", ""note"": ""OCR: “Mestripalya park balance work at Koramangala Bangalore” at Tender Price of Rs: 3,00,28,000/-(Rupees Three Crore twenty eight thous”""}, {""source_id"": ""S45"", ""label"": ""BBMP work orders under Nagarothana scheme 2016-19"", ""url"": ""https://data.opencity.in/dataset/968e5202-74ed-4279-92df-7b7a1a111108/resource/2f981c34-c500-454a-a321-3bd89670f4fc/download/bba9c3ae-f8f5-48fc-9b96-9a3544dfbafc.csv"", ""rows"": [130, 250, 513, 536]}, {""source_id"": ""IFMS-GRID"", ""label"": ""BBMP IFMS payment grid (LoadPaymentGridData, all wards, quarterly)"", ""url"": ""https://accounts.bbmp.gov.in/vssWB/vss00CvStatusData.php?pAction=LoadPaymentGridData"", ""rows"": []}]"
266,placeholder_photos,notice,Blank / placeholder file used as a site photo,12 photo slot(s) filled with a blank / placeholder file. Bills require before/during/after photos; a placeholder means the photo record for this work is missing.,confirmed,"[{""source_id"": ""IFMS-DOC"", ""label"": ""WB-photo2--62809900-Not applicable.pdf"", ""url"": ""https://accounts.bbmp.gov.in/vssIFMS/Files/WB-photo2--62809900-Not%20applicable.pdf""}, {""source_id"": ""IFMS-DOC"", ""label"": ""WB-photo3--67993959-Not applicable.pdf"", ""url"": ""https://accounts.bbmp.gov.in/vssIFMS/Files/WB-photo3--67993959-Not%20applicable.pdf""}, {""source_id"": ""IFMS-DOC"", ""label"": ""WB-photo1--67675192-Not applicable.pdf"", ""url"": ""https://accounts.bbmp.gov.in/vssIFMS/Files/WB-photo1--67675192-Not%20applicable.pdf""}]"
266,bills_after_final,notice,3 bill(s) registered after the final bill,Final bill registered 2018-02-23; later non-final bills exist.,confirmed,"[{""source_id"": ""IFMS-GRID"", ""label"": ""BBMP IFMS payment grid (LoadPaymentGridData, all wards, quarterly)"", ""url"": ""https://accounts.bbmp.gov.in/vssWB/vss00CvStatusData.php?pAction=LoadPaymentGridData""}]"
266,document_reused,notice,Identical Completion Certificate attached to another job number,"The same file (md5 632045fbd8…; Completion Certificate) is attached to bills of 2 works: 304-20-000212. Could be one contract booked under two job numbers, or a wrong upload — worth checking.",confirmed,"[{""source_id"": ""IFMS-DOC"", ""label"": ""Attachment"", ""url"": ""https://accounts.bbmp.gov.in/vssIFMS/Files/WB-CC--16107680-Not%20applicable.pdf""}]"
266,document_reused,notice,Identical Completion Certificate / Job Certificate attached to another job number,"The same file (md5 66a13bffca…; Completion Certificate, Job Certificate) is attached to bills of 3 works: 304-15-000371, 304-20-000212. Could be one contract booked under two job numbers, or a wrong upload — worth checking.",confirmed,"[{""source_id"": ""IFMS-DOC"", ""label"": ""Attachment"", ""url"": ""https://accounts.bbmp.gov.in/vssIFMS/Files/WB-CC--09103196-NOT%20APPLICABLE.pdf""}]"
266,placeholder_reused,info,Same placeholder file uploaded as evidence on several works,"The same file (md5 af8cd31bb1…; Completion Certificate, Photo - After Work) is attached to bills of 3 works: 304-14-000214, 304-15-000371. A placeholder means the real record is missing.",confirmed,"[{""source_id"": ""IFMS-DOC"", ""label"": ""Attachment"", ""url"": ""https://accounts.bbmp.gov.in/vssIFMS/Files/WB-CC--51899059-NA.pdf""}]"
267,paid_over_contract,notice,Paid 139% of contract value,"Gross payments ₹19,576,212 exceed the contract value ₹14,070,563 by more than GST would explain (work-order values are often quoted excluding 12–18% GST). Variations, work slips, escalation, further work orders under the same job or a longer service period can explain the rest.",inferred,"[{""source_id"": ""IFMS-DOC"", ""label"": ""Work Order: WO-7--89733667-Wo.pdf (page 1)"", ""url"": ""https://accounts.bbmp.gov.in/vssIFMS/Files/WO-7--89733667-Wo.pdf"", ""note"": ""OCR: “ment and development of Beauty Spot park in Koramangala” at Tender Price of Rs. 1,40,70,563/- (Rupees One Crore Fourty Lakhs Sevent”""}, {""source_id"": ""S45"", ""label"": ""BBMP work orders under Nagarothana scheme 2016-19"", ""url"": ""https://data.opencity.in/dataset/968e5202-74ed-4279-92df-7b7a1a111108/resource/2f981c34-c500-454a-a321-3bd89670f4fc/download/bba9c3ae-f8f5-48fc-9b96-9a3544dfbafc.csv"", ""rows"": [538]}, {""source_id"": ""S43"", ""label"": ""BBMP Bill Register 01-04-2018 to 30-09-2018"", ""url"": ""https://data.opencity.in/dataset/968e5202-74ed-4279-92df-7b7a1a111108/resource/06812e7e-70a0-43c7-82b8-02e6cd1968c7/download/9cee35c1-eb78-4dbe-b248-8b7cfb5dadba.csv"", ""rows"": [5523]}, {""source_id"": ""IFMS-GRID"", ""label"": ""BBMP IFMS payment grid (LoadPaymentGridData, all wards, quarterly)"", ""url"": ""https://accounts.bbmp.gov.in/vssWB/vss00CvStatusData.php?pAction=LoadPaymentGridData"", ""rows"": []}]"
267,placeholder_photos,notice,Blank / placeholder file used as a site photo,3 photo slot(s) filled with a blank / placeholder file. Bills require before/during/after photos; a placeholder means the photo record for this work is missing.,confirmed,"[{""source_id"": ""IFMS-DOC"", ""label"": ""WB-photo1--95923503-NOT APPLICABLE.pdf"", ""url"": ""https://accounts.bbmp.gov.in/vssIFMS/Files/WB-photo1--95923503-NOT%20APPLICABLE.pdf""}, {""source_id"": ""IFMS-DOC"", ""label"": ""WB-photo2--69007938-NOT APPLICABLE.pdf"", ""url"": ""https://accounts.bbmp.gov.in/vssIFMS/Files/WB-photo2--69007938-NOT%20APPLICABLE.pdf""}, {""source_id"": ""IFMS-DOC"", ""label"": ""WB-photo3--72012191-NOT APPLICABLE.pdf"", ""url"": ""https://accounts.bbmp.gov.in/vssIFMS/Files/WB-photo3--72012191-NOT%20APPLICABLE.pdf""}]"
267,document_reused,notice,Identical Completion Certificate / Job Certificate attached to another job number,"The same file (md5 66a13bffca…; Completion Certificate, Job Certificate) is attached to bills of 3 works: 304-15-000370, 304-20-000212. Could be one contract booked under two job numbers, or a wrong upload — worth checking.",confirmed,"[{""source_id"": ""IFMS-DOC"", ""label"": ""Attachment"", ""url"": ""https://accounts.bbmp.gov.in/vssIFMS/Files/WO-JC--06732128-NOT%20APPLICABLE.pdf""}]"
267,placeholder_reused,info,Same placeholder file uploaded as evidence on several works,"The same file (md5 af8cd31bb1…; Completion Certificate, Photo - After Work) is attached to bills of 3 works: 304-14-000214, 304-15-000370. A placeholder means the real record is missing.",confirmed,"[{""source_id"": ""IFMS-DOC"", ""label"": ""Attachment"", ""url"": ""https://accounts.bbmp.gov.in/vssIFMS/Files/WB-CC--18120394-NA.pdf""}]"
268,stale_running,notice,Running bill but no final bill in 3+ years,"Last bill/payment 2019-06-11. The work may be finished with the final bill outside these exports, or stalled.",inferred,"[{""source_id"": ""S03"", ""label"": ""BBMP Work Orders - Ejipura (Ward 148), 2013-2022"", ""url"": ""https://data.opencity.in/dataset/d22cea6d-5256-43af-8ad5-68db551e0760/resource/bcc85853-64d8-4ffb-b213-ff1c769f1ddf/download/ba583625-49c9-4e9f-89b4-764b9e9773cd.csv"", ""rows"": [112]}, {""source_id"": ""S03"", ""label"": ""BBMP Work Orders - Ejipura (Ward 148), 2013-2022"", ""url"": ""https://data.opencity.in/dataset/d22cea6d-5256-43af-8ad5-68db551e0760/resource/bcc85853-64d8-4ffb-b213-ff1c769f1ddf/download/ba583625-49c9-4e9f-89b4-764b9e9773cd.csv"", ""rows"": [112]}]"
268,slow_payment,info,Median 595 days from bill registration to payment,Long payment delays are common (seniority-based bill clearance) and raise contractors' financing costs.,confirmed,"[{""source_id"": ""IFMS"", ""label"": ""BBMP IFMS work bill 118366"", ""url"": ""https://accounts.bbmp.gov.in/vssWB/vss00CvStatusData.php?pAction=LoadDetails&pWorkBillID=118366"", ""note"": ""BR / RTGS dates""}]"
268,late_payment,info,Bill paid 3 years after work end date,Long payment lag; common with BBMP bill backlogs (seniority-based payment).,confirmed,"[{""source_id"": ""S03"", ""label"": ""BBMP Work Orders - Ejipura (Ward 148), 2013-2022"", ""url"": ""https://data.opencity.in/dataset/d22cea6d-5256-43af-8ad5-68db551e0760/resource/bcc85853-64d8-4ffb-b213-ff1c769f1ddf/download/ba583625-49c9-4e9f-89b4-764b9e9773cd.csv"", ""rows"": [112]}]"
269,slow_payment,info,Median 573 days from bill registration to payment,Long payment delays are common (seniority-based bill clearance) and raise contractors' financing costs.,confirmed,"[{""source_id"": ""IFMS"", ""label"": ""BBMP IFMS work bill 118755"", ""url"": ""https://accounts.bbmp.gov.in/vssWB/vss00CvStatusData.php?pAction=LoadDetails&pWorkBillID=118755"", ""note"": ""BR / RTGS dates""}]"
269,contractor_concentration,info,Contractor holds 2% of Koramangala money (8 projects),"C0017 AWIKA CONSTRUCTIONS (identity inferred; ids: KPPP:17612): ₹138,251,234 across 8 projects in this dataset. Concentration is common for ward maintenance contracts; it is context, not a finding.",inferred,[]
272,contractor_concentration,info,Contractor holds 5% of Koramangala money (92 projects),"C0001 M/s KRIDL (identity inferred; ids: none): ₹339,017,742 across 92 projects in this dataset. Concentration is common for ward maintenance contracts; it is context, not a finding.",inferred,[]
272,related_work,info,Near-identical work under another number (151-18-000045),"Descriptions are 95% similar. Could be a recurring annual work, a re-tender, a split of one work, or a duplicate entry.",inferred,[]
272,related_work,info,Near-identical work under another number (151-18-000048),"Descriptions are 95% similar. Could be a recurring annual work, a re-tender, a split of one work, or a duplicate entry.",inferred,[]
273,year_end_payment,info,100% of payments made in the last fortnight of March,Payments bunched at financial-year end (budget lapse pressure) are common; worth checking that measurement of the work preceded payment.,confirmed,"[{""source_id"": ""IFMS-GRID"", ""label"": ""BBMP IFMS payment grid (LoadPaymentGridData, all wards, quarterly)"", ""url"": ""https://accounts.bbmp.gov.in/vssWB/vss00CvStatusData.php?pAction=LoadPaymentGridData"", ""rows"": []}]"
273,contractor_concentration,info,Contractor holds 5% of Koramangala money (92 projects),"C0001 M/s KRIDL (identity inferred; ids: none): ₹339,017,742 across 92 projects in this dataset. Concentration is common for ward maintenance contracts; it is context, not a finding.",inferred,[]
273,related_work,info,Near-identical work under another number (151-18-000046),"Descriptions are 95% similar. Could be a recurring annual work, a re-tender, a split of one work, or a duplicate entry.",inferred,[]
273,related_work,info,Near-identical work under another number (151-18-000048),"Descriptions are 91% similar. Could be a recurring annual work, a re-tender, a split of one work, or a duplicate entry.",inferred,[]
274,year_end_payment,info,100% of payments made in the last fortnight of March,Payments bunched at financial-year end (budget lapse pressure) are common; worth checking that measurement of the work preceded payment.,confirmed,"[{""source_id"": ""IFMS-GRID"", ""label"": ""BBMP IFMS payment grid (LoadPaymentGridData, all wards, quarterly)"", ""url"": ""https://accounts.bbmp.gov.in/vssWB/vss00CvStatusData.php?pAction=LoadPaymentGridData"", ""rows"": []}]"
274,contractor_concentration,info,Contractor holds 5% of Koramangala money (92 projects),"C0001 M/s KRIDL (identity inferred; ids: none): ₹339,017,742 across 92 projects in this dataset. Concentration is common for ward maintenance contracts; it is context, not a finding.",inferred,[]
274,related_work,info,Near-identical work under another number (151-18-000046),"Descriptions are 95% similar. Could be a recurring annual work, a re-tender, a split of one work, or a duplicate entry.",inferred,[]
274,related_work,info,Near-identical work under another number (151-18-000045),"Descriptions are 91% similar. Could be a recurring annual work, a re-tender, a split of one work, or a duplicate entry.",inferred,[]
275,year_end_payment,info,100% of payments made in the last fortnight of March,Payments bunched at financial-year end (budget lapse pressure) are common; worth checking that measurement of the work preceded payment.,confirmed,"[{""source_id"": ""IFMS-GRID"", ""label"": ""BBMP IFMS payment grid (LoadPaymentGridData, all wards, quarterly)"", ""url"": ""https://accounts.bbmp.gov.in/vssWB/vss00CvStatusData.php?pAction=LoadPaymentGridData"", ""rows"": []}]"
275,contractor_concentration,info,Contractor holds 5% of Koramangala money (92 projects),"C0001 M/s KRIDL (identity inferred; ids: none): ₹339,017,742 across 92 projects in this dataset. Concentration is common for ward maintenance contracts; it is context, not a finding.",inferred,[]
275,related_work,info,Near-identical work under another number (151-18-000063),"Descriptions are 92% similar. Could be a recurring annual work, a re-tender, a split of one work, or a duplicate entry.",inferred,[]
275,related_work,info,Near-identical work under another number (151-18-000060),"Descriptions are 86% similar. Could be a recurring annual work, a re-tender, a split of one work, or a duplicate entry.",inferred,[]
276,related_work,info,Near-identical work under another number (151-19-000032),"Descriptions are 86% similar. Could be a recurring annual work, a re-tender, a split of one work, or a duplicate entry.",inferred,[]
277,slow_payment,info,Median 423 days from bill registration to payment,Long payment delays are common (seniority-based bill clearance) and raise contractors' financing costs.,confirmed,"[{""source_id"": ""IFMS"", ""label"": ""BBMP IFMS work bill 132470"", ""url"": ""https://accounts.bbmp.gov.in/vssWB/vss00CvStatusData.php?pAction=LoadDetails&pWorkBillID=132470"", ""note"": ""BR / RTGS dates""}]"
278,contractor_concentration,info,Contractor holds 2% of Koramangala money (8 projects),"C0017 AWIKA CONSTRUCTIONS (identity inferred; ids: KPPP:17612): ₹138,251,234 across 8 projects in this dataset. Concentration is common for ward maintenance contracts; it is context, not a finding.",inferred,[]
279,recalled_tender,notice,Tender called 3 times,"Re-calls usually mean no or too few valid bids on earlier calls, which can delay the work and reduce competition.",inferred,"[{""source_id"": ""OC-TENDERS"", ""label"": ""BBMP tender list: BBMP/2017-18/OW/WORK_INDENT26403"", ""url"": ""https://data.opencity.in/dataset/a779be95-ef47-4e04-8da7-08d4304cc61b/resource/2292da69-b446-4b8c-b30b-ff065dbc53cc/download/361319f8-5c74-4230-8612-a5832d58a409.csv"", ""note"": ""Call 1"", ""rows"": [1750]}, {""source_id"": ""OC-TENDERS"", ""label"": ""BBMP tender list: BBMP/2017-18/OW/WORK_INDENT26403/CALL-2"", ""url"": ""https://data.opencity.in/dataset/a779be95-ef47-4e04-8da7-08d4304cc61b/resource/2292da69-b446-4b8c-b30b-ff065dbc53cc/download/361319f8-5c74-4230-8612-a5832d58a409.csv"", ""note"": ""Call 2"", ""rows"": [3325]}, {""source_id"": ""OC-TENDERS"", ""label"": ""BBMP tender list: BBMP/2017-18/OW/WORK_INDENT26403/CALL-3"", ""url"": ""https://data.opencity.in/dataset/a779be95-ef47-4e04-8da7-08d4304cc61b/resource/2292da69-b446-4b8c-b30b-ff065dbc53cc/download/361319f8-5c74-4230-8612-a5832d58a409.csv"", ""note"": ""Call 3"", ""rows"": [3818]}]"
279,contractor_concentration,info,Contractor holds 0% of Koramangala money (10 projects),"C0012 SATHISH NAYAK K (identity inferred; ids: none): ₹27,751,149 across 10 projects in this dataset. Concentration is common for ward maintenance contracts; it is context, not a finding.",inferred,[]
280,stale_running,notice,Running bill but no final bill in 3+ years,"Last bill/payment 2018-11-28. The work may be finished with the final bill outside these exports, or stalled.",inferred,"[{""source_id"": ""IFMS-GRID"", ""label"": ""BBMP IFMS payment grid (LoadPaymentGridData, all wards, quarterly)"", ""url"": ""https://accounts.bbmp.gov.in/vssWB/vss00CvStatusData.php?pAction=LoadPaymentGridData""}, {""source_id"": ""IFMS-GRID"", ""label"": ""BBMP IFMS payment grid (LoadPaymentGridData, all wards, quarterly)"", ""url"": ""https://accounts.bbmp.gov.in/vssWB/vss00CvStatusData.php?pAction=LoadPaymentGridData"", ""rows"": []}]"
280,contractor_concentration,info,Contractor holds 5% of Koramangala money (92 projects),"C0001 M/s KRIDL (identity inferred; ids: none): ₹339,017,742 across 92 projects in this dataset. Concentration is common for ward maintenance contracts; it is context, not a finding.",inferred,[]
281,fine_levied,info,Fine / penalty deducted from a bill,"IFMS deductions: fine ₹811,918. Penalties usually relate to delay or quality; their reason is not in the public record.",confirmed,"[{""source_id"": ""IFMS"", ""label"": ""BBMP IFMS work bill 29453"", ""url"": ""https://accounts.bbmp.gov.in/vssWB/vss00CvStatusData.php?pAction=LoadDetails&pWorkBillID=29453"", ""note"": ""Deductions""}, {""source_id"": ""IFMS"", ""label"": ""BBMP IFMS work bill 124598"", ""url"": ""https://accounts.bbmp.gov.in/vssWB/vss00CvStatusData.php?pAction=LoadDetails&pWorkBillID=124598"", ""note"": ""Deductions""}]"
281,slow_payment,info,Median 951 days from bill registration to payment,Long payment delays are common (seniority-based bill clearance) and raise contractors' financing costs.,confirmed,"[{""source_id"": ""IFMS"", ""label"": ""BBMP IFMS work bill 29453"", ""url"": ""https://accounts.bbmp.gov.in/vssWB/vss00CvStatusData.php?pAction=LoadDetails&pWorkBillID=29453"", ""note"": ""BR / RTGS dates""}]"
281,large_deduction,info,Deduction of 34% on a bill,"₹1,387,021 withheld from a ₹4,029,448 bill. Usually recoveries, penalties, escrow or security deposit.",confirmed,"[{""source_id"": ""S01"", ""label"": ""BBMP Work Orders - Koramangala (Ward 151), 2013-2022"", ""url"": ""https://data.opencity.in/dataset/d22cea6d-5256-43af-8ad5-68db551e0760/resource/1ccbab74-ca87-465f-826b-5fd1b4b81a5f/download/f68edd0d-7e8b-4386-89cc-a7c946785c8a.csv"", ""rows"": [176, 174]}]"
281,late_payment,info,Bill paid 2 years after work end date,Long payment lag; common with BBMP bill backlogs (seniority-based payment).,confirmed,"[{""source_id"": ""S01"", ""label"": ""BBMP Work Orders - Koramangala (Ward 151), 2013-2022"", ""url"": ""https://data.opencity.in/dataset/d22cea6d-5256-43af-8ad5-68db551e0760/resource/1ccbab74-ca87-465f-826b-5fd1b4b81a5f/download/f68edd0d-7e8b-4386-89cc-a7c946785c8a.csv"", ""rows"": [176, 174]}]"
281,contractor_concentration,info,Contractor holds 5% of Koramangala money (92 projects),"C0001 M/s KRIDL (identity inferred; ids: none): ₹339,017,742 across 92 projects in this dataset. Concentration is common for ward maintenance contracts; it is context, not a finding.",inferred,[]
283,fine_levied,info,Fine / penalty deducted from a bill,"IFMS deductions: fine ₹10,000. Penalties usually relate to delay or quality; their reason is not in the public record.",confirmed,"[{""source_id"": ""IFMS"", ""label"": ""BBMP IFMS work bill 95267"", ""url"": ""https://accounts.bbmp.gov.in/vssWB/vss00CvStatusData.php?pAction=LoadDetails&pWorkBillID=95267"", ""note"": ""Deductions""}]"
283,slow_payment,info,Median 578 days from bill registration to payment,Long payment delays are common (seniority-based bill clearance) and raise contractors' financing costs.,confirmed,"[{""source_id"": ""IFMS"", ""label"": ""BBMP IFMS work bill 95267"", ""url"": ""https://accounts.bbmp.gov.in/vssWB/vss00CvStatusData.php?pAction=LoadDetails&pWorkBillID=95267"", ""note"": ""BR / RTGS dates""}]"
283,contractor_concentration,info,Contractor holds 5% of Koramangala money (92 projects),"C0001 M/s KRIDL (identity inferred; ids: none): ₹339,017,742 across 92 projects in this dataset. Concentration is common for ward maintenance contracts; it is context, not a finding.",inferred,[]
286,contractor_concentration,info,Contractor holds 0% of Koramangala money (10 projects),"C0012 SATHISH NAYAK K (identity inferred; ids: none): ₹27,751,149 across 10 projects in this dataset. Concentration is common for ward maintenance contracts; it is context, not a finding.",inferred,[]
288,stale_running,notice,Running bill but no final bill in 3+ years,"Last bill/payment 2018-10-12. The work may be finished with the final bill outside these exports, or stalled.",inferred,"[{""source_id"": ""IFMS-GRID"", ""label"": ""BBMP IFMS payment grid (LoadPaymentGridData, all wards, quarterly)"", ""url"": ""https://accounts.bbmp.gov.in/vssWB/vss00CvStatusData.php?pAction=LoadPaymentGridData""}, {""source_id"": ""IFMS-GRID"", ""label"": ""BBMP IFMS payment grid (LoadPaymentGridData, all wards, quarterly)"", ""url"": ""https://accounts.bbmp.gov.in/vssWB/vss00CvStatusData.php?pAction=LoadPaymentGridData"", ""rows"": []}]"
289,paid_over_estimate,notice,Paid 189% of the estimate,"Gross payments ₹2,264,800 vs estimate ₹1,200,000.",confirmed,"[{""source_id"": ""WB-SANCTION"", ""label"": ""BBMP ward works list FY 2016-17 — Adugodi (Wayback Machine)"", ""url"": ""https://web.archive.org/web/20220823021151/https://site.bbmp.gov.in/documents/Adugodi-South.pdf"", ""note"": ""Job 147-17-000004, row 4"", ""rows"": [4]}, {""source_id"": ""S02"", ""label"": ""BBMP Work Orders - Adugodi (Ward 147), 2013-2022"", ""url"": ""https://data.opencity.in/dataset/d22cea6d-5256-43af-8ad5-68db551e0760/resource/9781e788-6c7b-4978-a600-abf3836b2a37/download/e51f4570-bde5-4fa7-bdd7-ec131041ea35.csv"", ""rows"": [139]}, {""source_id"": ""IFMS-GRID"", ""label"": ""BBMP IFMS payment grid (LoadPaymentGridData, all wards, quarterly)"", ""url"": ""https://accounts.bbmp.gov.in/vssWB/vss00CvStatusData.php?pAction=LoadPaymentGridData"", ""rows"": []}]"
289,slow_payment,info,Median 532 days from bill registration to payment,Long payment delays are common (seniority-based bill clearance) and raise contractors' financing costs.,confirmed,"[{""source_id"": ""IFMS"", ""label"": ""BBMP IFMS work bill 107553"", ""url"": ""https://accounts.bbmp.gov.in/vssWB/vss00CvStatusData.php?pAction=LoadDetails&pWorkBillID=107553"", ""note"": ""BR / RTGS dates""}]"
289,contractor_concentration,info,Contractor holds 5% of Koramangala money (92 projects),"C0001 M/s KRIDL (identity inferred; ids: none): ₹339,017,742 across 92 projects in this dataset. Concentration is common for ward maintenance contracts; it is context, not a finding.",inferred,[]
289,related_work,info,Near-identical work under another number (147-17-000016),"Descriptions are 87% similar. Could be a recurring annual work, a re-tender, a split of one work, or a duplicate entry.",inferred,[]
290,fine_levied,info,Fine / penalty deducted from a bill,"IFMS deductions: fine ₹9,700. Penalties usually relate to delay or quality; their reason is not in the public record.",confirmed,"[{""source_id"": ""IFMS"", ""label"": ""BBMP IFMS work bill 3252"", ""url"": ""https://accounts.bbmp.gov.in/vssWB/vss00CvStatusData.php?pAction=LoadDetails&pWorkBillID=3252"", ""note"": ""Deductions""}, {""source_id"": ""IFMS"", ""label"": ""BBMP IFMS work bill 83284"", ""url"": ""https://accounts.bbmp.gov.in/vssWB/vss00CvStatusData.php?pAction=LoadDetails&pWorkBillID=83284"", ""note"": ""Deductions""}, {""source_id"": ""IFMS"", ""label"": ""BBMP IFMS work bill 143883"", ""url"": ""https://accounts.bbmp.gov.in/vssWB/vss00CvStatusData.php?pAction=LoadDetails&pWorkBillID=143883"", ""note"": ""Deductions""}]"
290,slow_payment,info,Median 719 days from bill registration to payment,Long payment delays are common (seniority-based bill clearance) and raise contractors' financing costs.,confirmed,"[{""source_id"": ""IFMS"", ""label"": ""BBMP IFMS work bill 3252"", ""url"": ""https://accounts.bbmp.gov.in/vssWB/vss00CvStatusData.php?pAction=LoadDetails&pWorkBillID=3252"", ""note"": ""BR / RTGS dates""}]"
290,bills_after_final,notice,1 bill(s) registered after the final bill,Final bill registered 2014-02-21; later non-final bills exist.,confirmed,"[{""source_id"": ""S02"", ""label"": ""BBMP Work Orders - Adugodi (Ward 147), 2013-2022"", ""url"": ""https://data.opencity.in/dataset/d22cea6d-5256-43af-8ad5-68db551e0760/resource/9781e788-6c7b-4978-a600-abf3836b2a37/download/e51f4570-bde5-4fa7-bdd7-ec131041ea35.csv"", ""rows"": [170]}]"
290,late_payment,info,Bill paid 2 years after work end date,Long payment lag; common with BBMP bill backlogs (seniority-based payment).,confirmed,"[{""source_id"": ""S02"", ""label"": ""BBMP Work Orders - Adugodi (Ward 147), 2013-2022"", ""url"": ""https://data.opencity.in/dataset/d22cea6d-5256-43af-8ad5-68db551e0760/resource/9781e788-6c7b-4978-a600-abf3836b2a37/download/e51f4570-bde5-4fa7-bdd7-ec131041ea35.csv"", ""rows"": [222, 171, 170]}, {""source_id"": ""IFMS-GRID"", ""label"": ""BBMP IFMS payment grid (LoadPaymentGridData, all wards, quarterly)"", ""url"": ""https://accounts.bbmp.gov.in/vssWB/vss00CvStatusData.php?pAction=LoadPaymentGridData"", ""rows"": []}]"
290,contractor_concentration,info,Contractor holds 5% of Koramangala money (92 projects),"C0001 M/s KRIDL (identity inferred; ids: none): ₹339,017,742 across 92 projects in this dataset. Concentration is common for ward maintenance contracts; it is context, not a finding.",inferred,[]
290,related_work,info,Near-identical work under another number (147-13-000043),"Descriptions are 99% similar. Could be a recurring annual work, a re-tender, a split of one work, or a duplicate entry.",inferred,[]
291,stale_running,notice,Running bill but no final bill in 3+ years,"Last bill/payment 2018-09-20. The work may be finished with the final bill outside these exports, or stalled.",inferred,"[{""source_id"": ""S43"", ""label"": ""BBMP Bill Register 01-04-2018 to 30-09-2018"", ""url"": ""https://data.opencity.in/dataset/968e5202-74ed-4279-92df-7b7a1a111108/resource/06812e7e-70a0-43c7-82b8-02e6cd1968c7/download/9cee35c1-eb78-4dbe-b248-8b7cfb5dadba.csv"", ""rows"": [5562]}, {""source_id"": ""S43"", ""label"": ""BBMP Bill Register 01-04-2018 to 30-09-2018"", ""url"": ""https://data.opencity.in/dataset/968e5202-74ed-4279-92df-7b7a1a111108/resource/06812e7e-70a0-43c7-82b8-02e6cd1968c7/download/9cee35c1-eb78-4dbe-b248-8b7cfb5dadba.csv"", ""rows"": [5562]}]"
291,contractor_concentration,info,Contractor holds 5% of Koramangala money (92 projects),"C0001 M/s KRIDL (identity inferred; ids: none): ₹339,017,742 across 92 projects in this dataset. Concentration is common for ward maintenance contracts; it is context, not a finding.",inferred,[]
292,contractor_concentration,info,Contractor holds 0% of Koramangala money (10 projects),"C0012 SATHISH NAYAK K (identity inferred; ids: none): ₹27,751,149 across 10 projects in this dataset. Concentration is common for ward maintenance contracts; it is context, not a finding.",inferred,[]
293,contractor_concentration,info,Contractor holds 0% of Koramangala money (10 projects),"C0012 SATHISH NAYAK K (identity inferred; ids: none): ₹27,751,149 across 10 projects in this dataset. Concentration is common for ward maintenance contracts; it is context, not a finding.",inferred,[]
293,related_work,info,Near-identical work under another number (186-23-000005),"Descriptions are 83% similar. Could be a recurring annual work, a re-tender, a split of one work, or a duplicate entry.",inferred,[]
294,contractor_concentration,info,Contractor holds 5% of Koramangala money (92 projects),"C0001 M/s KRIDL (identity inferred; ids: none): ₹339,017,742 across 92 projects in this dataset. Concentration is common for ward maintenance contracts; it is context, not a finding.",inferred,[]
295,recalled_tender,notice,Tender called 4 times,"Re-calls usually mean no or too few valid bids on earlier calls, which can delay the work and reduce competition.",inferred,"[{""source_id"": ""OC-TENDERS"", ""label"": ""BBMP tender list: BBMP/2015-16/OW/WORK_INDENT19405"", ""url"": ""https://data.opencity.in/dataset/a779be95-ef47-4e04-8da7-08d4304cc61b/resource/8ed88e7f-e338-4f9b-a8fb-ac2502864eba/download/baff643d-8e76-4620-8057-43809e2e9b42.csv"", ""note"": ""Call 1"", ""rows"": [1372]}, {""source_id"": ""OC-TENDERS"", ""label"": ""BBMP tender list: BBMP/2015-16/OW/WORK_INDENT19405/CALL-2"", ""url"": ""https://data.opencity.in/dataset/a779be95-ef47-4e04-8da7-08d4304cc61b/resource/8ed88e7f-e338-4f9b-a8fb-ac2502864eba/download/baff643d-8e76-4620-8057-43809e2e9b42.csv"", ""note"": ""Call 2"", ""rows"": [1848]}, {""source_id"": ""OC-TENDERS"", ""label"": ""BBMP tender list: BBMP/2015-16/OW/WORK_INDENT19405/CALL-3"", ""url"": ""https://data.opencity.in/dataset/a779be95-ef47-4e04-8da7-08d4304cc61b/resource/8ed88e7f-e338-4f9b-a8fb-ac2502864eba/download/baff643d-8e76-4620-8057-43809e2e9b42.csv"", ""note"": ""Call 3"", ""rows"": [2182]}, {""source_id"": ""OC-TENDERS"", ""label"": ""BBMP tender list: BBMP/2015-16/OW/WORK_INDENT19405/CALL-4"", ""url"": ""https://data.opencity.in/dataset/a779be95-ef47-4e04-8da7-08d4304cc61b/resource/8ed88e7f-e338-4f9b-a8fb-ac2502864eba/download/baff643d-8e76-4620-8057-43809e2e9b42.csv"", ""note"": ""Call 4"", ""rows"": [2358]}]"
295,fine_levied,info,Fine / penalty deducted from a bill,"IFMS deductions: fine ₹3,000. Penalties usually relate to delay or quality; their reason is not in the public record.",confirmed,"[{""source_id"": ""IFMS"", ""label"": ""BBMP IFMS work bill 94384"", ""url"": ""https://accounts.bbmp.gov.in/vssWB/vss00CvStatusData.php?pAction=LoadDetails&pWorkBillID=94384"", ""note"": ""Deductions""}]"
295,slow_payment,info,Median 505 days from bill registration to payment,Long payment delays are common (seniority-based bill clearance) and raise contractors' financing costs.,confirmed,"[{""source_id"": ""IFMS"", ""label"": ""BBMP IFMS work bill 94384"", ""url"": ""https://accounts.bbmp.gov.in/vssWB/vss00CvStatusData.php?pAction=LoadDetails&pWorkBillID=94384"", ""note"": ""BR / RTGS dates""}]"
296,long_running,notice,Activity spread over 4.7 years,"First record 2013-12-19, last 2018-08-14. Long gaps can mean phased work, delays or late bill settlement.",confirmed,"[{""source_id"": ""S43"", ""label"": ""BBMP Bill Register 01-04-2018 to 30-09-2018"", ""url"": ""https://data.opencity.in/dataset/968e5202-74ed-4279-92df-7b7a1a111108/resource/06812e7e-70a0-43c7-82b8-02e6cd1968c7/download/9cee35c1-eb78-4dbe-b248-8b7cfb5dadba.csv"", ""rows"": [4707]}, {""source_id"": ""IFMS-GRID"", ""label"": ""BBMP IFMS payment grid (LoadPaymentGridData, all wards, quarterly)"", ""url"": ""https://accounts.bbmp.gov.in/vssWB/vss00CvStatusData.php?pAction=LoadPaymentGridData"", ""rows"": []}]"
296,placeholder_photos,notice,Blank / placeholder file used as a site photo,13 photo slot(s) filled with a blank / placeholder file. Bills require before/during/after photos; a placeholder means the photo record for this work is missing.,confirmed,"[{""source_id"": ""IFMS-DOC"", ""label"": ""WB-photo2--64737854-NOT APPLICABLE TO PMC WORKS.pdf"", ""url"": ""https://accounts.bbmp.gov.in/vssIFMS/Files/WB-photo2--64737854-NOT%20APPLICABLE%20TO%20PMC%20WORKS.pdf""}, {""source_id"": ""IFMS-DOC"", ""label"": ""WB-photo3--33952633-NOT APPLICABLE TO PMC WORKS.pdf"", ""url"": ""https://accounts.bbmp.gov.in/vssIFMS/Files/WB-photo3--33952633-NOT%20APPLICABLE%20TO%20PMC%20WORKS.pdf""}, {""source_id"": ""IFMS-DOC"", ""label"": ""WB-photo1--13867562-NOT APPLICABLE TO PMC WORKS.pdf"", ""url"": ""https://accounts.bbmp.gov.in/vssIFMS/Files/WB-photo1--13867562-NOT%20APPLICABLE%20TO%20PMC%20WORKS.pdf""}]"
296,slow_payment,info,Median 972 days from bill registration to payment,Long payment delays are common (seniority-based bill clearance) and raise contractors' financing costs.,confirmed,"[{""source_id"": ""IFMS"", ""label"": ""BBMP IFMS work bill 3920"", ""url"": ""https://accounts.bbmp.gov.in/vssWB/vss00CvStatusData.php?pAction=LoadDetails&pWorkBillID=3920"", ""note"": ""BR / RTGS dates""}]"
296,contractor_concentration,info,Contractor holds 5% of Koramangala money (92 projects),"C0001 M/s KRIDL (identity inferred; ids: none): ₹339,017,742 across 92 projects in this dataset. Concentration is common for ward maintenance contracts; it is context, not a finding.",inferred,[]
296,related_work,info,Near-identical work under another number (304-14-000048),"Descriptions are 84% similar. Could be a recurring annual work, a re-tender, a split of one work, or a duplicate entry.",inferred,[]
297,long_running,notice,Activity spread over 4.7 years,"First record 2013-12-19, last 2018-08-14. Long gaps can mean phased work, delays or late bill settlement.",confirmed,"[{""source_id"": ""S43"", ""label"": ""BBMP Bill Register 01-04-2018 to 30-09-2018"", ""url"": ""https://data.opencity.in/dataset/968e5202-74ed-4279-92df-7b7a1a111108/resource/06812e7e-70a0-43c7-82b8-02e6cd1968c7/download/9cee35c1-eb78-4dbe-b248-8b7cfb5dadba.csv"", ""rows"": [4709]}, {""source_id"": ""IFMS-GRID"", ""label"": ""BBMP IFMS payment grid (LoadPaymentGridData, all wards, quarterly)"", ""url"": ""https://accounts.bbmp.gov.in/vssWB/vss00CvStatusData.php?pAction=LoadPaymentGridData"", ""rows"": []}]"
297,slow_payment,info,Median 972 days from bill registration to payment,Long payment delays are common (seniority-based bill clearance) and raise contractors' financing costs.,confirmed,"[{""source_id"": ""IFMS"", ""label"": ""BBMP IFMS work bill 35086"", ""url"": ""https://accounts.bbmp.gov.in/vssWB/vss00CvStatusData.php?pAction=LoadDetails&pWorkBillID=35086"", ""note"": ""BR / RTGS dates""}]"
297,contractor_concentration,info,Contractor holds 5% of Koramangala money (92 projects),"C0001 M/s KRIDL (identity inferred; ids: none): ₹339,017,742 across 92 projects in this dataset. Concentration is common for ward maintenance contracts; it is context, not a finding.",inferred,[]
297,related_work,info,Near-identical work under another number (304-14-000047),"Descriptions are 84% similar. Could be a recurring annual work, a re-tender, a split of one work, or a duplicate entry.",inferred,[]
298,fine_levied,info,Fine / penalty deducted from a bill,"IFMS deductions: fine ₹5,000. Penalties usually relate to delay or quality; their reason is not in the public record.",confirmed,"[{""source_id"": ""IFMS"", ""label"": ""BBMP IFMS work bill 94386"", ""url"": ""https://accounts.bbmp.gov.in/vssWB/vss00CvStatusData.php?pAction=LoadDetails&pWorkBillID=94386"", ""note"": ""Deductions""}]"
298,slow_payment,info,Median 505 days from bill registration to payment,Long payment delays are common (seniority-based bill clearance) and raise contractors' financing costs.,confirmed,"[{""source_id"": ""IFMS"", ""label"": ""BBMP IFMS work bill 94386"", ""url"": ""https://accounts.bbmp.gov.in/vssWB/vss00CvStatusData.php?pAction=LoadDetails&pWorkBillID=94386"", ""note"": ""BR / RTGS dates""}]"
298,contractor_concentration,info,Contractor holds 0% of Koramangala money (14 projects),"C0007 Sri. K R Pratheek (identity inferred; ids: none): ₹31,619,971 across 14 projects in this dataset. Concentration is common for ward maintenance contracts; it is context, not a finding.",inferred,[]
299,fine_levied,info,Fine / penalty deducted from a bill,"IFMS deductions: fine ₹31,625. Penalties usually relate to delay or quality; their reason is not in the public record.",confirmed,"[{""source_id"": ""IFMS"", ""label"": ""BBMP IFMS work bill 111965"", ""url"": ""https://accounts.bbmp.gov.in/vssWB/vss00CvStatusData.php?pAction=LoadDetails&pWorkBillID=111965"", ""note"": ""Deductions""}]"
299,slow_payment,info,Median 1677 days from bill registration to payment,Long payment delays are common (seniority-based bill clearance) and raise contractors' financing costs.,confirmed,"[{""source_id"": ""IFMS"", ""label"": ""BBMP IFMS work bill 111965"", ""url"": ""https://accounts.bbmp.gov.in/vssWB/vss00CvStatusData.php?pAction=LoadDetails&pWorkBillID=111965"", ""note"": ""BR / RTGS dates""}]"
299,contractor_concentration,info,Contractor holds 5% of Koramangala money (92 projects),"C0001 M/s KRIDL (identity inferred; ids: none): ₹339,017,742 across 92 projects in this dataset. Concentration is common for ward maintenance contracts; it is context, not a finding.",inferred,[]
300,fine_levied,info,Fine / penalty deducted from a bill,"IFMS deductions: fine ₹2,000. Penalties usually relate to delay or quality; their reason is not in the public record.",confirmed,"[{""source_id"": ""IFMS"", ""label"": ""BBMP IFMS work bill 89638"", ""url"": ""https://accounts.bbmp.gov.in/vssWB/vss00CvStatusData.php?pAction=LoadDetails&pWorkBillID=89638"", ""note"": ""Deductions""}]"
300,slow_payment,info,Median 541 days from bill registration to payment,Long payment delays are common (seniority-based bill clearance) and raise contractors' financing costs.,confirmed,"[{""source_id"": ""IFMS"", ""label"": ""BBMP IFMS work bill 89638"", ""url"": ""https://accounts.bbmp.gov.in/vssWB/vss00CvStatusData.php?pAction=LoadDetails&pWorkBillID=89638"", ""note"": ""BR / RTGS dates""}]"
300,contractor_concentration,info,Contractor holds 5% of Koramangala money (92 projects),"C0001 M/s KRIDL (identity inferred; ids: none): ₹339,017,742 across 92 projects in this dataset. Concentration is common for ward maintenance contracts; it is context, not a finding.",inferred,[]
301,slow_payment,info,Median 548 days from bill registration to payment,Long payment delays are common (seniority-based bill clearance) and raise contractors' financing costs.,confirmed,"[{""source_id"": ""IFMS"", ""label"": ""BBMP IFMS work bill 69680"", ""url"": ""https://accounts.bbmp.gov.in/vssWB/vss00CvStatusData.php?pAction=LoadDetails&pWorkBillID=69680"", ""note"": ""BR / RTGS dates""}]"
301,contractor_concentration,info,Contractor holds 5% of Koramangala money (92 projects),"C0001 M/s KRIDL (identity inferred; ids: none): ₹339,017,742 across 92 projects in this dataset. Concentration is common for ward maintenance contracts; it is context, not a finding.",inferred,[]
302,stale_running,notice,Running bill but no final bill in 3+ years,"Last bill/payment 2018-07-10. The work may be finished with the final bill outside these exports, or stalled.",inferred,"[{""source_id"": ""S01"", ""label"": ""BBMP Work Orders - Koramangala (Ward 151), 2013-2022"", ""url"": ""https://data.opencity.in/dataset/d22cea6d-5256-43af-8ad5-68db551e0760/resource/1ccbab74-ca87-465f-826b-5fd1b4b81a5f/download/f68edd0d-7e8b-4386-89cc-a7c946785c8a.csv"", ""rows"": [161]}, {""source_id"": ""S01"", ""label"": ""BBMP Work Orders - Koramangala (Ward 151), 2013-2022"", ""url"": ""https://data.opencity.in/dataset/d22cea6d-5256-43af-8ad5-68db551e0760/resource/1ccbab74-ca87-465f-826b-5fd1b4b81a5f/download/f68edd0d-7e8b-4386-89cc-a7c946785c8a.csv"", ""rows"": [161]}]"
302,fine_levied,info,Fine / penalty deducted from a bill,IFMS deductions: fine ₹600. Penalties usually relate to delay or quality; their reason is not in the public record.,confirmed,"[{""source_id"": ""IFMS"", ""label"": ""BBMP IFMS work bill 47081"", ""url"": ""https://accounts.bbmp.gov.in/vssWB/vss00CvStatusData.php?pAction=LoadDetails&pWorkBillID=47081"", ""note"": ""Deductions""}]"
302,slow_payment,info,Median 746 days from bill registration to payment,Long payment delays are common (seniority-based bill clearance) and raise contractors' financing costs.,confirmed,"[{""source_id"": ""IFMS"", ""label"": ""BBMP IFMS work bill 47081"", ""url"": ""https://accounts.bbmp.gov.in/vssWB/vss00CvStatusData.php?pAction=LoadDetails&pWorkBillID=47081"", ""note"": ""BR / RTGS dates""}]"
302,late_payment,info,Bill paid 2 years after work end date,Long payment lag; common with BBMP bill backlogs (seniority-based payment).,confirmed,"[{""source_id"": ""S01"", ""label"": ""BBMP Work Orders - Koramangala (Ward 151), 2013-2022"", ""url"": ""https://data.opencity.in/dataset/d22cea6d-5256-43af-8ad5-68db551e0760/resource/1ccbab74-ca87-465f-826b-5fd1b4b81a5f/download/f68edd0d-7e8b-4386-89cc-a7c946785c8a.csv"", ""rows"": [161]}]"
302,related_work,info,Near-identical work under another number (151-16-000011),"Descriptions are 98% similar. Could be a recurring annual work, a re-tender, a split of one work, or a duplicate entry.",inferred,[]
302,related_work,info,Near-identical work under another number (151-16-000007),"Descriptions are 94% similar. Could be a recurring annual work, a re-tender, a split of one work, or a duplicate entry.",inferred,[]
303,contractor_concentration,info,Contractor holds 5% of Koramangala money (92 projects),"C0001 M/s KRIDL (identity inferred; ids: none): ₹339,017,742 across 92 projects in this dataset. Concentration is common for ward maintenance contracts; it is context, not a finding.",inferred,[]
304,long_running,notice,Activity spread over 3.9 years,"First record 2014-07-30, last 2018-07-02. Long gaps can mean phased work, delays or late bill settlement.",confirmed,"[{""source_id"": ""S43"", ""label"": ""BBMP Bill Register 01-04-2018 to 30-09-2018"", ""url"": ""https://data.opencity.in/dataset/968e5202-74ed-4279-92df-7b7a1a111108/resource/06812e7e-70a0-43c7-82b8-02e6cd1968c7/download/9cee35c1-eb78-4dbe-b248-8b7cfb5dadba.csv"", ""rows"": [2918]}, {""source_id"": ""S43"", ""label"": ""BBMP Bill Register 01-04-2018 to 30-09-2018"", ""url"": ""https://data.opencity.in/dataset/968e5202-74ed-4279-92df-7b7a1a111108/resource/06812e7e-70a0-43c7-82b8-02e6cd1968c7/download/9cee35c1-eb78-4dbe-b248-8b7cfb5dadba.csv"", ""rows"": [2918]}]"
304,placeholder_photos,notice,Blank / placeholder file used as a site photo,3 photo slot(s) filled with a blank / placeholder file. Bills require before/during/after photos; a placeholder means the photo record for this work is missing.,confirmed,"[{""source_id"": ""IFMS-DOC"", ""label"": ""WB-photo2--22395713-NA.jpg"", ""url"": ""https://accounts.bbmp.gov.in/vssIFMS/Files/WB-photo2--22395713-NA.jpg""}, {""source_id"": ""IFMS-DOC"", ""label"": ""WB-photo3--27672123-NA.jpg"", ""url"": ""https://accounts.bbmp.gov.in/vssIFMS/Files/WB-photo3--27672123-NA.jpg""}, {""source_id"": ""IFMS-DOC"", ""label"": ""WB-photo1--97025503-NA.jpg"", ""url"": ""https://accounts.bbmp.gov.in/vssIFMS/Files/WB-photo1--97025503-NA.jpg""}]"
304,slow_payment,info,Median 462 days from bill registration to payment,Long payment delays are common (seniority-based bill clearance) and raise contractors' financing costs.,confirmed,"[{""source_id"": ""IFMS"", ""label"": ""BBMP IFMS work bill 84121"", ""url"": ""https://accounts.bbmp.gov.in/vssWB/vss00CvStatusData.php?pAction=LoadDetails&pWorkBillID=84121"", ""note"": ""BR / RTGS dates""}]"
305,fine_levied,info,Fine / penalty deducted from a bill,"IFMS deductions: fine ₹6,000. Penalties usually relate to delay or quality; their reason is not in the public record.",confirmed,"[{""source_id"": ""IFMS"", ""label"": ""BBMP IFMS work bill 94580"", ""url"": ""https://accounts.bbmp.gov.in/vssWB/vss00CvStatusData.php?pAction=LoadDetails&pWorkBillID=94580"", ""note"": ""Deductions""}]"
305,slow_payment,info,Median 458 days from bill registration to payment,Long payment delays are common (seniority-based bill clearance) and raise contractors' financing costs.,confirmed,"[{""source_id"": ""IFMS"", ""label"": ""BBMP IFMS work bill 94580"", ""url"": ""https://accounts.bbmp.gov.in/vssWB/vss00CvStatusData.php?pAction=LoadDetails&pWorkBillID=94580"", ""note"": ""BR / RTGS dates""}]"
305,contractor_concentration,info,Contractor holds 0% of Koramangala money (14 projects),"C0007 Sri. K R Pratheek (identity inferred; ids: none): ₹31,619,971 across 14 projects in this dataset. Concentration is common for ward maintenance contracts; it is context, not a finding.",inferred,[]
306,slow_payment,info,Median 651 days from bill registration to payment,Long payment delays are common (seniority-based bill clearance) and raise contractors' financing costs.,confirmed,"[{""source_id"": ""IFMS"", ""label"": ""BBMP IFMS work bill 55700"", ""url"": ""https://accounts.bbmp.gov.in/vssWB/vss00CvStatusData.php?pAction=LoadDetails&pWorkBillID=55700"", ""note"": ""BR / RTGS dates""}]"
306,contractor_concentration,info,Contractor holds 0% of Koramangala money (10 projects),"C0012 SATHISH NAYAK K (identity inferred; ids: none): ₹27,751,149 across 10 projects in this dataset. Concentration is common for ward maintenance contracts; it is context, not a finding.",inferred,[]
307,recalled_tender,info,Tender re-called once (CALL-2),First call did not result in an award.,inferred,"[{""source_id"": ""OC-TENDERS"", ""label"": ""BBMP tender list: BBMP/2017-18/OW/WORK_INDENT27777"", ""url"": ""https://data.opencity.in/dataset/a779be95-ef47-4e04-8da7-08d4304cc61b/resource/2292da69-b446-4b8c-b30b-ff065dbc53cc/download/361319f8-5c74-4230-8612-a5832d58a409.csv"", ""note"": ""Call 1"", ""rows"": [3870]}, {""source_id"": ""OC-TENDERS"", ""label"": ""BBMP tender list: BBMP/2017-18/OW/WORK_INDENT27777/CALL-2"", ""url"": ""https://data.opencity.in/dataset/a779be95-ef47-4e04-8da7-08d4304cc61b/resource/2292da69-b446-4b8c-b30b-ff065dbc53cc/download/361319f8-5c74-4230-8612-a5832d58a409.csv"", ""note"": ""Call 2"", ""rows"": [5029]}]"
309,contractor_concentration,info,Contractor holds 5% of Koramangala money (92 projects),"C0001 M/s KRIDL (identity inferred; ids: none): ₹339,017,742 across 92 projects in this dataset. Concentration is common for ward maintenance contracts; it is context, not a finding.",inferred,[]
310,slow_payment,info,Median 823 days from bill registration to payment,Long payment delays are common (seniority-based bill clearance) and raise contractors' financing costs.,confirmed,"[{""source_id"": ""IFMS"", ""label"": ""BBMP IFMS work bill 24751"", ""url"": ""https://accounts.bbmp.gov.in/vssWB/vss00CvStatusData.php?pAction=LoadDetails&pWorkBillID=24751"", ""note"": ""BR / RTGS dates""}]"
310,large_deduction,info,Deduction of 40% on a bill,"₹4,295,366 withheld from a ₹10,716,182 bill. Usually recoveries, penalties, escrow or security deposit.",confirmed,"[{""source_id"": ""S01"", ""label"": ""BBMP Work Orders - Koramangala (Ward 151), 2013-2022"", ""url"": ""https://data.opencity.in/dataset/d22cea6d-5256-43af-8ad5-68db551e0760/resource/1ccbab74-ca87-465f-826b-5fd1b4b81a5f/download/f68edd0d-7e8b-4386-89cc-a7c946785c8a.csv"", ""rows"": [186]}]"
310,late_payment,info,Bill paid 3 years after work end date,Long payment lag; common with BBMP bill backlogs (seniority-based payment).,confirmed,"[{""source_id"": ""S01"", ""label"": ""BBMP Work Orders - Koramangala (Ward 151), 2013-2022"", ""url"": ""https://data.opencity.in/dataset/d22cea6d-5256-43af-8ad5-68db551e0760/resource/1ccbab74-ca87-465f-826b-5fd1b4b81a5f/download/f68edd0d-7e8b-4386-89cc-a7c946785c8a.csv"", ""rows"": [186]}]"
311,slow_payment,info,Median 427 days from bill registration to payment,Long payment delays are common (seniority-based bill clearance) and raise contractors' financing costs.,confirmed,"[{""source_id"": ""IFMS"", ""label"": ""BBMP IFMS work bill 84311"", ""url"": ""https://accounts.bbmp.gov.in/vssWB/vss00CvStatusData.php?pAction=LoadDetails&pWorkBillID=84311"", ""note"": ""BR / RTGS dates""}]"
311,contractor_concentration,info,Contractor holds 5% of Koramangala money (92 projects),"C0001 M/s KRIDL (identity inferred; ids: none): ₹339,017,742 across 92 projects in this dataset. Concentration is common for ward maintenance contracts; it is context, not a finding.",inferred,[]
311,related_work,info,Near-identical work under another number (151-17-000010),"Descriptions are 98% similar. Could be a recurring annual work, a re-tender, a split of one work, or a duplicate entry.",inferred,[]
311,related_work,info,Near-identical work under another number (151-17-000011),"Descriptions are 98% similar. Could be a recurring annual work, a re-tender, a split of one work, or a duplicate entry.",inferred,[]
311,related_work,info,Near-identical work under another number (151-17-000012),"Descriptions are 83% similar. Could be a recurring annual work, a re-tender, a split of one work, or a duplicate entry.",inferred,[]
312,slow_payment,info,Median 427 days from bill registration to payment,Long payment delays are common (seniority-based bill clearance) and raise contractors' financing costs.,confirmed,"[{""source_id"": ""IFMS"", ""label"": ""BBMP IFMS work bill 84313"", ""url"": ""https://accounts.bbmp.gov.in/vssWB/vss00CvStatusData.php?pAction=LoadDetails&pWorkBillID=84313"", ""note"": ""BR / RTGS dates""}]"
312,contractor_concentration,info,Contractor holds 5% of Koramangala money (92 projects),"C0001 M/s KRIDL (identity inferred; ids: none): ₹339,017,742 across 92 projects in this dataset. Concentration is common for ward maintenance contracts; it is context, not a finding.",inferred,[]
312,related_work,info,Near-identical work under another number (151-17-000009),"Descriptions are 98% similar. Could be a recurring annual work, a re-tender, a split of one work, or a duplicate entry.",inferred,[]
312,related_work,info,Near-identical work under another number (151-17-000011),"Descriptions are 98% similar. Could be a recurring annual work, a re-tender, a split of one work, or a duplicate entry.",inferred,[]
312,related_work,info,Near-identical work under another number (151-17-000012),"Descriptions are 83% similar. Could be a recurring annual work, a re-tender, a split of one work, or a duplicate entry.",inferred,[]
313,slow_payment,info,Median 427 days from bill registration to payment,Long payment delays are common (seniority-based bill clearance) and raise contractors' financing costs.,confirmed,"[{""source_id"": ""IFMS"", ""label"": ""BBMP IFMS work bill 84307"", ""url"": ""https://accounts.bbmp.gov.in/vssWB/vss00CvStatusData.php?pAction=LoadDetails&pWorkBillID=84307"", ""note"": ""BR / RTGS dates""}]"
313,contractor_concentration,info,Contractor holds 5% of Koramangala money (92 projects),"C0001 M/s KRIDL (identity inferred; ids: none): ₹339,017,742 across 92 projects in this dataset. Concentration is common for ward maintenance contracts; it is context, not a finding.",inferred,[]
313,related_work,info,Near-identical work under another number (151-17-000009),"Descriptions are 98% similar. Could be a recurring annual work, a re-tender, a split of one work, or a duplicate entry.",inferred,[]
313,related_work,info,Near-identical work under another number (151-17-000010),"Descriptions are 98% similar. Could be a recurring annual work, a re-tender, a split of one work, or a duplicate entry.",inferred,[]
313,related_work,info,Near-identical work under another number (151-17-000012),"Descriptions are 84% similar. Could be a recurring annual work, a re-tender, a split of one work, or a duplicate entry.",inferred,[]
314,slow_payment,info,Median 427 days from bill registration to payment,Long payment delays are common (seniority-based bill clearance) and raise contractors' financing costs.,confirmed,"[{""source_id"": ""IFMS"", ""label"": ""BBMP IFMS work bill 84269"", ""url"": ""https://accounts.bbmp.gov.in/vssWB/vss00CvStatusData.php?pAction=LoadDetails&pWorkBillID=84269"", ""note"": ""BR / RTGS dates""}]"
314,contractor_concentration,info,Contractor holds 5% of Koramangala money (92 projects),"C0001 M/s KRIDL (identity inferred; ids: none): ₹339,017,742 across 92 projects in this dataset. Concentration is common for ward maintenance contracts; it is context, not a finding.",inferred,[]
314,related_work,info,Near-identical work under another number (151-17-000009),"Descriptions are 83% similar. Could be a recurring annual work, a re-tender, a split of one work, or a duplicate entry.",inferred,[]
314,related_work,info,Near-identical work under another number (151-17-000010),"Descriptions are 83% similar. Could be a recurring annual work, a re-tender, a split of one work, or a duplicate entry.",inferred,[]
314,related_work,info,Near-identical work under another number (151-17-000011),"Descriptions are 84% similar. Could be a recurring annual work, a re-tender, a split of one work, or a duplicate entry.",inferred,[]
315,placeholder_photos,notice,Blank / placeholder file used as a site photo,3 photo slot(s) filled with a blank / placeholder file. Bills require before/during/after photos; a placeholder means the photo record for this work is missing.,confirmed,"[{""source_id"": ""IFMS-DOC"", ""label"": ""WB-photo3--70648970-Not applicable.pdf"", ""url"": ""https://accounts.bbmp.gov.in/vssIFMS/Files/WB-photo3--70648970-Not%20applicable.pdf""}, {""source_id"": ""IFMS-DOC"", ""label"": ""WB-photo1--36740756-Not applicable.pdf"", ""url"": ""https://accounts.bbmp.gov.in/vssIFMS/Files/WB-photo1--36740756-Not%20applicable.pdf""}, {""source_id"": ""IFMS-DOC"", ""label"": ""WB-photo2--72714231-Not applicable.pdf"", ""url"": ""https://accounts.bbmp.gov.in/vssIFMS/Files/WB-photo2--72714231-Not%20applicable.pdf""}]"
315,qty_identical_to_plan,info,Billed quantities identical to Schedule B (4 items),"it, complete as per specifications. Rupees Two Thousand Only — 77 ; ding and unloading and allother incidental Rupees Fifty Only — 69,097.4 ; ification No.407 with all Cum Rupees One Hundred Twenty Only — 2,184.81 cum; level, including cost o Sam Rupees Seven Hundred Eighty Only — 11,082.41 . Executed quantity up to date equals the tendered quantity to the decimal. Auditors commonly check such items to confirm measurements were taken on site; it can also be legitimate (quantities fixed by drawings, items measured once).",inferred,"[{""source_id"": ""IFMS-QTY"", ""label"": ""IFMS attachment WO-4--57899207-Shedule B 01.jpg (Schedule B), p.1"", ""url"": ""https://accounts.bbmp.gov.in/vssIFMS/Files/WO-4--57899207-Shedule%20B%2001.jpg"", ""note"": ""OCR (tesseract psm 6, 2x); arithmetic; confidence medium · row: \""5 |complete as per specifications. 77.00 2000.00 Rupees Two Thousand Only 154000.00\""""}, {""source_id"": ""IFMS-QTY"", ""label"": ""IFMS attachment WB-Bill--15033005-bill form(7).pdf (Bill Form), p.2"", ""url"": ""https://accounts.bbmp.gov.in/vssIFMS/Files/WB-Bill--15033005-bill%20form%287%29.pdf"", ""note"": ""OCR (tesseract psm 6, 2x); arithmetic; confidence high · row: \""MORTH Specification No. 201 with all lead and lift , loading and unloading and allother|;,-, 77.00 2000.00 77.00 154000.00 2000.00 77.00 154000,00\""""}, {""source_id"": ""IFMS-QTY"", ""label"": ""IFMS attachment WO-4--33794771-Shedule B 03.jpg (Schedule B), p.1"", ""url"": ""https://accounts.bbmp.gov.in/vssIFMS/Files/WO-4--33794771-Shedule%20B%2003.jpg"", ""note"": ""OCR (tesseract psm 6, 2x); arithmetic; confidence medium · row: \""13. IKBS 5.1.13 with all lead and lift , loading and unloading and allother incidental 69097.40 | 50.00 Rupees Fifty Only 3454870.00\""""}, {""source_id"": ""IFMS-QTY"", ""label"": ""IFMS attachment WB-Bill--15033005-bill form(7).pdf (Bill Form), p.3"", ""url"": ""https://accounts.bbmp.gov.in/vssIFMS/Files/WB-Bill--15033005-bill%20form%287%29.pdf"", ""note"": ""OCR (tesseract psm 6, 2x); arithmetic; confidence medium · row: \""13 {KBS 5.1.13 with all lead and lift , loading and unloading and allother incidental charges etc., 69097.40 50.00 69097.40 | 3454870.00 6909740 | 3454870.00 j\""""}, {""source_id"": ""IFMS-QTY"", ""label"": ""IFMS attachment WO-4--25577657-Shedule B 07.jpg (Schedule B), p.1"", ""url"": ""https://accounts.bbmp.gov.in/vssIFMS/Files/WO-4--25577657-Shedule%20B%2007.jpg"", ""note"": ""OCR (tesseract psm 6, 2x); arithmetic; confidence high · row: \""35 |Clause 400.7 complete as per specifications. MORTH Specification No.407 with all] Cum} 2184.81 120.00 | Rupees One Hundred Twenty Only 262177.00\""""}, {""source_id"": ""IFMS-QTY"", ""label"": ""IFMS attachment WB-Bill--15033005-bill form(7).pdf (Bill Form), p.6"", ""url"": ""https://accounts.bbmp.gov.in/vssIFMS/Files/WB-Bill--15033005-bill%20form%287%29.pdf"", ""note"": ""OCR (tesseract psm 6, 2x); arithmetic; confidence medium · row: \""allother incidental charges etc., complete as per specification and directs of the sn gineering 2184.81 120,00 | 2184.81 262176.60 2184.81 | 26217660 | —_\""""}, {""source_id"": ""IFMS-QTY"", ""label"": ""IFMS attachment WO-4--17189909-Shedule B 08.jpg (Schedule B), p.1"", ""url"": ""https://accounts.bbmp.gov.in/vssIFMS/Files/WO-4--17189909-Shedule%20B%2008.jpg"", ""note"": ""OCR (tesseract psm 6, 2x, rulings removed); decimal restored; confidence medium · row: \""6 joints, final compaction of paver surface joints into its final level, including cost o} Sam } 1108241 | 780.00 | Rupees Seven Hundred Eighty Only | 8644280.00\""""}, {""source_id"": ""IFMS-QTY"", ""label"": ""IFMS attachment WB-Bill--15033005-bill form(7).pdf (Bill Form), p.6"", ""url"": ""https://accounts.bbmp.gov.in/vssIFMS/Files/WB-Bill--15033005-bill%20form%287%29.pdf"", ""note"": ""OCR (tesseract psm 6, 2x); decimal restored; confidence medium · row: \""level, including cost of materials, labour and HOM of machineries complete as per 1108241 780.00 | 1108241 | 8644279.80 780.00 1108241 | 8644279.80\""""}]"
317,fine_levied,info,Fine / penalty deducted from a bill,IFMS deductions: fine ₹750. Penalties usually relate to delay or quality; their reason is not in the public record.,confirmed,"[{""source_id"": ""IFMS"", ""label"": ""BBMP IFMS work bill 95100"", ""url"": ""https://accounts.bbmp.gov.in/vssWB/vss00CvStatusData.php?pAction=LoadDetails&pWorkBillID=95100"", ""note"": ""Deductions""}]"
317,slow_payment,info,Median 642 days from bill registration to payment,Long payment delays are common (seniority-based bill clearance) and raise contractors' financing costs.,confirmed,"[{""source_id"": ""IFMS"", ""label"": ""BBMP IFMS work bill 95100"", ""url"": ""https://accounts.bbmp.gov.in/vssWB/vss00CvStatusData.php?pAction=LoadDetails&pWorkBillID=95100"", ""note"": ""BR / RTGS dates""}]"
317,related_work,info,Near-identical work under another number (151-16-000010),"Descriptions are 94% similar. Could be a recurring annual work, a re-tender, a split of one work, or a duplicate entry.",inferred,[]
318,contractor_concentration,info,Contractor holds 5% of Koramangala money (92 projects),"C0001 M/s KRIDL (identity inferred; ids: none): ₹339,017,742 across 92 projects in this dataset. Concentration is common for ward maintenance contracts; it is context, not a finding.",inferred,[]
318,related_work,info,Near-identical work under another number (147-18-000042),"Descriptions are 82% similar. Could be a recurring annual work, a re-tender, a split of one work, or a duplicate entry.",inferred,[]
319,contractor_concentration,info,Contractor holds 5% of Koramangala money (92 projects),"C0001 M/s KRIDL (identity inferred; ids: none): ₹339,017,742 across 92 projects in this dataset. Concentration is common for ward maintenance contracts; it is context, not a finding.",inferred,[]
319,related_work,info,Near-identical work under another number (147-18-000035),"Descriptions are 84% similar. Could be a recurring annual work, a re-tender, a split of one work, or a duplicate entry.",inferred,[]
319,related_work,info,Near-identical work under another number (147-18-000039),"Descriptions are 97% similar. Could be a recurring annual work, a re-tender, a split of one work, or a duplicate entry.",inferred,[]
319,related_work,info,Near-identical work under another number (147-18-000042),"Descriptions are 91% similar. Could be a recurring annual work, a re-tender, a split of one work, or a duplicate entry.",inferred,[]
320,contractor_concentration,info,Contractor holds 5% of Koramangala money (92 projects),"C0001 M/s KRIDL (identity inferred; ids: none): ₹339,017,742 across 92 projects in this dataset. Concentration is common for ward maintenance contracts; it is context, not a finding.",inferred,[]
321,contractor_concentration,info,Contractor holds 5% of Koramangala money (92 projects),"C0001 M/s KRIDL (identity inferred; ids: none): ₹339,017,742 across 92 projects in this dataset. Concentration is common for ward maintenance contracts; it is context, not a finding.",inferred,[]
321,related_work,info,Near-identical work under another number (147-18-000039),"Descriptions are 88% similar. Could be a recurring annual work, a re-tender, a split of one work, or a duplicate entry.",inferred,[]
322,contractor_concentration,info,Contractor holds 5% of Koramangala money (92 projects),"C0001 M/s KRIDL (identity inferred; ids: none): ₹339,017,742 across 92 projects in this dataset. Concentration is common for ward maintenance contracts; it is context, not a finding.",inferred,[]
322,related_work,info,Near-identical work under another number (147-18-000041),"Descriptions are 84% similar. Could be a recurring annual work, a re-tender, a split of one work, or a duplicate entry.",inferred,[]
323,contractor_concentration,info,Contractor holds 5% of Koramangala money (92 projects),"C0001 M/s KRIDL (identity inferred; ids: none): ₹339,017,742 across 92 projects in this dataset. Concentration is common for ward maintenance contracts; it is context, not a finding.",inferred,[]
323,related_work,info,Near-identical work under another number (147-18-000041),"Descriptions are 97% similar. Could be a recurring annual work, a re-tender, a split of one work, or a duplicate entry.",inferred,[]
323,related_work,info,Near-identical work under another number (147-18-000040),"Descriptions are 88% similar. Could be a recurring annual work, a re-tender, a split of one work, or a duplicate entry.",inferred,[]
323,related_work,info,Near-identical work under another number (147-18-000042),"Descriptions are 92% similar. Could be a recurring annual work, a re-tender, a split of one work, or a duplicate entry.",inferred,[]
324,contractor_concentration,info,Contractor holds 5% of Koramangala money (92 projects),"C0001 M/s KRIDL (identity inferred; ids: none): ₹339,017,742 across 92 projects in this dataset. Concentration is common for ward maintenance contracts; it is context, not a finding.",inferred,[]
324,related_work,info,Near-identical work under another number (147-18-000036),"Descriptions are 82% similar. Could be a recurring annual work, a re-tender, a split of one work, or a duplicate entry.",inferred,[]
324,related_work,info,Near-identical work under another number (147-18-000041),"Descriptions are 91% similar. Could be a recurring annual work, a re-tender, a split of one work, or a duplicate entry.",inferred,[]
324,related_work,info,Near-identical work under another number (147-18-000039),"Descriptions are 92% similar. Could be a recurring annual work, a re-tender, a split of one work, or a duplicate entry.",inferred,[]
324,related_work,info,Near-identical work under another number (147-18-000037),"Descriptions are 82% similar. Could be a recurring annual work, a re-tender, a split of one work, or a duplicate entry.",inferred,[]
325,contractor_concentration,info,Contractor holds 5% of Koramangala money (92 projects),"C0001 M/s KRIDL (identity inferred; ids: none): ₹339,017,742 across 92 projects in this dataset. Concentration is common for ward maintenance contracts; it is context, not a finding.",inferred,[]
325,related_work,info,Near-identical work under another number (147-18-000042),"Descriptions are 82% similar. Could be a recurring annual work, a re-tender, a split of one work, or a duplicate entry.",inferred,[]
326,stale_running,notice,Running bill but no final bill in 3+ years,"Last bill/payment 2018-03-21. The work may be finished with the final bill outside these exports, or stalled.",inferred,"[{""source_id"": ""IFMS-GRID"", ""label"": ""BBMP IFMS payment grid (LoadPaymentGridData, all wards, quarterly)"", ""url"": ""https://accounts.bbmp.gov.in/vssWB/vss00CvStatusData.php?pAction=LoadPaymentGridData""}, {""source_id"": ""IFMS-GRID"", ""label"": ""BBMP IFMS payment grid (LoadPaymentGridData, all wards, quarterly)"", ""url"": ""https://accounts.bbmp.gov.in/vssWB/vss00CvStatusData.php?pAction=LoadPaymentGridData"", ""rows"": []}]"
326,year_end_payment,info,100% of payments made in the last fortnight of March,Payments bunched at financial-year end (budget lapse pressure) are common; worth checking that measurement of the work preceded payment.,confirmed,"[{""source_id"": ""IFMS-GRID"", ""label"": ""BBMP IFMS payment grid (LoadPaymentGridData, all wards, quarterly)"", ""url"": ""https://accounts.bbmp.gov.in/vssWB/vss00CvStatusData.php?pAction=LoadPaymentGridData"", ""rows"": []}]"
326,related_work,info,Near-identical work under another number (151-19-000022),"Descriptions are 99% similar. Could be a recurring annual work, a re-tender, a split of one work, or a duplicate entry.",inferred,[]
327,slow_payment,info,Median 635 days from bill registration to payment,Long payment delays are common (seniority-based bill clearance) and raise contractors' financing costs.,confirmed,"[{""source_id"": ""IFMS"", ""label"": ""BBMP IFMS work bill 92703"", ""url"": ""https://accounts.bbmp.gov.in/vssWB/vss00CvStatusData.php?pAction=LoadDetails&pWorkBillID=92703"", ""note"": ""BR / RTGS dates""}]"
328,slow_payment,info,Median 622 days from bill registration to payment,Long payment delays are common (seniority-based bill clearance) and raise contractors' financing costs.,confirmed,"[{""source_id"": ""IFMS"", ""label"": ""BBMP IFMS work bill 42822"", ""url"": ""https://accounts.bbmp.gov.in/vssWB/vss00CvStatusData.php?pAction=LoadDetails&pWorkBillID=42822"", ""note"": ""BR / RTGS dates""}]"
328,related_work,info,Near-identical work under another number (151-15-000009),"Descriptions are 86% similar. Could be a recurring annual work, a re-tender, a split of one work, or a duplicate entry.",inferred,[]
329,slow_payment,info,Median 620 days from bill registration to payment,Long payment delays are common (seniority-based bill clearance) and raise contractors' financing costs.,confirmed,"[{""source_id"": ""IFMS"", ""label"": ""BBMP IFMS work bill 93675"", ""url"": ""https://accounts.bbmp.gov.in/vssWB/vss00CvStatusData.php?pAction=LoadDetails&pWorkBillID=93675"", ""note"": ""BR / RTGS dates""}]"
329,related_work,info,Near-identical work under another number (151-16-000008),"Descriptions are 98% similar. Could be a recurring annual work, a re-tender, a split of one work, or a duplicate entry.",inferred,[]
329,related_work,info,Near-identical work under another number (151-16-000007),"Descriptions are 95% similar. Could be a recurring annual work, a re-tender, a split of one work, or a duplicate entry.",inferred,[]
330,slow_payment,info,Median 620 days from bill registration to payment,Long payment delays are common (seniority-based bill clearance) and raise contractors' financing costs.,confirmed,"[{""source_id"": ""IFMS"", ""label"": ""BBMP IFMS work bill 93674"", ""url"": ""https://accounts.bbmp.gov.in/vssWB/vss00CvStatusData.php?pAction=LoadDetails&pWorkBillID=93674"", ""note"": ""BR / RTGS dates""}]"
330,related_work,info,Near-identical work under another number (151-16-000008),"Descriptions are 94% similar. Could be a recurring annual work, a re-tender, a split of one work, or a duplicate entry.",inferred,[]
330,related_work,info,Near-identical work under another number (151-16-000011),"Descriptions are 95% similar. Could be a recurring annual work, a re-tender, a split of one work, or a duplicate entry.",inferred,[]
331,related_work,info,Near-identical work under another number (151-20-000006),"Descriptions are 100% similar. Could be a recurring annual work, a re-tender, a split of one work, or a duplicate entry.",inferred,[]
331,related_work,info,Near-identical work under another number (151-19-000007),"Descriptions are 100% similar. Could be a recurring annual work, a re-tender, a split of one work, or a duplicate entry.",inferred,[]
332,payment_burst,info,3 bills paid on the same day (2017-02-10),"Several bills settled together, often at financial-year end or when funds are released.",confirmed,"[{""source_id"": ""IFMS-GRID"", ""label"": ""BBMP IFMS payment grid (LoadPaymentGridData, all wards, quarterly)"", ""url"": ""https://accounts.bbmp.gov.in/vssWB/vss00CvStatusData.php?pAction=LoadPaymentGridData"", ""rows"": []}]"
332,document_reused,notice,Identical Agreement attached to another job number,"The same file (md5 ff9de57618…; Agreement) is attached to bills of 2 works: 151-16-000025. Could be one contract booked under two job numbers, or a wrong upload — worth checking.",confirmed,"[{""source_id"": ""IFMS-DOC"", ""label"": ""Attachment"", ""url"": ""https://accounts.bbmp.gov.in/vssIFMS/Files/WO-6--25649455-Agre%2001.jpg""}]"
332,document_reused,notice,Identical Agreement attached to another job number,"The same file (md5 98599726af…; Agreement) is attached to bills of 2 works: 151-16-000025. Could be one contract booked under two job numbers, or a wrong upload — worth checking.",confirmed,"[{""source_id"": ""IFMS-DOC"", ""label"": ""Attachment"", ""url"": ""https://accounts.bbmp.gov.in/vssIFMS/Files/WO-6--15552686-Agre%2002.jpg""}]"
332,document_reused,notice,Identical Work Order attached to another job number,"The same file (md5 8638511742…; Work Order) is attached to bills of 2 works: 151-16-000025. Could be one contract booked under two job numbers, or a wrong upload — worth checking.",confirmed,"[{""source_id"": ""IFMS-DOC"", ""label"": ""Attachment"", ""url"": ""https://accounts.bbmp.gov.in/vssIFMS/Files/WO-7--94542717-work%20order.jpg""}]"
333,slow_payment,info,Median 615 days from bill registration to payment,Long payment delays are common (seniority-based bill clearance) and raise contractors' financing costs.,confirmed,"[{""source_id"": ""IFMS"", ""label"": ""BBMP IFMS work bill 29156"", ""url"": ""https://accounts.bbmp.gov.in/vssWB/vss00CvStatusData.php?pAction=LoadDetails&pWorkBillID=29156"", ""note"": ""BR / RTGS dates""}]"
333,contractor_concentration,info,Contractor holds 5% of Koramangala money (92 projects),"C0001 M/s KRIDL (identity inferred; ids: none): ₹339,017,742 across 92 projects in this dataset. Concentration is common for ward maintenance contracts; it is context, not a finding.",inferred,[]
334,stale_running,notice,Running bill but no final bill in 3+ years,"Last bill/payment 2018-01-04. The work may be finished with the final bill outside these exports, or stalled.",inferred,"[{""source_id"": ""IFMS-GRID"", ""label"": ""BBMP IFMS payment grid (LoadPaymentGridData, all wards, quarterly)"", ""url"": ""https://accounts.bbmp.gov.in/vssWB/vss00CvStatusData.php?pAction=LoadPaymentGridData""}, {""source_id"": ""IFMS-GRID"", ""label"": ""BBMP IFMS payment grid (LoadPaymentGridData, all wards, quarterly)"", ""url"": ""https://accounts.bbmp.gov.in/vssWB/vss00CvStatusData.php?pAction=LoadPaymentGridData"", ""rows"": []}]"
334,contractor_concentration,info,Contractor holds 5% of Koramangala money (92 projects),"C0001 M/s KRIDL (identity inferred; ids: none): ₹339,017,742 across 92 projects in this dataset. Concentration is common for ward maintenance contracts; it is context, not a finding.",inferred,[]
334,related_work,info,Near-identical work under another number (151-17-000094),"Descriptions are 100% similar. Could be a recurring annual work, a re-tender, a split of one work, or a duplicate entry.",inferred,[]
335,stale_running,notice,Running bill but no final bill in 3+ years,"Last bill/payment 2018-01-04. The work may be finished with the final bill outside these exports, or stalled.",inferred,"[{""source_id"": ""IFMS-GRID"", ""label"": ""BBMP IFMS payment grid (LoadPaymentGridData, all wards, quarterly)"", ""url"": ""https://accounts.bbmp.gov.in/vssWB/vss00CvStatusData.php?pAction=LoadPaymentGridData""}, {""source_id"": ""IFMS-GRID"", ""label"": ""BBMP IFMS payment grid (LoadPaymentGridData, all wards, quarterly)"", ""url"": ""https://accounts.bbmp.gov.in/vssWB/vss00CvStatusData.php?pAction=LoadPaymentGridData"", ""rows"": []}]"
335,contractor_concentration,info,Contractor holds 5% of Koramangala money (92 projects),"C0001 M/s KRIDL (identity inferred; ids: none): ₹339,017,742 across 92 projects in this dataset. Concentration is common for ward maintenance contracts; it is context, not a finding.",inferred,[]
336,stale_running,notice,Running bill but no final bill in 3+ years,"Last bill/payment 2018-01-04. The work may be finished with the final bill outside these exports, or stalled.",inferred,"[{""source_id"": ""IFMS-GRID"", ""label"": ""BBMP IFMS payment grid (LoadPaymentGridData, all wards, quarterly)"", ""url"": ""https://accounts.bbmp.gov.in/vssWB/vss00CvStatusData.php?pAction=LoadPaymentGridData""}, {""source_id"": ""IFMS-GRID"", ""label"": ""BBMP IFMS payment grid (LoadPaymentGridData, all wards, quarterly)"", ""url"": ""https://accounts.bbmp.gov.in/vssWB/vss00CvStatusData.php?pAction=LoadPaymentGridData"", ""rows"": []}]"
336,contractor_concentration,info,Contractor holds 5% of Koramangala money (92 projects),"C0001 M/s KRIDL (identity inferred; ids: none): ₹339,017,742 across 92 projects in this dataset. Concentration is common for ward maintenance contracts; it is context, not a finding.",inferred,[]
337,stale_running,notice,Running bill but no final bill in 3+ years,"Last bill/payment 2018-01-04. The work may be finished with the final bill outside these exports, or stalled.",inferred,"[{""source_id"": ""IFMS-GRID"", ""label"": ""BBMP IFMS payment grid (LoadPaymentGridData, all wards, quarterly)"", ""url"": ""https://accounts.bbmp.gov.in/vssWB/vss00CvStatusData.php?pAction=LoadPaymentGridData""}, {""source_id"": ""IFMS-GRID"", ""label"": ""BBMP IFMS payment grid (LoadPaymentGridData, all wards, quarterly)"", ""url"": ""https://accounts.bbmp.gov.in/vssWB/vss00CvStatusData.php?pAction=LoadPaymentGridData"", ""rows"": []}]"
337,contractor_concentration,info,Contractor holds 5% of Koramangala money (92 projects),"C0001 M/s KRIDL (identity inferred; ids: none): ₹339,017,742 across 92 projects in this dataset. Concentration is common for ward maintenance contracts; it is context, not a finding.",inferred,[]
337,related_work,info,Near-identical work under another number (151-18-000057),"Descriptions are 100% similar. Could be a recurring annual work, a re-tender, a split of one work, or a duplicate entry.",inferred,[]
338,stale_running,notice,Running bill but no final bill in 3+ years,"Last bill/payment 2018-01-04. The work may be finished with the final bill outside these exports, or stalled.",inferred,"[{""source_id"": ""IFMS-GRID"", ""label"": ""BBMP IFMS payment grid (LoadPaymentGridData, all wards, quarterly)"", ""url"": ""https://accounts.bbmp.gov.in/vssWB/vss00CvStatusData.php?pAction=LoadPaymentGridData""}, {""source_id"": ""IFMS-GRID"", ""label"": ""BBMP IFMS payment grid (LoadPaymentGridData, all wards, quarterly)"", ""url"": ""https://accounts.bbmp.gov.in/vssWB/vss00CvStatusData.php?pAction=LoadPaymentGridData"", ""rows"": []}]"
338,contractor_concentration,info,Contractor holds 5% of Koramangala money (92 projects),"C0001 M/s KRIDL (identity inferred; ids: none): ₹339,017,742 across 92 projects in this dataset. Concentration is common for ward maintenance contracts; it is context, not a finding.",inferred,[]
339,paid_over_estimate,notice,Paid 148% of the estimate,"Gross payments ₹4,727,037 vs estimate ₹3,187,190.",inferred,"[{""source_id"": ""OC-TENDERS"", ""label"": ""BBMP tender list: BBMP/2017-18/OW/WORK_INDENT27448/CALL-2"", ""url"": ""https://data.opencity.in/dataset/a779be95-ef47-4e04-8da7-08d4304cc61b/resource/2292da69-b446-4b8c-b30b-ff065dbc53cc/download/361319f8-5c74-4230-8612-a5832d58a409.csv"", ""note"": ""ECV"", ""rows"": [3825]}, {""source_id"": ""IFMS-GRID"", ""label"": ""BBMP IFMS payment grid (LoadPaymentGridData, all wards, quarterly)"", ""url"": ""https://accounts.bbmp.gov.in/vssWB/vss00CvStatusData.php?pAction=LoadPaymentGridData"", ""rows"": []}]"
339,stale_running,notice,Running bill but no final bill in 3+ years,"Last bill/payment 2017-12-14. The work may be finished with the final bill outside these exports, or stalled.",inferred,"[{""source_id"": ""IFMS-GRID"", ""label"": ""BBMP IFMS payment grid (LoadPaymentGridData, all wards, quarterly)"", ""url"": ""https://accounts.bbmp.gov.in/vssWB/vss00CvStatusData.php?pAction=LoadPaymentGridData""}, {""source_id"": ""IFMS-GRID"", ""label"": ""BBMP IFMS payment grid (LoadPaymentGridData, all wards, quarterly)"", ""url"": ""https://accounts.bbmp.gov.in/vssWB/vss00CvStatusData.php?pAction=LoadPaymentGridData"", ""rows"": []}]"
339,recalled_tender,info,Tender re-called once (CALL-2),First call did not result in an award.,inferred,"[{""source_id"": ""OC-TENDERS"", ""label"": ""BBMP tender list: BBMP/2017-18/OW/WORK_INDENT27448"", ""url"": ""https://data.opencity.in/dataset/a779be95-ef47-4e04-8da7-08d4304cc61b/resource/2292da69-b446-4b8c-b30b-ff065dbc53cc/download/361319f8-5c74-4230-8612-a5832d58a409.csv"", ""note"": ""Call 1"", ""rows"": [3411]}, {""source_id"": ""OC-TENDERS"", ""label"": ""BBMP tender list: BBMP/2017-18/OW/WORK_INDENT27448/CALL-2"", ""url"": ""https://data.opencity.in/dataset/a779be95-ef47-4e04-8da7-08d4304cc61b/resource/2292da69-b446-4b8c-b30b-ff065dbc53cc/download/361319f8-5c74-4230-8612-a5832d58a409.csv"", ""note"": ""Call 2"", ""rows"": [3825]}]"
339,contractor_concentration,info,Contractor holds 5% of Koramangala money (92 projects),"C0001 M/s KRIDL (identity inferred; ids: none): ₹339,017,742 across 92 projects in this dataset. Concentration is common for ward maintenance contracts; it is context, not a finding.",inferred,[]
340,stale_running,notice,Running bill but no final bill in 3+ years,"Last bill/payment 2017-12-14. The work may be finished with the final bill outside these exports, or stalled.",inferred,"[{""source_id"": ""IFMS-GRID"", ""label"": ""BBMP IFMS payment grid (LoadPaymentGridData, all wards, quarterly)"", ""url"": ""https://accounts.bbmp.gov.in/vssWB/vss00CvStatusData.php?pAction=LoadPaymentGridData""}, {""source_id"": ""IFMS-GRID"", ""label"": ""BBMP IFMS payment grid (LoadPaymentGridData, all wards, quarterly)"", ""url"": ""https://accounts.bbmp.gov.in/vssWB/vss00CvStatusData.php?pAction=LoadPaymentGridData"", ""rows"": []}]"
340,contractor_concentration,info,Contractor holds 5% of Koramangala money (92 projects),"C0001 M/s KRIDL (identity inferred; ids: none): ₹339,017,742 across 92 projects in this dataset. Concentration is common for ward maintenance contracts; it is context, not a finding.",inferred,[]
341,stale_running,notice,Running bill but no final bill in 3+ years,"Last bill/payment 2017-12-14. The work may be finished with the final bill outside these exports, or stalled.",inferred,"[{""source_id"": ""IFMS-GRID"", ""label"": ""BBMP IFMS payment grid (LoadPaymentGridData, all wards, quarterly)"", ""url"": ""https://accounts.bbmp.gov.in/vssWB/vss00CvStatusData.php?pAction=LoadPaymentGridData""}, {""source_id"": ""IFMS-GRID"", ""label"": ""BBMP IFMS payment grid (LoadPaymentGridData, all wards, quarterly)"", ""url"": ""https://accounts.bbmp.gov.in/vssWB/vss00CvStatusData.php?pAction=LoadPaymentGridData"", ""rows"": []}]"
341,contractor_concentration,info,Contractor holds 5% of Koramangala money (92 projects),"C0001 M/s KRIDL (identity inferred; ids: none): ₹339,017,742 across 92 projects in this dataset. Concentration is common for ward maintenance contracts; it is context, not a finding.",inferred,[]
342,stale_running,notice,Running bill but no final bill in 3+ years,"Last bill/payment 2017-12-14. The work may be finished with the final bill outside these exports, or stalled.",inferred,"[{""source_id"": ""IFMS-GRID"", ""label"": ""BBMP IFMS payment grid (LoadPaymentGridData, all wards, quarterly)"", ""url"": ""https://accounts.bbmp.gov.in/vssWB/vss00CvStatusData.php?pAction=LoadPaymentGridData""}, {""source_id"": ""IFMS-GRID"", ""label"": ""BBMP IFMS payment grid (LoadPaymentGridData, all wards, quarterly)"", ""url"": ""https://accounts.bbmp.gov.in/vssWB/vss00CvStatusData.php?pAction=LoadPaymentGridData"", ""rows"": []}]"
342,contractor_concentration,info,Contractor holds 5% of Koramangala money (92 projects),"C0001 M/s KRIDL (identity inferred; ids: none): ₹339,017,742 across 92 projects in this dataset. Concentration is common for ward maintenance contracts; it is context, not a finding.",inferred,[]
343,stale_running,notice,Running bill but no final bill in 3+ years,"Last bill/payment 2017-12-14. The work may be finished with the final bill outside these exports, or stalled.",inferred,"[{""source_id"": ""IFMS-GRID"", ""label"": ""BBMP IFMS payment grid (LoadPaymentGridData, all wards, quarterly)"", ""url"": ""https://accounts.bbmp.gov.in/vssWB/vss00CvStatusData.php?pAction=LoadPaymentGridData""}, {""source_id"": ""IFMS-GRID"", ""label"": ""BBMP IFMS payment grid (LoadPaymentGridData, all wards, quarterly)"", ""url"": ""https://accounts.bbmp.gov.in/vssWB/vss00CvStatusData.php?pAction=LoadPaymentGridData"", ""rows"": []}]"
343,contractor_concentration,info,Contractor holds 5% of Koramangala money (92 projects),"C0001 M/s KRIDL (identity inferred; ids: none): ₹339,017,742 across 92 projects in this dataset. Concentration is common for ward maintenance contracts; it is context, not a finding.",inferred,[]
345,slow_payment,info,Median 576 days from bill registration to payment,Long payment delays are common (seniority-based bill clearance) and raise contractors' financing costs.,confirmed,"[{""source_id"": ""IFMS"", ""label"": ""BBMP IFMS work bill 88699"", ""url"": ""https://accounts.bbmp.gov.in/vssWB/vss00CvStatusData.php?pAction=LoadDetails&pWorkBillID=88699"", ""note"": ""BR / RTGS dates""}]"
345,contractor_concentration,info,Contractor holds 5% of Koramangala money (92 projects),"C0001 M/s KRIDL (identity inferred; ids: none): ₹339,017,742 across 92 projects in this dataset. Concentration is common for ward maintenance contracts; it is context, not a finding.",inferred,[]
346,related_work,info,Near-identical work under another number (151-20-000110),"Descriptions are 97% similar. Could be a recurring annual work, a re-tender, a split of one work, or a duplicate entry.",inferred,[]
346,related_work,info,Near-identical work under another number (151-18-000085),"Descriptions are 98% similar. Could be a recurring annual work, a re-tender, a split of one work, or a duplicate entry.",inferred,[]
346,related_work,info,Near-identical work under another number (151-16-000002),"Descriptions are 98% similar. Could be a recurring annual work, a re-tender, a split of one work, or a duplicate entry.",inferred,[]
347,fine_levied,info,Fine / penalty deducted from a bill,"IFMS deductions: fine ₹7,700. Penalties usually relate to delay or quality; their reason is not in the public record.",confirmed,"[{""source_id"": ""IFMS"", ""label"": ""BBMP IFMS work bill 11137"", ""url"": ""https://accounts.bbmp.gov.in/vssWB/vss00CvStatusData.php?pAction=LoadDetails&pWorkBillID=11137"", ""note"": ""Deductions""}]"
347,slow_payment,info,Median 623 days from bill registration to payment,Long payment delays are common (seniority-based bill clearance) and raise contractors' financing costs.,confirmed,"[{""source_id"": ""IFMS"", ""label"": ""BBMP IFMS work bill 11137"", ""url"": ""https://accounts.bbmp.gov.in/vssWB/vss00CvStatusData.php?pAction=LoadDetails&pWorkBillID=11137"", ""note"": ""BR / RTGS dates""}]"
349,contractor_concentration,info,Contractor holds 1% of Koramangala money (14 projects),"C0005 R M RAVI (CONTRACTO (identity inferred; ids: KPPP:1512): ₹39,889,070 across 14 projects in this dataset. Concentration is common for ward maintenance contracts; it is context, not a finding.",inferred,[]
349,related_work,info,Near-identical work under another number (151-15-000028),"Descriptions are 86% similar. Could be a recurring annual work, a re-tender, a split of one work, or a duplicate entry.",inferred,[]
350,fine_levied,info,Fine / penalty deducted from a bill,"IFMS deductions: fine ₹1,000. Penalties usually relate to delay or quality; their reason is not in the public record.",confirmed,"[{""source_id"": ""IFMS"", ""label"": ""BBMP IFMS work bill 68111"", ""url"": ""https://accounts.bbmp.gov.in/vssWB/vss00CvStatusData.php?pAction=LoadDetails&pWorkBillID=68111"", ""note"": ""Deductions""}]"
350,related_work,info,Near-identical work under another number (151-16-000009),"Descriptions are 94% similar. Could be a recurring annual work, a re-tender, a split of one work, or a duplicate entry.",inferred,[]
351,fine_levied,info,Fine / penalty deducted from a bill,"IFMS deductions: fine ₹1,500. Penalties usually relate to delay or quality; their reason is not in the public record.",confirmed,"[{""source_id"": ""IFMS"", ""label"": ""BBMP IFMS work bill 68112"", ""url"": ""https://accounts.bbmp.gov.in/vssWB/vss00CvStatusData.php?pAction=LoadDetails&pWorkBillID=68112"", ""note"": ""Deductions""}]"
352,fine_levied,info,Fine / penalty deducted from a bill,"IFMS deductions: fine ₹5,000. Penalties usually relate to delay or quality; their reason is not in the public record.",confirmed,"[{""source_id"": ""IFMS"", ""label"": ""BBMP IFMS work bill 94582"", ""url"": ""https://accounts.bbmp.gov.in/vssWB/vss00CvStatusData.php?pAction=LoadDetails&pWorkBillID=94582"", ""note"": ""Deductions""}]"
352,contractor_concentration,info,Contractor holds 0% of Koramangala money (14 projects),"C0007 Sri. K R Pratheek (identity inferred; ids: none): ₹31,619,971 across 14 projects in this dataset. Concentration is common for ward maintenance contracts; it is context, not a finding.",inferred,[]
353,fine_levied,info,Fine / penalty deducted from a bill,"IFMS deductions: fine ₹1,750. Penalties usually relate to delay or quality; their reason is not in the public record.",confirmed,"[{""source_id"": ""IFMS"", ""label"": ""BBMP IFMS work bill 10342"", ""url"": ""https://accounts.bbmp.gov.in/vssWB/vss00CvStatusData.php?pAction=LoadDetails&pWorkBillID=10342"", ""note"": ""Deductions""}]"
353,slow_payment,info,Median 678 days from bill registration to payment,Long payment delays are common (seniority-based bill clearance) and raise contractors' financing costs.,confirmed,"[{""source_id"": ""IFMS"", ""label"": ""BBMP IFMS work bill 10342"", ""url"": ""https://accounts.bbmp.gov.in/vssWB/vss00CvStatusData.php?pAction=LoadDetails&pWorkBillID=10342"", ""note"": ""BR / RTGS dates""}]"
354,slow_payment,info,Median 612 days from bill registration to payment,Long payment delays are common (seniority-based bill clearance) and raise contractors' financing costs.,confirmed,"[{""source_id"": ""IFMS"", ""label"": ""BBMP IFMS work bill 88707"", ""url"": ""https://accounts.bbmp.gov.in/vssWB/vss00CvStatusData.php?pAction=LoadDetails&pWorkBillID=88707"", ""note"": ""BR / RTGS dates""}]"
354,contractor_concentration,info,Contractor holds 5% of Koramangala money (92 projects),"C0001 M/s KRIDL (identity inferred; ids: none): ₹339,017,742 across 92 projects in this dataset. Concentration is common for ward maintenance contracts; it is context, not a finding.",inferred,[]
355,fine_levied,info,Fine / penalty deducted from a bill,"IFMS deductions: fine ₹10,000. Penalties usually relate to delay or quality; their reason is not in the public record.",confirmed,"[{""source_id"": ""IFMS"", ""label"": ""BBMP IFMS work bill 96982"", ""url"": ""https://accounts.bbmp.gov.in/vssWB/vss00CvStatusData.php?pAction=LoadDetails&pWorkBillID=96982"", ""note"": ""Deductions""}]"
355,slow_payment,info,Median 691 days from bill registration to payment,Long payment delays are common (seniority-based bill clearance) and raise contractors' financing costs.,confirmed,"[{""source_id"": ""IFMS"", ""label"": ""BBMP IFMS work bill 96982"", ""url"": ""https://accounts.bbmp.gov.in/vssWB/vss00CvStatusData.php?pAction=LoadDetails&pWorkBillID=96982"", ""note"": ""BR / RTGS dates""}]"
356,fine_levied,info,Fine / penalty deducted from a bill,"IFMS deductions: fine ₹4,000. Penalties usually relate to delay or quality; their reason is not in the public record.",confirmed,"[{""source_id"": ""IFMS"", ""label"": ""BBMP IFMS work bill 94394"", ""url"": ""https://accounts.bbmp.gov.in/vssWB/vss00CvStatusData.php?pAction=LoadDetails&pWorkBillID=94394"", ""note"": ""Deductions""}]"
356,slow_payment,info,Median 749 days from bill registration to payment,Long payment delays are common (seniority-based bill clearance) and raise contractors' financing costs.,confirmed,"[{""source_id"": ""IFMS"", ""label"": ""BBMP IFMS work bill 94394"", ""url"": ""https://accounts.bbmp.gov.in/vssWB/vss00CvStatusData.php?pAction=LoadDetails&pWorkBillID=94394"", ""note"": ""BR / RTGS dates""}]"
356,late_payment,info,Bill paid 2 years after work end date,Long payment lag; common with BBMP bill backlogs (seniority-based payment).,confirmed,"[{""source_id"": ""S01"", ""label"": ""BBMP Work Orders - Koramangala (Ward 151), 2013-2022"", ""url"": ""https://data.opencity.in/dataset/d22cea6d-5256-43af-8ad5-68db551e0760/resource/1ccbab74-ca87-465f-826b-5fd1b4b81a5f/download/f68edd0d-7e8b-4386-89cc-a7c946785c8a.csv"", ""rows"": [179]}]"
357,fine_levied,info,Fine / penalty deducted from a bill,"IFMS deductions: fine ₹10,350. Penalties usually relate to delay or quality; their reason is not in the public record.",confirmed,"[{""source_id"": ""IFMS"", ""label"": ""BBMP IFMS work bill 76497"", ""url"": ""https://accounts.bbmp.gov.in/vssWB/vss00CvStatusData.php?pAction=LoadDetails&pWorkBillID=76497"", ""note"": ""Deductions""}]"
357,slow_payment,info,Median 707 days from bill registration to payment,Long payment delays are common (seniority-based bill clearance) and raise contractors' financing costs.,confirmed,"[{""source_id"": ""IFMS"", ""label"": ""BBMP IFMS work bill 76497"", ""url"": ""https://accounts.bbmp.gov.in/vssWB/vss00CvStatusData.php?pAction=LoadDetails&pWorkBillID=76497"", ""note"": ""BR / RTGS dates""}]"
358,recalled_tender,info,Tender re-called once (CALL-2),First call did not result in an award.,inferred,"[{""source_id"": ""OC-TENDERS"", ""label"": ""BBMP tender list: BBMP/2015-16/OW/WORK_INDENT17531"", ""url"": ""https://data.opencity.in/dataset/a779be95-ef47-4e04-8da7-08d4304cc61b/resource/8ed88e7f-e338-4f9b-a8fb-ac2502864eba/download/baff643d-8e76-4620-8057-43809e2e9b42.csv"", ""note"": ""Call 1"", ""rows"": [384]}, {""source_id"": ""OC-TENDERS"", ""label"": ""BBMP tender list: BBMP/2015-16/OW/WORK_INDENT17531/CALL-2"", ""url"": ""https://data.opencity.in/dataset/a779be95-ef47-4e04-8da7-08d4304cc61b/resource/8ed88e7f-e338-4f9b-a8fb-ac2502864eba/download/baff643d-8e76-4620-8057-43809e2e9b42.csv"", ""note"": ""Call 2"", ""rows"": [614]}]"
358,related_work,info,Near-identical work under another number (151-14-000057),"Descriptions are 92% similar. Could be a recurring annual work, a re-tender, a split of one work, or a duplicate entry.",inferred,[]
359,fine_levied,info,Fine / penalty deducted from a bill,"IFMS deductions: fine ₹1,500. Penalties usually relate to delay or quality; their reason is not in the public record.",confirmed,"[{""source_id"": ""IFMS"", ""label"": ""BBMP IFMS work bill 63929"", ""url"": ""https://accounts.bbmp.gov.in/vssWB/vss00CvStatusData.php?pAction=LoadDetails&pWorkBillID=63929"", ""note"": ""Deductions""}]"
360,fine_levied,info,Fine / penalty deducted from a bill,"IFMS deductions: fine ₹4,000. Penalties usually relate to delay or quality; their reason is not in the public record.",confirmed,"[{""source_id"": ""IFMS"", ""label"": ""BBMP IFMS work bill 77926"", ""url"": ""https://accounts.bbmp.gov.in/vssWB/vss00CvStatusData.php?pAction=LoadDetails&pWorkBillID=77926"", ""note"": ""Deductions""}]"
360,slow_payment,info,Median 623 days from bill registration to payment,Long payment delays are common (seniority-based bill clearance) and raise contractors' financing costs.,confirmed,"[{""source_id"": ""IFMS"", ""label"": ""BBMP IFMS work bill 77926"", ""url"": ""https://accounts.bbmp.gov.in/vssWB/vss00CvStatusData.php?pAction=LoadDetails&pWorkBillID=77926"", ""note"": ""BR / RTGS dates""}]"
360,contractor_concentration,info,Contractor holds 5% of Koramangala money (92 projects),"C0001 M/s KRIDL (identity inferred; ids: none): ₹339,017,742 across 92 projects in this dataset. Concentration is common for ward maintenance contracts; it is context, not a finding.",inferred,[]
360,related_work,info,Near-identical work under another number (151-16-000014),"Descriptions are 97% similar. Could be a recurring annual work, a re-tender, a split of one work, or a duplicate entry.",inferred,[]
360,related_work,info,Near-identical work under another number (151-16-000015),"Descriptions are 93% similar. Could be a recurring annual work, a re-tender, a split of one work, or a duplicate entry.",inferred,[]
360,related_work,info,Near-identical work under another number (151-14-000060),"Descriptions are 89% similar. Could be a recurring annual work, a re-tender, a split of one work, or a duplicate entry.",inferred,[]
360,related_work,info,Near-identical work under another number (151-14-000061),"Descriptions are 89% similar. Could be a recurring annual work, a re-tender, a split of one work, or a duplicate entry.",inferred,[]
360,related_work,info,Near-identical work under another number (151-14-000062),"Descriptions are 96% similar. Could be a recurring annual work, a re-tender, a split of one work, or a duplicate entry.",inferred,[]
361,fine_levied,info,Fine / penalty deducted from a bill,"IFMS deductions: fine ₹10,020. Penalties usually relate to delay or quality; their reason is not in the public record.",confirmed,"[{""source_id"": ""IFMS"", ""label"": ""BBMP IFMS work bill 60312"", ""url"": ""https://accounts.bbmp.gov.in/vssWB/vss00CvStatusData.php?pAction=LoadDetails&pWorkBillID=60312"", ""note"": ""Deductions""}]"
361,slow_payment,info,Median 623 days from bill registration to payment,Long payment delays are common (seniority-based bill clearance) and raise contractors' financing costs.,confirmed,"[{""source_id"": ""IFMS"", ""label"": ""BBMP IFMS work bill 60312"", ""url"": ""https://accounts.bbmp.gov.in/vssWB/vss00CvStatusData.php?pAction=LoadDetails&pWorkBillID=60312"", ""note"": ""BR / RTGS dates""}]"
361,contractor_concentration,info,Contractor holds 5% of Koramangala money (92 projects),"C0001 M/s KRIDL (identity inferred; ids: none): ₹339,017,742 across 92 projects in this dataset. Concentration is common for ward maintenance contracts; it is context, not a finding.",inferred,[]
362,fine_levied,info,Fine / penalty deducted from a bill,"IFMS deductions: fine ₹5,000. Penalties usually relate to delay or quality; their reason is not in the public record.",confirmed,"[{""source_id"": ""IFMS"", ""label"": ""BBMP IFMS work bill 81269"", ""url"": ""https://accounts.bbmp.gov.in/vssWB/vss00CvStatusData.php?pAction=LoadDetails&pWorkBillID=81269"", ""note"": ""Deductions""}]"
362,slow_payment,info,Median 623 days from bill registration to payment,Long payment delays are common (seniority-based bill clearance) and raise contractors' financing costs.,confirmed,"[{""source_id"": ""IFMS"", ""label"": ""BBMP IFMS work bill 81269"", ""url"": ""https://accounts.bbmp.gov.in/vssWB/vss00CvStatusData.php?pAction=LoadDetails&pWorkBillID=81269"", ""note"": ""BR / RTGS dates""}]"
363,related_work,info,Near-identical work under another number (151-20-000110),"Descriptions are 97% similar. Could be a recurring annual work, a re-tender, a split of one work, or a duplicate entry.",inferred,[]
363,related_work,info,Near-identical work under another number (151-18-000085),"Descriptions are 98% similar. Could be a recurring annual work, a re-tender, a split of one work, or a duplicate entry.",inferred,[]
363,related_work,info,Near-identical work under another number (151-17-000027),"Descriptions are 98% similar. Could be a recurring annual work, a re-tender, a split of one work, or a duplicate entry.",inferred,[]
364,fine_levied,info,Fine / penalty deducted from a bill,IFMS deductions: fine ₹560. Penalties usually relate to delay or quality; their reason is not in the public record.,confirmed,"[{""source_id"": ""IFMS"", ""label"": ""BBMP IFMS work bill 39586"", ""url"": ""https://accounts.bbmp.gov.in/vssWB/vss00CvStatusData.php?pAction=LoadDetails&pWorkBillID=39586"", ""note"": ""Deductions""}]"
364,contractor_concentration,info,Contractor holds 0% of Koramangala money (10 projects),"C0012 SATHISH NAYAK K (identity inferred; ids: none): ₹27,751,149 across 10 projects in this dataset. Concentration is common for ward maintenance contracts; it is context, not a finding.",inferred,[]
365,slow_payment,info,Median 464 days from bill registration to payment,Long payment delays are common (seniority-based bill clearance) and raise contractors' financing costs.,confirmed,"[{""source_id"": ""IFMS"", ""label"": ""BBMP IFMS work bill 24817"", ""url"": ""https://accounts.bbmp.gov.in/vssWB/vss00CvStatusData.php?pAction=LoadDetails&pWorkBillID=24817"", ""note"": ""BR / RTGS dates""}]"
365,large_deduction,info,Deduction of 40% on a bill,"₹4,307,265 withheld from a ₹10,779,185 bill. Usually recoveries, penalties, escrow or security deposit.",confirmed,"[{""source_id"": ""S01"", ""label"": ""BBMP Work Orders - Koramangala (Ward 151), 2013-2022"", ""url"": ""https://data.opencity.in/dataset/d22cea6d-5256-43af-8ad5-68db551e0760/resource/1ccbab74-ca87-465f-826b-5fd1b4b81a5f/download/f68edd0d-7e8b-4386-89cc-a7c946785c8a.csv"", ""rows"": [230]}]"
365,late_payment,info,Bill paid 2 years after work end date,Long payment lag; common with BBMP bill backlogs (seniority-based payment).,confirmed,"[{""source_id"": ""S01"", ""label"": ""BBMP Work Orders - Koramangala (Ward 151), 2013-2022"", ""url"": ""https://data.opencity.in/dataset/d22cea6d-5256-43af-8ad5-68db551e0760/resource/1ccbab74-ca87-465f-826b-5fd1b4b81a5f/download/f68edd0d-7e8b-4386-89cc-a7c946785c8a.csv"", ""rows"": [230]}]"
365,qty_unreadable_mb,info,High-value work whose measurement records are unreadable,2 MB / bill-form attachments downloaded; none yielded an arithmetic-checked quantity (handwritten or low-quality scans). Quantities for this work cannot be verified from public data.,confirmed,[]
366,slow_payment,info,Median 464 days from bill registration to payment,Long payment delays are common (seniority-based bill clearance) and raise contractors' financing costs.,confirmed,"[{""source_id"": ""IFMS"", ""label"": ""BBMP IFMS work bill 24703"", ""url"": ""https://accounts.bbmp.gov.in/vssWB/vss00CvStatusData.php?pAction=LoadDetails&pWorkBillID=24703"", ""note"": ""BR / RTGS dates""}]"
366,large_deduction,info,Deduction of 40% on a bill,"₹4,198,985 withheld from a ₹10,447,470 bill. Usually recoveries, penalties, escrow or security deposit.",confirmed,"[{""source_id"": ""S01"", ""label"": ""BBMP Work Orders - Koramangala (Ward 151), 2013-2022"", ""url"": ""https://data.opencity.in/dataset/d22cea6d-5256-43af-8ad5-68db551e0760/resource/1ccbab74-ca87-465f-826b-5fd1b4b81a5f/download/f68edd0d-7e8b-4386-89cc-a7c946785c8a.csv"", ""rows"": [162]}]"
366,late_payment,info,Bill paid 2 years after work end date,Long payment lag; common with BBMP bill backlogs (seniority-based payment).,confirmed,"[{""source_id"": ""S01"", ""label"": ""BBMP Work Orders - Koramangala (Ward 151), 2013-2022"", ""url"": ""https://data.opencity.in/dataset/d22cea6d-5256-43af-8ad5-68db551e0760/resource/1ccbab74-ca87-465f-826b-5fd1b4b81a5f/download/f68edd0d-7e8b-4386-89cc-a7c946785c8a.csv"", ""rows"": [162]}]"
366,related_work,info,Near-identical work under another number (151-13-000029),"Descriptions are 92% similar. Could be a recurring annual work, a re-tender, a split of one work, or a duplicate entry.",inferred,[]
366,related_work,info,Near-identical work under another number (151-13-000030),"Descriptions are 93% similar. Could be a recurring annual work, a re-tender, a split of one work, or a duplicate entry.",inferred,[]
367,stale_running,notice,Running bill but no final bill in 3+ years,"Last bill/payment 2017-06-01. The work may be finished with the final bill outside these exports, or stalled.",inferred,"[{""source_id"": ""IFMS-GRID"", ""label"": ""BBMP IFMS payment grid (LoadPaymentGridData, all wards, quarterly)"", ""url"": ""https://accounts.bbmp.gov.in/vssWB/vss00CvStatusData.php?pAction=LoadPaymentGridData""}, {""source_id"": ""IFMS-GRID"", ""label"": ""BBMP IFMS payment grid (LoadPaymentGridData, all wards, quarterly)"", ""url"": ""https://accounts.bbmp.gov.in/vssWB/vss00CvStatusData.php?pAction=LoadPaymentGridData"", ""rows"": []}]"
367,fine_levied,info,Fine / penalty deducted from a bill,"IFMS deductions: fine ₹1,686. Penalties usually relate to delay or quality; their reason is not in the public record.",confirmed,"[{""source_id"": ""IFMS"", ""label"": ""BBMP IFMS work bill 82128"", ""url"": ""https://accounts.bbmp.gov.in/vssWB/vss00CvStatusData.php?pAction=LoadDetails&pWorkBillID=82128"", ""note"": ""Deductions""}]"
368,fine_levied,info,Fine / penalty deducted from a bill,"IFMS deductions: fine ₹5,000. Penalties usually relate to delay or quality; their reason is not in the public record.",confirmed,"[{""source_id"": ""IFMS"", ""label"": ""BBMP IFMS work bill 8242"", ""url"": ""https://accounts.bbmp.gov.in/vssWB/vss00CvStatusData.php?pAction=LoadDetails&pWorkBillID=8242"", ""note"": ""Deductions""}]"
368,slow_payment,info,Median 661 days from bill registration to payment,Long payment delays are common (seniority-based bill clearance) and raise contractors' financing costs.,confirmed,"[{""source_id"": ""IFMS"", ""label"": ""BBMP IFMS work bill 8242"", ""url"": ""https://accounts.bbmp.gov.in/vssWB/vss00CvStatusData.php?pAction=LoadDetails&pWorkBillID=8242"", ""note"": ""BR / RTGS dates""}]"
368,contractor_concentration,info,Contractor holds 5% of Koramangala money (92 projects),"C0001 M/s KRIDL (identity inferred; ids: none): ₹339,017,742 across 92 projects in this dataset. Concentration is common for ward maintenance contracts; it is context, not a finding.",inferred,[]
369,fine_levied,info,Fine / penalty deducted from a bill,"IFMS deductions: fine ₹5,000. Penalties usually relate to delay or quality; their reason is not in the public record.",confirmed,"[{""source_id"": ""IFMS"", ""label"": ""BBMP IFMS work bill 40208"", ""url"": ""https://accounts.bbmp.gov.in/vssWB/vss00CvStatusData.php?pAction=LoadDetails&pWorkBillID=40208"", ""note"": ""Deductions""}]"
369,slow_payment,info,Median 702 days from bill registration to payment,Long payment delays are common (seniority-based bill clearance) and raise contractors' financing costs.,confirmed,"[{""source_id"": ""IFMS"", ""label"": ""BBMP IFMS work bill 83807"", ""url"": ""https://accounts.bbmp.gov.in/vssWB/vss00CvStatusData.php?pAction=LoadDetails&pWorkBillID=83807"", ""note"": ""BR / RTGS dates""}]"
369,large_deduction,info,Deduction of 66% on a bill,"₹4,751,938 withheld from a ₹7,251,938 bill. Usually recoveries, penalties, escrow or security deposit.",confirmed,"[{""source_id"": ""S01"", ""label"": ""BBMP Work Orders - Koramangala (Ward 151), 2013-2022"", ""url"": ""https://data.opencity.in/dataset/d22cea6d-5256-43af-8ad5-68db551e0760/resource/1ccbab74-ca87-465f-826b-5fd1b4b81a5f/download/f68edd0d-7e8b-4386-89cc-a7c946785c8a.csv"", ""rows"": [180, 181]}, {""source_id"": ""IFMS-GRID"", ""label"": ""BBMP IFMS payment grid (LoadPaymentGridData, all wards, quarterly)"", ""url"": ""https://accounts.bbmp.gov.in/vssWB/vss00CvStatusData.php?pAction=LoadPaymentGridData"", ""rows"": []}]"
369,contractor_concentration,info,Contractor holds 5% of Koramangala money (92 projects),"C0001 M/s KRIDL (identity inferred; ids: none): ₹339,017,742 across 92 projects in this dataset. Concentration is common for ward maintenance contracts; it is context, not a finding.",inferred,[]
369,related_work,info,Near-identical work under another number (151-14-000059),"Descriptions are 89% similar. Could be a recurring annual work, a re-tender, a split of one work, or a duplicate entry.",inferred,[]
369,related_work,info,Near-identical work under another number (151-14-000061),"Descriptions are 99% similar. Could be a recurring annual work, a re-tender, a split of one work, or a duplicate entry.",inferred,[]
369,related_work,info,Near-identical work under another number (151-14-000062),"Descriptions are 91% similar. Could be a recurring annual work, a re-tender, a split of one work, or a duplicate entry.",inferred,[]
370,fine_levied,info,Fine / penalty deducted from a bill,"IFMS deductions: fine ₹5,000. Penalties usually relate to delay or quality; their reason is not in the public record.",confirmed,"[{""source_id"": ""IFMS"", ""label"": ""BBMP IFMS work bill 87850"", ""url"": ""https://accounts.bbmp.gov.in/vssWB/vss00CvStatusData.php?pAction=LoadDetails&pWorkBillID=87850"", ""note"": ""Deductions""}]"
370,slow_payment,info,Median 705 days from bill registration to payment,Long payment delays are common (seniority-based bill clearance) and raise contractors' financing costs.,confirmed,"[{""source_id"": ""IFMS"", ""label"": ""BBMP IFMS work bill 87850"", ""url"": ""https://accounts.bbmp.gov.in/vssWB/vss00CvStatusData.php?pAction=LoadDetails&pWorkBillID=87850"", ""note"": ""BR / RTGS dates""}]"
370,contractor_concentration,info,Contractor holds 5% of Koramangala money (92 projects),"C0001 M/s KRIDL (identity inferred; ids: none): ₹339,017,742 across 92 projects in this dataset. Concentration is common for ward maintenance contracts; it is context, not a finding.",inferred,[]
371,fine_levied,info,Fine / penalty deducted from a bill,IFMS deductions: fine ₹250. Penalties usually relate to delay or quality; their reason is not in the public record.,confirmed,"[{""source_id"": ""IFMS"", ""label"": ""BBMP IFMS work bill 55753"", ""url"": ""https://accounts.bbmp.gov.in/vssWB/vss00CvStatusData.php?pAction=LoadDetails&pWorkBillID=55753"", ""note"": ""Deductions""}]"
371,slow_payment,info,Median 694 days from bill registration to payment,Long payment delays are common (seniority-based bill clearance) and raise contractors' financing costs.,confirmed,"[{""source_id"": ""IFMS"", ""label"": ""BBMP IFMS work bill 55753"", ""url"": ""https://accounts.bbmp.gov.in/vssWB/vss00CvStatusData.php?pAction=LoadDetails&pWorkBillID=55753"", ""note"": ""BR / RTGS dates""}]"
372,fine_levied,info,Fine / penalty deducted from a bill,"IFMS deductions: fine ₹5,000. Penalties usually relate to delay or quality; their reason is not in the public record.",confirmed,"[{""source_id"": ""IFMS"", ""label"": ""BBMP IFMS work bill 53347"", ""url"": ""https://accounts.bbmp.gov.in/vssWB/vss00CvStatusData.php?pAction=LoadDetails&pWorkBillID=53347"", ""note"": ""Deductions""}]"
372,slow_payment,info,Median 689 days from bill registration to payment,Long payment delays are common (seniority-based bill clearance) and raise contractors' financing costs.,confirmed,"[{""source_id"": ""IFMS"", ""label"": ""BBMP IFMS work bill 53347"", ""url"": ""https://accounts.bbmp.gov.in/vssWB/vss00CvStatusData.php?pAction=LoadDetails&pWorkBillID=53347"", ""note"": ""BR / RTGS dates""}]"
372,contractor_concentration,info,Contractor holds 5% of Koramangala money (92 projects),"C0001 M/s KRIDL (identity inferred; ids: none): ₹339,017,742 across 92 projects in this dataset. Concentration is common for ward maintenance contracts; it is context, not a finding.",inferred,[]
372,related_work,info,Near-identical work under another number (151-16-000014),"Descriptions are 91% similar. Could be a recurring annual work, a re-tender, a split of one work, or a duplicate entry.",inferred,[]
372,related_work,info,Near-identical work under another number (151-14-000059),"Descriptions are 89% similar. Could be a recurring annual work, a re-tender, a split of one work, or a duplicate entry.",inferred,[]
372,related_work,info,Near-identical work under another number (151-14-000060),"Descriptions are 99% similar. Could be a recurring annual work, a re-tender, a split of one work, or a duplicate entry.",inferred,[]
372,related_work,info,Near-identical work under another number (151-14-000062),"Descriptions are 91% similar. Could be a recurring annual work, a re-tender, a split of one work, or a duplicate entry.",inferred,[]
373,fine_levied,info,Fine / penalty deducted from a bill,"IFMS deductions: fine ₹5,400. Penalties usually relate to delay or quality; their reason is not in the public record.",confirmed,"[{""source_id"": ""IFMS"", ""label"": ""BBMP IFMS work bill 70403"", ""url"": ""https://accounts.bbmp.gov.in/vssWB/vss00CvStatusData.php?pAction=LoadDetails&pWorkBillID=70403"", ""note"": ""Deductions""}]"
373,slow_payment,info,Median 689 days from bill registration to payment,Long payment delays are common (seniority-based bill clearance) and raise contractors' financing costs.,confirmed,"[{""source_id"": ""IFMS"", ""label"": ""BBMP IFMS work bill 70403"", ""url"": ""https://accounts.bbmp.gov.in/vssWB/vss00CvStatusData.php?pAction=LoadDetails&pWorkBillID=70403"", ""note"": ""BR / RTGS dates""}]"
373,contractor_concentration,info,Contractor holds 5% of Koramangala money (92 projects),"C0001 M/s KRIDL (identity inferred; ids: none): ₹339,017,742 across 92 projects in this dataset. Concentration is common for ward maintenance contracts; it is context, not a finding.",inferred,[]
373,related_work,info,Near-identical work under another number (151-16-000014),"Descriptions are 97% similar. Could be a recurring annual work, a re-tender, a split of one work, or a duplicate entry.",inferred,[]
373,related_work,info,Near-identical work under another number (151-16-000015),"Descriptions are 87% similar. Could be a recurring annual work, a re-tender, a split of one work, or a duplicate entry.",inferred,[]
373,related_work,info,Near-identical work under another number (151-14-000059),"Descriptions are 96% similar. Could be a recurring annual work, a re-tender, a split of one work, or a duplicate entry.",inferred,[]
373,related_work,info,Near-identical work under another number (151-14-000060),"Descriptions are 91% similar. Could be a recurring annual work, a re-tender, a split of one work, or a duplicate entry.",inferred,[]
373,related_work,info,Near-identical work under another number (151-14-000061),"Descriptions are 91% similar. Could be a recurring annual work, a re-tender, a split of one work, or a duplicate entry.",inferred,[]
374,fine_levied,info,Fine / penalty deducted from a bill,"IFMS deductions: fine ₹2,770. Penalties usually relate to delay or quality; their reason is not in the public record.",confirmed,"[{""source_id"": ""IFMS"", ""label"": ""BBMP IFMS work bill 83288"", ""url"": ""https://accounts.bbmp.gov.in/vssWB/vss00CvStatusData.php?pAction=LoadDetails&pWorkBillID=83288"", ""note"": ""Deductions""}, {""source_id"": ""IFMS"", ""label"": ""BBMP IFMS work bill 4215"", ""url"": ""https://accounts.bbmp.gov.in/vssWB/vss00CvStatusData.php?pAction=LoadDetails&pWorkBillID=4215"", ""note"": ""Deductions""}]"
374,slow_payment,info,Median 749 days from bill registration to payment,Long payment delays are common (seniority-based bill clearance) and raise contractors' financing costs.,confirmed,"[{""source_id"": ""IFMS"", ""label"": ""BBMP IFMS work bill 83288"", ""url"": ""https://accounts.bbmp.gov.in/vssWB/vss00CvStatusData.php?pAction=LoadDetails&pWorkBillID=83288"", ""note"": ""BR / RTGS dates""}]"
374,late_payment,info,Bill paid 2 years after work end date,Long payment lag; common with BBMP bill backlogs (seniority-based payment).,confirmed,"[{""source_id"": ""S02"", ""label"": ""BBMP Work Orders - Adugodi (Ward 147), 2013-2022"", ""url"": ""https://data.opencity.in/dataset/d22cea6d-5256-43af-8ad5-68db551e0760/resource/9781e788-6c7b-4978-a600-abf3836b2a37/download/e51f4570-bde5-4fa7-bdd7-ec131041ea35.csv"", ""rows"": [223, 176]}, {""source_id"": ""IFMS-GRID"", ""label"": ""BBMP IFMS payment grid (LoadPaymentGridData, all wards, quarterly)"", ""url"": ""https://accounts.bbmp.gov.in/vssWB/vss00CvStatusData.php?pAction=LoadPaymentGridData"", ""rows"": []}]"
374,contractor_concentration,info,Contractor holds 5% of Koramangala money (92 projects),"C0001 M/s KRIDL (identity inferred; ids: none): ₹339,017,742 across 92 projects in this dataset. Concentration is common for ward maintenance contracts; it is context, not a finding.",inferred,[]
374,related_work,info,Near-identical work under another number (147-13-000042),"Descriptions are 99% similar. Could be a recurring annual work, a re-tender, a split of one work, or a duplicate entry.",inferred,[]
375,stale_running,notice,Running bill but no final bill in 3+ years,"Last bill/payment 2017-04-27. The work may be finished with the final bill outside these exports, or stalled.",inferred,"[{""source_id"": ""IFMS-GRID"", ""label"": ""BBMP IFMS payment grid (LoadPaymentGridData, all wards, quarterly)"", ""url"": ""https://accounts.bbmp.gov.in/vssWB/vss00CvStatusData.php?pAction=LoadPaymentGridData""}, {""source_id"": ""IFMS-GRID"", ""label"": ""BBMP IFMS payment grid (LoadPaymentGridData, all wards, quarterly)"", ""url"": ""https://accounts.bbmp.gov.in/vssWB/vss00CvStatusData.php?pAction=LoadPaymentGridData"", ""rows"": []}]"
377,fine_levied,info,Fine / penalty deducted from a bill,"IFMS deductions: fine ₹3,000. Penalties usually relate to delay or quality; their reason is not in the public record.",confirmed,"[{""source_id"": ""IFMS"", ""label"": ""BBMP IFMS work bill 74461"", ""url"": ""https://accounts.bbmp.gov.in/vssWB/vss00CvStatusData.php?pAction=LoadDetails&pWorkBillID=74461"", ""note"": ""Deductions""}]"
377,slow_payment,info,Median 727 days from bill registration to payment,Long payment delays are common (seniority-based bill clearance) and raise contractors' financing costs.,confirmed,"[{""source_id"": ""IFMS"", ""label"": ""BBMP IFMS work bill 74461"", ""url"": ""https://accounts.bbmp.gov.in/vssWB/vss00CvStatusData.php?pAction=LoadDetails&pWorkBillID=74461"", ""note"": ""BR / RTGS dates""}]"
377,related_work,info,Near-identical work under another number (151-20-000108),"Descriptions are 95% similar. Could be a recurring annual work, a re-tender, a split of one work, or a duplicate entry.",inferred,[]
377,related_work,info,Near-identical work under another number (151-19-000034),"Descriptions are 100% similar. Could be a recurring annual work, a re-tender, a split of one work, or a duplicate entry.",inferred,[]
378,slow_payment,info,Median 723 days from bill registration to payment,Long payment delays are common (seniority-based bill clearance) and raise contractors' financing costs.,confirmed,"[{""source_id"": ""IFMS"", ""label"": ""BBMP IFMS work bill 13745"", ""url"": ""https://accounts.bbmp.gov.in/vssWB/vss00CvStatusData.php?pAction=LoadDetails&pWorkBillID=13745"", ""note"": ""BR / RTGS dates""}]"
379,year_end_payment,info,100% of payments made in the last fortnight of March,Payments bunched at financial-year end (budget lapse pressure) are common; worth checking that measurement of the work preceded payment.,confirmed,"[{""source_id"": ""S01"", ""label"": ""BBMP Work Orders - Koramangala (Ward 151), 2013-2022"", ""url"": ""https://data.opencity.in/dataset/d22cea6d-5256-43af-8ad5-68db551e0760/resource/1ccbab74-ca87-465f-826b-5fd1b4b81a5f/download/f68edd0d-7e8b-4386-89cc-a7c946785c8a.csv"", ""rows"": [171]}, {""source_id"": ""IFMS-GRID"", ""label"": ""BBMP IFMS payment grid (LoadPaymentGridData, all wards, quarterly)"", ""url"": ""https://accounts.bbmp.gov.in/vssWB/vss00CvStatusData.php?pAction=LoadPaymentGridData"", ""rows"": []}]"
379,fine_levied,info,Fine / penalty deducted from a bill,"IFMS deductions: fine ₹9,878. Penalties usually relate to delay or quality; their reason is not in the public record.",confirmed,"[{""source_id"": ""IFMS"", ""label"": ""BBMP IFMS work bill 30114"", ""url"": ""https://accounts.bbmp.gov.in/vssWB/vss00CvStatusData.php?pAction=LoadDetails&pWorkBillID=30114"", ""note"": ""Deductions""}]"
379,slow_payment,info,Median 366 days from bill registration to payment,Long payment delays are common (seniority-based bill clearance) and raise contractors' financing costs.,confirmed,"[{""source_id"": ""IFMS"", ""label"": ""BBMP IFMS work bill 30114"", ""url"": ""https://accounts.bbmp.gov.in/vssWB/vss00CvStatusData.php?pAction=LoadDetails&pWorkBillID=30114"", ""note"": ""BR / RTGS dates""}]"
380,fine_levied,info,Fine / penalty deducted from a bill,"IFMS deductions: fine ₹4,800. Penalties usually relate to delay or quality; their reason is not in the public record.",confirmed,"[{""source_id"": ""IFMS"", ""label"": ""BBMP IFMS work bill 10615"", ""url"": ""https://accounts.bbmp.gov.in/vssWB/vss00CvStatusData.php?pAction=LoadDetails&pWorkBillID=10615"", ""note"": ""Deductions""}]"
380,slow_payment,info,Median 759 days from bill registration to payment,Long payment delays are common (seniority-based bill clearance) and raise contractors' financing costs.,confirmed,"[{""source_id"": ""IFMS"", ""label"": ""BBMP IFMS work bill 10615"", ""url"": ""https://accounts.bbmp.gov.in/vssWB/vss00CvStatusData.php?pAction=LoadDetails&pWorkBillID=10615"", ""note"": ""BR / RTGS dates""}]"
380,late_payment,info,Bill paid 2 years after work end date,Long payment lag; common with BBMP bill backlogs (seniority-based payment).,confirmed,"[{""source_id"": ""S01"", ""label"": ""BBMP Work Orders - Koramangala (Ward 151), 2013-2022"", ""url"": ""https://data.opencity.in/dataset/d22cea6d-5256-43af-8ad5-68db551e0760/resource/1ccbab74-ca87-465f-826b-5fd1b4b81a5f/download/f68edd0d-7e8b-4386-89cc-a7c946785c8a.csv"", ""rows"": [195]}]"
380,contractor_concentration,info,Contractor holds 5% of Koramangala money (92 projects),"C0001 M/s KRIDL (identity inferred; ids: none): ₹339,017,742 across 92 projects in this dataset. Concentration is common for ward maintenance contracts; it is context, not a finding.",inferred,[]
381,fine_levied,info,Fine / penalty deducted from a bill,"IFMS deductions: fine ₹4,800. Penalties usually relate to delay or quality; their reason is not in the public record.",confirmed,"[{""source_id"": ""IFMS"", ""label"": ""BBMP IFMS work bill 10617"", ""url"": ""https://accounts.bbmp.gov.in/vssWB/vss00CvStatusData.php?pAction=LoadDetails&pWorkBillID=10617"", ""note"": ""Deductions""}]"
381,slow_payment,info,Median 759 days from bill registration to payment,Long payment delays are common (seniority-based bill clearance) and raise contractors' financing costs.,confirmed,"[{""source_id"": ""IFMS"", ""label"": ""BBMP IFMS work bill 10617"", ""url"": ""https://accounts.bbmp.gov.in/vssWB/vss00CvStatusData.php?pAction=LoadDetails&pWorkBillID=10617"", ""note"": ""BR / RTGS dates""}]"
381,late_payment,info,Bill paid 2 years after work end date,Long payment lag; common with BBMP bill backlogs (seniority-based payment).,confirmed,"[{""source_id"": ""S01"", ""label"": ""BBMP Work Orders - Koramangala (Ward 151), 2013-2022"", ""url"": ""https://data.opencity.in/dataset/d22cea6d-5256-43af-8ad5-68db551e0760/resource/1ccbab74-ca87-465f-826b-5fd1b4b81a5f/download/f68edd0d-7e8b-4386-89cc-a7c946785c8a.csv"", ""rows"": [194]}]"
381,contractor_concentration,info,Contractor holds 5% of Koramangala money (92 projects),"C0001 M/s KRIDL (identity inferred; ids: none): ₹339,017,742 across 92 projects in this dataset. Concentration is common for ward maintenance contracts; it is context, not a finding.",inferred,[]
382,stale_running,notice,Running bill but no final bill in 3+ years,"Last bill/payment 2016-12-29. The work may be finished with the final bill outside these exports, or stalled.",inferred,"[{""source_id"": ""IFMS-GRID"", ""label"": ""BBMP IFMS payment grid (LoadPaymentGridData, all wards, quarterly)"", ""url"": ""https://accounts.bbmp.gov.in/vssWB/vss00CvStatusData.php?pAction=LoadPaymentGridData""}, {""source_id"": ""IFMS-GRID"", ""label"": ""BBMP IFMS payment grid (LoadPaymentGridData, all wards, quarterly)"", ""url"": ""https://accounts.bbmp.gov.in/vssWB/vss00CvStatusData.php?pAction=LoadPaymentGridData"", ""rows"": []}]"
382,document_reused,notice,Identical Agreement attached to another job number,"The same file (md5 ff9de57618…; Agreement) is attached to bills of 2 works: 151-16-000019. Could be one contract booked under two job numbers, or a wrong upload — worth checking.",confirmed,"[{""source_id"": ""IFMS-DOC"", ""label"": ""Attachment"", ""url"": ""https://accounts.bbmp.gov.in/vssIFMS/Files/WO-6--91391044-Agre%2001.jpg""}]"
382,document_reused,notice,Identical Agreement attached to another job number,"The same file (md5 98599726af…; Agreement) is attached to bills of 2 works: 151-16-000019. Could be one contract booked under two job numbers, or a wrong upload — worth checking.",confirmed,"[{""source_id"": ""IFMS-DOC"", ""label"": ""Attachment"", ""url"": ""https://accounts.bbmp.gov.in/vssIFMS/Files/WO-6--05446409-Agre%2002.jpg""}]"
382,document_reused,notice,Identical Work Order attached to another job number,"The same file (md5 8638511742…; Work Order) is attached to bills of 2 works: 151-16-000019. Could be one contract booked under two job numbers, or a wrong upload — worth checking.",confirmed,"[{""source_id"": ""IFMS-DOC"", ""label"": ""Attachment"", ""url"": ""https://accounts.bbmp.gov.in/vssIFMS/Files/WO-7--99866842-work%20order.jpg""}]"
383,fine_levied,info,Fine / penalty deducted from a bill,"IFMS deductions: fine ₹4,400. Penalties usually relate to delay or quality; their reason is not in the public record.",confirmed,"[{""source_id"": ""IFMS"", ""label"": ""BBMP IFMS work bill 8406"", ""url"": ""https://accounts.bbmp.gov.in/vssWB/vss00CvStatusData.php?pAction=LoadDetails&pWorkBillID=8406"", ""note"": ""Deductions""}]"
383,slow_payment,info,Median 756 days from bill registration to payment,Long payment delays are common (seniority-based bill clearance) and raise contractors' financing costs.,confirmed,"[{""source_id"": ""IFMS"", ""label"": ""BBMP IFMS work bill 8406"", ""url"": ""https://accounts.bbmp.gov.in/vssWB/vss00CvStatusData.php?pAction=LoadDetails&pWorkBillID=8406"", ""note"": ""BR / RTGS dates""}]"
383,late_payment,info,Bill paid 2 years after work end date,Long payment lag; common with BBMP bill backlogs (seniority-based payment).,confirmed,"[{""source_id"": ""S01"", ""label"": ""BBMP Work Orders - Koramangala (Ward 151), 2013-2022"", ""url"": ""https://data.opencity.in/dataset/d22cea6d-5256-43af-8ad5-68db551e0760/resource/1ccbab74-ca87-465f-826b-5fd1b4b81a5f/download/f68edd0d-7e8b-4386-89cc-a7c946785c8a.csv"", ""rows"": [198]}]"
383,contractor_concentration,info,Contractor holds 5% of Koramangala money (92 projects),"C0001 M/s KRIDL (identity inferred; ids: none): ₹339,017,742 across 92 projects in this dataset. Concentration is common for ward maintenance contracts; it is context, not a finding.",inferred,[]
384,fine_levied,info,Fine / penalty deducted from a bill,"IFMS deductions: fine ₹4,600. Penalties usually relate to delay or quality; their reason is not in the public record.",confirmed,"[{""source_id"": ""IFMS"", ""label"": ""BBMP IFMS work bill 8408"", ""url"": ""https://accounts.bbmp.gov.in/vssWB/vss00CvStatusData.php?pAction=LoadDetails&pWorkBillID=8408"", ""note"": ""Deductions""}]"
384,slow_payment,info,Median 756 days from bill registration to payment,Long payment delays are common (seniority-based bill clearance) and raise contractors' financing costs.,confirmed,"[{""source_id"": ""IFMS"", ""label"": ""BBMP IFMS work bill 8408"", ""url"": ""https://accounts.bbmp.gov.in/vssWB/vss00CvStatusData.php?pAction=LoadDetails&pWorkBillID=8408"", ""note"": ""BR / RTGS dates""}]"
384,late_payment,info,Bill paid 2 years after work end date,Long payment lag; common with BBMP bill backlogs (seniority-based payment).,confirmed,"[{""source_id"": ""S01"", ""label"": ""BBMP Work Orders - Koramangala (Ward 151), 2013-2022"", ""url"": ""https://data.opencity.in/dataset/d22cea6d-5256-43af-8ad5-68db551e0760/resource/1ccbab74-ca87-465f-826b-5fd1b4b81a5f/download/f68edd0d-7e8b-4386-89cc-a7c946785c8a.csv"", ""rows"": [197]}]"
384,contractor_concentration,info,Contractor holds 5% of Koramangala money (92 projects),"C0001 M/s KRIDL (identity inferred; ids: none): ₹339,017,742 across 92 projects in this dataset. Concentration is common for ward maintenance contracts; it is context, not a finding.",inferred,[]
385,slow_payment,info,Median 756 days from bill registration to payment,Long payment delays are common (seniority-based bill clearance) and raise contractors' financing costs.,confirmed,"[{""source_id"": ""IFMS"", ""label"": ""BBMP IFMS work bill 23328"", ""url"": ""https://accounts.bbmp.gov.in/vssWB/vss00CvStatusData.php?pAction=LoadDetails&pWorkBillID=23328"", ""note"": ""BR / RTGS dates""}]"
385,late_payment,info,Bill paid 2 years after work end date,Long payment lag; common with BBMP bill backlogs (seniority-based payment).,confirmed,"[{""source_id"": ""S03"", ""label"": ""BBMP Work Orders - Ejipura (Ward 148), 2013-2022"", ""url"": ""https://data.opencity.in/dataset/d22cea6d-5256-43af-8ad5-68db551e0760/resource/bcc85853-64d8-4ffb-b213-ff1c769f1ddf/download/ba583625-49c9-4e9f-89b4-764b9e9773cd.csv"", ""rows"": [155]}]"
385,contractor_concentration,info,Contractor holds 5% of Koramangala money (92 projects),"C0001 M/s KRIDL (identity inferred; ids: none): ₹339,017,742 across 92 projects in this dataset. Concentration is common for ward maintenance contracts; it is context, not a finding.",inferred,[]
386,fine_levied,info,Fine / penalty deducted from a bill,"IFMS deductions: fine ₹3,680. Penalties usually relate to delay or quality; their reason is not in the public record.",confirmed,"[{""source_id"": ""IFMS"", ""label"": ""BBMP IFMS work bill 11225"", ""url"": ""https://accounts.bbmp.gov.in/vssWB/vss00CvStatusData.php?pAction=LoadDetails&pWorkBillID=11225"", ""note"": ""Deductions""}]"
386,slow_payment,info,Median 776 days from bill registration to payment,Long payment delays are common (seniority-based bill clearance) and raise contractors' financing costs.,confirmed,"[{""source_id"": ""IFMS"", ""label"": ""BBMP IFMS work bill 11225"", ""url"": ""https://accounts.bbmp.gov.in/vssWB/vss00CvStatusData.php?pAction=LoadDetails&pWorkBillID=11225"", ""note"": ""BR / RTGS dates""}]"
386,late_payment,info,Bill paid 2 years after work end date,Long payment lag; common with BBMP bill backlogs (seniority-based payment).,confirmed,"[{""source_id"": ""S02"", ""label"": ""BBMP Work Orders - Adugodi (Ward 147), 2013-2022"", ""url"": ""https://data.opencity.in/dataset/d22cea6d-5256-43af-8ad5-68db551e0760/resource/9781e788-6c7b-4978-a600-abf3836b2a37/download/e51f4570-bde5-4fa7-bdd7-ec131041ea35.csv"", ""rows"": [196]}]"
386,contractor_concentration,info,Contractor holds 5% of Koramangala money (92 projects),"C0001 M/s KRIDL (identity inferred; ids: none): ₹339,017,742 across 92 projects in this dataset. Concentration is common for ward maintenance contracts; it is context, not a finding.",inferred,[]
386,related_work,info,Near-identical work under another number (147-13-000053),"Descriptions are 100% similar. Could be a recurring annual work, a re-tender, a split of one work, or a duplicate entry.",inferred,[]
386,related_work,info,Near-identical work under another number (147-13-000062),"Descriptions are 95% similar. Could be a recurring annual work, a re-tender, a split of one work, or a duplicate entry.",inferred,[]
387,fine_levied,info,Fine / penalty deducted from a bill,"IFMS deductions: fine ₹3,600. Penalties usually relate to delay or quality; their reason is not in the public record.",confirmed,"[{""source_id"": ""IFMS"", ""label"": ""BBMP IFMS work bill 8319"", ""url"": ""https://accounts.bbmp.gov.in/vssWB/vss00CvStatusData.php?pAction=LoadDetails&pWorkBillID=8319"", ""note"": ""Deductions""}]"
387,slow_payment,info,Median 756 days from bill registration to payment,Long payment delays are common (seniority-based bill clearance) and raise contractors' financing costs.,confirmed,"[{""source_id"": ""IFMS"", ""label"": ""BBMP IFMS work bill 8319"", ""url"": ""https://accounts.bbmp.gov.in/vssWB/vss00CvStatusData.php?pAction=LoadDetails&pWorkBillID=8319"", ""note"": ""BR / RTGS dates""}]"
387,contractor_concentration,info,Contractor holds 5% of Koramangala money (92 projects),"C0001 M/s KRIDL (identity inferred; ids: none): ₹339,017,742 across 92 projects in this dataset. Concentration is common for ward maintenance contracts; it is context, not a finding.",inferred,[]
388,fine_levied,info,Fine / penalty deducted from a bill,"IFMS deductions: fine ₹3,600. Penalties usually relate to delay or quality; their reason is not in the public record.",confirmed,"[{""source_id"": ""IFMS"", ""label"": ""BBMP IFMS work bill 8321"", ""url"": ""https://accounts.bbmp.gov.in/vssWB/vss00CvStatusData.php?pAction=LoadDetails&pWorkBillID=8321"", ""note"": ""Deductions""}]"
388,slow_payment,info,Median 736 days from bill registration to payment,Long payment delays are common (seniority-based bill clearance) and raise contractors' financing costs.,confirmed,"[{""source_id"": ""IFMS"", ""label"": ""BBMP IFMS work bill 8321"", ""url"": ""https://accounts.bbmp.gov.in/vssWB/vss00CvStatusData.php?pAction=LoadDetails&pWorkBillID=8321"", ""note"": ""BR / RTGS dates""}]"
388,contractor_concentration,info,Contractor holds 5% of Koramangala money (92 projects),"C0001 M/s KRIDL (identity inferred; ids: none): ₹339,017,742 across 92 projects in this dataset. Concentration is common for ward maintenance contracts; it is context, not a finding.",inferred,[]
388,related_work,info,Near-identical work under another number (151-14-000030),"Descriptions are 83% similar. Could be a recurring annual work, a re-tender, a split of one work, or a duplicate entry.",inferred,[]
388,related_work,info,Near-identical work under another number (151-13-000013),"Descriptions are 86% similar. Could be a recurring annual work, a re-tender, a split of one work, or a duplicate entry.",inferred,[]
389,fine_levied,info,Fine / penalty deducted from a bill,"IFMS deductions: fine ₹3,600. Penalties usually relate to delay or quality; their reason is not in the public record.",confirmed,"[{""source_id"": ""IFMS"", ""label"": ""BBMP IFMS work bill 8318"", ""url"": ""https://accounts.bbmp.gov.in/vssWB/vss00CvStatusData.php?pAction=LoadDetails&pWorkBillID=8318"", ""note"": ""Deductions""}]"
389,slow_payment,info,Median 736 days from bill registration to payment,Long payment delays are common (seniority-based bill clearance) and raise contractors' financing costs.,confirmed,"[{""source_id"": ""IFMS"", ""label"": ""BBMP IFMS work bill 8318"", ""url"": ""https://accounts.bbmp.gov.in/vssWB/vss00CvStatusData.php?pAction=LoadDetails&pWorkBillID=8318"", ""note"": ""BR / RTGS dates""}]"
389,contractor_concentration,info,Contractor holds 5% of Koramangala money (92 projects),"C0001 M/s KRIDL (identity inferred; ids: none): ₹339,017,742 across 92 projects in this dataset. Concentration is common for ward maintenance contracts; it is context, not a finding.",inferred,[]
390,fine_levied,info,Fine / penalty deducted from a bill,"IFMS deductions: fine ₹3,600. Penalties usually relate to delay or quality; their reason is not in the public record.",confirmed,"[{""source_id"": ""IFMS"", ""label"": ""BBMP IFMS work bill 8322"", ""url"": ""https://accounts.bbmp.gov.in/vssWB/vss00CvStatusData.php?pAction=LoadDetails&pWorkBillID=8322"", ""note"": ""Deductions""}]"
390,slow_payment,info,Median 736 days from bill registration to payment,Long payment delays are common (seniority-based bill clearance) and raise contractors' financing costs.,confirmed,"[{""source_id"": ""IFMS"", ""label"": ""BBMP IFMS work bill 8322"", ""url"": ""https://accounts.bbmp.gov.in/vssWB/vss00CvStatusData.php?pAction=LoadDetails&pWorkBillID=8322"", ""note"": ""BR / RTGS dates""}]"
390,contractor_concentration,info,Contractor holds 5% of Koramangala money (92 projects),"C0001 M/s KRIDL (identity inferred; ids: none): ₹339,017,742 across 92 projects in this dataset. Concentration is common for ward maintenance contracts; it is context, not a finding.",inferred,[]
391,fine_levied,info,Fine / penalty deducted from a bill,"IFMS deductions: fine ₹3,600. Penalties usually relate to delay or quality; their reason is not in the public record.",confirmed,"[{""source_id"": ""IFMS"", ""label"": ""BBMP IFMS work bill 12410"", ""url"": ""https://accounts.bbmp.gov.in/vssWB/vss00CvStatusData.php?pAction=LoadDetails&pWorkBillID=12410"", ""note"": ""Deductions""}]"
391,slow_payment,info,Median 736 days from bill registration to payment,Long payment delays are common (seniority-based bill clearance) and raise contractors' financing costs.,confirmed,"[{""source_id"": ""IFMS"", ""label"": ""BBMP IFMS work bill 12410"", ""url"": ""https://accounts.bbmp.gov.in/vssWB/vss00CvStatusData.php?pAction=LoadDetails&pWorkBillID=12410"", ""note"": ""BR / RTGS dates""}]"
391,contractor_concentration,info,Contractor holds 5% of Koramangala money (92 projects),"C0001 M/s KRIDL (identity inferred; ids: none): ₹339,017,742 across 92 projects in this dataset. Concentration is common for ward maintenance contracts; it is context, not a finding.",inferred,[]
391,related_work,info,Near-identical work under another number (151-14-000029),"Descriptions are 83% similar. Could be a recurring annual work, a re-tender, a split of one work, or a duplicate entry.",inferred,[]
392,fine_levied,info,Fine / penalty deducted from a bill,"IFMS deductions: fine ₹3,600. Penalties usually relate to delay or quality; their reason is not in the public record.",confirmed,"[{""source_id"": ""IFMS"", ""label"": ""BBMP IFMS work bill 8323"", ""url"": ""https://accounts.bbmp.gov.in/vssWB/vss00CvStatusData.php?pAction=LoadDetails&pWorkBillID=8323"", ""note"": ""Deductions""}]"
392,slow_payment,info,Median 736 days from bill registration to payment,Long payment delays are common (seniority-based bill clearance) and raise contractors' financing costs.,confirmed,"[{""source_id"": ""IFMS"", ""label"": ""BBMP IFMS work bill 8323"", ""url"": ""https://accounts.bbmp.gov.in/vssWB/vss00CvStatusData.php?pAction=LoadDetails&pWorkBillID=8323"", ""note"": ""BR / RTGS dates""}]"
392,contractor_concentration,info,Contractor holds 5% of Koramangala money (92 projects),"C0001 M/s KRIDL (identity inferred; ids: none): ₹339,017,742 across 92 projects in this dataset. Concentration is common for ward maintenance contracts; it is context, not a finding.",inferred,[]
393,fine_levied,info,Fine / penalty deducted from a bill,"IFMS deductions: fine ₹3,600. Penalties usually relate to delay or quality; their reason is not in the public record.",confirmed,"[{""source_id"": ""IFMS"", ""label"": ""BBMP IFMS work bill 10616"", ""url"": ""https://accounts.bbmp.gov.in/vssWB/vss00CvStatusData.php?pAction=LoadDetails&pWorkBillID=10616"", ""note"": ""Deductions""}]"
393,slow_payment,info,Median 746 days from bill registration to payment,Long payment delays are common (seniority-based bill clearance) and raise contractors' financing costs.,confirmed,"[{""source_id"": ""IFMS"", ""label"": ""BBMP IFMS work bill 10616"", ""url"": ""https://accounts.bbmp.gov.in/vssWB/vss00CvStatusData.php?pAction=LoadDetails&pWorkBillID=10616"", ""note"": ""BR / RTGS dates""}]"
393,contractor_concentration,info,Contractor holds 5% of Koramangala money (92 projects),"C0001 M/s KRIDL (identity inferred; ids: none): ₹339,017,742 across 92 projects in this dataset. Concentration is common for ward maintenance contracts; it is context, not a finding.",inferred,[]
394,fine_levied,info,Fine / penalty deducted from a bill,"IFMS deductions: fine ₹3,600. Penalties usually relate to delay or quality; their reason is not in the public record.",confirmed,"[{""source_id"": ""IFMS"", ""label"": ""BBMP IFMS work bill 10618"", ""url"": ""https://accounts.bbmp.gov.in/vssWB/vss00CvStatusData.php?pAction=LoadDetails&pWorkBillID=10618"", ""note"": ""Deductions""}]"
394,slow_payment,info,Median 746 days from bill registration to payment,Long payment delays are common (seniority-based bill clearance) and raise contractors' financing costs.,confirmed,"[{""source_id"": ""IFMS"", ""label"": ""BBMP IFMS work bill 10618"", ""url"": ""https://accounts.bbmp.gov.in/vssWB/vss00CvStatusData.php?pAction=LoadDetails&pWorkBillID=10618"", ""note"": ""BR / RTGS dates""}]"
394,contractor_concentration,info,Contractor holds 5% of Koramangala money (92 projects),"C0001 M/s KRIDL (identity inferred; ids: none): ₹339,017,742 across 92 projects in this dataset. Concentration is common for ward maintenance contracts; it is context, not a finding.",inferred,[]
395,fine_levied,info,Fine / penalty deducted from a bill,"IFMS deductions: fine ₹2,000. Penalties usually relate to delay or quality; their reason is not in the public record.",confirmed,"[{""source_id"": ""IFMS"", ""label"": ""BBMP IFMS work bill 9967"", ""url"": ""https://accounts.bbmp.gov.in/vssWB/vss00CvStatusData.php?pAction=LoadDetails&pWorkBillID=9967"", ""note"": ""Deductions""}]"
395,slow_payment,info,Median 545 days from bill registration to payment,Long payment delays are common (seniority-based bill clearance) and raise contractors' financing costs.,confirmed,"[{""source_id"": ""IFMS"", ""label"": ""BBMP IFMS work bill 9967"", ""url"": ""https://accounts.bbmp.gov.in/vssWB/vss00CvStatusData.php?pAction=LoadDetails&pWorkBillID=9967"", ""note"": ""BR / RTGS dates""}]"
396,fine_levied,info,Fine / penalty deducted from a bill,"IFMS deductions: fine ₹4,800. Penalties usually relate to delay or quality; their reason is not in the public record.",confirmed,"[{""source_id"": ""IFMS"", ""label"": ""BBMP IFMS work bill 10330"", ""url"": ""https://accounts.bbmp.gov.in/vssWB/vss00CvStatusData.php?pAction=LoadDetails&pWorkBillID=10330"", ""note"": ""Deductions""}]"
396,slow_payment,info,Median 699 days from bill registration to payment,Long payment delays are common (seniority-based bill clearance) and raise contractors' financing costs.,confirmed,"[{""source_id"": ""IFMS"", ""label"": ""BBMP IFMS work bill 10330"", ""url"": ""https://accounts.bbmp.gov.in/vssWB/vss00CvStatusData.php?pAction=LoadDetails&pWorkBillID=10330"", ""note"": ""BR / RTGS dates""}]"
396,contractor_concentration,info,Contractor holds 5% of Koramangala money (92 projects),"C0001 M/s KRIDL (identity inferred; ids: none): ₹339,017,742 across 92 projects in this dataset. Concentration is common for ward maintenance contracts; it is context, not a finding.",inferred,[]
397,fine_levied,info,Fine / penalty deducted from a bill,"IFMS deductions: fine ₹4,800. Penalties usually relate to delay or quality; their reason is not in the public record.",confirmed,"[{""source_id"": ""IFMS"", ""label"": ""BBMP IFMS work bill 10327"", ""url"": ""https://accounts.bbmp.gov.in/vssWB/vss00CvStatusData.php?pAction=LoadDetails&pWorkBillID=10327"", ""note"": ""Deductions""}]"
397,slow_payment,info,Median 692 days from bill registration to payment,Long payment delays are common (seniority-based bill clearance) and raise contractors' financing costs.,confirmed,"[{""source_id"": ""IFMS"", ""label"": ""BBMP IFMS work bill 10327"", ""url"": ""https://accounts.bbmp.gov.in/vssWB/vss00CvStatusData.php?pAction=LoadDetails&pWorkBillID=10327"", ""note"": ""BR / RTGS dates""}]"
397,contractor_concentration,info,Contractor holds 5% of Koramangala money (92 projects),"C0001 M/s KRIDL (identity inferred; ids: none): ₹339,017,742 across 92 projects in this dataset. Concentration is common for ward maintenance contracts; it is context, not a finding.",inferred,[]
398,fine_levied,info,Fine / penalty deducted from a bill,"IFMS deductions: fine ₹2,260. Penalties usually relate to delay or quality; their reason is not in the public record.",confirmed,"[{""source_id"": ""IFMS"", ""label"": ""BBMP IFMS work bill 12468"", ""url"": ""https://accounts.bbmp.gov.in/vssWB/vss00CvStatusData.php?pAction=LoadDetails&pWorkBillID=12468"", ""note"": ""Deductions""}]"
398,placeholder_photos,notice,Blank / placeholder file used as a site photo,1 photo slot(s) filled with a blank / placeholder file. Bills require before/during/after photos; a placeholder means the photo record for this work is missing.,confirmed,"[{""source_id"": ""IFMS-DOC"", ""label"": ""WB-photo1--90603245-Blank.jpg"", ""url"": ""https://accounts.bbmp.gov.in/vssIFMS/Files/WB-photo1--90603245-Blank.jpg""}]"
398,slow_payment,info,Median 692 days from bill registration to payment,Long payment delays are common (seniority-based bill clearance) and raise contractors' financing costs.,confirmed,"[{""source_id"": ""IFMS"", ""label"": ""BBMP IFMS work bill 12468"", ""url"": ""https://accounts.bbmp.gov.in/vssWB/vss00CvStatusData.php?pAction=LoadDetails&pWorkBillID=12468"", ""note"": ""BR / RTGS dates""}]"
398,contractor_concentration,info,Contractor holds 5% of Koramangala money (92 projects),"C0001 M/s KRIDL (identity inferred; ids: none): ₹339,017,742 across 92 projects in this dataset. Concentration is common for ward maintenance contracts; it is context, not a finding.",inferred,[]
399,slow_payment,info,Median 572 days from bill registration to payment,Long payment delays are common (seniority-based bill clearance) and raise contractors' financing costs.,confirmed,"[{""source_id"": ""IFMS"", ""label"": ""BBMP IFMS work bill 6726"", ""url"": ""https://accounts.bbmp.gov.in/vssWB/vss00CvStatusData.php?pAction=LoadDetails&pWorkBillID=6726"", ""note"": ""BR / RTGS dates""}]"
400,fine_levied,info,Fine / penalty deducted from a bill,"IFMS deductions: fine ₹4,600. Penalties usually relate to delay or quality; their reason is not in the public record.",confirmed,"[{""source_id"": ""IFMS"", ""label"": ""BBMP IFMS work bill 10376"", ""url"": ""https://accounts.bbmp.gov.in/vssWB/vss00CvStatusData.php?pAction=LoadDetails&pWorkBillID=10376"", ""note"": ""Deductions""}]"
400,slow_payment,info,Median 693 days from bill registration to payment,Long payment delays are common (seniority-based bill clearance) and raise contractors' financing costs.,confirmed,"[{""source_id"": ""IFMS"", ""label"": ""BBMP IFMS work bill 10376"", ""url"": ""https://accounts.bbmp.gov.in/vssWB/vss00CvStatusData.php?pAction=LoadDetails&pWorkBillID=10376"", ""note"": ""BR / RTGS dates""}]"
400,contractor_concentration,info,Contractor holds 5% of Koramangala money (92 projects),"C0001 M/s KRIDL (identity inferred; ids: none): ₹339,017,742 across 92 projects in this dataset. Concentration is common for ward maintenance contracts; it is context, not a finding.",inferred,[]
401,fine_levied,info,Fine / penalty deducted from a bill,"IFMS deductions: fine ₹4,250. Penalties usually relate to delay or quality; their reason is not in the public record.",confirmed,"[{""source_id"": ""IFMS"", ""label"": ""BBMP IFMS work bill 10381"", ""url"": ""https://accounts.bbmp.gov.in/vssWB/vss00CvStatusData.php?pAction=LoadDetails&pWorkBillID=10381"", ""note"": ""Deductions""}]"
401,slow_payment,info,Median 693 days from bill registration to payment,Long payment delays are common (seniority-based bill clearance) and raise contractors' financing costs.,confirmed,"[{""source_id"": ""IFMS"", ""label"": ""BBMP IFMS work bill 10381"", ""url"": ""https://accounts.bbmp.gov.in/vssWB/vss00CvStatusData.php?pAction=LoadDetails&pWorkBillID=10381"", ""note"": ""BR / RTGS dates""}]"
401,contractor_concentration,info,Contractor holds 5% of Koramangala money (92 projects),"C0001 M/s KRIDL (identity inferred; ids: none): ₹339,017,742 across 92 projects in this dataset. Concentration is common for ward maintenance contracts; it is context, not a finding.",inferred,[]
402,fine_levied,info,Fine / penalty deducted from a bill,"IFMS deductions: fine ₹10,780. Penalties usually relate to delay or quality; their reason is not in the public record.",confirmed,"[{""source_id"": ""IFMS"", ""label"": ""BBMP IFMS work bill 11217"", ""url"": ""https://accounts.bbmp.gov.in/vssWB/vss00CvStatusData.php?pAction=LoadDetails&pWorkBillID=11217"", ""note"": ""Deductions""}]"
402,slow_payment,info,Median 693 days from bill registration to payment,Long payment delays are common (seniority-based bill clearance) and raise contractors' financing costs.,confirmed,"[{""source_id"": ""IFMS"", ""label"": ""BBMP IFMS work bill 11217"", ""url"": ""https://accounts.bbmp.gov.in/vssWB/vss00CvStatusData.php?pAction=LoadDetails&pWorkBillID=11217"", ""note"": ""BR / RTGS dates""}]"
405,fine_levied,info,Fine / penalty deducted from a bill,"IFMS deductions: fine ₹20,000. Penalties usually relate to delay or quality; their reason is not in the public record.",confirmed,"[{""source_id"": ""IFMS"", ""label"": ""BBMP IFMS work bill 11879"", ""url"": ""https://accounts.bbmp.gov.in/vssWB/vss00CvStatusData.php?pAction=LoadDetails&pWorkBillID=11879"", ""note"": ""Deductions""}]"
405,slow_payment,info,Median 714 days from bill registration to payment,Long payment delays are common (seniority-based bill clearance) and raise contractors' financing costs.,confirmed,"[{""source_id"": ""IFMS"", ""label"": ""BBMP IFMS work bill 11879"", ""url"": ""https://accounts.bbmp.gov.in/vssWB/vss00CvStatusData.php?pAction=LoadDetails&pWorkBillID=11879"", ""note"": ""BR / RTGS dates""}]"
406,fine_levied,info,Fine / penalty deducted from a bill,"IFMS deductions: fine ₹2,500. Penalties usually relate to delay or quality; their reason is not in the public record.",confirmed,"[{""source_id"": ""IFMS"", ""label"": ""BBMP IFMS work bill 10333"", ""url"": ""https://accounts.bbmp.gov.in/vssWB/vss00CvStatusData.php?pAction=LoadDetails&pWorkBillID=10333"", ""note"": ""Deductions""}]"
406,slow_payment,info,Median 714 days from bill registration to payment,Long payment delays are common (seniority-based bill clearance) and raise contractors' financing costs.,confirmed,"[{""source_id"": ""IFMS"", ""label"": ""BBMP IFMS work bill 10333"", ""url"": ""https://accounts.bbmp.gov.in/vssWB/vss00CvStatusData.php?pAction=LoadDetails&pWorkBillID=10333"", ""note"": ""BR / RTGS dates""}]"
407,fine_levied,info,Fine / penalty deducted from a bill,"IFMS deductions: fine ₹6,000; mobilizationadvance ₹8,255. Penalties usually relate to delay or quality; their reason is not in the public record.",confirmed,"[{""source_id"": ""IFMS"", ""label"": ""BBMP IFMS work bill 10937"", ""url"": ""https://accounts.bbmp.gov.in/vssWB/vss00CvStatusData.php?pAction=LoadDetails&pWorkBillID=10937"", ""note"": ""Deductions""}]"
407,slow_payment,info,Median 714 days from bill registration to payment,Long payment delays are common (seniority-based bill clearance) and raise contractors' financing costs.,confirmed,"[{""source_id"": ""IFMS"", ""label"": ""BBMP IFMS work bill 10937"", ""url"": ""https://accounts.bbmp.gov.in/vssWB/vss00CvStatusData.php?pAction=LoadDetails&pWorkBillID=10937"", ""note"": ""BR / RTGS dates""}]"
407,related_work,info,Near-identical work under another number (147-13-000052),"Descriptions are 100% similar. Could be a recurring annual work, a re-tender, a split of one work, or a duplicate entry.",inferred,[]
407,related_work,info,Near-identical work under another number (147-13-000062),"Descriptions are 99% similar. Could be a recurring annual work, a re-tender, a split of one work, or a duplicate entry.",inferred,[]
408,fine_levied,info,Fine / penalty deducted from a bill,"IFMS deductions: fine ₹36,622. Penalties usually relate to delay or quality; their reason is not in the public record.",confirmed,"[{""source_id"": ""IFMS"", ""label"": ""BBMP IFMS work bill 8280"", ""url"": ""https://accounts.bbmp.gov.in/vssWB/vss00CvStatusData.php?pAction=LoadDetails&pWorkBillID=8280"", ""note"": ""Deductions""}, {""source_id"": ""IFMS"", ""label"": ""BBMP IFMS work bill 8283"", ""url"": ""https://accounts.bbmp.gov.in/vssWB/vss00CvStatusData.php?pAction=LoadDetails&pWorkBillID=8283"", ""note"": ""Deductions""}]"
408,slow_payment,info,Median 680 days from bill registration to payment,Long payment delays are common (seniority-based bill clearance) and raise contractors' financing costs.,confirmed,"[{""source_id"": ""IFMS"", ""label"": ""BBMP IFMS work bill 8280"", ""url"": ""https://accounts.bbmp.gov.in/vssWB/vss00CvStatusData.php?pAction=LoadDetails&pWorkBillID=8280"", ""note"": ""BR / RTGS dates""}]"
408,contractor_concentration,info,Contractor holds 5% of Koramangala money (92 projects),"C0001 M/s KRIDL (identity inferred; ids: none): ₹339,017,742 across 92 projects in this dataset. Concentration is common for ward maintenance contracts; it is context, not a finding.",inferred,[]
409,fine_levied,info,Fine / penalty deducted from a bill,"IFMS deductions: fine ₹1,500. Penalties usually relate to delay or quality; their reason is not in the public record.",confirmed,"[{""source_id"": ""IFMS"", ""label"": ""BBMP IFMS work bill 4510"", ""url"": ""https://accounts.bbmp.gov.in/vssWB/vss00CvStatusData.php?pAction=LoadDetails&pWorkBillID=4510"", ""note"": ""Deductions""}]"
409,slow_payment,info,Median 587 days from bill registration to payment,Long payment delays are common (seniority-based bill clearance) and raise contractors' financing costs.,confirmed,"[{""source_id"": ""IFMS"", ""label"": ""BBMP IFMS work bill 4510"", ""url"": ""https://accounts.bbmp.gov.in/vssWB/vss00CvStatusData.php?pAction=LoadDetails&pWorkBillID=4510"", ""note"": ""BR / RTGS dates""}]"
410,fine_levied,info,Fine / penalty deducted from a bill,"IFMS deductions: fine ₹3,600. Penalties usually relate to delay or quality; their reason is not in the public record.",confirmed,"[{""source_id"": ""IFMS"", ""label"": ""BBMP IFMS work bill 13135"", ""url"": ""https://accounts.bbmp.gov.in/vssWB/vss00CvStatusData.php?pAction=LoadDetails&pWorkBillID=13135"", ""note"": ""Deductions""}]"
410,slow_payment,info,Median 727 days from bill registration to payment,Long payment delays are common (seniority-based bill clearance) and raise contractors' financing costs.,confirmed,"[{""source_id"": ""IFMS"", ""label"": ""BBMP IFMS work bill 13135"", ""url"": ""https://accounts.bbmp.gov.in/vssWB/vss00CvStatusData.php?pAction=LoadDetails&pWorkBillID=13135"", ""note"": ""BR / RTGS dates""}]"
410,contractor_concentration,info,Contractor holds 1% of Koramangala money (14 projects),"C0005 R M RAVI (CONTRACTO (identity inferred; ids: KPPP:1512): ₹39,889,070 across 14 projects in this dataset. Concentration is common for ward maintenance contracts; it is context, not a finding.",inferred,[]
410,related_work,info,Near-identical work under another number (151-19-000030),"Descriptions are 88% similar. Could be a recurring annual work, a re-tender, a split of one work, or a duplicate entry.",inferred,[]
410,related_work,info,Near-identical work under another number (151-13-000012),"Descriptions are 84% similar. Could be a recurring annual work, a re-tender, a split of one work, or a duplicate entry.",inferred,[]
411,fine_levied,info,Fine / penalty deducted from a bill,"IFMS deductions: fine ₹2,000. Penalties usually relate to delay or quality; their reason is not in the public record.",confirmed,"[{""source_id"": ""IFMS"", ""label"": ""BBMP IFMS work bill 13132"", ""url"": ""https://accounts.bbmp.gov.in/vssWB/vss00CvStatusData.php?pAction=LoadDetails&pWorkBillID=13132"", ""note"": ""Deductions""}]"
411,slow_payment,info,Median 727 days from bill registration to payment,Long payment delays are common (seniority-based bill clearance) and raise contractors' financing costs.,confirmed,"[{""source_id"": ""IFMS"", ""label"": ""BBMP IFMS work bill 13132"", ""url"": ""https://accounts.bbmp.gov.in/vssWB/vss00CvStatusData.php?pAction=LoadDetails&pWorkBillID=13132"", ""note"": ""BR / RTGS dates""}]"
411,contractor_concentration,info,Contractor holds 1% of Koramangala money (14 projects),"C0005 R M RAVI (CONTRACTO (identity inferred; ids: KPPP:1512): ₹39,889,070 across 14 projects in this dataset. Concentration is common for ward maintenance contracts; it is context, not a finding.",inferred,[]
411,related_work,info,Near-identical work under another number (151-13-000009),"Descriptions are 84% similar. Could be a recurring annual work, a re-tender, a split of one work, or a duplicate entry.",inferred,[]
412,fine_levied,info,Fine / penalty deducted from a bill,"IFMS deductions: fine ₹2,600. Penalties usually relate to delay or quality; their reason is not in the public record.",confirmed,"[{""source_id"": ""IFMS"", ""label"": ""BBMP IFMS work bill 13134"", ""url"": ""https://accounts.bbmp.gov.in/vssWB/vss00CvStatusData.php?pAction=LoadDetails&pWorkBillID=13134"", ""note"": ""Deductions""}]"
412,slow_payment,info,Median 727 days from bill registration to payment,Long payment delays are common (seniority-based bill clearance) and raise contractors' financing costs.,confirmed,"[{""source_id"": ""IFMS"", ""label"": ""BBMP IFMS work bill 13134"", ""url"": ""https://accounts.bbmp.gov.in/vssWB/vss00CvStatusData.php?pAction=LoadDetails&pWorkBillID=13134"", ""note"": ""BR / RTGS dates""}]"
412,contractor_concentration,info,Contractor holds 1% of Koramangala money (14 projects),"C0005 R M RAVI (CONTRACTO (identity inferred; ids: KPPP:1512): ₹39,889,070 across 14 projects in this dataset. Concentration is common for ward maintenance contracts; it is context, not a finding.",inferred,[]
412,related_work,info,Near-identical work under another number (151-14-000029),"Descriptions are 86% similar. Could be a recurring annual work, a re-tender, a split of one work, or a duplicate entry.",inferred,[]
412,related_work,info,Near-identical work under another number (151-13-000014),"Descriptions are 96% similar. Could be a recurring annual work, a re-tender, a split of one work, or a duplicate entry.",inferred,[]
413,fine_levied,info,Fine / penalty deducted from a bill,"IFMS deductions: fine ₹10,000. Penalties usually relate to delay or quality; their reason is not in the public record.",confirmed,"[{""source_id"": ""IFMS"", ""label"": ""BBMP IFMS work bill 8571"", ""url"": ""https://accounts.bbmp.gov.in/vssWB/vss00CvStatusData.php?pAction=LoadDetails&pWorkBillID=8571"", ""note"": ""Deductions""}, {""source_id"": ""IFMS"", ""label"": ""BBMP IFMS work bill 17090"", ""url"": ""https://accounts.bbmp.gov.in/vssWB/vss00CvStatusData.php?pAction=LoadDetails&pWorkBillID=17090"", ""note"": ""Deductions""}]"
414,large_deduction,info,Deduction of 39% on a bill,"₹3,682,317 withheld from a ₹9,404,530 bill. Usually recoveries, penalties, escrow or security deposit.",confirmed,"[{""source_id"": ""IFMS-GRID"", ""label"": ""BBMP IFMS payment grid (LoadPaymentGridData, all wards, quarterly)"", ""url"": ""https://accounts.bbmp.gov.in/vssWB/vss00CvStatusData.php?pAction=LoadPaymentGridData"", ""rows"": []}]"
414,contractor_concentration,info,Contractor holds 5% of Koramangala money (92 projects),"C0001 M/s KRIDL (identity inferred; ids: none): ₹339,017,742 across 92 projects in this dataset. Concentration is common for ward maintenance contracts; it is context, not a finding.",inferred,[]
414,related_work,info,Near-identical work under another number (151-13-000032),"Descriptions are 92% similar. Could be a recurring annual work, a re-tender, a split of one work, or a duplicate entry.",inferred,[]
414,related_work,info,Near-identical work under another number (151-13-000030),"Descriptions are 97% similar. Could be a recurring annual work, a re-tender, a split of one work, or a duplicate entry.",inferred,[]
414,document_reused,notice,Identical Completion Certificate attached to another job number,"The same file (md5 1943641837…; Completion Certificate) is attached to bills of 2 works: 151-13-000030. Could be one contract booked under two job numbers, or a wrong upload — worth checking.",confirmed,"[{""source_id"": ""IFMS-DOC"", ""label"": ""Attachment"", ""url"": ""https://accounts.bbmp.gov.in/vssIFMS/Files/WB-CC--50277653-COMPLETION%20REPORT.jpg""}]"
414,document_reused,notice,Identical Work Order attached to another job number,"The same file (md5 f4d8d7ee29…; Work Order) is attached to bills of 2 works: 151-13-000030. Could be one contract booked under two job numbers, or a wrong upload — worth checking.",confirmed,"[{""source_id"": ""IFMS-DOC"", ""label"": ""Attachment"", ""url"": ""https://accounts.bbmp.gov.in/vssIFMS/Files/WO-7-L4-eeifms341-51273755-4-WORK%20ORDER.jpg""}]"
415,contractor_concentration,info,Contractor holds 5% of Koramangala money (92 projects),"C0001 M/s KRIDL (identity inferred; ids: none): ₹339,017,742 across 92 projects in this dataset. Concentration is common for ward maintenance contracts; it is context, not a finding.",inferred,[]
416,fine_levied,info,Fine / penalty deducted from a bill,"IFMS deductions: fine ₹2,000. Penalties usually relate to delay or quality; their reason is not in the public record.",confirmed,"[{""source_id"": ""IFMS"", ""label"": ""BBMP IFMS work bill 8229"", ""url"": ""https://accounts.bbmp.gov.in/vssWB/vss00CvStatusData.php?pAction=LoadDetails&pWorkBillID=8229"", ""note"": ""Deductions""}]"
416,contractor_concentration,info,Contractor holds 5% of Koramangala money (92 projects),"C0001 M/s KRIDL (identity inferred; ids: none): ₹339,017,742 across 92 projects in this dataset. Concentration is common for ward maintenance contracts; it is context, not a finding.",inferred,[]
417,fine_levied,info,Fine / penalty deducted from a bill,"IFMS deductions: fine ₹5,000. Penalties usually relate to delay or quality; their reason is not in the public record.",confirmed,"[{""source_id"": ""IFMS"", ""label"": ""BBMP IFMS work bill 8281"", ""url"": ""https://accounts.bbmp.gov.in/vssWB/vss00CvStatusData.php?pAction=LoadDetails&pWorkBillID=8281"", ""note"": ""Deductions""}]"
418,fine_levied,info,Fine / penalty deducted from a bill,"IFMS deductions: fine ₹2,000. Penalties usually relate to delay or quality; their reason is not in the public record.",confirmed,"[{""source_id"": ""IFMS"", ""label"": ""BBMP IFMS work bill 8273"", ""url"": ""https://accounts.bbmp.gov.in/vssWB/vss00CvStatusData.php?pAction=LoadDetails&pWorkBillID=8273"", ""note"": ""Deductions""}]"
418,contractor_concentration,info,Contractor holds 5% of Koramangala money (92 projects),"C0001 M/s KRIDL (identity inferred; ids: none): ₹339,017,742 across 92 projects in this dataset. Concentration is common for ward maintenance contracts; it is context, not a finding.",inferred,[]
418,related_work,info,Near-identical work under another number (151-15-000029),"Descriptions are 92% similar. Could be a recurring annual work, a re-tender, a split of one work, or a duplicate entry.",inferred,[]
419,large_deduction,info,Deduction of 39% on a bill,"₹4,100,241 withheld from a ₹10,511,760 bill. Usually recoveries, penalties, escrow or security deposit.",confirmed,"[{""source_id"": ""IFMS-GRID"", ""label"": ""BBMP IFMS payment grid (LoadPaymentGridData, all wards, quarterly)"", ""url"": ""https://accounts.bbmp.gov.in/vssWB/vss00CvStatusData.php?pAction=LoadPaymentGridData"", ""rows"": []}]"
419,related_work,info,Near-identical work under another number (151-13-000032),"Descriptions are 93% similar. Could be a recurring annual work, a re-tender, a split of one work, or a duplicate entry.",inferred,[]
419,related_work,info,Near-identical work under another number (151-13-000029),"Descriptions are 97% similar. Could be a recurring annual work, a re-tender, a split of one work, or a duplicate entry.",inferred,[]
419,document_reused,notice,Identical Completion Certificate attached to another job number,"The same file (md5 1943641837…; Completion Certificate) is attached to bills of 2 works: 151-13-000029. Could be one contract booked under two job numbers, or a wrong upload — worth checking.",confirmed,"[{""source_id"": ""IFMS-DOC"", ""label"": ""Attachment"", ""url"": ""https://accounts.bbmp.gov.in/vssIFMS/Files/WB-CC--02215891-COMPLETION%20REPORT.jpg""}]"
419,document_reused,notice,Identical Work Order attached to another job number,"The same file (md5 f4d8d7ee29…; Work Order) is attached to bills of 2 works: 151-13-000029. Could be one contract booked under two job numbers, or a wrong upload — worth checking.",confirmed,"[{""source_id"": ""IFMS-DOC"", ""label"": ""Attachment"", ""url"": ""https://accounts.bbmp.gov.in/vssIFMS/Files/WO-7--77981485-WORK%20ORDER.jpg""}]"
420,stale_running,notice,Running bill but no final bill in 3+ years,"Last bill/payment 2016-04-06. The work may be finished with the final bill outside these exports, or stalled.",inferred,"[{""source_id"": ""IFMS-GRID"", ""label"": ""BBMP IFMS payment grid (LoadPaymentGridData, all wards, quarterly)"", ""url"": ""https://accounts.bbmp.gov.in/vssWB/vss00CvStatusData.php?pAction=LoadPaymentGridData""}, {""source_id"": ""IFMS-GRID"", ""label"": ""BBMP IFMS payment grid (LoadPaymentGridData, all wards, quarterly)"", ""url"": ""https://accounts.bbmp.gov.in/vssWB/vss00CvStatusData.php?pAction=LoadPaymentGridData"", ""rows"": []}]"
420,fine_levied,info,Fine / penalty deducted from a bill,"IFMS deductions: fine ₹10,000. Penalties usually relate to delay or quality; their reason is not in the public record.",confirmed,"[{""source_id"": ""IFMS"", ""label"": ""BBMP IFMS work bill 12850"", ""url"": ""https://accounts.bbmp.gov.in/vssWB/vss00CvStatusData.php?pAction=LoadDetails&pWorkBillID=12850"", ""note"": ""Deductions""}]"
420,large_deduction,info,Deduction of 44% on a bill,"₹275,478 withheld from a ₹620,636 bill. Usually recoveries, penalties, escrow or security deposit.",confirmed,"[{""source_id"": ""IFMS-GRID"", ""label"": ""BBMP IFMS payment grid (LoadPaymentGridData, all wards, quarterly)"", ""url"": ""https://accounts.bbmp.gov.in/vssWB/vss00CvStatusData.php?pAction=LoadPaymentGridData"", ""rows"": []}]"
420,contractor_concentration,info,Contractor holds 5% of Koramangala money (92 projects),"C0001 M/s KRIDL (identity inferred; ids: none): ₹339,017,742 across 92 projects in this dataset. Concentration is common for ward maintenance contracts; it is context, not a finding.",inferred,[]
421,placeholder_photos,notice,Blank / placeholder file used as a site photo,1 photo slot(s) filled with a blank / placeholder file. Bills require before/during/after photos; a placeholder means the photo record for this work is missing.,confirmed,"[{""source_id"": ""IFMS-DOC"", ""label"": ""WB-photo3--08906340-NA.pdf"", ""url"": ""https://accounts.bbmp.gov.in/vssIFMS/Files/WB-photo3--08906340-NA.pdf""}]"
421,contractor_concentration,info,Contractor holds 5% of Koramangala money (92 projects),"C0001 M/s KRIDL (identity inferred; ids: none): ₹339,017,742 across 92 projects in this dataset. Concentration is common for ward maintenance contracts; it is context, not a finding.",inferred,[]
421,placeholder_reused,info,Same placeholder file uploaded as evidence on several works,"The same file (md5 af8cd31bb1…; Completion Certificate, Photo - After Work) is attached to bills of 3 works: 304-15-000370, 304-15-000371. A placeholder means the real record is missing.",confirmed,"[{""source_id"": ""IFMS-DOC"", ""label"": ""Attachment"", ""url"": ""https://accounts.bbmp.gov.in/vssIFMS/Files/WB-CC--30890478-NA.pdf""}]"
422,stale_running,notice,Running bill but no final bill in 3+ years,"Last bill/payment 2016-02-16. The work may be finished with the final bill outside these exports, or stalled.",inferred,"[{""source_id"": ""IFMS-GRID"", ""label"": ""BBMP IFMS payment grid (LoadPaymentGridData, all wards, quarterly)"", ""url"": ""https://accounts.bbmp.gov.in/vssWB/vss00CvStatusData.php?pAction=LoadPaymentGridData""}, {""source_id"": ""IFMS-GRID"", ""label"": ""BBMP IFMS payment grid (LoadPaymentGridData, all wards, quarterly)"", ""url"": ""https://accounts.bbmp.gov.in/vssWB/vss00CvStatusData.php?pAction=LoadPaymentGridData"", ""rows"": []}]"
423,fine_levied,info,Fine / penalty deducted from a bill,"IFMS deductions: fine ₹1,200. Penalties usually relate to delay or quality; their reason is not in the public record.",confirmed,"[{""source_id"": ""IFMS"", ""label"": ""BBMP IFMS work bill 6012"", ""url"": ""https://accounts.bbmp.gov.in/vssWB/vss00CvStatusData.php?pAction=LoadDetails&pWorkBillID=6012"", ""note"": ""Deductions""}]"
423,slow_payment,info,Median 739 days from bill registration to payment,Long payment delays are common (seniority-based bill clearance) and raise contractors' financing costs.,confirmed,"[{""source_id"": ""IFMS"", ""label"": ""BBMP IFMS work bill 6012"", ""url"": ""https://accounts.bbmp.gov.in/vssWB/vss00CvStatusData.php?pAction=LoadDetails&pWorkBillID=6012"", ""note"": ""BR / RTGS dates""}]"
423,related_work,info,Near-identical work under another number (147-13-000052),"Descriptions are 95% similar. Could be a recurring annual work, a re-tender, a split of one work, or a duplicate entry.",inferred,[]
423,related_work,info,Near-identical work under another number (147-13-000053),"Descriptions are 99% similar. Could be a recurring annual work, a re-tender, a split of one work, or a duplicate entry.",inferred,[]
424,fine_levied,info,Fine / penalty deducted from a bill,"IFMS deductions: fine ₹8,700. Penalties usually relate to delay or quality; their reason is not in the public record.",confirmed,"[{""source_id"": ""IFMS"", ""label"": ""BBMP IFMS work bill 5296"", ""url"": ""https://accounts.bbmp.gov.in/vssWB/vss00CvStatusData.php?pAction=LoadDetails&pWorkBillID=5296"", ""note"": ""Deductions""}]"
424,slow_payment,info,Median 726 days from bill registration to payment,Long payment delays are common (seniority-based bill clearance) and raise contractors' financing costs.,confirmed,"[{""source_id"": ""IFMS"", ""label"": ""BBMP IFMS work bill 5296"", ""url"": ""https://accounts.bbmp.gov.in/vssWB/vss00CvStatusData.php?pAction=LoadDetails&pWorkBillID=5296"", ""note"": ""BR / RTGS dates""}]"
424,related_work,info,Near-identical work under another number (151-13-000004),"Descriptions are 99% similar. Could be a recurring annual work, a re-tender, a split of one work, or a duplicate entry.",inferred,[]
426,fine_levied,info,Fine / penalty deducted from a bill,"IFMS deductions: fine ₹3,000. Penalties usually relate to delay or quality; their reason is not in the public record.",confirmed,"[{""source_id"": ""IFMS"", ""label"": ""BBMP IFMS work bill 5267"", ""url"": ""https://accounts.bbmp.gov.in/vssWB/vss00CvStatusData.php?pAction=LoadDetails&pWorkBillID=5267"", ""note"": ""Deductions""}]"
426,contractor_concentration,info,Contractor holds 0% of Koramangala money (14 projects),"C0007 Sri. K R Pratheek (identity inferred; ids: none): ₹31,619,971 across 14 projects in this dataset. Concentration is common for ward maintenance contracts; it is context, not a finding.",inferred,[]
427,fine_levied,info,Fine / penalty deducted from a bill,"IFMS deductions: fine ₹9,100. Penalties usually relate to delay or quality; their reason is not in the public record.",confirmed,"[{""source_id"": ""IFMS"", ""label"": ""BBMP IFMS work bill 5272"", ""url"": ""https://accounts.bbmp.gov.in/vssWB/vss00CvStatusData.php?pAction=LoadDetails&pWorkBillID=5272"", ""note"": ""Deductions""}]"
427,contractor_concentration,info,Contractor holds 0% of Koramangala money (14 projects),"C0007 Sri. K R Pratheek (identity inferred; ids: none): ₹31,619,971 across 14 projects in this dataset. Concentration is common for ward maintenance contracts; it is context, not a finding.",inferred,[]
427,related_work,info,Near-identical work under another number (151-12-000021),"Descriptions are 99% similar. Could be a recurring annual work, a re-tender, a split of one work, or a duplicate entry.",inferred,[]
428,fine_levied,info,Fine / penalty deducted from a bill,"IFMS deductions: fine ₹5,546. Penalties usually relate to delay or quality; their reason is not in the public record.",confirmed,"[{""source_id"": ""IFMS"", ""label"": ""BBMP IFMS work bill 3223"", ""url"": ""https://accounts.bbmp.gov.in/vssWB/vss00CvStatusData.php?pAction=LoadDetails&pWorkBillID=3223"", ""note"": ""Deductions""}]"
428,slow_payment,info,Median 616 days from bill registration to payment,Long payment delays are common (seniority-based bill clearance) and raise contractors' financing costs.,confirmed,"[{""source_id"": ""IFMS"", ""label"": ""BBMP IFMS work bill 3223"", ""url"": ""https://accounts.bbmp.gov.in/vssWB/vss00CvStatusData.php?pAction=LoadDetails&pWorkBillID=3223"", ""note"": ""BR / RTGS dates""}]"
428,related_work,info,Near-identical work under another number (151-13-000013),"Descriptions are 96% similar. Could be a recurring annual work, a re-tender, a split of one work, or a duplicate entry.",inferred,[]
429,fine_levied,info,Fine / penalty deducted from a bill,"IFMS deductions: fine ₹7,500. Penalties usually relate to delay or quality; their reason is not in the public record.",confirmed,"[{""source_id"": ""IFMS"", ""label"": ""BBMP IFMS work bill 195"", ""url"": ""https://accounts.bbmp.gov.in/vssWB/vss00CvStatusData.php?pAction=LoadDetails&pWorkBillID=195"", ""note"": ""Deductions""}]"
429,slow_payment,info,Median 737 days from bill registration to payment,Long payment delays are common (seniority-based bill clearance) and raise contractors' financing costs.,confirmed,"[{""source_id"": ""IFMS"", ""label"": ""BBMP IFMS work bill 195"", ""url"": ""https://accounts.bbmp.gov.in/vssWB/vss00CvStatusData.php?pAction=LoadDetails&pWorkBillID=195"", ""note"": ""BR / RTGS dates""}]"
430,fine_levied,info,Fine / penalty deducted from a bill,"IFMS deductions: fine ₹6,500. Penalties usually relate to delay or quality; their reason is not in the public record.",confirmed,"[{""source_id"": ""IFMS"", ""label"": ""BBMP IFMS work bill 204"", ""url"": ""https://accounts.bbmp.gov.in/vssWB/vss00CvStatusData.php?pAction=LoadDetails&pWorkBillID=204"", ""note"": ""Deductions""}]"
430,slow_payment,info,Median 674 days from bill registration to payment,Long payment delays are common (seniority-based bill clearance) and raise contractors' financing costs.,confirmed,"[{""source_id"": ""IFMS"", ""label"": ""BBMP IFMS work bill 204"", ""url"": ""https://accounts.bbmp.gov.in/vssWB/vss00CvStatusData.php?pAction=LoadDetails&pWorkBillID=204"", ""note"": ""BR / RTGS dates""}]"
431,fine_levied,info,Fine / penalty deducted from a bill,"IFMS deductions: fine ₹8,500. Penalties usually relate to delay or quality; their reason is not in the public record.",confirmed,"[{""source_id"": ""IFMS"", ""label"": ""BBMP IFMS work bill 158"", ""url"": ""https://accounts.bbmp.gov.in/vssWB/vss00CvStatusData.php?pAction=LoadDetails&pWorkBillID=158"", ""note"": ""Deductions""}]"
431,slow_payment,info,Median 674 days from bill registration to payment,Long payment delays are common (seniority-based bill clearance) and raise contractors' financing costs.,confirmed,"[{""source_id"": ""IFMS"", ""label"": ""BBMP IFMS work bill 158"", ""url"": ""https://accounts.bbmp.gov.in/vssWB/vss00CvStatusData.php?pAction=LoadDetails&pWorkBillID=158"", ""note"": ""BR / RTGS dates""}]"
432,fine_levied,info,Fine / penalty deducted from a bill,IFMS deductions: fine ₹200. Penalties usually relate to delay or quality; their reason is not in the public record.,confirmed,"[{""source_id"": ""IFMS"", ""label"": ""BBMP IFMS work bill 181"", ""url"": ""https://accounts.bbmp.gov.in/vssWB/vss00CvStatusData.php?pAction=LoadDetails&pWorkBillID=181"", ""note"": ""Deductions""}]"
432,slow_payment,info,Median 640 days from bill registration to payment,Long payment delays are common (seniority-based bill clearance) and raise contractors' financing costs.,confirmed,"[{""source_id"": ""IFMS"", ""label"": ""BBMP IFMS work bill 181"", ""url"": ""https://accounts.bbmp.gov.in/vssWB/vss00CvStatusData.php?pAction=LoadDetails&pWorkBillID=181"", ""note"": ""BR / RTGS dates""}]"
