project_id,description,normalized_category,code,unit,plan_basis,estimated_quantity,estimated_rate,estimated_amount,billed_quantity,measured_quantity,compared_quantity,compared_basis,variance_pct,min_confidence,cross_validated,provenance
14,"tures like culverts, bridges, retaining, walls and other structure comprising of masonry, Rupees Three cement concrete, wood work, steel work, including T&P and Hundred Seventy scaffolding wherever necessary, sorting the dismantled material, Cum Five And Paise",Dismantling & removal,,,Schedule B,95.17,375.78,35763.04,148.89,,148.89,bill abstracts (sum of read bills),56.4,medium,1,"[{""document_id"": ""WO-4--90108352-SB.pdf"", ""attachment_type"": ""Schedule B"", ""work_bill_id"": ""767205"", ""attachment_url"": ""https://accounts.bbmp.gov.in/vssIFMS/Files1/WO-4--90108352-SB.pdf"", ""listing_url"": ""https://accounts.bbmp.gov.in/vssWB/vss00CvStatusData.php?pAction=LoadWBFiles&pWorkBillID=767205"", ""page"": 1, ""page_kind"": ""schedule_b"", ""raw"": ""1 95.17 scaffolding wherever necessary, sorting the dismantled material, Cum 375.78 Five And Paise 35763.04"", ""method"": ""OCR (tesseract psm 6, 2x)"", ""check"": ""arithmetic"", ""confidence"": ""medium"", ""cross_validated"": true}, {""document_id"": ""WB-Bill--03364055-Bill Form.pdf"", ""attachment_type"": ""Bill Form"", ""work_bill_id"": ""635588"", ""attachment_url"": ""https://accounts.bbmp.gov.in/vssIFMS/Files1/WB-Bill--03364055-Bill%20Form.pdf"", ""listing_url"": ""https://accounts.bbmp.gov.in/vssWB/vss00CvStatusData.php?pAction=LoadWBFiles&pWorkBillID=635588"", ""page"": 2, ""page_kind"": ""abstract"", ""raw"": ""necessary, sorting the dismantled material, disposal of 246.11 9248322 | 148.89 | 375.78 55949.88 148433.10"", ""method"": ""OCR (tesseract psm 6, 2x)"", ""check"": ""arithmetic"", ""confidence"": ""medium"", ""cross_validated"": true}]"
14," comprising of masonry, cement concrete, wood work, steel work, including T&P and Rupees Three scaffolding wherever necessary, sorting the dismantled material, Hundred Seventy _ disposal of unserviceable material and stacking the serviceable Cum Five And Paise",Dismantling & removal,,,Schedule B,280.35,375.78,105350.09,,,,,,medium,1,"[{""document_id"": ""WO-4--90108352-SB.pdf"", ""attachment_type"": ""Schedule B"", ""work_bill_id"": ""767205"", ""attachment_url"": ""https://accounts.bbmp.gov.in/vssIFMS/Files1/WO-4--90108352-SB.pdf"", ""listing_url"": ""https://accounts.bbmp.gov.in/vssWB/vss00CvStatusData.php?pAction=LoadWBFiles&pWorkBillID=767205"", ""page"": 1, ""page_kind"": ""schedule_b"", ""raw"": ""2 280.35 _|disposal of unserviceable material and stacking the serviceable} Cum 375.78 Five And Paise 105350.09"", ""method"": ""OCR (tesseract psm 6, 2x)"", ""check"": ""arithmetic"", ""confidence"": ""medium"", ""cross_validated"": true}]"
14,"pply and sanitary lines and electrical conduits etc, either in pits or in trenches .5m and Rupees Three above in width, in soil not exceeding m. in depth including Hundred Twen dressing the bottom and sides of pits and trenches, stacking the Cum , nd Paise Ses",Electrical & lighting,,,Schedule B,2031.55,320.11,650318.25,701.36,,701.36,bill abstracts (sum of read bills),-65.5,medium,1,"[{""document_id"": ""WO-4--90108352-SB.pdf"", ""attachment_type"": ""Schedule B"", ""work_bill_id"": ""767205"", ""attachment_url"": ""https://accounts.bbmp.gov.in/vssIFMS/Files1/WO-4--90108352-SB.pdf"", ""listing_url"": ""https://accounts.bbmp.gov.in/vssWB/vss00CvStatusData.php?pAction=LoadWBFiles&pWorkBillID=767205"", ""page"": 1, ""page_kind"": ""schedule_b"", ""raw"": ""3 2031.55 |dressing the bottom and sides of pits and trenches, stacking the Cum 320.11 |, nd Paise Ses 650318.25"", ""method"": ""OCR (tesseract psm 6, 2x)"", ""check"": ""arithmetic"", ""confidence"": ""medium"", ""cross_validated"": true}, {""document_id"": ""WB-Bill--10570307-Bill Form.pdf"", ""attachment_type"": ""Bill Form"", ""work_bill_id"": ""578311"", ""attachment_url"": ""https://accounts.bbmp.gov.in/vssIFMS/Files1/WB-Bill--10570307-Bill%20Form.pdf"", ""listing_url"": ""https://accounts.bbmp.gov.in/vssWB/vss00CvStatusData.php?pAction=LoadWBFiles&pWorkBillID=578311"", ""page"": 2, ""page_kind"": ""abstract"", ""raw"": ""P ec ese ng tne Hotton and sidesofpttsand | cum 261.89 320.11 8383361 261.89 03033.61"", ""method"": ""OCR (tesseract psm 6, 2x, rulings removed)"", ""check"": ""decimal restored"", ""confidence"": ""medium"", ""cross_validated"": true}, {""document_id"": ""WB-Bill--03364055-Bill Form.pdf"", ""attachment_type"": ""Bill Form"", ""work_bill_id"": ""635588"", ""attachment_url"": ""https://accounts.bbmp.gov.in/vssIFMS/Files1/WB-Bill--03364055-Bill%20Form.pdf"", ""listing_url"": ""https://accounts.bbmp.gov.in/vssWB/vss00CvStatusData.php?pAction=LoadWBFiles&pWorkBillID=635588"", ""page"": 2, ""page_kind"": ""abstract"", ""raw"": ""1.5 m. in depth including dressing the bottom and sides of 439.47 140678.74 320.11 439.47 140678.74"", ""method"": ""OCR (tesseract psm 6, 2x)"", ""check"": ""arithmetic"", ""confidence"": ""high"", ""cross_validated"": true}]"
14,"tion of Providing sand cement bed with % cement all leads for all Ru TI materials and lift of m. machine mixed, laid in layers of I 15cms. thick and well compacted for foundation, includi scene ms. thick an well compacted’ for oundation, including Gym Hun Nine",Concrete,,,Schedule B,242.88,3209.66,779561.93,,,,,,medium,1,"[{""document_id"": ""WO-4--90108352-SB.pdf"", ""attachment_type"": ""Schedule B"", ""work_bill_id"": ""767205"", ""attachment_url"": ""https://accounts.bbmp.gov.in/vssIFMS/Files1/WO-4--90108352-SB.pdf"", ""listing_url"": ""https://accounts.bbmp.gov.in/vssWB/vss00CvStatusData.php?pAction=LoadWBFiles&pWorkBillID=767205"", ""page"": 1, ""page_kind"": ""schedule_b"", ""raw"": ""4 242.88 ms. thick an well compacted’ for oundation, including] Gym 3209.66 | Hun Nine 779561.93"", ""method"": ""OCR (tesseract psm 6, 2x)"", ""check"": ""arithmetic"", ""confidence"": ""medium"", ""cross_validated"": true}]"
14,"cting granite trap basalt size stone masonry(with available stones) in foundation with cement Rupees Three mortar : stone hammered dressed in courses not less than Thousand Three cms high, bond stones at two m. apart in each course including Cum Hundred Ninety","Paving, kerbs & footpath",,,Schedule B,171.81,3396.8,583604.5,,,,,,medium,1,"[{""document_id"": ""WO-4--90108352-SB.pdf"", ""attachment_type"": ""Schedule B"", ""work_bill_id"": ""767205"", ""attachment_url"": ""https://accounts.bbmp.gov.in/vssIFMS/Files1/WO-4--90108352-SB.pdf"", ""listing_url"": ""https://accounts.bbmp.gov.in/vssWB/vss00CvStatusData.php?pAction=LoadWBFiles&pWorkBillID=767205"", ""page"": 1, ""page_kind"": ""schedule_b"", ""raw"": ""6 171.81 |cms high, bond stones at two m. apart in each course including} Cum 3396.80 | Hundred Ninety} 583604.50"", ""method"": ""OCR (tesseract psm 6, 2x)"", ""check"": ""arithmetic"", ""confidence"": ""medium"", ""cross_validated"": true}]"
14,cifications. including all lead and lift charges as per the direction of engineer incharges. Rupees Two Providing and filling sand in foundation to required depth for Thousand Two sub soil treatment including watering ramming with all lead and Cum Hundred Five,Granular base / sub-base,,,Schedule B,320.83,2205.44,707570.03,,,,,,medium,1,"[{""document_id"": ""WO-4--90108352-SB.pdf"", ""attachment_type"": ""Schedule B"", ""work_bill_id"": ""767205"", ""attachment_url"": ""https://accounts.bbmp.gov.in/vssIFMS/Files1/WO-4--90108352-SB.pdf"", ""listing_url"": ""https://accounts.bbmp.gov.in/vssWB/vss00CvStatusData.php?pAction=LoadWBFiles&pWorkBillID=767205"", ""page"": 2, ""page_kind"": ""schedule_b"", ""raw"": ""1 320.83 sub soil treatment including watering ramming with all lead and Cum 2205.44 Hundred Five 707570.03"", ""method"": ""OCR (tesseract psm 6, 2x)"", ""check"": ""arithmetic"", ""confidence"": ""medium"", ""cross_validated"": true}]"
14," granite trap basalt to wet mix macadam specifications including pre mixing the material with water at Rupees Two OMC in mechanical mix plant carriage of mixed materials by Thousand tipper to site, laying in uniform layers with paver in sub- Cum Twenty One And",Granular base / sub-base,,,Schedule B,302.7,2021.29,611845.33,385.11,,385.11,bill form total up to date,27.2,medium,1,"[{""document_id"": ""WO-4--90108352-SB.pdf"", ""attachment_type"": ""Schedule B"", ""work_bill_id"": ""767205"", ""attachment_url"": ""https://accounts.bbmp.gov.in/vssIFMS/Files1/WO-4--90108352-SB.pdf"", ""listing_url"": ""https://accounts.bbmp.gov.in/vssWB/vss00CvStatusData.php?pAction=LoadWBFiles&pWorkBillID=767205"", ""page"": 2, ""page_kind"": ""schedule_b"", ""raw"": ""12 302.70 |tipper to site, laying in uniform layers with paver in sub-| Cum 2021.29 |Twenty One And| 611845.33"", ""method"": ""OCR (tesseract psm 6, 2x)"", ""check"": ""arithmetic"", ""confidence"": ""medium"", ""cross_validated"": true}, {""document_id"": ""WB-Bill--03364055-Bill Form.pdf"", ""attachment_type"": ""Bill Form"", ""work_bill_id"": ""635588"", ""attachment_url"": ""https://accounts.bbmp.gov.in/vssIFMS/Files1/WB-Bill--03364055-Bill%20Form.pdf"", ""listing_url"": ""https://accounts.bbmp.gov.in/vssWB/vss00CvStatusData.php?pAction=LoadWBFiles&pWorkBillID=635588"", ""page"": 4, ""page_kind"": ""abstract"", ""raw"": ""plant carriage of mixed materials by tipper to site, laying in 240.07 | 495251.09 | 145.04 | 2021.29 | 293167.90 385.11 778418.99"", ""method"": ""OCR (tesseract psm 6, 2x)"", ""check"": ""arithmetic"", ""confidence"": ""medium"", ""cross_validated"": true}]"
14,"proved size, shape and colour with a minimum compressive strength of kg per sqm over 50mm thick sand Rupees One bed (average thickness) and compacting with plate vibrator Thousand One having tons compaction force thereby forcing part of sand Sqm Hundred Twenty",Other,,,Schedule B,1349.3,1122.61,1514730.93,872.96,,872.96,bill form total up to date,-35.3,medium,1,"[{""document_id"": ""WO-4--90108352-SB.pdf"", ""attachment_type"": ""Schedule B"", ""work_bill_id"": ""767205"", ""attachment_url"": ""https://accounts.bbmp.gov.in/vssIFMS/Files1/WO-4--90108352-SB.pdf"", ""listing_url"": ""https://accounts.bbmp.gov.in/vssWB/vss00CvStatusData.php?pAction=LoadWBFiles&pWorkBillID=767205"", ""page"": 2, ""page_kind"": ""schedule_b"", ""raw"": ""13 | 1349.30 |having 3 tons compaction force thereby forcing part of sand| Sqm 1122.61 |Hundred Twenty} 1514730.93"", ""method"": ""OCR (tesseract psm 6, 2x)"", ""check"": ""arithmetic"", ""confidence"": ""medium"", ""cross_validated"": true}, {""document_id"": ""WB-Bill--10570307-Bill Form.pdf"", ""attachment_type"": ""Bill Form"", ""work_bill_id"": ""578311"", ""attachment_url"": ""https://accounts.bbmp.gov.in/vssIFMS/Files1/WB-Bill--10570307-Bill%20Form.pdf"", ""listing_url"": ""https://accounts.bbmp.gov.in/vssWB/vss00CvStatusData.php?pAction=LoadWBFiles&pWorkBillID=578311"", ""page"": 4, ""page_kind"": ""abstract"", ""raw"": ""| force thereby forcing part of sand underneath to come up 872.96 1122.61 979993.63 872.96 979993.63"", ""method"": ""OCR (tesseract psm 6, 2x)"", ""check"": ""arithmetic"", ""confidence"": ""medium"", ""cross_validated"": true}]"
14,8cms C C for bottom rods Soe providg ornamental C I Designers at the botom and C arrows Rupees Nine ; inthe midle and top. The entire frame work is to be fixed by Thousand Five Bx means of expansion bolts to the brick pillars with necesary Sqm tr indred Ninety,Other,,,Schedule B,5109.42,9595.0,49024884.9,1863.76,,1863.76,bill abstracts (sum of read bills),-63.5,medium,1,"[{""document_id"": ""WO-4--90108352-SB.pdf"", ""attachment_type"": ""Schedule B"", ""work_bill_id"": ""767205"", ""attachment_url"": ""https://accounts.bbmp.gov.in/vssIFMS/Files1/WO-4--90108352-SB.pdf"", ""listing_url"": ""https://accounts.bbmp.gov.in/vssWB/vss00CvStatusData.php?pAction=LoadWBFiles&pWorkBillID=767205"", ""page"": 3, ""page_kind"": ""schedule_b"", ""raw"": ""Bx 17 | 5109.42 |means of expansion bolts to the brick pillars with necesary] Sqm | 9595.00 | tr indred Ninety 49024884.90"", ""method"": ""OCR (tesseract psm 6, 2x)"", ""check"": ""arithmetic"", ""confidence"": ""medium"", ""cross_validated"": true}, {""document_id"": ""WB-Bill--10570307-Bill Form.pdf"", ""attachment_type"": ""Bill Form"", ""work_bill_id"": ""578311"", ""attachment_url"": ""https://accounts.bbmp.gov.in/vssIFMS/Files1/WB-Bill--10570307-Bill%20Form.pdf"", ""listing_url"": ""https://accounts.bbmp.gov.in/vssWB/vss00CvStatusData.php?pAction=LoadWBFiles&pWorkBillID=578311"", ""page"": 5, ""page_kind"": ""abstract"", ""raw"": ""expansion bolts to the brick pillars with necesary drillling 1863.76 9595.00 17882777.20 1063.76 17882777.20"", ""method"": ""OCR (tesseract psm 6, 2x)"", ""check"": ""arithmetic"", ""confidence"": ""medium"", ""cross_validated"": true}]"
14,15kms. including all lead and lift Cum - eee Only charges as per the direction of engineer incharges. Removing dismantling and stacking of old chain link fencing Rupees Three » along with pipes and poles as per the directions of the engineer pity Hundred Three,Dismantling & removal,,,Schedule B,1775.3,303.0,537915.9,2047.0,,2047.0,bill form total up to date,15.3,medium,1,"[{""document_id"": ""WO-4--90108352-SB.pdf"", ""attachment_type"": ""Schedule B"", ""work_bill_id"": ""767205"", ""attachment_url"": ""https://accounts.bbmp.gov.in/vssIFMS/Files1/WO-4--90108352-SB.pdf"", ""listing_url"": ""https://accounts.bbmp.gov.in/vssWB/vss00CvStatusData.php?pAction=LoadWBFiles&pWorkBillID=767205"", ""page"": 4, ""page_kind"": ""schedule_b"", ""raw"": ""» 1775.30 along with pipes and poles as per the directions of the engineer] pity 303.00 Hundred Three 537915.90"", ""method"": ""OCR (tesseract psm 6, 2x)"", ""check"": ""arithmetic"", ""confidence"": ""medium"", ""cross_validated"": true}, {""document_id"": ""WB-Bill--10570307-Bill Form.pdf"", ""attachment_type"": ""Bill Form"", ""work_bill_id"": ""578311"", ""attachment_url"": ""https://accounts.bbmp.gov.in/vssIFMS/Files1/WB-Bill--10570307-Bill%20Form.pdf"", ""listing_url"": ""https://accounts.bbmp.gov.in/vssWB/vss00CvStatusData.php?pAction=LoadWBFiles&pWorkBillID=578311"", ""page"": 6, ""page_kind"": ""abstract"", ""raw"": ""fencing along with pipes and poles as per the directions of 834.75 | 303.00 | 252929.25 | 934.75 | 252929.25"", ""method"": ""OCR (tesseract psm 6, 2x)"", ""check"": ""arithmetic"", ""confidence"": ""medium"", ""cross_validated"": true}, {""document_id"": ""WB-Bill--03364055-Bill Form.pdf"", ""attachment_type"": ""Bill Form"", ""work_bill_id"": ""635588"", ""attachment_url"": ""https://accounts.bbmp.gov.in/vssIFMS/Files1/WB-Bill--03364055-Bill%20Form.pdf"", ""listing_url"": ""https://accounts.bbmp.gov.in/vssWB/vss00CvStatusData.php?pAction=LoadWBFiles&pWorkBillID=635588"", ""page"": 7, ""page_kind"": ""abstract"", ""raw"": ""fencing along with pipes and poles as per the directions of | Rmtr 1178.20 | 356994.60 868.80 303.00 | 263246.40 | 2047.00 | 620241.00"", ""method"": ""OCR (tesseract psm 6, 2x, rulings removed)"", ""check"": ""arithmetic"", ""confidence"": ""medium"", ""cross_validated"": true}]"
14,"avation for levelling and lowering the ground manually (Other than foundation of buildings, culverts, road drains and trenches of pipe lines and cables) and removing Rupees Two B the excavated stuff to a distance not exceeding 50m and lift up Cum Hundred Sixty",Earthwork & excavation,,,Schedule B,6709.95,266.58,1788734.45,2890.18,,2890.18,bill abstracts (sum of read bills),-56.9,medium,1,"[{""document_id"": ""WO-4--90108352-SB.pdf"", ""attachment_type"": ""Schedule B"", ""work_bill_id"": ""767205"", ""attachment_url"": ""https://accounts.bbmp.gov.in/vssIFMS/Files1/WO-4--90108352-SB.pdf"", ""listing_url"": ""https://accounts.bbmp.gov.in/vssWB/vss00CvStatusData.php?pAction=LoadWBFiles&pWorkBillID=767205"", ""page"": 4, ""page_kind"": ""schedule_b"", ""raw"": ""B 6709.95 the excavated stuff to a distance not exceeding 50m and lift up Cum 266.58 Hundred Sixty 1788734.45"", ""method"": ""OCR (tesseract psm 6, 2x)"", ""check"": ""arithmetic"", ""confidence"": ""medium"", ""cross_validated"": true}, {""document_id"": ""WB-Bill--10570307-Bill Form.pdf"", ""attachment_type"": ""Bill Form"", ""work_bill_id"": ""578311"", ""attachment_url"": ""https://accounts.bbmp.gov.in/vssIFMS/Files1/WB-Bill--10570307-Bill%20Form.pdf"", ""listing_url"": ""https://accounts.bbmp.gov.in/vssWB/vss00CvStatusData.php?pAction=LoadWBFiles&pWorkBillID=578311"", ""page"": 7, ""page_kind"": ""abstract"", ""raw"": ""levelled and neatly dressed, disposed earth to be levelled um 2890.18 | 266.58 1H2063:66 2896.18 772063.66"", ""method"": ""OCR (tesseract psm 6, 2x)"", ""check"": ""arithmetic"", ""confidence"": ""medium"", ""cross_validated"": true}]"
14,"s @ .47cum, with super plasticisers @ liters : confirming to IS - reafirmed- at machine mixed, Rupees Six concrete laid in layers not exceeding cms thick, vibrated for Thousand Two all works in foundation for footings, pedastals, retaining walls, Cum ee pwenty",Concrete,,,Schedule B,122.88,6222.33,764599.57,,,,,,medium,1,"[{""document_id"": ""WO-4--90108352-SB.pdf"", ""attachment_type"": ""Schedule B"", ""work_bill_id"": ""767205"", ""attachment_url"": ""https://accounts.bbmp.gov.in/vssIFMS/Files1/WO-4--90108352-SB.pdf"", ""listing_url"": ""https://accounts.bbmp.gov.in/vssWB/vss00CvStatusData.php?pAction=LoadWBFiles&pWorkBillID=767205"", ""page"": 4, ""page_kind"": ""schedule_b"", ""raw"": ""25 122.88 |all works in foundation for footings, pedastals, retaining walls,| Cum 6222.33 ee pwenty 764599.57"", ""method"": ""OCR (tesseract psm 6, 2x)"", ""check"": ""arithmetic"", ""confidence"": ""medium"", ""cross_validated"": true}]"
14,"e direction of engineer incharges. Providing and removing centering, shuttering, strutting, Rupees Two propping etc., and removal of form work for foundations, Hundred Seventy footings, bases of columns for mass concrete including cost of all Sqm Six And Paise",Dismantling & removal,,sqm,Schedule B,340.56,276.21,94067.71,,,,,,high,1,"[{""document_id"": ""WO-4--90108352-SB.pdf"", ""attachment_type"": ""Schedule B"", ""work_bill_id"": ""767205"", ""attachment_url"": ""https://accounts.bbmp.gov.in/vssIFMS/Files1/WO-4--90108352-SB.pdf"", ""listing_url"": ""https://accounts.bbmp.gov.in/vssWB/vss00CvStatusData.php?pAction=LoadWBFiles&pWorkBillID=767205"", ""page"": 4, ""page_kind"": ""schedule_b"", ""raw"": ""340.56 | footings, bases of columns for mass concrete including cost of all] Sqm 276.21 Six And Paise 94067.71"", ""method"": ""OCR (tesseract psm 6, 2x)"", ""check"": ""arithmetic"", ""confidence"": ""high"", ""cross_validated"": true}]"
14," Rate in Words Total Amount f Figures ( Providing rough cement plastering 15mm thick in single coat Rupees Two / with cement mortar 1M to brick masonry for base of dadooing Frondred f works with sand of approved quality, providing and removing Sqm Nineteen And",Dismantling & removal,,,Schedule B,425.53,219.47,93392.35,,,,,,medium,1,"[{""document_id"": ""WO-4--90108352-SB.pdf"", ""attachment_type"": ""Schedule B"", ""work_bill_id"": ""767205"", ""attachment_url"": ""https://accounts.bbmp.gov.in/vssIFMS/Files1/WO-4--90108352-SB.pdf"", ""listing_url"": ""https://accounts.bbmp.gov.in/vssWB/vss00CvStatusData.php?pAction=LoadWBFiles&pWorkBillID=767205"", ""page"": 5, ""page_kind"": ""schedule_b"", ""raw"": ""f 28 425.53 works with sand of approved quality, providing and removing Sqm 219.47 Nineteen And 93392.35"", ""method"": ""OCR (tesseract psm 6, 2x)"", ""check"": ""arithmetic"", ""confidence"": ""medium"", ""cross_validated"": true}]"
14,"gner tiles 25mm_ thick for flooring Rupees One conforming to IS heavy duty tiles for flooring, treads of Thousand Three steps and landing, laid on a bed of 12mm thick cement mortar Hundred : mis finished with flush pointing using white cement, Sqm Eighteen And","Paving, kerbs & footpath",,,Schedule B,490.64,1318.98,647143.95,,,,,,medium,1,"[{""document_id"": ""WO-4--90108352-SB.pdf"", ""attachment_type"": ""Schedule B"", ""work_bill_id"": ""767205"", ""attachment_url"": ""https://accounts.bbmp.gov.in/vssIFMS/Files1/WO-4--90108352-SB.pdf"", ""listing_url"": ""https://accounts.bbmp.gov.in/vssWB/vss00CvStatusData.php?pAction=LoadWBFiles&pWorkBillID=767205"", ""page"": 5, ""page_kind"": ""schedule_b"", ""raw"": ""2 490.64 [1:3 mis finished with flush pointing using white cement, Sqm 1318.98 Eighteen And 647143,95"", ""method"": ""OCR (tesseract psm 6, 2x)"", ""check"": ""arithmetic"", ""confidence"": ""medium"", ""cross_validated"": true}]"
14," in CM : proportion cut to required shape patron with paper joint finished with cement mortar Rupees Two using white cement and colour pigments to match the colour of Thousand Four slab making through jointing with sealant, making holes 25mm Sqm Hundred Ninety",Drain & culvert works,,,Schedule B,449.53,2492.36,1120389.15,,,,,,medium,1,"[{""document_id"": ""WO-4--90108352-SB.pdf"", ""attachment_type"": ""Schedule B"", ""work_bill_id"": ""767205"", ""attachment_url"": ""https://accounts.bbmp.gov.in/vssIFMS/Files1/WO-4--90108352-SB.pdf"", ""listing_url"": ""https://accounts.bbmp.gov.in/vssWB/vss00CvStatusData.php?pAction=LoadWBFiles&pWorkBillID=767205"", ""page"": 5, ""page_kind"": ""schedule_b"", ""raw"": ""30 449.53 {slab making through jointing with sealant, making holes 25mm} Sqm 2492.36 | Hundred Ninety | 1120389.15"", ""method"": ""OCR (tesseract psm 6, 2x)"", ""check"": ""arithmetic"", ""confidence"": ""medium"", ""cross_validated"": true}]"
14,"ironments, a backboard may be oval or a fan-shape. The top of the hoop is feet ( cm) above the ground. Regulation backboards are inches ( cm) wide by inches ( cm) tall. All basketball Rupees Two rims (hoops) are inches ( cm) in diameter, The inner’ Lakh(s) Two",Other,,,Schedule B,2.0,202000.0,404000.0,,,,,,medium,1,"[{""document_id"": ""WO-4--90108352-SB.pdf"", ""attachment_type"": ""Schedule B"", ""work_bill_id"": ""767205"", ""attachment_url"": ""https://accounts.bbmp.gov.in/vssIFMS/Files1/WO-4--90108352-SB.pdf"", ""listing_url"": ""https://accounts.bbmp.gov.in/vssWB/vss00CvStatusData.php?pAction=LoadWBFiles&pWorkBillID=767205"", ""page"": 5, ""page_kind"": ""schedule_b"", ""raw"": ""32 2.00 rims (hoops) are 18 inches (46 cm) in diameter, The inner’ 202000.00 | Lakh(s) Two 404000.00"", ""method"": ""OCR (tesseract psm 6, 2x)"", ""check"": ""arithmetic"", ""confidence"": ""medium"", ""cross_validated"": true}]"
14,"of engineer incharges. : : ~ : 50mm thick Rupees Two Removing and resetting of cement mortar pavers On ; Hundred Thir sand bed after proper compaction with all lead and lift . SS ly transportation ete., and any other incidental charges and as per Sqm aa te aad",Dismantling & removal,,,Schedule B,390.48,235.33,91891.66,24.497,,24.497,bill abstracts (sum of read bills),-93.7,medium,1,"[{""document_id"": ""WO-4--90108352-SB.pdf"", ""attachment_type"": ""Schedule B"", ""work_bill_id"": ""767205"", ""attachment_url"": ""https://accounts.bbmp.gov.in/vssIFMS/Files1/WO-4--90108352-SB.pdf"", ""listing_url"": ""https://accounts.bbmp.gov.in/vssWB/vss00CvStatusData.php?pAction=LoadWBFiles&pWorkBillID=767205"", ""page"": 6, ""page_kind"": ""schedule_b"", ""raw"": ""35 390.48 | transportation ete., and any other incidental charges and as per Sqm 235.33 aa te aad 91891.66"", ""method"": ""OCR (tesseract psm 6, 2x)"", ""check"": ""arithmetic"", ""confidence"": ""medium"", ""cross_validated"": true}, {""document_id"": ""WB-Bill--03364055-Bill Form.pdf"", ""attachment_type"": ""Bill Form"", ""work_bill_id"": ""635588"", ""attachment_url"": ""https://accounts.bbmp.gov.in/vssIFMS/Files1/WB-Bill--03364055-Bill%20Form.pdf"", ""listing_url"": ""https://accounts.bbmp.gov.in/vssWB/vss00CvStatusData.php?pAction=LoadWBFiles&pWorkBillID=635588"", ""page"": 10, ""page_kind"": ""abstract"", ""raw"": ""| [Upto 125% | —_ Po, — | 24.497 | 235.33 | 5763.23 | ~~ |"", ""method"": ""OCR (tesseract psm 6, 2x, rulings removed)"", ""check"": ""arithmetic"", ""confidence"": ""medium"", ""cross_validated"": true}]"
14,"rill work for windows and ventilators using M.S. flats, or M.S. square rods, or combination of M.S. flats Rupees One and square rods as per approved design, drawing including Hundred One cutting steel sections and welding the same to required pattern And Paise",Earthwork & excavation,,,Schedule B,949.84,101.71,96605.38,,,,,,medium,1,"[{""document_id"": ""WO-4--90108352-SB.pdf"", ""attachment_type"": ""Schedule B"", ""work_bill_id"": ""767205"", ""attachment_url"": ""https://accounts.bbmp.gov.in/vssIFMS/Files1/WO-4--90108352-SB.pdf"", ""listing_url"": ""https://accounts.bbmp.gov.in/vssWB/vss00CvStatusData.php?pAction=LoadWBFiles&pWorkBillID=767205"", ""page"": 6, ""page_kind"": ""schedule_b"", ""raw"": ""949.84 |cutting steel sections and welding the same to required pattern 101.71 And Paise 96605.38"", ""method"": ""OCR (tesseract psm 6, 2x)"", ""check"": ""arithmetic"", ""confidence"": ""medium"", ""cross_validated"": true}]"
14,"rawing and technical specification, including setting out, providing shoring, strutting and bracing, ifty Si removal of stumps and other deleterious matter, dressing of snag uh = jsides and bottom, filling back the excavated earth to the extent Cum Seventy Two",Earthwork & excavation,,,Schedule B,108.99,56.72,6182.09,,,,,,medium,1,"[{""document_id"": ""WO-4--90108352-SB.pdf"", ""attachment_type"": ""Schedule B"", ""work_bill_id"": ""767205"", ""attachment_url"": ""https://accounts.bbmp.gov.in/vssIFMS/Files1/WO-4--90108352-SB.pdf"", ""listing_url"": ""https://accounts.bbmp.gov.in/vssWB/vss00CvStatusData.php?pAction=LoadWBFiles&pWorkBillID=767205"", ""page"": 7, ""page_kind"": ""schedule_b"", ""raw"": ""42 108.99 jsides and bottom, filling back the excavated earth to the extent} Cum 56.72 Seventy Two 6182.09"", ""method"": ""OCR (tesseract psm 6, 2x)"", ""check"": ""arithmetic"", ""confidence"": ""medium"", ""cross_validated"": true}]"
14,"avation, top surface of the plinth filling, junction of wall and floor, along the external perimeter of R building, expansion joints, over the top surface of consolidated upees One jearth on which apron is to be laid, surrounding of pipes and Sqm re d Pa Pitan",Pipes & ducts,,sqm,Schedule B,38.99,115.62,4508.21,,,,,,high,1,"[{""document_id"": ""WO-4--90108352-SB.pdf"", ""attachment_type"": ""Schedule B"", ""work_bill_id"": ""767205"", ""attachment_url"": ""https://accounts.bbmp.gov.in/vssIFMS/Files1/WO-4--90108352-SB.pdf"", ""listing_url"": ""https://accounts.bbmp.gov.in/vssWB/vss00CvStatusData.php?pAction=LoadWBFiles&pWorkBillID=767205"", ""page"": 7, ""page_kind"": ""schedule_b"", ""raw"": ""38.99 jearth on which apron is to be laid, surrounding of pipes and} Sqm 115.62 re d Pa Pitan 4508.21"", ""method"": ""OCR (tesseract psm 6, 2x)"", ""check"": ""arithmetic"", ""confidence"": ""high"", ""cross_validated"": true}]"
14,"y j charges as per the direction of engineer incharges. Providing and removing centering, shuttering, strutting, propping etc., and removal of form work for columns, pillars, seat ree post and struts, square rectangular polygon in plan including Sqm ae a A eal",Dismantling & removal,,sqm,Schedule B,29.16,497.4,14504.32,,,,,,high,1,"[{""document_id"": ""WO-4--90108352-SB.pdf"", ""attachment_type"": ""Schedule B"", ""work_bill_id"": ""767205"", ""attachment_url"": ""https://accounts.bbmp.gov.in/vssIFMS/Files1/WO-4--90108352-SB.pdf"", ""listing_url"": ""https://accounts.bbmp.gov.in/vssWB/vss00CvStatusData.php?pAction=LoadWBFiles&pWorkBillID=767205"", ""page"": 9, ""page_kind"": ""schedule_b"", ""raw"": ""29.16 post and struts, square rectangular polygon in plan including Sqm 497.40 ae a A eal 14504.32"", ""method"": ""OCR (tesseract psm 6, 2x, rulings removed)"", ""check"": ""arithmetic"", ""confidence"": ""high"", ""cross_validated"": true}]"
14,"ineer i incharges . Providing and removing centering, shuttering, strutting, Rupees Eight propping & removal of form work etc., for edges of slabs and Hundred Twenty = GY _ breaks in floor including cost of all materials, labour complete as Sqm +hree And Paise",Dismantling & removal,,,Schedule B,3.11,823.55,2561.25,,,,,,medium,1,"[{""document_id"": ""WO-4--90108352-SB.pdf"", ""attachment_type"": ""Schedule B"", ""work_bill_id"": ""767205"", ""attachment_url"": ""https://accounts.bbmp.gov.in/vssIFMS/Files1/WO-4--90108352-SB.pdf"", ""listing_url"": ""https://accounts.bbmp.gov.in/vssWB/vss00CvStatusData.php?pAction=LoadWBFiles&pWorkBillID=767205"", ""page"": 9, ""page_kind"": ""schedule_b"", ""raw"": ""GY 3.11 _ |breaks in floor including cost of all materials, labour complete as] Sqm 823.55 | +hree And Paise 2561.25 |"", ""method"": ""OCR (tesseract psm 6, 2x, rulings removed)"", ""check"": ""arithmetic"", ""confidence"": ""medium"", ""cross_validated"": true}]"
14,"using white cement putty. Scrapping Ca. levelling the surface using steel blade and preparing the surface even and smooth by using different grade sand paper Rupees Eighty including cost of all materials, cost of labour and scaffolding etc., Sqm Five And Paise",Concrete,,,Schedule B,19.43,85.08,1653.15,,,,,,medium,1,"[{""document_id"": ""WO-4--90108352-SB.pdf"", ""attachment_type"": ""Schedule B"", ""work_bill_id"": ""767205"", ""attachment_url"": ""https://accounts.bbmp.gov.in/vssIFMS/Files1/WO-4--90108352-SB.pdf"", ""listing_url"": ""https://accounts.bbmp.gov.in/vssWB/vss00CvStatusData.php?pAction=LoadWBFiles&pWorkBillID=767205"", ""page"": 10, ""page_kind"": ""schedule_b"", ""raw"": ""| 19.43 including cost of all materials, cost of labour and scaffolding etc., Sqm 85.08 Five And Paise 1653.15"", ""method"": ""OCR (tesseract psm 6, 2x)"", ""check"": ""arithmetic"", ""confidence"": ""medium"", ""cross_validated"": true}]"
14,"tion fully panelled Honne wood Yd shutters for doors, styles and rails of 30mm. thick with bottom) Rupees Four f and lock rails 180mm wide top rail and styles 100mm wide as Thousand Six per drawing and panels of 25mm thick including cost of Sqm Hundred Seventy",Electrical & lighting,,,Schedule B,4.2,4676.2596,19640.29,,,,,,medium,1,"[{""document_id"": ""WO-4--90108352-SB.pdf"", ""attachment_type"": ""Schedule B"", ""work_bill_id"": ""767205"", ""attachment_url"": ""https://accounts.bbmp.gov.in/vssIFMS/Files1/WO-4--90108352-SB.pdf"", ""listing_url"": ""https://accounts.bbmp.gov.in/vssWB/vss00CvStatusData.php?pAction=LoadWBFiles&pWorkBillID=767205"", ""page"": 11, ""page_kind"": ""schedule_b"", ""raw"": ""71 4.20 per drawing and panels of 25mm thick including cost of | Sqm 4676.2596 Hundred Seventy 19640.29"", ""method"": ""OCR (tesseract psm 6, 2x, rulings removed)"", ""check"": ""arithmetic"", ""confidence"": ""medium"", ""cross_validated"": true}]"
14," with heat moulded PVC channel of 5mm thick sheet & x 50mm wide to form styles & 5mm thick & _ Rupees Three 75mm wide PVC Sheets for top rail, lock rail& bottom rail on, ___ Thousand either side & Smm thick 20mm wide PVC sheet as gap insert for Sqm Twenty Nine",Other,,,Schedule B,15.12,3029.1516,45800.77,,,,,,medium,1,"[{""document_id"": ""WO-4--90108352-SB.pdf"", ""attachment_type"": ""Schedule B"", ""work_bill_id"": ""767205"", ""attachment_url"": ""https://accounts.bbmp.gov.in/vssIFMS/Files1/WO-4--90108352-SB.pdf"", ""listing_url"": ""https://accounts.bbmp.gov.in/vssWB/vss00CvStatusData.php?pAction=LoadWBFiles&pWorkBillID=767205"", ""page"": 11, ""page_kind"": ""schedule_b"", ""raw"": ""| 73 | 15.12 either side & Smm thick 20mm wide PVC sheet as gap insert for Sqm | 3029.1516 | Twenty Nine 45800.77"", ""method"": ""OCR (tesseract psm 6, 2x, rulings removed)"", ""check"": ""arithmetic"", ""confidence"": ""medium"", ""cross_validated"": true}]"
14,"w wood surface and or wood i based surface, after brushing with ready mix enamel priming, i paint including preparing the surface after thoroughly cleaning ‘Rupees Fifty Four oil, grease, dirt and foreign matter, sand papering and knotting, Sqm And Paise Fifty",Other,,,Schedule B,4.2,54.54,229.07,,,,,,medium,1,"[{""document_id"": ""WO-4--90108352-SB.pdf"", ""attachment_type"": ""Schedule B"", ""work_bill_id"": ""767205"", ""attachment_url"": ""https://accounts.bbmp.gov.in/vssIFMS/Files1/WO-4--90108352-SB.pdf"", ""listing_url"": ""https://accounts.bbmp.gov.in/vssWB/vss00CvStatusData.php?pAction=LoadWBFiles&pWorkBillID=767205"", ""page"": 11, ""page_kind"": ""schedule_b"", ""raw"": ""74 4.20 oil, grease, dirt and foreign matter, sand papering and knotting, Sqm | 54.54 | And Paise Fifty 229.07"", ""method"": ""OCR (tesseract psm 6, 2x, rulings removed)"", ""check"": ""arithmetic"", ""confidence"": ""medium"", ""cross_validated"": true}]"
14,"ing priming iene Sieteetbe a vase oat) on previously painted wood surface and or wood based) surface with enamel paint to give an even shade after cleaning, Rupees Sixty One the surface of all dirt, dust and foreign matter, including cost of Sqm And PaiseEight",Other,,,Schedule B,10.08,61.0848,615.73,,,,,,medium,1,"[{""document_id"": ""WO-4--90108352-SB.pdf"", ""attachment_type"": ""Schedule B"", ""work_bill_id"": ""767205"", ""attachment_url"": ""https://accounts.bbmp.gov.in/vssIFMS/Files1/WO-4--90108352-SB.pdf"", ""listing_url"": ""https://accounts.bbmp.gov.in/vssWB/vss00CvStatusData.php?pAction=LoadWBFiles&pWorkBillID=767205"", ""page"": 11, ""page_kind"": ""schedule_b"", ""raw"": ""| 76 | 10.08 the surface of all dirt, dust and foreign matter, including cost of Sqm 61.0848 | And PaiseEight| 615.73 |"", ""method"": ""OCR (tesseract psm 6, 2x, rulings removed)"", ""check"": ""arithmetic"", ""confidence"": ""medium"", ""cross_validated"": true}]"
14," and applying painting one coat (excluding priming) hee) on previously painted wood surface and or wood based. surface with enamel paint to give an even shade after cleanin ixty Fi j ithe surface of all dirt, dust and foreign matter, including cost Sqm peeeeel",Other,,,Schedule B,10.08,65.448,659.72,,,,,,medium,1,"[{""document_id"": ""WO-4--90108352-SB.pdf"", ""attachment_type"": ""Schedule B"", ""work_bill_id"": ""767205"", ""attachment_url"": ""https://accounts.bbmp.gov.in/vssIFMS/Files1/WO-4--90108352-SB.pdf"", ""listing_url"": ""https://accounts.bbmp.gov.in/vssWB/vss00CvStatusData.php?pAction=LoadWBFiles&pWorkBillID=767205"", ""page"": 11, ""page_kind"": ""schedule_b"", ""raw"": ""} 77 | 10.08 ithe surface of all dirt, dust and foreign matter, including cost 4 Sqm 65.448 peeeeel 659.72"", ""method"": ""OCR (tesseract psm 6, 2x, rulings removed)"", ""check"": ""arithmetic"", ""confidence"": ""medium"", ""cross_validated"": true}]"
14,"tion of engincer incharges. = /Providing and applying enamel metal paint one coat (excluding priming coat ) on previously painted steel or other metal surface Rupees Sixty Six brushing to give an even shade after cleaning oil, grease, dirt Sqm And Paise Fifty.",Reinforcement & steel,,,Schedule B,11.88,66.5388,790.48,,,,,,medium,1,"[{""document_id"": ""WO-4--90108352-SB.pdf"", ""attachment_type"": ""Schedule B"", ""work_bill_id"": ""767205"", ""attachment_url"": ""https://accounts.bbmp.gov.in/vssIFMS/Files1/WO-4--90108352-SB.pdf"", ""listing_url"": ""https://accounts.bbmp.gov.in/vssWB/vss00CvStatusData.php?pAction=LoadWBFiles&pWorkBillID=767205"", ""page"": 12, ""page_kind"": ""schedule_b"", ""raw"": ""81 11.88 brushing to give an even shade after cleaning oil, grease, dirt Sqm | 66.5388 And Paise Fifty. 790.48 |"", ""method"": ""OCR (tesseract psm 6, 2x, rulings removed)"", ""check"": ""arithmetic"", ""confidence"": ""medium"", ""cross_validated"": true}]"
14,"r incharges. Ground Floor r a Providing and applying enamel metal paint one coat (excluding priming coat ) on previously painted steel or other metal surface Rupees Seventy brushing to give an even shade after cleaning oil, grease, dirt, Sqm , And Paise Ninety",Reinforcement & steel,,,Schedule B,11.88,70.902,842.32,,,,,,medium,1,"[{""document_id"": ""WO-4--90108352-SB.pdf"", ""attachment_type"": ""Schedule B"", ""work_bill_id"": ""767205"", ""attachment_url"": ""https://accounts.bbmp.gov.in/vssIFMS/Files1/WO-4--90108352-SB.pdf"", ""listing_url"": ""https://accounts.bbmp.gov.in/vssWB/vss00CvStatusData.php?pAction=LoadWBFiles&pWorkBillID=767205"", ""page"": 12, ""page_kind"": ""schedule_b"", ""raw"": ""82 11.88 brushing to give an even shade after cleaning oil, grease, dirt, Sqm , 70.902 And Paise Ninety 84232"", ""method"": ""OCR (tesseract psm 6, 2x, rulings removed)"", ""check"": ""decimal restored"", ""confidence"": ""medium"", ""cross_validated"": true}]"
14,"g and laying in position Yelahanka tiles of size x 250mm of approved quality and make, over a bed of Rupees One cement mortar : an average thickness 25mm over weather Thousand Sixty aaa proof course and pointed with cement mortar : mix with red Sqm , ang paise","Paving, kerbs & footpath",KSRB 10-2,,Schedule B,233.16,1066.8024,248735.65,,,,,,medium,1,"[{""document_id"": ""WO-4--90108352-SB.pdf"", ""attachment_type"": ""Schedule B"", ""work_bill_id"": ""767205"", ""attachment_url"": ""https://accounts.bbmp.gov.in/vssIFMS/Files1/WO-4--90108352-SB.pdf"", ""listing_url"": ""https://accounts.bbmp.gov.in/vssWB/vss00CvStatusData.php?pAction=LoadWBFiles&pWorkBillID=767205"", ""page"": 13, ""page_kind"": ""schedule_b"", ""raw"": ""87 | 233.16 proof course and pointed with cement mortar 1:3 mix with red Sqm , 1066.8024 | ang paise 248735.65"", ""method"": ""OCR (tesseract psm 6, 2x, rulings removed)"", ""check"": ""arithmetic"", ""confidence"": ""medium"", ""cross_validated"": true}]"
14,"brass hinges, rubber buffers. litre low level, 'P.V.C flushing cistern (all are approved make ) with fittings, C.l R , MS brackets, 40mm diameter flush bend with fittings and DG Thousand Four clamps, overflow arrangements with special and 25mm Each Hundred Six",Electrical & lighting,,,Schedule B,5.0,5406.0048,27030.02,,,,,,medium,1,"[{""document_id"": ""WO-4--90108352-SB.pdf"", ""attachment_type"": ""Schedule B"", ""work_bill_id"": ""767205"", ""attachment_url"": ""https://accounts.bbmp.gov.in/vssIFMS/Files1/WO-4--90108352-SB.pdf"", ""listing_url"": ""https://accounts.bbmp.gov.in/vssWB/vss00CvStatusData.php?pAction=LoadWBFiles&pWorkBillID=767205"", ""page"": 13, ""page_kind"": ""schedule_b"", ""raw"": ""88 5.00 clamps, overflow arrangements with special and 25mm} Each 5406.0048 Hundred Six 27030.02"", ""method"": ""OCR (tesseract psm 6, 2x, rulings removed)"", ""check"": ""arithmetic"", ""confidence"": ""medium"", ""cross_validated"": true}]"
14," P trap, litre low level, P.V.C flushing cistern (all are approved make ) with fittings, C1 M.S brackets, 32mm ena ‘diameter flush pipe fittings and clamps, overflow arrangements as wy with special and 25mm mosquito proof coupling of approved Pan Hundred Seven",Pipes & ducts,,,Schedule B,3.0,4607.5392,13822.62,,,,,,medium,1,"[{""document_id"": ""WO-4--90108352-SB.pdf"", ""attachment_type"": ""Schedule B"", ""work_bill_id"": ""767205"", ""attachment_url"": ""https://accounts.bbmp.gov.in/vssIFMS/Files1/WO-4--90108352-SB.pdf"", ""listing_url"": ""https://accounts.bbmp.gov.in/vssWB/vss00CvStatusData.php?pAction=LoadWBFiles&pWorkBillID=767205"", ""page"": 13, ""page_kind"": ""schedule_b"", ""raw"": ""wy 3.00 with special and 25mm mosquito proof coupling of approved Pan | 4607.5392 | Hundred Seven | 13822.62"", ""method"": ""OCR (tesseract psm 6, 2x, rulings removed)"", ""check"": ""arithmetic"", ""confidence"": ""medium"", ""cross_validated"": true}]"
14,"hite vitreous china clay, angle back wash basin size 600X480mm with a single 15mm C.P brass pillar tap Rupees Three with CI MS brackets, mm C.P. brass waste of standard Thousand Five eae painting of fittings and brackets, cutting and making Unit Hundred Eighty",Earthwork & excavation,,,Schedule B,2.0,3586.5504,7173.1,,,,,,medium,1,"[{""document_id"": ""WO-4--90108352-SB.pdf"", ""attachment_type"": ""Schedule B"", ""work_bill_id"": ""767205"", ""attachment_url"": ""https://accounts.bbmp.gov.in/vssIFMS/Files1/WO-4--90108352-SB.pdf"", ""listing_url"": ""https://accounts.bbmp.gov.in/vssWB/vss00CvStatusData.php?pAction=LoadWBFiles&pWorkBillID=767205"", ""page"": 13, ""page_kind"": ""schedule_b"", ""raw"": ""90 2.00 eae painting of fittings and brackets, cutting and making} Unit 3586.5504 | Hundred Eighty 7173.10"", ""method"": ""OCR (tesseract psm 6, 2x, rulings removed)"", ""check"": ""arithmetic"", ""confidence"": ""medium"", ""cross_validated"": true}]"
14,"s SS) Providing and fixing to wall, ceiling “ floor, aes atl Polyethylene pipes kgssq.cm working pressure ¢ ol \diameter ith sstal flange, compression type fittings, wall Faure ms Clips, making good the wall, cuiling and Noor including cost Cl Mir hes poe peed",Pipes & ducts,,,Schedule B,30.0,490.86,14725.8,,,,,,medium,1,"[{""document_id"": ""WO-4--90108352-SB.pdf"", ""attachment_type"": ""Schedule B"", ""work_bill_id"": ""767205"", ""attachment_url"": ""https://accounts.bbmp.gov.in/vssIFMS/Files1/WO-4--90108352-SB.pdf"", ""listing_url"": ""https://accounts.bbmp.gov.in/vssWB/vss00CvStatusData.php?pAction=LoadWBFiles&pWorkBillID=767205"", ""page"": 14, ""page_kind"": ""schedule_b"", ""raw"": ""| 94 30.00 Clips, making good the wall, cuiling and Noor including cost Cl Mir 490.86 hes poe peed | 14725,80"", ""method"": ""OCR (tesseract psm 6, 2x, rulings removed)"", ""check"": ""arithmetic"", ""confidence"": ""medium"", ""cross_validated"": true}]"
14,"r incharges. PPE ene i ERAS /Providing and fixing in position brass bib cock of approved I Rupees Two quality nominal bore including cost of all materials, labour and Hundred Fifty HOM with all leads complete as per specifications, mm dia) Each Seven And Paise",Other,,nos,Schedule B,12.0,257.4288,3089.15,,,,,,medium,1,"[{""document_id"": ""WO-4--90108352-SB.pdf"", ""attachment_type"": ""Schedule B"", ""work_bill_id"": ""767205"", ""attachment_url"": ""https://accounts.bbmp.gov.in/vssIFMS/Files1/WO-4--90108352-SB.pdf"", ""listing_url"": ""https://accounts.bbmp.gov.in/vssWB/vss00CvStatusData.php?pAction=LoadWBFiles&pWorkBillID=767205"", ""page"": 14, ""page_kind"": ""schedule_b"", ""raw"": ""95 | 1200 HOM with all leads complete as per specifications, 25 mm dia) Each 257.4288 Seven And Paise 3089.15"", ""method"": ""OCR (tesseract psm 6, 2x, rulings removed)"", ""check"": ""decimal restored"", ""confidence"": ""medium"", ""cross_validated"": true}]"
14," range of two litre 'P.V.C with automatic flushing cistem, CI MS brackets, Rupees Four. Standard flush pipe and C.P, brass spreaders with brass unions hee Thousand Five ) % and G.L. clamps painting of fittings and brackets, cutting and Unit . Hundred Forty —_-",Earthwork & excavation,,,Schedule B,4.0,4543.182,18172.73,,,,,,medium,1,"[{""document_id"": ""WO-4--90108352-SB.pdf"", ""attachment_type"": ""Schedule B"", ""work_bill_id"": ""767205"", ""attachment_url"": ""https://accounts.bbmp.gov.in/vssIFMS/Files1/WO-4--90108352-SB.pdf"", ""listing_url"": ""https://accounts.bbmp.gov.in/vssWB/vss00CvStatusData.php?pAction=LoadWBFiles&pWorkBillID=767205"", ""page"": 14, ""page_kind"": ""schedule_b"", ""raw"": ""% 4.00 and G.L. clamps painting of fittings and brackets, cutting and Unit 4543.182. Hundred Forty —_-18172.73"", ""method"": ""OCR (tesseract psm 6, 2x, rulings removed)"", ""check"": ""arithmetic"", ""confidence"": ""medium"", ""cross_validated"": true}]"
14,"ars, cap etc. complete) including all lead and lift charges as per the direction of engineer incharges. .00mtrs to .00mtrs PVC Pipes 10KGSqcm 160mm outerdia (Casing Pipe) Rupees Nine including all lead and lift charges as per the direction of Mtr Hundred Forty",Pipes & ducts,,,Schedule B,101.0,941.522,95093.72,,,,,,medium,1,"[{""document_id"": ""WO-4--90108352-SB.pdf"", ""attachment_type"": ""Schedule B"", ""work_bill_id"": ""767205"", ""attachment_url"": ""https://accounts.bbmp.gov.in/vssIFMS/Files1/WO-4--90108352-SB.pdf"", ""listing_url"": ""https://accounts.bbmp.gov.in/vssWB/vss00CvStatusData.php?pAction=LoadWBFiles&pWorkBillID=767205"", ""page"": 16, ""page_kind"": ""schedule_b"", ""raw"": ""106 101.00 including all lead and lift charges as per the direction of Mtr 941.522 Hundred Forty 95093.72"", ""method"": ""OCR (tesseract psm 6, 2x, rulings removed)"", ""check"": ""arithmetic"", ""confidence"": ""medium"", ""cross_validated"": true}]"
14,at lincharges. — ne = —_— = —— Supplying and fixing miniature circuit breakers on existing MCB RupeesOne distribution board using necessary fixing materials and C type ‘Thousand Three us curve indicator ONOFF energy cross- with short circuit Each Hundred Sixty,Other,,nos,Schedule B,1.0,1368.55,1368.55,,,,,,medium,1,"[{""document_id"": ""WO-4--90108352-SB.pdf"", ""attachment_type"": ""Schedule B"", ""work_bill_id"": ""767205"", ""attachment_url"": ""https://accounts.bbmp.gov.in/vssIFMS/Files1/WO-4--90108352-SB.pdf"", ""listing_url"": ""https://accounts.bbmp.gov.in/vssWB/vss00CvStatusData.php?pAction=LoadWBFiles&pWorkBillID=767205"", ""page"": 17, ""page_kind"": ""schedule_b"", ""raw"": ""us 100 curve indicator ONOFF energy cross-3 with short circuit Each 1368.55 | Hundred Sixty 1368.55 |"", ""method"": ""OCR (tesseract psm 6, 2x, rulings removed)"", ""check"": ""decimal restored"", ""confidence"": ""medium"", ""cross_validated"": true}]"
14,ty Only core sqmm including all lead and lift charges as per the direction of engineer incharges. SD een neers Se PS a - = Labour charge for laying KV class UG cable in existing os _ ‘Tench GI pipe stoneware pipe on wall on poles as required in No. Slade welve,Pipes & ducts,,,Schedule B,10.0,11.9988,119.99,,,,,,medium,1,"[{""document_id"": ""WO-4--90108352-SB.pdf"", ""attachment_type"": ""Schedule B"", ""work_bill_id"": ""767205"", ""attachment_url"": ""https://accounts.bbmp.gov.in/vssIFMS/Files1/WO-4--90108352-SB.pdf"", ""listing_url"": ""https://accounts.bbmp.gov.in/vssWB/vss00CvStatusData.php?pAction=LoadWBFiles&pWorkBillID=767205"", ""page"": 18, ""page_kind"": ""schedule_b"", ""raw"": ""os 10.00 _|‘Tench GI pipe stoneware pipe on wall on poles as required in No. 11.9988 Slade welve 119.99"", ""method"": ""OCR (tesseract psm 6, 2x, rulings removed)"", ""check"": ""arithmetic"", ""confidence"": ""medium"", ""cross_validated"": true}]"
14,"engineer incharges. regseee be Supplying and fixing class-A(medium duty) GI pipe wall Rupees Three thickness not less then .25mm on polewalldrain crossing with! \SFrandrea Thirty , necessary clamping arrangements for UG cable of .1KV class Mtr ‘Eight And Paise",Drain & culvert works,,,Schedule B,2.0,338.35,676.7,,,,,,medium,1,"[{""document_id"": ""WO-4--90108352-SB.pdf"", ""attachment_type"": ""Schedule B"", ""work_bill_id"": ""767205"", ""attachment_url"": ""https://accounts.bbmp.gov.in/vssIFMS/Files1/WO-4--90108352-SB.pdf"", ""listing_url"": ""https://accounts.bbmp.gov.in/vssWB/vss00CvStatusData.php?pAction=LoadWBFiles&pWorkBillID=767205"", ""page"": 18, ""page_kind"": ""schedule_b"", ""raw"": ""126 2.00 |necessary clamping arrangements for UG cable of 1.1KV class| Mtr | 338.35 | ‘Eight And Paise 676.70 |"", ""method"": ""OCR (tesseract psm 6, 2x, rulings removed)"", ""check"": ""arithmetic"", ""confidence"": ""medium"", ""cross_validated"": true}]"
14,"y circular housings with bearing from which the chain in suspended. The main beam is of 50mm MS A class pipe. Size of MS chain 30mm x 20mm x 5mm thick, the length of the main beam is mtrs x _ and height mtrs. The Nos of cost iron-heads. Four footing No. See ae",Pipes & ducts,,,Schedule B,3.0,46000.0,138000.0,,,,,,medium,1,"[{""document_id"": ""WO-4--90108352-SB.pdf"", ""attachment_type"": ""Schedule B"", ""work_bill_id"": ""767205"", ""attachment_url"": ""https://accounts.bbmp.gov.in/vssIFMS/Files1/WO-4--90108352-SB.pdf"", ""listing_url"": ""https://accounts.bbmp.gov.in/vssWB/vss00CvStatusData.php?pAction=LoadWBFiles&pWorkBillID=767205"", ""page"": 19, ""page_kind"": ""schedule_b"", ""raw"": ""130 | 3.00 _ and height 2.00 mtrs. The 2 Nos of cost iron-heads. Four footing No. | 46000 See ae | 138000.00 |"", ""method"": ""OCR (tesseract psm 6, 2x, rulings removed)"", ""check"": ""arithmetic"", ""confidence"": ""medium"", ""cross_validated"": true}]"
14,"s of 3ft. x 3ft. platforms made of 65mm NB, MS pipes and base .5mm thick aluminium chequred plate. All pipes are ISI grade. All the pipes are painted with two coats of RupeesTwo super set paint over a coat of protective Zinc chromate yellow No. — Lakh(s) Sixty",Pipes & ducts,,,Schedule B,2.0,260000.0,520000.0,,,,,,medium,1,"[{""document_id"": ""WO-4--90108352-SB.pdf"", ""attachment_type"": ""Schedule B"", ""work_bill_id"": ""767205"", ""attachment_url"": ""https://accounts.bbmp.gov.in/vssIFMS/Files1/WO-4--90108352-SB.pdf"", ""listing_url"": ""https://accounts.bbmp.gov.in/vssWB/vss00CvStatusData.php?pAction=LoadWBFiles&pWorkBillID=767205"", ""page"": 19, ""page_kind"": ""schedule_b"", ""raw"": ""132 | 2.00 super set paint over a coat of protective Zinc chromate yellow No. | 260000 — Lakh(s) Sixty 520000.00"", ""method"": ""OCR (tesseract psm 6, 2x, rulings removed)"", ""check"": ""arithmetic"", ""confidence"": ""medium"", ""cross_validated"": true}]"
28,"s machine mixed with super plasticisers, laid in layers, well compacted using needle vibrators , providing weep holes Rupees Seven Thousand wherever necesary, including all lead & lifts, cost of all materials of quality, labour, Usage Cum One Hundred Seventeen",Drain & culvert works,,cum,Schedule B,507.15,7117.0,3609386.55,,,,,,high,1,"[{""document_id"": ""WO-4--13243397-schedule B pkg 5.pdf"", ""attachment_type"": ""Schedule B"", ""work_bill_id"": ""631659"", ""attachment_url"": ""https://accounts.bbmp.gov.in/vssIFMS/Files1/WO-4--13243397-schedule%20B%20pkg%205.pdf"", ""listing_url"": ""https://accounts.bbmp.gov.in/vssWB/vss00CvStatusData.php?pAction=LoadWBFiles&pWorkBillID=631659"", ""page"": 3, ""page_kind"": ""schedule_b"", ""raw"": ""wherever necesary, including all lead & lifts, cost of all materials of quality, labour, Usage Cum 507.15 7117.0 One Hundred Seventeen 3609386.55"", ""method"": ""native text layer"", ""check"": ""arithmetic"", ""confidence"": ""high"", ""cross_validated"": true}]"
28,"se aggregates and fine aggregates as per relevant IS Codes machine mixed with super plasticisers laid in layers, Rupees Nine Thousand well compacted using needle vibrators. The cost includes all lead & lifts, cost of all materials , Cum One Hundred NinetyThree",Other,,cum,Schedule B,461.41,9193.0,4241742.13,,,,,,high,1,"[{""document_id"": ""WO-4--13243397-schedule B pkg 5.pdf"", ""attachment_type"": ""Schedule B"", ""work_bill_id"": ""631659"", ""attachment_url"": ""https://accounts.bbmp.gov.in/vssIFMS/Files1/WO-4--13243397-schedule%20B%20pkg%205.pdf"", ""listing_url"": ""https://accounts.bbmp.gov.in/vssWB/vss00CvStatusData.php?pAction=LoadWBFiles&pWorkBillID=631659"", ""page"": 3, ""page_kind"": ""schedule_b"", ""raw"": ""well compacted using needle vibrators. The cost includes all lead & lifts, cost of all materials , Cum 461.41 9193.0 One Hundred NinetyThree 4241742.13"", ""method"": ""native text layer"", ""check"": ""arithmetic"", ""confidence"": ""high"", ""cross_validated"": true}]"
28, achieve the desired density. ThirtyEight Only Reinforced cement concrete M30 grade for approach slab including reinforcement and formwork complete as per drawing and Technical specification (Batching Plant) Rupees Thirteen Thousand Cum Seven Hundred FourtyOne,Drain & culvert works,,cum,Schedule B,45.3,13741.0,622467.3,,,,,,high,1,"[{""document_id"": ""WO-4--13243397-schedule B pkg 5.pdf"", ""attachment_type"": ""Schedule B"", ""work_bill_id"": ""631659"", ""attachment_url"": ""https://accounts.bbmp.gov.in/vssIFMS/Files1/WO-4--13243397-schedule%20B%20pkg%205.pdf"", ""listing_url"": ""https://accounts.bbmp.gov.in/vssWB/vss00CvStatusData.php?pAction=LoadWBFiles&pWorkBillID=631659"", ""page"": 4, ""page_kind"": ""schedule_b"", ""raw"": ""Cum 45.3 13741.0 Seven Hundred FourtyOne 622467.3"", ""method"": ""native text layer"", ""check"": ""arithmetic"", ""confidence"": ""high"", ""cross_validated"": true}]"
28,"maller size towards the soil and bigger size towards Cum Two Hundred SixtyFour the wall and provided over the entire surface behind abutment , wing wall and return wall to Only the full height compacted to a firm condition complete as per drawing and Technical",Other,,cum,Schedule B,16.92,1264.0,21386.88,,,,,,high,1,"[{""document_id"": ""WO-4--13243397-schedule B pkg 5.pdf"", ""attachment_type"": ""Schedule B"", ""work_bill_id"": ""631659"", ""attachment_url"": ""https://accounts.bbmp.gov.in/vssIFMS/Files1/WO-4--13243397-schedule%20B%20pkg%205.pdf"", ""listing_url"": ""https://accounts.bbmp.gov.in/vssWB/vss00CvStatusData.php?pAction=LoadWBFiles&pWorkBillID=631659"", ""page"": 4, ""page_kind"": ""schedule_b"", ""raw"": ""satisfying the requirements laid down in clause 2504.2 .2 . ofMoRTH specifications to a Rupees One Thousand thickness of not less than 600 mm with smaller size towards the soil and bigger size towards Cum 16.92 1264.0 Two Hundred SixtyFour "", ""method"": ""native text layer"", ""check"": ""arithmetic"", ""confidence"": ""high"", ""cross_validated"": true}]"
28,"Snecification. Supplying, Fitting and Placing un-coated TMT Fe & above bar Reinforcement in Rupees One Lakh Five - Foundation complete as per Drawing and Technical Specifications. Tonne Thousand Two Hundred",Concrete,,tonne,Schedule B,53.55,105225.0,5634798.75,,,,,,high,1,"[{""document_id"": ""WO-4--13243397-schedule B pkg 5.pdf"", ""attachment_type"": ""Schedule B"", ""work_bill_id"": ""631659"", ""attachment_url"": ""https://accounts.bbmp.gov.in/vssIFMS/Files1/WO-4--13243397-schedule%20B%20pkg%205.pdf"", ""listing_url"": ""https://accounts.bbmp.gov.in/vssWB/vss00CvStatusData.php?pAction=LoadWBFiles&pWorkBillID=631659"", ""page"": 4, ""page_kind"": ""schedule_b"", ""raw"": ""Foundation complete as per Drawing and Technical Specifications. Tonne 53.55 105225.0 Thousand Two Hundred 5634798.75"", ""method"": ""native text layer"", ""check"": ""arithmetic"", ""confidence"": ""high"", ""cross_validated"": true}]"
30,"terials of quality, labour, Usage charges of machineries, curing, and all the other appurtenances required to complete the ' % work as per technical specifications. (The cost of steel weacl an piety reinforcement & formwork shall be paid separately) xed baleen",Concrete,,,Schedule B,540.46,6041.64,3265264.75,,,,,,medium,1,"[{""document_id"": ""WO-4-L3-ifms422-72704386-3-Accepted SB.pdf"", ""attachment_type"": ""Schedule B"", ""work_bill_id"": ""675632"", ""attachment_url"": ""https://accounts.bbmp.gov.in/vssIFMS/Files1/WO-4-L3-ifms422-72704386-3-Accepted%20SB.pdf"", ""listing_url"": ""https://accounts.bbmp.gov.in/vssWB/vss00CvStatusData.php?pAction=LoadWBFiles&pWorkBillID=675632"", ""page"": 1, ""page_kind"": ""schedule_b"", ""raw"": ""reinforcement & formwork shall be paid separately) 540.46 6041.64 xed baleen 3265264.75"", ""method"": ""OCR (tesseract psm 6, 2x)"", ""check"": ""arithmetic"", ""confidence"": ""medium"", ""cross_validated"": true}]"
30, The Work Providing Size Stone masonry with hard stone in foundation & plinth with Cement mortar : ( cement : coarse sand) complete as per the specification and ‘ Rupees Six as per the Directions of Engineer In Charge of The Thousand One Work Cum HundredSixAnd,Drain & culvert works,,cum,Schedule B,658.67,6106.96,4022471.34,451.4,,451.4,bill abstracts (sum of read bills),-31.5,medium,1,"[{""document_id"": ""WO-4-L3-ifms422-72704386-3-Accepted SB.pdf"", ""attachment_type"": ""Schedule B"", ""work_bill_id"": ""675632"", ""attachment_url"": ""https://accounts.bbmp.gov.in/vssIFMS/Files1/WO-4-L3-ifms422-72704386-3-Accepted%20SB.pdf"", ""listing_url"": ""https://accounts.bbmp.gov.in/vssWB/vss00CvStatusData.php?pAction=LoadWBFiles&pWorkBillID=675632"", ""page"": 1, ""page_kind"": ""schedule_b"", ""raw"": ""Work Cum 658.67 6106.96 |HundredSixAnd| 4022471.34"", ""method"": ""OCR (tesseract psm 6, 2x)"", ""check"": ""arithmetic"", ""confidence"": ""high"", ""cross_validated"": true}, {""document_id"": ""WB-Bill--99469274-Bill form.pdf"", ""attachment_type"": ""Bill Form"", ""work_bill_id"": ""655880"", ""attachment_url"": ""https://accounts.bbmp.gov.in/vssIFMS/Files1/WB-Bill--99469274-Bill%20form.pdf"", ""listing_url"": ""https://accounts.bbmp.gov.in/vssWB/vss00CvStatusData.php?pAction=LoadWBFiles&pWorkBillID=655880"", ""page"": 3, ""page_kind"": ""abstract"", ""raw"": ""6 coarse sand) complete as per the specification and as cum 161.04 6106.96 983464.84 161.04 983464.84"", ""method"": ""OCR (tesseract psm 6, 2x)"", ""check"": ""arithmetic"", ""confidence"": ""high"", ""cross_validated"": true}, {""document_id"": ""WB-Bill--52731164-Bill Form 186-23-000001 2nd & Part.pdf"", ""attachment_type"": ""Bill Form"", ""work_bill_id"": ""675632"", ""attachment_url"": ""https://accounts.bbmp.gov.in/vssIFMS/Files1/WB-Bill--52731164-Bill%20Form%20186-23-000001%202nd%20%26%20Part.pdf"", ""listing_url"": ""https://accounts.bbmp.gov.in/vssWB/vss00CvStatusData.php?pAction=LoadWBFiles&pWorkBillID=675632"", ""page"": 3, ""page_kind"": ""abstract"", ""raw"": ""| 6 coarse sand) complete as per the specification andas | Cum 161.04 | 983464.84 219.17 | 6106.96 1338444.71 380.21 2321909.55"", ""method"": ""OCR (tesseract psm 6, 2x, rulings removed)"", ""check"": ""arithmetic"", ""confidence"": ""high"", ""cross_validated"": true}, {""document_id"": ""WB-Bill--52731164-Bill Form 186-23-000001 2nd & Part.pdf"", ""attachment_type"": ""Bill Form"", ""work_bill_id"": ""675632"", ""attachment_url"": ""https://accounts.bbmp.gov.in/vssIFMS/Files1/WB-Bill--52731164-Bill%20Form%20186-23-000001%202nd%20%26%20Part.pdf"", ""listing_url"": ""https://accounts.bbmp.gov.in/vssWB/vss00CvStatusData.php?pAction=LoadWBFiles&pWorkBillID=675632"", ""page"": 8, ""page_kind"": ""abstract"", ""raw"": ""7 JAbove 125% - ~~ ee 71.19 7548.01 | 537305.09~ : : |"", ""method"": ""OCR (tesseract psm 6, 2x, rulings removed)"", ""check"": ""arithmetic"", ""confidence"": ""medium"", ""cross_validated"": true}]"
30," macadam specification Including premixing the Material with water at OMC in ! mechanical mix plant carriage of mixed Material by ee Upper to site, laying in uniform layers with lousane: H wkou paver/grader in ait bees / base course on well) Cum Hundred Ninety","Paving, kerbs & footpath",,cum,Schedule B,728.17,2696.43,1963459.43,366.67,,366.67,bill abstracts (sum of read bills),-49.6,medium,1,"[{""document_id"": ""WO-4-L3-ifms422-72704386-3-Accepted SB.pdf"", ""attachment_type"": ""Schedule B"", ""work_bill_id"": ""675632"", ""attachment_url"": ""https://accounts.bbmp.gov.in/vssIFMS/Files1/WO-4-L3-ifms422-72704386-3-Accepted%20SB.pdf"", ""listing_url"": ""https://accounts.bbmp.gov.in/vssWB/vss00CvStatusData.php?pAction=LoadWBFiles&pWorkBillID=675632"", ""page"": 2, ""page_kind"": ""schedule_b"", ""raw"": ""5 |paver/grader in ait bees / base course on well) Cum | 728.17 | 2696.43 Hundred Ninety | 1963459.43 |"", ""method"": ""OCR (tesseract psm 6, 2x, rulings removed)"", ""check"": ""arithmetic"", ""confidence"": ""high"", ""cross_validated"": true}, {""document_id"": ""WB-Bill--52731164-Bill Form 186-23-000001 2nd & Part.pdf"", ""attachment_type"": ""Bill Form"", ""work_bill_id"": ""675632"", ""attachment_url"": ""https://accounts.bbmp.gov.in/vssIFMS/Files1/WB-Bill--52731164-Bill%20Form%20186-23-000001%202nd%20%26%20Part.pdf"", ""listing_url"": ""https://accounts.bbmp.gov.in/vssWB/vss00CvStatusData.php?pAction=LoadWBFiles&pWorkBillID=675632"", ""page"": 4, ""page_kind"": ""abstract"", ""raw"": ""tipper to site, laying in uniform layers with paver/erader | yy, 269,07: 725530.44 97.60 269643 | 263169.07 366.67 988699.52"", ""method"": ""OCR (tesseract psm 6, 2x, rulings removed)"", ""check"": ""decimal restored"", ""confidence"": ""medium"", ""cross_validated"": true}]"
30,"sive strength of kg per m2 over SOmm thick sand bed (average thickness ) , / and compacting with plate vibrator having tons) Rupees One compaction force thereby forcing part of sand Thousand Two underneath to come up in between joints, final sqm Hundred Twenty",Other,,sqm,Schedule B,4315.03,1224.32,5262977.53,1979.11,,1979.11,bill form total up to date,-54.1,medium,1,"[{""document_id"": ""WO-4-L3-ifms422-72704386-3-Accepted SB.pdf"", ""attachment_type"": ""Schedule B"", ""work_bill_id"": ""675632"", ""attachment_url"": ""https://accounts.bbmp.gov.in/vssIFMS/Files1/WO-4-L3-ifms422-72704386-3-Accepted%20SB.pdf"", ""listing_url"": ""https://accounts.bbmp.gov.in/vssWB/vss00CvStatusData.php?pAction=LoadWBFiles&pWorkBillID=675632"", ""page"": 2, ""page_kind"": ""schedule_b"", ""raw"": ""6 underneath to come up in between joints, final sqm | 4315.03 1224.32 Hundred Twenty 5262977.53"", ""method"": ""OCR (tesseract psm 6, 2x, rulings removed)"", ""check"": ""arithmetic"", ""confidence"": ""high"", ""cross_validated"": true}, {""document_id"": ""WB-Bill--99469274-Bill form.pdf"", ""attachment_type"": ""Bill Form"", ""work_bill_id"": ""655880"", ""attachment_url"": ""https://accounts.bbmp.gov.in/vssIFMS/Files1/WB-Bill--99469274-Bill%20form.pdf"", ""listing_url"": ""https://accounts.bbmp.gov.in/vssWB/vss00CvStatusData.php?pAction=LoadWBFiles&pWorkBillID=655880"", ""page"": 5, ""page_kind"": ""abstract"", ""raw"": ""compaction force thereby forcing part of sand 1160.67 | 1224.32 | 142103149 1160.67 142103149"", ""method"": ""OCR (tesseract psm 6, 2x)"", ""check"": ""decimal restored"", ""confidence"": ""medium"", ""cross_validated"": true}, {""document_id"": ""WB-Bill--52731164-Bill Form 186-23-000001 2nd & Part.pdf"", ""attachment_type"": ""Bill Form"", ""work_bill_id"": ""675632"", ""attachment_url"": ""https://accounts.bbmp.gov.in/vssIFMS/Files1/WB-Bill--52731164-Bill%20Form%20186-23-000001%202nd%20%26%20Part.pdf"", ""listing_url"": ""https://accounts.bbmp.gov.in/vssWB/vss00CvStatusData.php?pAction=LoadWBFiles&pWorkBillID=675632"", ""page"": 5, ""page_kind"": ""abstract"", ""raw"": ""‘compaction force thereby forcing part of sand sqm 1160.67 142103149 818.44 1224.32 1002032.46 1979.11 2423063.96"", ""method"": ""OCR (tesseract psm 6, 2x, rulings removed)"", ""check"": ""arithmetic"", ""confidence"": ""high"", ""cross_validated"": true}]"
30,tion and as per the irections o ‘Hundred Ten And ; Engineer In Charge of The Work ; sam Paise Sixty Two ee — ———— . _ I l Removing and resetting of kerb stonescomplete as per fo = entae I —= the specification and as per the Directions of Engineer m TwoAndPaise,Dismantling & removal,,m,Schedule B,3060.05,92.36,282626.22,2782.43,,2782.43,bill form total up to date,-9.1,medium,1,"[{""document_id"": ""WO-4-L3-ifms422-72704386-3-Accepted SB.pdf"", ""attachment_type"": ""Schedule B"", ""work_bill_id"": ""675632"", ""attachment_url"": ""https://accounts.bbmp.gov.in/vssIFMS/Files1/WO-4-L3-ifms422-72704386-3-Accepted%20SB.pdf"", ""listing_url"": ""https://accounts.bbmp.gov.in/vssWB/vss00CvStatusData.php?pAction=LoadWBFiles&pWorkBillID=675632"", ""page"": 2, ""page_kind"": ""schedule_b"", ""raw"": ""8 |the specification and as per the Directions of Engineer m | 3060.05 92.36 TwoAndPaise | 282626.22"", ""method"": ""OCR (tesseract psm 6, 2x, rulings removed)"", ""check"": ""arithmetic"", ""confidence"": ""high"", ""cross_validated"": true}, {""document_id"": ""WB-Bill--99469274-Bill form.pdf"", ""attachment_type"": ""Bill Form"", ""work_bill_id"": ""655880"", ""attachment_url"": ""https://accounts.bbmp.gov.in/vssIFMS/Files1/WB-Bill--99469274-Bill%20form.pdf"", ""listing_url"": ""https://accounts.bbmp.gov.in/vssWB/vss00CvStatusData.php?pAction=LoadWBFiles&pWorkBillID=655880"", ""page"": 5, ""page_kind"": ""abstract"", ""raw"": ""the specification and as per the Directions of Engineer In 92.36 60832.91 658.65 60832.91"", ""method"": ""OCR (tesseract psm 6, 2x)"", ""check"": ""arithmetic"", ""confidence"": ""medium"", ""cross_validated"": true}, {""document_id"": ""WB-Bill--52731164-Bill Form 186-23-000001 2nd & Part.pdf"", ""attachment_type"": ""Bill Form"", ""work_bill_id"": ""675632"", ""attachment_url"": ""https://accounts.bbmp.gov.in/vssIFMS/Files1/WB-Bill--52731164-Bill%20Form%20186-23-000001%202nd%20%26%20Part.pdf"", ""listing_url"": ""https://accounts.bbmp.gov.in/vssWB/vss00CvStatusData.php?pAction=LoadWBFiles&pWorkBillID=675632"", ""page"": 5, ""page_kind"": ""abstract"", ""raw"": ""the specification and as per the Directions of Engineer In | m 658.65 60832.91 2123.78 92.36 196151.86 2782.43 256984.77"", ""method"": ""OCR (tesseract psm 6, 2x, rulings removed)"", ""check"": ""arithmetic"", ""confidence"": ""high"", ""cross_validated"": true}]"
30,"nd as per the Directions of Engineer In Charge of The Work Supplying and filling in plinth with sand under floors, Rupees Two foundation of Bridges including watering, ramming, Thousand Four consolidating and dressing complete.complete as per cum Hundred Fifty",Other,,cum,Schedule B,515.26,2452.02,1263427.83,,,,,,high,1,"[{""document_id"": ""WO-4-L3-ifms422-72704386-3-Accepted SB.pdf"", ""attachment_type"": ""Schedule B"", ""work_bill_id"": ""675632"", ""attachment_url"": ""https://accounts.bbmp.gov.in/vssIFMS/Files1/WO-4-L3-ifms422-72704386-3-Accepted%20SB.pdf"", ""listing_url"": ""https://accounts.bbmp.gov.in/vssWB/vss00CvStatusData.php?pAction=LoadWBFiles&pWorkBillID=675632"", ""page"": 5, ""page_kind"": ""schedule_b"", ""raw"": ""consolidating and dressing complete.complete as per cum 515.26 2452.02 Hundred Fifty 1263427.83"", ""method"": ""OCR (tesseract psm 6, 2x)"", ""check"": ""arithmetic"", ""confidence"": ""high"", ""cross_validated"": true}]"
30,er the specification and as per the Directions of Engineer In Charge of The Work Providing Children Play Two Seater Standard Swing equipmentcomplete as per the specification and as per Ru F ; the Directions of Engineer In Charge of The Work each Thousand Gedy.,Other,,nos,Schedule B,5.0,46000.0,230000.0,,,,,,high,1,"[{""document_id"": ""WO-4-L3-ifms422-72704386-3-Accepted SB.pdf"", ""attachment_type"": ""Schedule B"", ""work_bill_id"": ""675632"", ""attachment_url"": ""https://accounts.bbmp.gov.in/vssIFMS/Files1/WO-4-L3-ifms422-72704386-3-Accepted%20SB.pdf"", ""listing_url"": ""https://accounts.bbmp.gov.in/vssWB/vss00CvStatusData.php?pAction=LoadWBFiles&pWorkBillID=675632"", ""page"": 6, ""page_kind"": ""schedule_b"", ""raw"": ""the Directions of Engineer In Charge of The Work each 5 46000.00 Thousand Gedy. 230000.00"", ""method"": ""OCR (tesseract psm 6, 2x)"", ""check"": ""arithmetic"", ""confidence"": ""high"", ""cross_validated"": true}]"
30,: . The platform ts to be fitted with Double Twin! wave slideof kids made out of high quality Plastic rope neas Dae climber is to be fixed at a height of ft and runs fora Lakh(s) Forty length of not less tham Sft. Moulder FRP slides are non. each eve Thousand!,Other,,nos,Schedule B,15.0,145000.0,2175000.0,,,,,,high,1,"[{""document_id"": ""WO-4-L3-ifms422-72704386-3-Accepted SB.pdf"", ""attachment_type"": ""Schedule B"", ""work_bill_id"": ""675632"", ""attachment_url"": ""https://accounts.bbmp.gov.in/vssIFMS/Files1/WO-4-L3-ifms422-72704386-3-Accepted%20SB.pdf"", ""listing_url"": ""https://accounts.bbmp.gov.in/vssWB/vss00CvStatusData.php?pAction=LoadWBFiles&pWorkBillID=675632"", ""page"": 7, ""page_kind"": ""schedule_b"", ""raw"": ""30 {length of not less tham Sft. Moulder FRP slides are non. each | 15 145000.00 | eve Thousand! | 2175000.00"", ""method"": ""OCR (tesseract psm 6, 2x, rulings removed)"", ""check"": ""arithmetic"", ""confidence"": ""high"", ""cross_validated"": true}]"
30,"Height - °) : This is a stationary cycle made up of central pillar 100rn pipes. The seat is made up of FRP. This equipment gives the benefits of cycling and improves blood low to, _ Rupees One the legs. Maintenance free self-greased SKF ball each Lakh(s) Forty",Pipes & ducts,,nos,Schedule B,2.0,140000.0,280000.0,4.0,,4.0,bill form total up to date,100.0,high,1,"[{""document_id"": ""WO-4-L3-ifms422-72704386-3-Accepted SB.pdf"", ""attachment_type"": ""Schedule B"", ""work_bill_id"": ""675632"", ""attachment_url"": ""https://accounts.bbmp.gov.in/vssIFMS/Files1/WO-4-L3-ifms422-72704386-3-Accepted%20SB.pdf"", ""listing_url"": ""https://accounts.bbmp.gov.in/vssWB/vss00CvStatusData.php?pAction=LoadWBFiles&pWorkBillID=675632"", ""page"": 7, ""page_kind"": ""schedule_b"", ""raw"": ""31 |the legs. Maintenance free self-greased SKF ball each | 2 | 140000.00 Lakh(s) Forty | 280000.00"", ""method"": ""OCR (tesseract psm 6, 2x, rulings removed)"", ""check"": ""arithmetic"", ""confidence"": ""high"", ""cross_validated"": true}, {""document_id"": ""WB-Bill--52731164-Bill Form 186-23-000001 2nd & Part.pdf"", ""attachment_type"": ""Bill Form"", ""work_bill_id"": ""675632"", ""attachment_url"": ""https://accounts.bbmp.gov.in/vssIFMS/Files1/WB-Bill--52731164-Bill%20Form%20186-23-000001%202nd%20%26%20Part.pdf"", ""listing_url"": ""https://accounts.bbmp.gov.in/vssWB/vss00CvStatusData.php?pAction=LoadWBFiles&pWorkBillID=675632"", ""page"": 12, ""page_kind"": ""abstract"", ""raw"": ""Maintenance free self-greased SKF ball bearings. The each 4.00 | 560000.00 0.00 . 140000.00 0.00 4.00 560000.00"", ""method"": ""OCR (tesseract psm 6, 2x, rulings removed)"", ""check"": ""arithmetic"", ""confidence"": ""high"", ""cross_validated"": true}]"
30,"c dipped. All welded joints are) scalloped as necessary and welded. All welds as dressed off removing all sharp edges and burrs,. Rubber. High quality grip rubber is used for M the _ Rupees Two handles. Bearings; Maintenance-free self-greased SKF each Borla a.",Dismantling & removal,,,Schedule B,2.0,248000.0,496000.0,4.0,,4.0,bill form total up to date,100.0,medium,1,"[{""document_id"": ""WO-4-L3-ifms422-72704386-3-Accepted SB.pdf"", ""attachment_type"": ""Schedule B"", ""work_bill_id"": ""675632"", ""attachment_url"": ""https://accounts.bbmp.gov.in/vssIFMS/Files1/WO-4-L3-ifms422-72704386-3-Accepted%20SB.pdf"", ""listing_url"": ""https://accounts.bbmp.gov.in/vssWB/vss00CvStatusData.php?pAction=LoadWBFiles&pWorkBillID=675632"", ""page"": 7, ""page_kind"": ""schedule_b"", ""raw"": ""32 |handles. Bearings; Maintenance-free self-greased SKF each 2 248000.00 Borla a. | 496000.00"", ""method"": ""OCR (tesseract psm 6, 2x, rulings removed)"", ""check"": ""arithmetic"", ""confidence"": ""medium"", ""cross_validated"": true}, {""document_id"": ""WB-Bill--52731164-Bill Form 186-23-000001 2nd & Part.pdf"", ""attachment_type"": ""Bill Form"", ""work_bill_id"": ""675632"", ""attachment_url"": ""https://accounts.bbmp.gov.in/vssIFMS/Files1/WB-Bill--52731164-Bill%20Form%20186-23-000001%202nd%20%26%20Part.pdf"", ""listing_url"": ""https://accounts.bbmp.gov.in/vssWB/vss00CvStatusData.php?pAction=LoadWBFiles&pWorkBillID=675632"", ""page"": 12, ""page_kind"": ""abstract"", ""raw"": ""High quality grip rubber is used for M the handles. each 4.00 992000.00 | 0.00 248000.00 0.00 4,00 992000.00"", ""method"": ""OCR (tesseract psm 6, 2x, rulings removed)"", ""check"": ""arithmetic"", ""confidence"": ""high"", ""cross_validated"": true}]"
30,are made up o L ‘Aluminium castings. Two people can exercise on the equipment in a back and forth motion. Experiments with various speeds and different levels of intensity No Rupees Two can be done. It gives cardiovascular benefits pramotes each _Lakh(s) Fifty,Other,,nos,Schedule B,2.0,258000.0,516000.0,,,,,,high,1,"[{""document_id"": ""WO-4-L3-ifms422-72704386-3-Accepted SB.pdf"", ""attachment_type"": ""Schedule B"", ""work_bill_id"": ""675632"", ""attachment_url"": ""https://accounts.bbmp.gov.in/vssIFMS/Files1/WO-4-L3-ifms422-72704386-3-Accepted%20SB.pdf"", ""listing_url"": ""https://accounts.bbmp.gov.in/vssWB/vss00CvStatusData.php?pAction=LoadWBFiles&pWorkBillID=675632"", ""page"": 8, ""page_kind"": ""schedule_b"", ""raw"": ""36 can be done. It gives cardiovascular benefits pramotes| each 2 258000.00 | _Lakh(s) Fifty 516000.00"", ""method"": ""OCR (tesseract psm 6, 2x, rulings removed)"", ""check"": ""arithmetic"", ""confidence"": ""high"", ""cross_validated"": true}]"
30,and zinc dipped. All welded joints are scalloped as necessary and welded. All welds are dressed off removing all sharp edges and burrs. a9 Bearings: Maintenance free self-Greased SKF ball Rupees One bearings. Scope of Delivery: completely pre- cach pom Seventy,Dismantling & removal,,,Schedule B,2.0,172000.0,344000.0,,,,,,medium,1,"[{""document_id"": ""WO-4-L3-ifms422-72704386-3-Accepted SB.pdf"", ""attachment_type"": ""Schedule B"", ""work_bill_id"": ""675632"", ""attachment_url"": ""https://accounts.bbmp.gov.in/vssIFMS/Files1/WO-4-L3-ifms422-72704386-3-Accepted%20SB.pdf"", ""listing_url"": ""https://accounts.bbmp.gov.in/vssWB/vss00CvStatusData.php?pAction=LoadWBFiles&pWorkBillID=675632"", ""page"": 8, ""page_kind"": ""schedule_b"", ""raw"": ""bearings. Scope of Delivery:1 completely pre- cach 2 172000.00 pom Seventy 344000.00"", ""method"": ""OCR (tesseract psm 6, 2x, rulings removed)"", ""check"": ""arithmetic"", ""confidence"": ""medium"", ""cross_validated"": true}]"
30, All welded joints are scalloped as necessary and welded .All welds are. dressed off removing all sharp edges and burrs. r Rubber: High quality grip rubber is used for the. vats) Thitty handles. Bearings: Maintenance-free self-greased SKF_ each = Fi e-thousand,Dismantling & removal,,nos,Schedule B,2.0,235000.0,470000.0,4.0,,4.0,bill form total up to date,100.0,high,1,"[{""document_id"": ""WO-4-L3-ifms422-72704386-3-Accepted SB.pdf"", ""attachment_type"": ""Schedule B"", ""work_bill_id"": ""675632"", ""attachment_url"": ""https://accounts.bbmp.gov.in/vssIFMS/Files1/WO-4-L3-ifms422-72704386-3-Accepted%20SB.pdf"", ""listing_url"": ""https://accounts.bbmp.gov.in/vssWB/vss00CvStatusData.php?pAction=LoadWBFiles&pWorkBillID=675632"", ""page"": 9, ""page_kind"": ""schedule_b"", ""raw"": ""| 39 handles. Bearings: Maintenance-free self-greased SKF_ each | = 2 235000.00 | Fi e-thousand | 470000.00"", ""method"": ""OCR (tesseract psm 6, 2x, rulings removed)"", ""check"": ""arithmetic"", ""confidence"": ""high"", ""cross_validated"": true}, {""document_id"": ""WB-Bill--99469274-Bill form.pdf"", ""attachment_type"": ""Bill Form"", ""work_bill_id"": ""655880"", ""attachment_url"": ""https://accounts.bbmp.gov.in/vssIFMS/Files1/WB-Bill--99469274-Bill%20form.pdf"", ""listing_url"": ""https://accounts.bbmp.gov.in/vssWB/vss00CvStatusData.php?pAction=LoadWBFiles&pWorkBillID=655880"", ""page"": 15, ""page_kind"": ""abstract"", ""raw"": ""quality grip rubber is used # the handles. Bearings each 4.00 | 235000.00 | 940000.00 4.00 940000.00"", ""method"": ""OCR (tesseract psm 6, 2x)"", ""check"": ""arithmetic"", ""confidence"": ""high"", ""cross_validated"": true}]"
30,"l lead & lifts, cost of all materials, quality confirming to the requirements of relevant IS codes » labour, Usage Rupees Seven charges of machinery, curing and all the other Thousand Seven appurtenances required to complete the work as per) Cum Hundred Eighty",Other,,cum,Schedule B,1.94,7786.88,15106.55,,,,,,high,1,"[{""document_id"": ""WO-4-L3-ifms422-72704386-3-Accepted SB.pdf"", ""attachment_type"": ""Schedule B"", ""work_bill_id"": ""675632"", ""attachment_url"": ""https://accounts.bbmp.gov.in/vssIFMS/Files1/WO-4-L3-ifms422-72704386-3-Accepted%20SB.pdf"", ""listing_url"": ""https://accounts.bbmp.gov.in/vssWB/vss00CvStatusData.php?pAction=LoadWBFiles&pWorkBillID=675632"", ""page"": 10, ""page_kind"": ""schedule_b"", ""raw"": ""47 appurtenances required to complete the work as per) Cum 1.94 7786.88 Hundred Eighty 15106.55"", ""method"": ""OCR (tesseract psm 6, 2x, rulings removed)"", ""check"": ""arithmetic"", ""confidence"": ""high"", ""cross_validated"": true}]"
30,"all lead & lifts, cost of all materials, quality confirming to the requirements of relevant IS codes , labour, Usage Rupees Eight charges of machinery, curing and all the other Thousand Four appurtenances required to complete the work as per Cum Hundred Ninety",Other,,cum,Schedule B,73.08,8494.78,620798.52,61.15,,61.15,bill form total up to date,-16.3,high,1,"[{""document_id"": ""WO-4-L3-ifms422-72704386-3-Accepted SB.pdf"", ""attachment_type"": ""Schedule B"", ""work_bill_id"": ""675632"", ""attachment_url"": ""https://accounts.bbmp.gov.in/vssIFMS/Files1/WO-4-L3-ifms422-72704386-3-Accepted%20SB.pdf"", ""listing_url"": ""https://accounts.bbmp.gov.in/vssWB/vss00CvStatusData.php?pAction=LoadWBFiles&pWorkBillID=675632"", ""page"": 10, ""page_kind"": ""schedule_b"", ""raw"": ""48 appurtenances required to complete the work as per| Cum 73.08 8494.78 | Hundred Ninety 620798,52"", ""method"": ""OCR (tesseract psm 6, 2x, rulings removed)"", ""check"": ""arithmetic"", ""confidence"": ""high"", ""cross_validated"": true}, {""document_id"": ""WB-Bill--99469274-Bill form.pdf"", ""attachment_type"": ""Bill Form"", ""work_bill_id"": ""655880"", ""attachment_url"": ""https://accounts.bbmp.gov.in/vssIFMS/Files1/WB-Bill--99469274-Bill%20form.pdf"", ""listing_url"": ""https://accounts.bbmp.gov.in/vssWB/vss00CvStatusData.php?pAction=LoadWBFiles&pWorkBillID=655880"", ""page"": 8, ""page_kind"": ""abstract"", ""raw"": ""charges of machinery, curing and all the other Cum 61.15 7369.08 450611.87 61.15 450611.87"", ""method"": ""OCR (tesseract psm 6, 2x)"", ""check"": ""arithmetic"", ""confidence"": ""high"", ""cross_validated"": true}]"
30,"ster of mix : : ( cement: fine sand) to brick/stone masonary including rounding off corners wherever required smooth Rupees Four rendering, providing and removing scaffolding, Hundred Thirty including cost of materials, labour, curing complete as Two And Paise",Dismantling & removal,,,Schedule B,241.23,432.23,104266.84,113.69,,113.69,bill abstracts (sum of read bills),-52.9,medium,1,"[{""document_id"": ""WO-4-L3-ifms422-72704386-3-Accepted SB.pdf"", ""attachment_type"": ""Schedule B"", ""work_bill_id"": ""675632"", ""attachment_url"": ""https://accounts.bbmp.gov.in/vssIFMS/Files1/WO-4-L3-ifms422-72704386-3-Accepted%20SB.pdf"", ""listing_url"": ""https://accounts.bbmp.gov.in/vssWB/vss00CvStatusData.php?pAction=LoadWBFiles&pWorkBillID=675632"", ""page"": 11, ""page_kind"": ""schedule_b"", ""raw"": ""including cost of materials, labour, curing complete as 241.23 432.23 Two And Paise 104266.84"", ""method"": ""OCR (tesseract psm 6, 2x)"", ""check"": ""arithmetic"", ""confidence"": ""medium"", ""cross_validated"": true}, {""document_id"": ""WB-Bill--99469274-Bill form.pdf"", ""attachment_type"": ""Bill Form"", ""work_bill_id"": ""655880"", ""attachment_url"": ""https://accounts.bbmp.gov.in/vssIFMS/Files1/WB-Bill--99469274-Bill%20form.pdf"", ""listing_url"": ""https://accounts.bbmp.gov.in/vssWB/vss00CvStatusData.php?pAction=LoadWBFiles&pWorkBillID=655880"", ""page"": 16, ""page_kind"": ""abstract"", ""raw"": ""materials, labour, curing complete as per specifications 43.00 432.23 18585.89 43.00 18585.89"", ""method"": ""OCR (tesseract psm 6, 2x)"", ""check"": ""arithmetic"", ""confidence"": ""medium"", ""cross_validated"": true}, {""document_id"": ""WB-Bill--52731164-Bill Form 186-23-000001 2nd & Part.pdf"", ""attachment_type"": ""Bill Form"", ""work_bill_id"": ""675632"", ""attachment_url"": ""https://accounts.bbmp.gov.in/vssIFMS/Files1/WB-Bill--52731164-Bill%20Form%20186-23-000001%202nd%20%26%20Part.pdf"", ""listing_url"": ""https://accounts.bbmp.gov.in/vssWB/vss00CvStatusData.php?pAction=LoadWBFiles&pWorkBillID=675632"", ""page"": 16, ""page_kind"": ""abstract"", ""raw"": ""| |materials, labour, curing complete as per specifications == sqm 43.00  18585.89 | 70.69 432.23 30553.91 1"", ""method"": ""OCR (tesseract psm 6, 2x, rulings removed)"", ""check"": ""arithmetic"", ""confidence"": ""high"", ""cross_validated"": true}]"
30,"ding holdfast in cement concrete : : of 20mm and down size granite metal painting two coats of coal tar to sides of frame, Rupees One making good the damages to walls and floor as Thousand Six required and disposal of the debris with lead upto Hundred Seventy)","Paving, kerbs & footpath",,,Schedule B,12.0,1672.6,20071.2,,,,,,medium,1,"[{""document_id"": ""WO-4-L3-ifms422-72704386-3-Accepted SB.pdf"", ""attachment_type"": ""Schedule B"", ""work_bill_id"": ""675632"", ""attachment_url"": ""https://accounts.bbmp.gov.in/vssIFMS/Files1/WO-4-L3-ifms422-72704386-3-Accepted%20SB.pdf"", ""listing_url"": ""https://accounts.bbmp.gov.in/vssWB/vss00CvStatusData.php?pAction=LoadWBFiles&pWorkBillID=675632"", ""page"": 12, ""page_kind"": ""schedule_b"", ""raw"": ""required and disposal of the debris with lead upto 50 12 1672.60 | Hundred Seventy) 20071.20"", ""method"": ""OCR (tesseract psm 6, 2x)"", ""check"": ""arithmetic"", ""confidence"": ""medium"", ""cross_validated"": true}]"
30,reinforcement of 1mm thickness and Sash with overall size of 39mm x 75mm with GI reinforcement of 2mm and mesh sash Rupees Eight of size 37mm x 58mm. Coextruded Glazing bead for Thousand One fixing of glass shall be of size 20mm x mm. Windows 54m Hundred Fifty,Concrete,,,Schedule B,134.37,8154.62,1095736.29,,,,,,medium,1,"[{""document_id"": ""WO-4-L3-ifms422-72704386-3-Accepted SB.pdf"", ""attachment_type"": ""Schedule B"", ""work_bill_id"": ""675632"", ""attachment_url"": ""https://accounts.bbmp.gov.in/vssIFMS/Files1/WO-4-L3-ifms422-72704386-3-Accepted%20SB.pdf"", ""listing_url"": ""https://accounts.bbmp.gov.in/vssWB/vss00CvStatusData.php?pAction=LoadWBFiles&pWorkBillID=675632"", ""page"": 13, ""page_kind"": ""schedule_b"", ""raw"": ""60 | fixing of glass shall be of size 20mm x 24 mm. Windows} 54m 134.37 8154.62 Hundred Fifty | 109573629"", ""method"": ""OCR (tesseract psm 6, 2x, rulings removed)"", ""check"": ""decimal restored"", ""confidence"": ""medium"", ""cross_validated"": true}]"
30,") proportion cut to required shape, pattern with paper joints, finished with cement mortal using white cement and colour Rupees Three pigments to match the colour of slab making through Thousand Four jointing with sealant, making holes 25mmx12mm Hundred Ninety",Drain & culvert works,,,Schedule B,144.48,3495.82,505076.07,53.0,,53.0,bill abstracts (sum of read bills),-63.3,medium,1,"[{""document_id"": ""WO-4-L3-ifms422-72704386-3-Accepted SB.pdf"", ""attachment_type"": ""Schedule B"", ""work_bill_id"": ""675632"", ""attachment_url"": ""https://accounts.bbmp.gov.in/vssIFMS/Files1/WO-4-L3-ifms422-72704386-3-Accepted%20SB.pdf"", ""listing_url"": ""https://accounts.bbmp.gov.in/vssWB/vss00CvStatusData.php?pAction=LoadWBFiles&pWorkBillID=675632"", ""page"": 15, ""page_kind"": ""schedule_b"", ""raw"": ""jointing with sealant, making holes 25mmx12mm 144.48 3495.82 | Hundred Ninety | 505076.07"", ""method"": ""OCR (tesseract psm 6, 2x)"", ""check"": ""arithmetic"", ""confidence"": ""medium"", ""cross_validated"": true}, {""document_id"": ""WB-Bill--99469274-Bill form.pdf"", ""attachment_type"": ""Bill Form"", ""work_bill_id"": ""655880"", ""attachment_url"": ""https://accounts.bbmp.gov.in/vssIFMS/Files1/WB-Bill--99469274-Bill%20form.pdf"", ""listing_url"": ""https://accounts.bbmp.gov.in/vssWB/vss00CvStatusData.php?pAction=LoadWBFiles&pWorkBillID=655880"", ""page"": 17, ""page_kind"": ""abstract"", ""raw"": ""sealant, making holes 25mmx12mm grooves in joints 39.90 3461.21 138102.28 39,90 138102.28"", ""method"": ""OCR (tesseract psm 6, 2x)"", ""check"": ""arithmetic"", ""confidence"": ""medium"", ""cross_validated"": true}, {""document_id"": ""WB-Bill--99469274-Bill form.pdf"", ""attachment_type"": ""Bill Form"", ""work_bill_id"": ""655880"", ""attachment_url"": ""https://accounts.bbmp.gov.in/vssIFMS/Files1/WB-Bill--99469274-Bill%20form.pdf"", ""listing_url"": ""https://accounts.bbmp.gov.in/vssWB/vss00CvStatusData.php?pAction=LoadWBFiles&pWorkBillID=655880"", ""page"": 19, ""page_kind"": ""abstract"", ""raw"": ""colour of slab making through jointing with sealant, 13.10 3058.00 40044.51 13.10 40044.51"", ""method"": ""OCR (tesseract psm 6, 2x)"", ""check"": ""arithmetic"", ""confidence"": ""medium"", ""cross_validated"": true}]"
30," Thermal Conductivity k = - w/m K, Colour White, Fire Performance UK Class I Class (BS pt & ) and suitable for Green Building application with Rupees One Recycled content of %. Thousand Seven The tile shall be laid on mm wide T - section flanges Hundred Eighty","Paving, kerbs & footpath",,,Schedule B,762.5,1782.98,1359522.25,,,,,,medium,1,"[{""document_id"": ""WO-4-L3-ifms422-72704386-3-Accepted SB.pdf"", ""attachment_type"": ""Schedule B"", ""work_bill_id"": ""675632"", ""attachment_url"": ""https://accounts.bbmp.gov.in/vssIFMS/Files1/WO-4-L3-ifms422-72704386-3-Accepted%20SB.pdf"", ""listing_url"": ""https://accounts.bbmp.gov.in/vssWB/vss00CvStatusData.php?pAction=LoadWBFiles&pWorkBillID=675632"", ""page"": 15, ""page_kind"": ""schedule_b"", ""raw"": ""The tile shall be laid on 24 mm wide T - section flanges 762.5 1782.98 | Hundred Eighty | 1359522.25"", ""method"": ""OCR (tesseract psm 6, 2x)"", ""check"": ""arithmetic"", ""confidence"": ""medium"", ""cross_validated"": true}]"
30,"sizes respectively with automatic flushing cistern with standard flush pipe and C.P. brass spreaders with brass Rupees Three unions and G.I clamps complete, including painting Thousand Nine fittings and brackets, cutting and making good the) Pan Hundred Eighty",Earthwork & excavation,,,Schedule B,5.0,3982.7,19913.5,,,,,,medium,1,"[{""document_id"": ""WO-4-L3-ifms422-72704386-3-Accepted SB.pdf"", ""attachment_type"": ""Schedule B"", ""work_bill_id"": ""675632"", ""attachment_url"": ""https://accounts.bbmp.gov.in/vssIFMS/Files1/WO-4-L3-ifms422-72704386-3-Accepted%20SB.pdf"", ""listing_url"": ""https://accounts.bbmp.gov.in/vssWB/vss00CvStatusData.php?pAction=LoadWBFiles&pWorkBillID=675632"", ""page"": 16, ""page_kind"": ""schedule_b"", ""raw"": ""71 |fittings and brackets, cutting and making good the) Pan 5 3982.70 | Hundred Eighty 19913.50"", ""method"": ""OCR (tesseract psm 6, 2x, rulings removed)"", ""check"": ""arithmetic"", ""confidence"": ""medium"", ""cross_validated"": true}]"
30,"of Engineer In Charge of The Work Providing and fixing = viding and fixin, i a , th ; g mm sand cast fron grating for Rupees Two y p.complete as per the specification and as per h Hundred Thi the Directions of Engineer In Charge of The Work eae And Paise Nidef",Other,,,Schedule B,20.0,230.9,4618.9,,,,,,medium,1,"[{""document_id"": ""WO-4-L3-ifms422-72704386-3-Accepted SB.pdf"", ""attachment_type"": ""Schedule B"", ""work_bill_id"": ""675632"", ""attachment_url"": ""https://accounts.bbmp.gov.in/vssIFMS/Files1/WO-4-L3-ifms422-72704386-3-Accepted%20SB.pdf"", ""listing_url"": ""https://accounts.bbmp.gov.in/vssWB/vss00CvStatusData.php?pAction=LoadWBFiles&pWorkBillID=675632"", ""page"": 16, ""page_kind"": ""schedule_b"", ""raw"": ""the Directions of Engineer In Charge of The Work eae 20 230.90 And Paise Nidef 4618.90"", ""method"": ""OCR (tesseract psm 6, 2x, rulings removed)"", ""check"": ""arithmetic"", ""confidence"": ""medium"", ""cross_validated"": true}]"
30,"ipes Raving thermal stability for hot and cold —, fered inducing zl CPVC plain and brass eee femings, this includes fixing of pipes with camps zt m spacing. This includes jointing o __ Rupees Three \pipes and fangs with one step solvent cement. & Hundred Fifty",Concrete,,,Schedule B,120.0,355.92,42710.4,,,,,,medium,1,"[{""document_id"": ""WO-4-L3-ifms422-72704386-3-Accepted SB.pdf"", ""attachment_type"": ""Schedule B"", ""work_bill_id"": ""675632"", ""attachment_url"": ""https://accounts.bbmp.gov.in/vssIFMS/Files1/WO-4-L3-ifms422-72704386-3-Accepted%20SB.pdf"", ""listing_url"": ""https://accounts.bbmp.gov.in/vssWB/vss00CvStatusData.php?pAction=LoadWBFiles&pWorkBillID=675632"", ""page"": 17, ""page_kind"": ""schedule_b"", ""raw"": ""75 \\pipes and fangs with one step solvent cement. & 120 | 355.92 | Hundred Fifty 42710.40"", ""method"": ""OCR (tesseract psm 6, 2x, rulings removed)"", ""check"": ""arithmetic"", ""confidence"": ""medium"", ""cross_validated"": true}]"
30,per the Only specification and as per the Directions of Engineer In Charge of The Work Supplying and fixing of modular switch & connected j peel on existing modular switch plate as per 1s Rupees Ninety i and IS .6A One Way Switchcomplete as per' Nine And Paise,Other,,,Schedule B,132.0,99.12,13083.84,,,,,,medium,1,"[{""document_id"": ""WO-4-L3-ifms422-72704386-3-Accepted SB.pdf"", ""attachment_type"": ""Schedule B"", ""work_bill_id"": ""675632"", ""attachment_url"": ""https://accounts.bbmp.gov.in/vssIFMS/Files1/WO-4-L3-ifms422-72704386-3-Accepted%20SB.pdf"", ""listing_url"": ""https://accounts.bbmp.gov.in/vssWB/vss00CvStatusData.php?pAction=LoadWBFiles&pWorkBillID=675632"", ""page"": 18, ""page_kind"": ""schedule_b"", ""raw"": ""i 92 3854 and IS 1293.6A One Way Switchcomplete as per' 132 99.12 Nine And Paise 13083.84"", ""method"": ""OCR (tesseract psm 6, 2x, rulings removed)"", ""check"": ""arithmetic"", ""confidence"": ""medium"", ""cross_validated"": true}]"
30,tion and as per the Directions of Engineer’ Twelve Only In Charge of The Work Supplying and fixing of modular switch & connected accessories on existing modular switch plate as per IS Rupees One g3 and IS .6A Three Way socketcomplete as per each Hundred Eighty,Other,,nos,Schedule B,28.0,182.47,5109.16,,,,,,high,1,"[{""document_id"": ""WO-4-L3-ifms422-72704386-3-Accepted SB.pdf"", ""attachment_type"": ""Schedule B"", ""work_bill_id"": ""675632"", ""attachment_url"": ""https://accounts.bbmp.gov.in/vssIFMS/Files1/WO-4-L3-ifms422-72704386-3-Accepted%20SB.pdf"", ""listing_url"": ""https://accounts.bbmp.gov.in/vssWB/vss00CvStatusData.php?pAction=LoadWBFiles&pWorkBillID=675632"", ""page"": 18, ""page_kind"": ""schedule_b"", ""raw"": ""g3 3854 and IS 1293.6A Three Way socketcomplete as per| each 28 182.47 Hundred Eighty 5109.16"", ""method"": ""OCR (tesseract psm 6, 2x, rulings removed)"", ""check"": ""arithmetic"", ""confidence"": ""high"", ""cross_validated"": true}]"
30,"istrand FRLS PVC fF insulated, x1.5sq.mm cable confirming to the GTP, without switch, the other end of the wires shall be R Si terminated with sufficient loose length in a wood /PVC upees Six f -ound block. complete for each outlet. Long point Point sajapomyee",Electrical & lighting,,nos,Schedule B,70.0,610.47,42732.9,,,,,,high,1,"[{""document_id"": ""WO-4-L3-ifms422-72704386-3-Accepted SB.pdf"", ""attachment_type"": ""Schedule B"", ""work_bill_id"": ""675632"", ""attachment_url"": ""https://accounts.bbmp.gov.in/vssIFMS/Files1/WO-4-L3-ifms422-72704386-3-Accepted%20SB.pdf"", ""listing_url"": ""https://accounts.bbmp.gov.in/vssWB/vss00CvStatusData.php?pAction=LoadWBFiles&pWorkBillID=675632"", ""page"": 19, ""page_kind"": ""schedule_b"", ""raw"": ""f 86 |-ound block. complete for each outlet. Long point Point 70 610.47 sajapomyee 42732.90"", ""method"": ""OCR (tesseract psm 6, 2x, rulings removed)"", ""check"": ""arithmetic"", ""confidence"": ""high"", ""cross_validated"": true}]"
30," insulated, x1.5sq.mm_ cable confirming to the GTP, without switch, the other end of the wires shall be Rupees Seven terminated with sufficient loose length in a wood /PVC Hundred Fifty cound block. complete for each outlet. Two Out let ina . Point Five sea oa",Electrical & lighting,,nos,Schedule B,16.0,755.77,12092.32,,,,,,high,1,"[{""document_id"": ""WO-4-L3-ifms422-72704386-3-Accepted SB.pdf"", ""attachment_type"": ""Schedule B"", ""work_bill_id"": ""675632"", ""attachment_url"": ""https://accounts.bbmp.gov.in/vssIFMS/Files1/WO-4-L3-ifms422-72704386-3-Accepted%20SB.pdf"", ""listing_url"": ""https://accounts.bbmp.gov.in/vssWB/vss00CvStatusData.php?pAction=LoadWBFiles&pWorkBillID=675632"", ""page"": 19, ""page_kind"": ""schedule_b"", ""raw"": ""87 cound block. complete for each outlet. Two Out let ina . Point 16 755.77 | Five sea oa | 12092.32 }"", ""method"": ""OCR (tesseract psm 6, 2x, rulings removed)"", ""check"": ""arithmetic"", ""confidence"": ""high"", ""cross_validated"": true}]"
30, and as per the Directions of Twenty Six Only Engineer In Charge of The Work Extra for supplying 4mm th white plastic plate and covering for junction boxes of sizes ... mm conduit Rupees Thirteen using necessary machine screws. 110mmcomplete as And Paise Fifty,Other,,,Schedule B,30.0,13.52,405.6,,,,,,medium,1,"[{""document_id"": ""WO-4-L3-ifms422-72704386-3-Accepted SB.pdf"", ""attachment_type"": ""Schedule B"", ""work_bill_id"": ""675632"", ""attachment_url"": ""https://accounts.bbmp.gov.in/vssIFMS/Files1/WO-4-L3-ifms422-72704386-3-Accepted%20SB.pdf"", ""listing_url"": ""https://accounts.bbmp.gov.in/vssWB/vss00CvStatusData.php?pAction=LoadWBFiles&pWorkBillID=675632"", ""page"": 19, ""page_kind"": ""schedule_b"", ""raw"": ""91 [using necessary machine screws. 110mmcomplete as 30 13.52 And Paise Fifty 405.60 |"", ""method"": ""OCR (tesseract psm 6, 2x, rulings removed)"", ""check"": ""arithmetic"", ""confidence"": ""medium"", ""cross_validated"": true}]"
30,"fication and as per the Directions of Two Only Engineer In Charge of The Work Supplying and fixing/replaccing of / / Amps electrical acessories on existing switch board Group-A Rupees Seventy , Amps Bakelite Ceiling Rosecomplete as per the No And Paise Ninety.",Electrical & lighting,,nos,Schedule B,100.0,70.96,7096.0,,,,,,high,1,"[{""document_id"": ""WO-4-L3-ifms422-72704386-3-Accepted SB.pdf"", ""attachment_type"": ""Schedule B"", ""work_bill_id"": ""675632"", ""attachment_url"": ""https://accounts.bbmp.gov.in/vssIFMS/Files1/WO-4-L3-ifms422-72704386-3-Accepted%20SB.pdf"", ""listing_url"": ""https://accounts.bbmp.gov.in/vssWB/vss00CvStatusData.php?pAction=LoadWBFiles&pWorkBillID=675632"", ""page"": 19, ""page_kind"": ""schedule_b"", ""raw"": "", 92 |6 Amps Bakelite Ceiling Rosecomplete as per the No 100 70.96 And Paise Ninety. 7096.00"", ""method"": ""OCR (tesseract psm 6, 2x, rulings removed)"", ""check"": ""arithmetic"", ""confidence"": ""high"", ""cross_validated"": true}]"
30,"nti glare opal diffuser which enhances the lighting level. LED's are driven by HF electronic driver integrated in ay Rupees One separate control gear assembly, with PF > , power, Thousand Six loss should< % of lamp Wage, short circuit & open each Hundred Sixty",Electrical & lighting,,nos,Schedule B,30.0,1664.72,49941.6,,,,,,high,1,"[{""document_id"": ""WO-4-L3-ifms422-72704386-3-Accepted SB.pdf"", ""attachment_type"": ""Schedule B"", ""work_bill_id"": ""675632"", ""attachment_url"": ""https://accounts.bbmp.gov.in/vssIFMS/Files1/WO-4-L3-ifms422-72704386-3-Accepted%20SB.pdf"", ""listing_url"": ""https://accounts.bbmp.gov.in/vssWB/vss00CvStatusData.php?pAction=LoadWBFiles&pWorkBillID=675632"", ""page"": 20, ""page_kind"": ""schedule_b"", ""raw"": ""96 |loss should< 5% of lamp Wage, short circuit & open each 30 1664.72 | Hundred Sixty 49941.60"", ""method"": ""OCR (tesseract psm 6, 2x, rulings removed)"", ""check"": ""arithmetic"", ""confidence"": ""high"", ""cross_validated"": true}]"
31,"ter supply, sanitary lines and electrical conduits either in pits or in trenches .5m and above in width, in ordinary soil soil not exceeding m. in depth R Three Hundred . including dressing the bottom and sides of pits and trenches, stacking) Cum “Ty Hist Only",Electrical & lighting,,cum,Schedule B,324.48,358.0,116164.0,,,,,,high,1,"[{""document_id"": ""WO-4--48173878-Schedule B.pdf"", ""attachment_type"": ""Schedule B"", ""work_bill_id"": ""624853"", ""attachment_url"": ""https://accounts.bbmp.gov.in/vssIFMS/Files1/WO-4--48173878-Schedule%20B.pdf"", ""listing_url"": ""https://accounts.bbmp.gov.in/vssWB/vss00CvStatusData.php?pAction=LoadWBFiles&pWorkBillID=624853"", ""page"": 1, ""page_kind"": ""schedule_b"", ""raw"": ""3. |including dressing the bottom and sides of pits and trenches, stacking) Cum 324.48 | 358.00 “Ty Hist Only 116164.00"", ""method"": ""OCR (tesseract psm 6, 2x)"", ""check"": ""arithmetic"", ""confidence"": ""high"", ""cross_validated"": true}]"
31," Engineer In Charge of the Work Providing and Filling in foundation with granite / trap broken metal 100mm. and down size, with approved sand including hand packing, ramming, watering, including cost of all materials and labour with all Cum Rupees Two Thousand","Paving, kerbs & footpath",,cum,Schedule B,139.25,2700.0,375975.0,,,,,,high,1,"[{""document_id"": ""WO-4--48173878-Schedule B.pdf"", ""attachment_type"": ""Schedule B"", ""work_bill_id"": ""624853"", ""attachment_url"": ""https://accounts.bbmp.gov.in/vssIFMS/Files1/WO-4--48173878-Schedule%20B.pdf"", ""listing_url"": ""https://accounts.bbmp.gov.in/vssWB/vss00CvStatusData.php?pAction=LoadWBFiles&pWorkBillID=624853"", ""page"": 1, ""page_kind"": ""schedule_b"", ""raw"": ""ramming, watering, including cost of all materials and labour with all] Cum] 139.25 | 2700.00 Rupees Two Thousand | 375975 00"", ""method"": ""OCR (tesseract psm 6, 2x)"", ""check"": ""arithmetic"", ""confidence"": ""high"", ""cross_validated"": true}]"
31,"r In Charge of the Work Providing and removing centering, shuttering, strutting, propping etc., and removal of form work for foundations, footings, bases of columns for mass concrete including cost of all materials, labour complete as per sqm Re inc Oh Hundred",Dismantling & removal,,sqm,Schedule B,76.8,309.0,23731.0,,,,,,high,1,"[{""document_id"": ""WO-4--48173878-Schedule B.pdf"", ""attachment_type"": ""Schedule B"", ""work_bill_id"": ""624853"", ""attachment_url"": ""https://accounts.bbmp.gov.in/vssIFMS/Files1/WO-4--48173878-Schedule%20B.pdf"", ""listing_url"": ""https://accounts.bbmp.gov.in/vssWB/vss00CvStatusData.php?pAction=LoadWBFiles&pWorkBillID=624853"", ""page"": 1, ""page_kind"": ""schedule_b"", ""raw"": ""for mass concrete including cost of all materials, labour complete as per] sqm| 76.80 309.00 Re inc Oh Hundred 23731.00"", ""method"": ""OCR (tesseract psm 6, 2x)"", ""check"": ""arithmetic"", ""confidence"": ""high"", ""cross_validated"": true}]"
31,"er In Charge of the Work Providing and removing centering, shuttering, strutting, propping etc., and removal of form work for vertical surface such as walls at any thickness, including attached pilasters, buttresses, plinth cills and string Rupees Four Hundred",Dismantling & removal,,,Schedule B,92.57,429.0,39713.0,,,,,,medium,1,"[{""document_id"": ""WO-4--48173878-Schedule B.pdf"", ""attachment_type"": ""Schedule B"", ""work_bill_id"": ""624853"", ""attachment_url"": ""https://accounts.bbmp.gov.in/vssIFMS/Files1/WO-4--48173878-Schedule%20B.pdf"", ""listing_url"": ""https://accounts.bbmp.gov.in/vssWB/vss00CvStatusData.php?pAction=LoadWBFiles&pWorkBillID=624853"", ""page"": 1, ""page_kind"": ""schedule_b"", ""raw"": ""7 thickness, including attached pilasters, buttresses, plinth cills and string 92.57 429.00 Rupees Four Hundred 39713.00"", ""method"": ""OCR (tesseract psm 6, 2x)"", ""check"": ""arithmetic"", ""confidence"": ""medium"", ""cross_validated"": true}]"
31,"of Engineer In Charge of the Work Providing and removing centering, shuttering, strutting, propping etc., , for columns, pillars, post and struts, square / rectangular/ polygon in plan including cost of all materials, labour complete as per Rupees Five Hundned",Dismantling & removal,,,Schedule B,422.4,547.0,231053.0,,,,,,medium,1,"[{""document_id"": ""WO-4--48173878-Schedule B.pdf"", ""attachment_type"": ""Schedule B"", ""work_bill_id"": ""624853"", ""attachment_url"": ""https://accounts.bbmp.gov.in/vssIFMS/Files1/WO-4--48173878-Schedule%20B.pdf"", ""listing_url"": ""https://accounts.bbmp.gov.in/vssWB/vss00CvStatusData.php?pAction=LoadWBFiles&pWorkBillID=624853"", ""page"": 1, ""page_kind"": ""schedule_b"", ""raw"": ""plan including cost of all materials, labour complete as per 422.40 | 547.00 Rupees Five Hundned 231053.00"", ""method"": ""OCR (tesseract psm 6, 2x)"", ""check"": ""arithmetic"", ""confidence"": ""medium"", ""cross_validated"": true}]"
31,"d as per Directions Engineer In Charge of the Work __\ Providing and removing centcring, shuttering, strutting, ea pa and removal of form work for suspended floors, landings, balconies an likes, thickness upto mm including cost of all materials, labour ated Ou",Dismantling & removal,,,Schedule B,1047.6,446.0,467230.0,,,,,,medium,1,"[{""document_id"": ""WO-4--48173878-Schedule B.pdf"", ""attachment_type"": ""Schedule B"", ""work_bill_id"": ""624853"", ""attachment_url"": ""https://accounts.bbmp.gov.in/vssIFMS/Files1/WO-4--48173878-Schedule%20B.pdf"", ""listing_url"": ""https://accounts.bbmp.gov.in/vssWB/vss00CvStatusData.php?pAction=LoadWBFiles&pWorkBillID=624853"", ""page"": 2, ""page_kind"": ""schedule_b"", ""raw"": ""likes, thickness upto 200 mm including cost of all materials, labour 1047.60| 446.00 ated Ou 467230.00"", ""method"": ""OCR (tesseract psm 6, 2x)"", ""check"": ""arithmetic"", ""confidence"": ""medium"", ""cross_validated"": true}]"
31,"of Engineer In Charge of the Work Providing and removing centering, shuttering, strutting, propping etc., and removal of form work for Stairs (excluding landing) except spiral Rupees Six Hundred Staircase including cost of all materials, labour complete as per",Dismantling & removal,,,Schedule B,41.76,623.0,26016.0,,,,,,medium,1,"[{""document_id"": ""WO-4--48173878-Schedule B.pdf"", ""attachment_type"": ""Schedule B"", ""work_bill_id"": ""624853"", ""attachment_url"": ""https://accounts.bbmp.gov.in/vssIFMS/Files1/WO-4--48173878-Schedule%20B.pdf"", ""listing_url"": ""https://accounts.bbmp.gov.in/vssWB/vss00CvStatusData.php?pAction=LoadWBFiles&pWorkBillID=624853"", ""page"": 2, ""page_kind"": ""schedule_b"", ""raw"": ""Staircase including cost of all materials, labour complete as per 41.76 623.00 26016.00"", ""method"": ""OCR (tesseract psm 6, 2x)"", ""check"": ""arithmetic"", ""confidence"": ""medium"", ""cross_validated"": true}]"
31,"3lts confirming to 1S9103- Reaffirmed- machine mixed, concrete laid in layers not exceeding cms thick, vibrated for all works in ground floor level for roof slabs, staircase, lintles and beams retaining walls, return walls, walls (any Cum Rupees Seven Thousand",Drain & culvert works,,cum,Schedule B,52.59,7300.0,383907.0,,,,,,high,1,"[{""document_id"": ""WO-4--48173878-Schedule B.pdf"", ""attachment_type"": ""Schedule B"", ""work_bill_id"": ""624853"", ""attachment_url"": ""https://accounts.bbmp.gov.in/vssIFMS/Files1/WO-4--48173878-Schedule%20B.pdf"", ""listing_url"": ""https://accounts.bbmp.gov.in/vssWB/vss00CvStatusData.php?pAction=LoadWBFiles&pWorkBillID=624853"", ""page"": 2, ""page_kind"": ""schedule_b"", ""raw"": ""| staircase, lintles and beams retaining walls, return walls, walls (any} Cum] 52.59 | 7300.00 Rupees Seven Thousand 383907.00"", ""method"": ""OCR (tesseract psm 6, 2x)"", ""check"": ""arithmetic"", ""confidence"": ""high"", ""cross_validated"": true}]"
31," 1S9103- Reaffirmed- machine mixed, concrete laid in layers not exceeding cms thick, vibrated for all works in ground floor level for roof slabs, Rupees Seven Thebsand staircase, lintles and beams retaining walls, return walls, walls (any Cum Four Hundred Only",Drain & culvert works,,cum,Schedule B,56.67,7400.0,419358.0,,,,,,high,1,"[{""document_id"": ""WO-4--48173878-Schedule B.pdf"", ""attachment_type"": ""Schedule B"", ""work_bill_id"": ""624853"", ""attachment_url"": ""https://accounts.bbmp.gov.in/vssIFMS/Files1/WO-4--48173878-Schedule%20B.pdf"", ""listing_url"": ""https://accounts.bbmp.gov.in/vssWB/vss00CvStatusData.php?pAction=LoadWBFiles&pWorkBillID=624853"", ""page"": 2, ""page_kind"": ""schedule_b"", ""raw"": ""staircase, lintles and beams retaining walls, return walls, walls (any] Cum] 56.67 | 7400.00 Four Hundred Only 419358.00"", ""method"": ""OCR (tesseract psm 6, 2x)"", ""check"": ""arithmetic"", ""confidence"": ""high"", ""cross_validated"": true}]"
31,"a, ons confirming to liane - a Hs ine diane concrete laid in layers not exceeding = ick, vibrated for all works in ground floor level for roof slabs, Rupees Seven Thousand staircase, lintles and beams retaining walls, return walls, walls (any Cum a Hundred Ont",Drain & culvert works,,cum,Schedule B,121.48,7500.0,911100.0,,,,,,high,1,"[{""document_id"": ""WO-4--48173878-Schedule B.pdf"", ""attachment_type"": ""Schedule B"", ""work_bill_id"": ""624853"", ""attachment_url"": ""https://accounts.bbmp.gov.in/vssIFMS/Files1/WO-4--48173878-Schedule%20B.pdf"", ""listing_url"": ""https://accounts.bbmp.gov.in/vssWB/vss00CvStatusData.php?pAction=LoadWBFiles&pWorkBillID=624853"", ""page"": 3, ""page_kind"": ""schedule_b"", ""raw"": ""staircase, lintles and beams retaining walls, return walls, walls (any] Cum] 121.48 | 7500.00 a Hundred Ont 911100.00"", ""method"": ""OCR (tesseract psm 6, 2x)"", ""check"": ""arithmetic"", ""confidence"": ""high"", ""cross_validated"": true}]"
31,"1S9103- Reaffirmed- machine mixed, concrete laid in layers not exceeding cms thick, vibrated for all works in ground floor level for roof slabs, Rupees Eight Thousand staircase, lintles and beams retaining walls, return walls, walls (any Cum Two Hundred Ninety",Drain & culvert works,,cum,Schedule B,5.99,8292.0,49669.0,,,,,,high,1,"[{""document_id"": ""WO-4--48173878-Schedule B.pdf"", ""attachment_type"": ""Schedule B"", ""work_bill_id"": ""624853"", ""attachment_url"": ""https://accounts.bbmp.gov.in/vssIFMS/Files1/WO-4--48173878-Schedule%20B.pdf"", ""listing_url"": ""https://accounts.bbmp.gov.in/vssWB/vss00CvStatusData.php?pAction=LoadWBFiles&pWorkBillID=624853"", ""page"": 3, ""page_kind"": ""schedule_b"", ""raw"": ""16 |staircase, lintles and beams retaining walls, return walls, walls (any]Cum}| 5.99 8292.00 | Two Hundred Ninety 49669.00"", ""method"": ""OCR (tesseract psm 6, 2x)"", ""check"": ""arithmetic"", ""confidence"": ""high"", ""cross_validated"": true}]"
31,"t Fe500 for R.C.C work including . straightening, cutting, bending, hooking, palcing in position, lapping and / or welding wherever required, tying with binding wire and anchoring to the adjoining memebrs wherever necessary complete as onnd Rupees Ninety Eight",Earthwork & excavation,,,Schedule B,12.36,98000.0,1211280.0,,,,,,medium,1,"[{""document_id"": ""WO-4--48173878-Schedule B.pdf"", ""attachment_type"": ""Schedule B"", ""work_bill_id"": ""624853"", ""attachment_url"": ""https://accounts.bbmp.gov.in/vssIFMS/Files1/WO-4--48173878-Schedule%20B.pdf"", ""listing_url"": ""https://accounts.bbmp.gov.in/vssWB/vss00CvStatusData.php?pAction=LoadWBFiles&pWorkBillID=624853"", ""page"": 3, ""page_kind"": ""schedule_b"", ""raw"": ""17 anchoring to the adjoining memebrs wherever necessary complete as onnd 12.36 | 98000.00 Rupees Ninety Eight 1211280.00"", ""method"": ""OCR (tesseract psm 6, 2x)"", ""check"": ""arithmetic"", ""confidence"": ""medium"", ""cross_validated"": true}]"
31,"cement Fe500 for R.C.C work including straightening, cutting, bending, hooking, palcing in position, lapping and / or welding wherever required, tying with binding wire and anchoring to the adjoining memebrs wherever necessary complete as J Rupees Ninety Eight",Earthwork & excavation,,,Schedule B,5.9,98000.0,578200.0,,,,,,medium,1,"[{""document_id"": ""WO-4--48173878-Schedule B.pdf"", ""attachment_type"": ""Schedule B"", ""work_bill_id"": ""624853"", ""attachment_url"": ""https://accounts.bbmp.gov.in/vssIFMS/Files1/WO-4--48173878-Schedule%20B.pdf"", ""listing_url"": ""https://accounts.bbmp.gov.in/vssWB/vss00CvStatusData.php?pAction=LoadWBFiles&pWorkBillID=624853"", ""page"": 3, ""page_kind"": ""schedule_b"", ""raw"": ""| anchoring to the adjoining memebrs wherever necessary complete as J 5.90 | 98000.00 Rupees Ninety Eight 578200.00"", ""method"": ""OCR (tesseract psm 6, 2x)"", ""check"": ""arithmetic"", ""confidence"": ""medium"", ""cross_validated"": true}]"
31," the Work , Providing and constructing granite / trap / basalt size stone masonry m basement with cement mortar : edges of stones chistle dressed in Rupees Six Thousand Courses not less than cms high, bond stones at two m, apart in each Cum Seven Hundred Forty","Paving, kerbs & footpath",,cum,Schedule B,15.2,6747.0,102554.0,,,,,,high,1,"[{""document_id"": ""WO-4--48173878-Schedule B.pdf"", ""attachment_type"": ""Schedule B"", ""work_bill_id"": ""624853"", ""attachment_url"": ""https://accounts.bbmp.gov.in/vssIFMS/Files1/WO-4--48173878-Schedule%20B.pdf"", ""listing_url"": ""https://accounts.bbmp.gov.in/vssWB/vss00CvStatusData.php?pAction=LoadWBFiles&pWorkBillID=624853"", ""page"": 4, ""page_kind"": ""schedule_b"", ""raw"": ""| 27 [Courses not less than 15 cms high, bond stones at two m, apart in each Cum| 15.20 | 6747.00 | Seven Hundred Forty 102554.00"", ""method"": ""OCR (tesseract psm 6, 2x)"", ""check"": ""arithmetic"", ""confidence"": ""high"", ""cross_validated"": true}]"
31,"having block density not lessthan kg/m3 and having a minimum average compressive strength N/mm2 fi confirming to IS (Part) : and constructed with CM : , as upees One Thousand a per IS aises including cost of all materials, labour charegs, One Hundred Fifty One",Other,,,Schedule B,249.0,1151.0,286599.0,,,,,,medium,1,"[{""document_id"": ""WO-4--48173878-Schedule B.pdf"", ""attachment_type"": ""Schedule B"", ""work_bill_id"": ""624853"", ""attachment_url"": ""https://accounts.bbmp.gov.in/vssIFMS/Files1/WO-4--48173878-Schedule%20B.pdf"", ""listing_url"": ""https://accounts.bbmp.gov.in/vssWB/vss00CvStatusData.php?pAction=LoadWBFiles&pWorkBillID=624853"", ""page"": 4, ""page_kind"": ""schedule_b"", ""raw"": ""a per IS 5 aises including cost of all materials, labour charegs, 249.00 | 1151.00 | One Hundred Fifty One] 286599.00"", ""method"": ""OCR (tesseract psm 6, 2x)"", ""check"": ""arithmetic"", ""confidence"": ""medium"", ""cross_validated"": true}]"
31,oad bearing wall with solid concrete blocks of size 400x200x200 mm having block density not lessthan kg/m3 and having a minimum average compressive strength Nimma Rupees One Thousand confirming to IS (Part) : and constructed with CM : as sam One Hundred Ninety,Concrete,,,Schedule B,174.39,1190.0,207524.0,,,,,,medium,1,"[{""document_id"": ""WO-4--48173878-Schedule B.pdf"", ""attachment_type"": ""Schedule B"", ""work_bill_id"": ""624853"", ""attachment_url"": ""https://accounts.bbmp.gov.in/vssIFMS/Files1/WO-4--48173878-Schedule%20B.pdf"", ""listing_url"": ""https://accounts.bbmp.gov.in/vssWB/vss00CvStatusData.php?pAction=LoadWBFiles&pWorkBillID=624853"", ""page"": 4, ""page_kind"": ""schedule_b"", ""raw"": ""7 confirming to IS 2185 (Part) : 2005 and constructed with CM 1:4, as sam| 174.39 | 1190.00 | One Hundred Ninety 207524.00"", ""method"": ""OCR (tesseract psm 6, 2x)"", ""check"": ""arithmetic"", ""confidence"": ""medium"", ""cross_validated"": true}]"
31,ng load bearing wall with solid concrete blocks of size 400x200x200 mm having block density not lessthan kg/m3 and having a minimum average compressive strength N/mm2 Rupees One Thousand confirming to IS (Part) : and constructed with CM : as Two Hundred Twenty,Concrete,,,Schedule B,36.29,1229.0,44600.0,,,,,,medium,1,"[{""document_id"": ""WO-4--48173878-Schedule B.pdf"", ""attachment_type"": ""Schedule B"", ""work_bill_id"": ""624853"", ""attachment_url"": ""https://accounts.bbmp.gov.in/vssIFMS/Files1/WO-4--48173878-Schedule%20B.pdf"", ""listing_url"": ""https://accounts.bbmp.gov.in/vssWB/vss00CvStatusData.php?pAction=LoadWBFiles&pWorkBillID=624853"", ""page"": 4, ""page_kind"": ""schedule_b"", ""raw"": ""28 confirming to IS 2185 (Part) : 2005 and constructed with CM 1:4, as 36.29 1229.00 | Two Hundred Twenty 44600.00"", ""method"": ""OCR (tesseract psm 6, 2x)"", ""check"": ""arithmetic"", ""confidence"": ""medium"", ""cross_validated"": true}]"
31,"Description of Work Unit Qty een Amount “J In Figures In Words (In Rs.) smooth rendering, : Providing an sae ing off — - WRETENEE ete of iibteriale labour sie a a ing Scaffolding, including cost Rupees Two Hundred",Other,,,Schedule B,279.05,256.0,71437.0,,,,,,medium,1,"[{""document_id"": ""WO-4--48173878-Schedule B.pdf"", ""attachment_type"": ""Schedule B"", ""work_bill_id"": ""624853"", ""attachment_url"": ""https://accounts.bbmp.gov.in/vssIFMS/Files1/WO-4--48173878-Schedule%20B.pdf"", ""listing_url"": ""https://accounts.bbmp.gov.in/vssWB/vss00CvStatusData.php?pAction=LoadWBFiles&pWorkBillID=624853"", ""page"": 5, ""page_kind"": ""schedule_b"", ""raw"": ""of iibteriale labour sie a a ing Scaffolding, including cost 279.05 | 256.00 Rupees Two Hundred 71437.00"", ""method"": ""OCR (tesseract psm 6, 2x)"", ""check"": ""arithmetic"", ""confidence"": ""medium"", ""cross_validated"": true}]"
31,"f Engineer In Charge of the Work Providing 12mm thick cement plaster in single coat with cement mortar : to brick masonry including rounding off corners wherever required Smooth rendering, : Providing and removing scaffolding, including cost Rupees Two Hundred",Dismantling & removal,,,Schedule B,200.83,269.0,54023.0,,,,,,medium,1,"[{""document_id"": ""WO-4--48173878-Schedule B.pdf"", ""attachment_type"": ""Schedule B"", ""work_bill_id"": ""624853"", ""attachment_url"": ""https://accounts.bbmp.gov.in/vssIFMS/Files1/WO-4--48173878-Schedule%20B.pdf"", ""listing_url"": ""https://accounts.bbmp.gov.in/vssWB/vss00CvStatusData.php?pAction=LoadWBFiles&pWorkBillID=624853"", ""page"": 5, ""page_kind"": ""schedule_b"", ""raw"": ""31 {Smooth rendering, : Providing and removing scaffolding, including cost 200.83 | 269.00 | Rupees Two Hundred 54023.00"", ""method"": ""OCR (tesseract psm 6, 2x)"", ""check"": ""arithmetic"", ""confidence"": ""medium"", ""cross_validated"": true}]"
31,"f Engineer In Charge of the Work Providing 12mm thick cement plaster in single coat with cement mortar : to brick masonry including rounding off corners wherever required smooth rendering, : Providing and removing scaffolding, including cost Rupees Two Hundred",Dismantling & removal,,,Schedule B,40.53,276.0,11186.0,,,,,,medium,1,"[{""document_id"": ""WO-4--48173878-Schedule B.pdf"", ""attachment_type"": ""Schedule B"", ""work_bill_id"": ""624853"", ""attachment_url"": ""https://accounts.bbmp.gov.in/vssIFMS/Files1/WO-4--48173878-Schedule%20B.pdf"", ""listing_url"": ""https://accounts.bbmp.gov.in/vssWB/vss00CvStatusData.php?pAction=LoadWBFiles&pWorkBillID=624853"", ""page"": 5, ""page_kind"": ""schedule_b"", ""raw"": ""32 smooth rendering, : Providing and removing scaffolding, including cost 40.53 276.00 Rupees Two Hundred 11186.00 |"", ""method"": ""OCR (tesseract psm 6, 2x)"", ""check"": ""arithmetic"", ""confidence"": ""medium"", ""cross_validated"": true}]"
31," per Directions of Engineer In Charge of the Work Providing rough cement plastering 15mm thick in single coat with cement mortar : to brick masonry for base of dadooing works with Sand of approved quality, providing and removing scaffolding, Rupees Two Hundred",Dismantling & removal,,,Schedule B,72.2,260.0,18772.0,,,,,,medium,1,"[{""document_id"": ""WO-4--48173878-Schedule B.pdf"", ""attachment_type"": ""Schedule B"", ""work_bill_id"": ""624853"", ""attachment_url"": ""https://accounts.bbmp.gov.in/vssIFMS/Files1/WO-4--48173878-Schedule%20B.pdf"", ""listing_url"": ""https://accounts.bbmp.gov.in/vssWB/vss00CvStatusData.php?pAction=LoadWBFiles&pWorkBillID=624853"", ""page"": 5, ""page_kind"": ""schedule_b"", ""raw"": ""2, |Sand of approved quality, providing and removing scaffolding, 1 72.20 260.00 Rupees Two Hundred 18772.00"", ""method"": ""OCR (tesseract psm 6, 2x)"", ""check"": ""arithmetic"", ""confidence"": ""medium"", ""cross_validated"": true}]"
31," per Directions of Engineer In Charge of the Work Providing rough cement plastering 15mm thick in single coat with cement mortar : to brick masonry for base of dadooing works with sand of approved quality, providing and removing scaffolding, Rupees Two Hundred",Dismantling & removal,,,Schedule B,9.45,267.0,2523.0,,,,,,medium,1,"[{""document_id"": ""WO-4--48173878-Schedule B.pdf"", ""attachment_type"": ""Schedule B"", ""work_bill_id"": ""624853"", ""attachment_url"": ""https://accounts.bbmp.gov.in/vssIFMS/Files1/WO-4--48173878-Schedule%20B.pdf"", ""listing_url"": ""https://accounts.bbmp.gov.in/vssWB/vss00CvStatusData.php?pAction=LoadWBFiles&pWorkBillID=624853"", ""page"": 5, ""page_kind"": ""schedule_b"", ""raw"": ""34 sand of approved quality, providing and removing scaffolding, 9.45 267.00 Rupees Two Hundred 2523.00"", ""method"": ""OCR (tesseract psm 6, 2x)"", ""check"": ""arithmetic"", ""confidence"": ""medium"", ""cross_validated"": true}]"
31,"per; Directions of Engineer In Charge of the Work Providing rough cement plastering 15mm thick in single coat with cement mortar : to brick masonry for base of dadooing works with sand of approved quality, providing and removing scaffolding, Rupees Two Hundred",Dismantling & removal,,,Schedule B,35.89,273.0,9798.0,,,,,,medium,1,"[{""document_id"": ""WO-4--48173878-Schedule B.pdf"", ""attachment_type"": ""Schedule B"", ""work_bill_id"": ""624853"", ""attachment_url"": ""https://accounts.bbmp.gov.in/vssIFMS/Files1/WO-4--48173878-Schedule%20B.pdf"", ""listing_url"": ""https://accounts.bbmp.gov.in/vssWB/vss00CvStatusData.php?pAction=LoadWBFiles&pWorkBillID=624853"", ""page"": 5, ""page_kind"": ""schedule_b"", ""raw"": ""35 sand of approved quality, providing and removing scaffolding, 35.89 | 273.00 Rupees Two Hundred 9798.00"", ""method"": ""OCR (tesseract psm 6, 2x)"", ""check"": ""arithmetic"", ""confidence"": ""medium"", ""cross_validated"": true}]"
31,"ns of Engineer In Charge of the Work Providing 12mm thick cement plaster in single coat with cement mortar : to ceiling including rounding off corners wherever required smooth rendering, : Providing and removing scaffolding, including cost o Rupees Two Hundred",Dismantling & removal,,,Schedule B,183.68,281.0,51614.0,,,,,,medium,1,"[{""document_id"": ""WO-4--48173878-Schedule B.pdf"", ""attachment_type"": ""Schedule B"", ""work_bill_id"": ""624853"", ""attachment_url"": ""https://accounts.bbmp.gov.in/vssIFMS/Files1/WO-4--48173878-Schedule%20B.pdf"", ""listing_url"": ""https://accounts.bbmp.gov.in/vssWB/vss00CvStatusData.php?pAction=LoadWBFiles&pWorkBillID=624853"", ""page"": 5, ""page_kind"": ""schedule_b"", ""raw"": ""36 rendering, : Providing and removing scaffolding, including cost o 183.68 | 281.00 Rupees Two Hundred 51614.00"", ""method"": ""OCR (tesseract psm 6, 2x)"", ""check"": ""arithmetic"", ""confidence"": ""medium"", ""cross_validated"": true}]"
31,"s of Engineer In Charge of the Work Providing 12mm thick cement plaster in single coat with cement mortar : to ceiling including rounding off corners wherever required smooth rendering, : Providing and removing scaffolding, including cost of Rupees Two Hundred",Dismantling & removal,,,Schedule B,181.47,294.0,53352.0,,,,,,medium,1,"[{""document_id"": ""WO-4--48173878-Schedule B.pdf"", ""attachment_type"": ""Schedule B"", ""work_bill_id"": ""624853"", ""attachment_url"": ""https://accounts.bbmp.gov.in/vssIFMS/Files1/WO-4--48173878-Schedule%20B.pdf"", ""listing_url"": ""https://accounts.bbmp.gov.in/vssWB/vss00CvStatusData.php?pAction=LoadWBFiles&pWorkBillID=624853"", ""page"": 5, ""page_kind"": ""schedule_b"", ""raw"": ""38 rendering, : Providing and removing scaffolding, including cost of 181.47 | 294.00 Rupees Two Hundred 53352.00 |"", ""method"": ""OCR (tesseract psm 6, 2x)"", ""check"": ""arithmetic"", ""confidence"": ""medium"", ""cross_validated"": true}]"
31,"s.) P S meerewee f re No Providing 12mm thick cement plaster in single coat with cement mortar : to ceiling including rounding off corners wherever required smooth Rupees Three Hundred rendering, : Providing and removing scaffolding, including cost o P One Onl",Dismantling & removal,,,Schedule B,16.51,301.0,4970.0,,,,,,medium,1,"[{""document_id"": ""WO-4--48173878-Schedule B.pdf"", ""attachment_type"": ""Schedule B"", ""work_bill_id"": ""624853"", ""attachment_url"": ""https://accounts.bbmp.gov.in/vssIFMS/Files1/WO-4--48173878-Schedule%20B.pdf"", ""listing_url"": ""https://accounts.bbmp.gov.in/vssWB/vss00CvStatusData.php?pAction=LoadWBFiles&pWorkBillID=624853"", ""page"": 6, ""page_kind"": ""schedule_b"", ""raw"": ""rendering, : Providing and removing scaffolding, including cost o 16.51 | 301.00 P One Onl 4970 6"", ""method"": ""OCR (tesseract psm 6, 2x)"", ""check"": ""arithmetic"", ""confidence"": ""medium"", ""cross_validated"": true}]"
31," Engineer In \ Charge of the Work Providing 18mm thick cement plaster in single coat with cement mortar : to brick masonry including rounding off corners wherever required smooth rendering, : Providing and removing scaffolding, including cost Rupees bd Hundred",Dismantling & removal,,,Schedule B,160.77,305.0,49035.0,,,,,,medium,1,"[{""document_id"": ""WO-4--48173878-Schedule B.pdf"", ""attachment_type"": ""Schedule B"", ""work_bill_id"": ""624853"", ""attachment_url"": ""https://accounts.bbmp.gov.in/vssIFMS/Files1/WO-4--48173878-Schedule%20B.pdf"", ""listing_url"": ""https://accounts.bbmp.gov.in/vssWB/vss00CvStatusData.php?pAction=LoadWBFiles&pWorkBillID=624853"", ""page"": 6, ""page_kind"": ""schedule_b"", ""raw"": ""smooth rendering, : Providing and removing scaffolding, including cost 160.77 | 305.00 | Rupees bd Hundred 49035.00"", ""method"": ""OCR (tesseract psm 6, 2x)"", ""check"": ""arithmetic"", ""confidence"": ""medium"", ""cross_validated"": true}]"
31,"gineer In Charge of the Work i Providing 18mm thick cement plaster in single coat with cement mortar : to brick masonry including rounding off corners wherever required smooth rendering, ; Providing and removing scaffolding, including cost Rupees Three Hundred",Dismantling & removal,,,Schedule B,159.15,318.0,50610.0,,,,,,medium,1,"[{""document_id"": ""WO-4--48173878-Schedule B.pdf"", ""attachment_type"": ""Schedule B"", ""work_bill_id"": ""624853"", ""attachment_url"": ""https://accounts.bbmp.gov.in/vssIFMS/Files1/WO-4--48173878-Schedule%20B.pdf"", ""listing_url"": ""https://accounts.bbmp.gov.in/vssWB/vss00CvStatusData.php?pAction=LoadWBFiles&pWorkBillID=624853"", ""page"": 6, ""page_kind"": ""schedule_b"", ""raw"": ""41 smooth rendering, ; Providing and removing scaffolding, including cost 159.15 | 318.00 Rupees Three Hundred 50610.00"", ""method"": ""OCR (tesseract psm 6, 2x)"", ""check"": ""arithmetic"", ""confidence"": ""medium"", ""cross_validated"": true}]"
31,"Engineer In Charge of the Work Providing 18mm thick cement plaster in single coat with cement mortar : to brick masonry including rounding off corners wherever required amooth rendering, ; Providing and removing scaffolding, including cost Rupees Three Hundred",Dismantling & removal,,,Schedule B,181.35,332.0,60208.0,,,,,,medium,1,"[{""document_id"": ""WO-4--48173878-Schedule B.pdf"", ""attachment_type"": ""Schedule B"", ""work_bill_id"": ""624853"", ""attachment_url"": ""https://accounts.bbmp.gov.in/vssIFMS/Files1/WO-4--48173878-Schedule%20B.pdf"", ""listing_url"": ""https://accounts.bbmp.gov.in/vssWB/vss00CvStatusData.php?pAction=LoadWBFiles&pWorkBillID=624853"", ""page"": 6, ""page_kind"": ""schedule_b"", ""raw"": ""42 amooth rendering, ; Providing and removing scaffolding, including cost 181.35 | 332.00 Rupees Three Hundred 60208.00"", ""method"": ""OCR (tesseract psm 6, 2x)"", ""check"": ""arithmetic"", ""confidence"": ""medium"", ""cross_validated"": true}]"
31,"ngineer In Charge of the Work Providing 18mm thick cement plaster in single coat with cement mortar : to brick masonry including rounding off corners wherever required smooth rendering, ; Providing and removing scaffolding, including cost Rupees T hree Hundred",Dismantling & removal,,,Schedule B,45.17,345.0,15584.0,,,,,,medium,1,"[{""document_id"": ""WO-4--48173878-Schedule B.pdf"", ""attachment_type"": ""Schedule B"", ""work_bill_id"": ""624853"", ""attachment_url"": ""https://accounts.bbmp.gov.in/vssIFMS/Files1/WO-4--48173878-Schedule%20B.pdf"", ""listing_url"": ""https://accounts.bbmp.gov.in/vssWB/vss00CvStatusData.php?pAction=LoadWBFiles&pWorkBillID=624853"", ""page"": 6, ""page_kind"": ""schedule_b"", ""raw"": ""43 smooth rendering, ; Providing and removing scaffolding, including cost 45.17 345.00 Rupees T hree Hundred 15584.00"", ""method"": ""OCR (tesseract psm 6, 2x)"", ""check"": ""arithmetic"", ""confidence"": ""medium"", ""cross_validated"": true}]"
31,"rnal walls in two coats with waterproo cement paint of approved brand and shade to give an even shade after throughly brooming the surface to remove all dirt and loose powdered material, free from mortar drops and other foreign matter cost o Rupees One Hundred",Concrete,,,Schedule B,160.77,122.0,19614.0,,,,,,medium,1,"[{""document_id"": ""WO-4--48173878-Schedule B.pdf"", ""attachment_type"": ""Schedule B"", ""work_bill_id"": ""624853"", ""attachment_url"": ""https://accounts.bbmp.gov.in/vssIFMS/Files1/WO-4--48173878-Schedule%20B.pdf"", ""listing_url"": ""https://accounts.bbmp.gov.in/vssWB/vss00CvStatusData.php?pAction=LoadWBFiles&pWorkBillID=624853"", ""page"": 6, ""page_kind"": ""schedule_b"", ""raw"": ""44 |material, free from mortar drops and other foreign matter cost o 160.77 122.00 Rupees One Hundred 19614.00"", ""method"": ""OCR (tesseract psm 6, 2x)"", ""check"": ""arithmetic"", ""confidence"": ""medium"", ""cross_validated"": true}]"
31,"in two coats with waterproo cement paint of approved brand and shade to give an even shade after throughly brooming the surface to remove all dirt and loose powdered - Hundred material, free from mortar drops and other foreign matter cost o sqm upSce One Hunde",Concrete,,sqm,Schedule B,159.15,127.0,20212.0,,,,,,high,1,"[{""document_id"": ""WO-4--48173878-Schedule B.pdf"", ""attachment_type"": ""Schedule B"", ""work_bill_id"": ""624853"", ""attachment_url"": ""https://accounts.bbmp.gov.in/vssIFMS/Files1/WO-4--48173878-Schedule%20B.pdf"", ""listing_url"": ""https://accounts.bbmp.gov.in/vssWB/vss00CvStatusData.php?pAction=LoadWBFiles&pWorkBillID=624853"", ""page"": 6, ""page_kind"": ""schedule_b"", ""raw"": ""45 |material, free from mortar drops and other foreign matter cost o sqm | 159.15 127.00 upSce One Hunde 20212.00"", ""method"": ""OCR (tesseract psm 6, 2x)"", ""check"": ""arithmetic"", ""confidence"": ""high"", ""cross_validated"": true}]"
31," coats with waterproo cement paint of approved brand and shade to give an even shade after throughly brooming the surface to remove all an and loose powdered Rupees One Hundred at material, free from mortar drops and other foreign matter cost o Thirty One Only",Concrete,,,Schedule B,181.35,131.0,23757.0,,,,,,medium,1,"[{""document_id"": ""WO-4--48173878-Schedule B.pdf"", ""attachment_type"": ""Schedule B"", ""work_bill_id"": ""624853"", ""attachment_url"": ""https://accounts.bbmp.gov.in/vssIFMS/Files1/WO-4--48173878-Schedule%20B.pdf"", ""listing_url"": ""https://accounts.bbmp.gov.in/vssWB/vss00CvStatusData.php?pAction=LoadWBFiles&pWorkBillID=624853"", ""page"": 6, ""page_kind"": ""schedule_b"", ""raw"": ""46 |material, free from mortar drops and other foreign matter cost o 181.35 131.00 Thirty One Only 23757.00"", ""method"": ""OCR (tesseract psm 6, 2x)"", ""check"": ""arithmetic"", ""confidence"": ""medium"", ""cross_validated"": true}]"
31,"s with waterproof cement paint of approved brand and shade to give an even shade after throughly brooming the surface to remove all dirt and loose powdered Rupees One Hundred material, free from mortar drops and other foreign matter cost of sqm Thirty Six Only",Concrete,,sqm,Schedule B,45.17,136.0,6143.0,,,,,,high,1,"[{""document_id"": ""WO-4--48173878-Schedule B.pdf"", ""attachment_type"": ""Schedule B"", ""work_bill_id"": ""624853"", ""attachment_url"": ""https://accounts.bbmp.gov.in/vssIFMS/Files1/WO-4--48173878-Schedule%20B.pdf"", ""listing_url"": ""https://accounts.bbmp.gov.in/vssWB/vss00CvStatusData.php?pAction=LoadWBFiles&pWorkBillID=624853"", ""page"": 6, ""page_kind"": ""schedule_b"", ""raw"": ""47 |material, free from mortar drops and other foreign matter cost of] sqm} 45.17 136.00 Thirty Six Only 6143.00"", ""method"": ""OCR (tesseract psm 6, 2x)"", ""check"": ""arithmetic"", ""confidence"": ""high"", ""cross_validated"": true}]"
31,"ying painting mn wo coats with plastic emulsion Pp pp rand on wall surface to give an even approved shade wet thoroughly brushing the surface, free from mortar dropa and other een matter including Preparing the surface even and sand paper sam eal eee ire: irra",Other,,,Schedule B,924.75,108.0,99873.0,,,,,,medium,1,"[{""document_id"": ""WO-4--48173878-Schedule B.pdf"", ""attachment_type"": ""Schedule B"", ""work_bill_id"": ""624853"", ""attachment_url"": ""https://accounts.bbmp.gov.in/vssIFMS/Files1/WO-4--48173878-Schedule%20B.pdf"", ""listing_url"": ""https://accounts.bbmp.gov.in/vssWB/vss00CvStatusData.php?pAction=LoadWBFiles&pWorkBillID=624853"", ""page"": 7, ""page_kind"": ""schedule_b"", ""raw"": ""een matter including Preparing the surface even and sand paper| sam] 924.75 | 108.00 eal eee ire: irra 99873.00"", ""method"": ""OCR (tesseract psm 6, 2x)"", ""check"": ""arithmetic"", ""confidence"": ""medium"", ""cross_validated"": true}]"
31,"on aTUADe ws ae mn cert appeesied SIRES foreign matter ing an re surlace, lree from mortar drops and other ; inclu ling preparing the surface even and sand paper unees One Hendred smooth, cost of materials, labour, complete as per specifications. Extra sqm I ‘",Other,,sqm,Schedule B,565.33,114.0,64448.0,,,,,,high,1,"[{""document_id"": ""WO-4--48173878-Schedule B.pdf"", ""attachment_type"": ""Schedule B"", ""work_bill_id"": ""624853"", ""attachment_url"": ""https://accounts.bbmp.gov.in/vssIFMS/Files1/WO-4--48173878-Schedule%20B.pdf"", ""listing_url"": ""https://accounts.bbmp.gov.in/vssWB/vss00CvStatusData.php?pAction=LoadWBFiles&pWorkBillID=624853"", ""page"": 7, ""page_kind"": ""schedule_b"", ""raw"": ""smooth, cost of materials, labour, complete as per specifications. Extra} sqm | 565.33 114.00 I ‘ 64448,00"", ""method"": ""OCR (tesseract psm 6, 2x)"", ""check"": ""arithmetic"", ""confidence"": ""high"", ""cross_validated"": true}]"
31,"l putty to inside plastered walls and ceiling using white cement putty. Scrapping and levelling the surface using steel blade and preparing the surface even and smooth b using , F different grade sand papers, including cost of all materials, cos of sqm ane von",Concrete,,sqm,Schedule B,1490.08,94.0,140068.0,,,,,,high,1,"[{""document_id"": ""WO-4--48173878-Schedule B.pdf"", ""attachment_type"": ""Schedule B"", ""work_bill_id"": ""624853"", ""attachment_url"": ""https://accounts.bbmp.gov.in/vssIFMS/Files1/WO-4--48173878-Schedule%20B.pdf"", ""listing_url"": ""https://accounts.bbmp.gov.in/vssWB/vss00CvStatusData.php?pAction=LoadWBFiles&pWorkBillID=624853"", ""page"": 7, ""page_kind"": ""schedule_b"", ""raw"": ""50 |different grade sand papers, including cost of all materials, cos of} sqm | 1490.08] 94.00 ane von 140068.00 |"", ""method"": ""OCR (tesseract psm 6, 2x)"", ""check"": ""arithmetic"", ""confidence"": ""high"", ""cross_validated"": true}]"
31,"slurry over rough plaster surface ( excluding cost of rough plastered surface which should be measured and paid separately) using glazed tiles of Rupees One Thousand approved make and size including cost of materials, labour, complete as sqm Five Hundred Forty","Paving, kerbs & footpath",,sqm,Schedule B,72.2,1541.0,111260.0,,,,,,high,1,"[{""document_id"": ""WO-4--48173878-Schedule B.pdf"", ""attachment_type"": ""Schedule B"", ""work_bill_id"": ""624853"", ""attachment_url"": ""https://accounts.bbmp.gov.in/vssIFMS/Files1/WO-4--48173878-Schedule%20B.pdf"", ""listing_url"": ""https://accounts.bbmp.gov.in/vssWB/vss00CvStatusData.php?pAction=LoadWBFiles&pWorkBillID=624853"", ""page"": 7, ""page_kind"": ""schedule_b"", ""raw"": ""51 |approved make and size including cost of materials, labour, complete as] sqm] 72.20 | 1541.00 | Five Hundred Forty 111260.00"", ""method"": ""OCR (tesseract psm 6, 2x)"", ""check"": ""arithmetic"", ""confidence"": ""high"", ""cross_validated"": true}]"
31," slurry over rough plaster surface ( excluding cost of rough plastered surface which should be measured and paid separately) using glazed tiles o Rupees One Thousand approved make and size including cost of materials, labour, complete as sqm Five Hundred Forty","Paving, kerbs & footpath",,sqm,Schedule B,9.45,1543.0,14581.0,,,,,,high,1,"[{""document_id"": ""WO-4--48173878-Schedule B.pdf"", ""attachment_type"": ""Schedule B"", ""work_bill_id"": ""624853"", ""attachment_url"": ""https://accounts.bbmp.gov.in/vssIFMS/Files1/WO-4--48173878-Schedule%20B.pdf"", ""listing_url"": ""https://accounts.bbmp.gov.in/vssWB/vss00CvStatusData.php?pAction=LoadWBFiles&pWorkBillID=624853"", ""page"": 7, ""page_kind"": ""schedule_b"", ""raw"": ""| 52 approved make and size including cost of materials, labour, complete as] sqm| 9.45 1543.00 | Five Hundred Forty 14581.00"", ""method"": ""OCR (tesseract psm 6, 2x)"", ""check"": ""arithmetic"", ""confidence"": ""high"", ""cross_validated"": true}]"
31,"ry over rough plaster surface ( excluding cost of rough plastered surface which should be measured and paid separately) using glazed tiles of Rupees One Thousand approved make and size including cost of materials, labour, complete as sqm Five Hundred Forty Six","Paving, kerbs & footpath",,sqm,Schedule B,35.89,1546.0,55486.0,,,,,,high,1,"[{""document_id"": ""WO-4--48173878-Schedule B.pdf"", ""attachment_type"": ""Schedule B"", ""work_bill_id"": ""624853"", ""attachment_url"": ""https://accounts.bbmp.gov.in/vssIFMS/Files1/WO-4--48173878-Schedule%20B.pdf"", ""listing_url"": ""https://accounts.bbmp.gov.in/vssWB/vss00CvStatusData.php?pAction=LoadWBFiles&pWorkBillID=624853"", ""page"": 7, ""page_kind"": ""schedule_b"", ""raw"": ""53 |approved make and size including cost of materials, labour, complete as} sqm | 35.89 | 1546.00 | Five Hundred Forty Six] 55486.00"", ""method"": ""OCR (tesseract psm 6, 2x)"", ""check"": ""arithmetic"", ""confidence"": ""high"", ""cross_validated"": true}]"
31,"ng pattern flooring for staircase treads and risers using the combination of 20mm thick ruby red granite @ %, mm thick grey granite @ %, 20mm thick, 20mm thick black granite %, — ; The granite materials are laid on existing bed of CM : 20mm thick Rupees wo ete","Paving, kerbs & footpath",,,Schedule B,178.08,2500.0,445200.0,,,,,,medium,1,"[{""document_id"": ""WO-4--48173878-Schedule B.pdf"", ""attachment_type"": ""Schedule B"", ""work_bill_id"": ""624853"", ""attachment_url"": ""https://accounts.bbmp.gov.in/vssIFMS/Files1/WO-4--48173878-Schedule%20B.pdf"", ""listing_url"": ""https://accounts.bbmp.gov.in/vssWB/vss00CvStatusData.php?pAction=LoadWBFiles&pWorkBillID=624853"", ""page"": 8, ""page_kind"": ""schedule_b"", ""raw"": ""56 The granite materials are laid on existing bed of CM 1:3 20mm thick 178.08 | 2500.00 Rupees wo ete 445200.00"", ""method"": ""OCR (tesseract psm 6, 2x)"", ""check"": ""arithmetic"", ""confidence"": ""medium"", ""cross_validated"": true}]"
31,"or flooring, threads, steps and landing, laid on a bed of 20mm thick cement mortar : mix flush pointing with white cement mixed with matching colour Rupees One Thousand pigment including curing, cleaning etc., complete. The work includes sam Two Hundred Eighty",Concrete,,,Schedule B,15.11,1288.0,19462.0,,,,,,medium,1,"[{""document_id"": ""WO-4--48173878-Schedule B.pdf"", ""attachment_type"": ""Schedule B"", ""work_bill_id"": ""624853"", ""attachment_url"": ""https://accounts.bbmp.gov.in/vssIFMS/Files1/WO-4--48173878-Schedule%20B.pdf"", ""listing_url"": ""https://accounts.bbmp.gov.in/vssWB/vss00CvStatusData.php?pAction=LoadWBFiles&pWorkBillID=624853"", ""page"": 8, ""page_kind"": ""schedule_b"", ""raw"": ""57 pigment including curing, cleaning etc., complete. The work includes sam| 15.11 1288.00 | Two Hundred Eighty 19462.00"", ""method"": ""OCR (tesseract psm 6, 2x)"", ""check"": ""arithmetic"", ""confidence"": ""medium"", ""cross_validated"": true}]"
31,"flooring, threads, steps and landing, laid on a bed of 20mm thick cement mortar : mix flush pointing with White cement mixed with matching colour Rupees One Thousand 5g Pigment including curing, cleaning etc., complete. The work includes sam Two Hundred Ninety",Concrete,,,Schedule B,1.82,1290.0,2348.0,,,,,,medium,1,"[{""document_id"": ""WO-4--48173878-Schedule B.pdf"", ""attachment_type"": ""Schedule B"", ""work_bill_id"": ""624853"", ""attachment_url"": ""https://accounts.bbmp.gov.in/vssIFMS/Files1/WO-4--48173878-Schedule%20B.pdf"", ""listing_url"": ""https://accounts.bbmp.gov.in/vssWB/vss00CvStatusData.php?pAction=LoadWBFiles&pWorkBillID=624853"", ""page"": 8, ""page_kind"": ""schedule_b"", ""raw"": ""| 5g [Pigment including curing, cleaning etc., complete. The work includes sam| 1.82 1290.00 | Two Hundred Ninety 2348.00"", ""method"": ""OCR (tesseract psm 6, 2x)"", ""check"": ""arithmetic"", ""confidence"": ""medium"", ""cross_validated"": true}]"
31," 400x400mm for flooring, threads, steps and landing, laid on a bed of 20mm thick cement mortar : mix flush pointing with white cement mixed wa era re Rupees One Thousand Pigment including curing, cleaning etc., complete, The wor includes sam Two Hundred Ninety",Concrete,,,Schedule B,11.23,1292.0,14509.0,,,,,,medium,1,"[{""document_id"": ""WO-4--48173878-Schedule B.pdf"", ""attachment_type"": ""Schedule B"", ""work_bill_id"": ""624853"", ""attachment_url"": ""https://accounts.bbmp.gov.in/vssIFMS/Files1/WO-4--48173878-Schedule%20B.pdf"", ""listing_url"": ""https://accounts.bbmp.gov.in/vssWB/vss00CvStatusData.php?pAction=LoadWBFiles&pWorkBillID=624853"", ""page"": 8, ""page_kind"": ""schedule_b"", ""raw"": ""| 59 {Pigment including curing, cleaning etc., complete, The wor includes sam] 11,23 1292.00 | Two Hundred Ninety 14509.00"", ""method"": ""OCR (tesseract psm 6, 2x)"", ""check"": ""arithmetic"", ""confidence"": ""medium"", ""cross_validated"": true}]"
31,"ao fully panelled Honne wood shutters for 180mm wide top rail and styl = ee ee bottom ie hereto i sf Smmahieelaeindles sb ee mm Wide as per drawing and panels Rupees Five Thousand complete es per eee materials, labour, HOM of machineries sqm One Hundred Thirty",Electrical & lighting,,sqm,Schedule B,16.06,5139.0,82532.0,,,,,,high,1,"[{""document_id"": ""WO-4--48173878-Schedule B.pdf"", ""attachment_type"": ""Schedule B"", ""work_bill_id"": ""624853"", ""attachment_url"": ""https://accounts.bbmp.gov.in/vssIFMS/Files1/WO-4--48173878-Schedule%20B.pdf"", ""listing_url"": ""https://accounts.bbmp.gov.in/vssWB/vss00CvStatusData.php?pAction=LoadWBFiles&pWorkBillID=624853"", ""page"": 9, ""page_kind"": ""schedule_b"", ""raw"": ""complete es per eee 0 materials, labour, HOM of machineries] sqm] 16.06 | 5139.00 | One Hundred Thirty 82532.00"", ""method"": ""OCR (tesseract psm 6, 2x)"", ""check"": ""arithmetic"", ""confidence"": ""high"", ""cross_validated"": true}]"
31,"shutters for doors, styles and rails of 25mm. thick with bottom and lock rails 180mm wide top rail and styles 100mm wide as per drawing and panels Rupees Five Thousand jof 25mm thick including cost of materials, labour, HOM of machineries sqm One Hundred Forty",Other,,sqm,Schedule B,16.06,5144.0,82613.0,,,,,,high,1,"[{""document_id"": ""WO-4--48173878-Schedule B.pdf"", ""attachment_type"": ""Schedule B"", ""work_bill_id"": ""624853"", ""attachment_url"": ""https://accounts.bbmp.gov.in/vssIFMS/Files1/WO-4--48173878-Schedule%20B.pdf"", ""listing_url"": ""https://accounts.bbmp.gov.in/vssWB/vss00CvStatusData.php?pAction=LoadWBFiles&pWorkBillID=624853"", ""page"": 9, ""page_kind"": ""schedule_b"", ""raw"": ""63 jof 25mm thick including cost of materials, labour, HOM of machineries] sqm} 16.06 | 5144.00 One Hundred Forty 82613.00"", ""method"": ""OCR (tesseract psm 6, 2x)"", ""check"": ""arithmetic"", ""confidence"": ""high"", ""cross_validated"": true}]"
31,"ood shutters for doors, styles and rails of 25mm. thick with bottom and lock rails 180mm wide top rail and styles 100mm wide as per drawing and panels Rupees Five Thousand Jof 25mm thick including cost of materials, labour, HOM of machineries One Hundred Forty",Other,,,Schedule B,16.06,5148.0,82676.0,,,,,,medium,1,"[{""document_id"": ""WO-4--48173878-Schedule B.pdf"", ""attachment_type"": ""Schedule B"", ""work_bill_id"": ""624853"", ""attachment_url"": ""https://accounts.bbmp.gov.in/vssIFMS/Files1/WO-4--48173878-Schedule%20B.pdf"", ""listing_url"": ""https://accounts.bbmp.gov.in/vssWB/vss00CvStatusData.php?pAction=LoadWBFiles&pWorkBillID=624853"", ""page"": 9, ""page_kind"": ""schedule_b"", ""raw"": ""64 Jof 25mm thick including cost of materials, labour, HOM of machineries 16.06 | 5148.00 One Hundred Forty 82676.00"", ""method"": ""OCR (tesseract psm 6, 2x)"", ""check"": ""arithmetic"", ""confidence"": ""medium"", ""cross_validated"": true}]"
31,"ing M.S.grill work for windows and ventilators weighing 21kg/sqm using M.S. flats, or M.S. square rods, or combination of M.S. flats and square rods as per approved design, drawing including cutting steel sections and welding the same to kgs Rupees One Hundred",Earthwork & excavation,,kg,Schedule B,1296.54,114.0,147805.0,,,,,,high,1,"[{""document_id"": ""WO-4--48173878-Schedule B.pdf"", ""attachment_type"": ""Schedule B"", ""work_bill_id"": ""624853"", ""attachment_url"": ""https://accounts.bbmp.gov.in/vssIFMS/Files1/WO-4--48173878-Schedule%20B.pdf"", ""listing_url"": ""https://accounts.bbmp.gov.in/vssWB/vss00CvStatusData.php?pAction=LoadWBFiles&pWorkBillID=624853"", ""page"": 9, ""page_kind"": ""schedule_b"", ""raw"": ""65 drawing including cutting steel sections and welding the same to kgs | 1296.54] 114.00 Rupees One Hundred 147805.00"", ""method"": ""OCR (tesseract psm 6, 2x)"", ""check"": ""arithmetic"", ""confidence"": ""high"", ""cross_validated"": true}]"
31,"on profiles through out the window. The sliding outer frame having a overall size of 60x45 mm with reinforcement of mm thickness, super sas with overall size Rupees Six Thousand of 39x75 mm with reinforcement of .5mm thickness. Glazing bead for Two Hundred Onl",Concrete,,,Schedule B,59.04,6200.0,366048.0,,,,,,medium,1,"[{""document_id"": ""WO-4--48173878-Schedule B.pdf"", ""attachment_type"": ""Schedule B"", ""work_bill_id"": ""624853"", ""attachment_url"": ""https://accounts.bbmp.gov.in/vssIFMS/Files1/WO-4--48173878-Schedule%20B.pdf"", ""listing_url"": ""https://accounts.bbmp.gov.in/vssWB/vss00CvStatusData.php?pAction=LoadWBFiles&pWorkBillID=624853"", ""page"": 9, ""page_kind"": ""schedule_b"", ""raw"": ""of 39x75 mm with reinforcement of 1.5mm thickness. Glazing bead for 59.04 | 6200.00 Two Hundred Onl 366048.00 |"", ""method"": ""OCR (tesseract psm 6, 2x)"", ""check"": ""arithmetic"", ""confidence"": ""medium"", ""cross_validated"": true}]"
31,"C channel of 5mm thick sheet & x 50mm wide to form styles & 5mm thick & 75mm wide PVC Sheets for top rail, lock rail & bottom rail on either side & Rupees Three Thousand 5mm thick 20mm wide PVC sheet as gap insert for top rail & bottom sqm Three Hundred Twenty",Other,,sqm,Schedule B,15.75,3329.0,52431.0,,,,,,high,1,"[{""document_id"": ""WO-4--48173878-Schedule B.pdf"", ""attachment_type"": ""Schedule B"", ""work_bill_id"": ""624853"", ""attachment_url"": ""https://accounts.bbmp.gov.in/vssIFMS/Files1/WO-4--48173878-Schedule%20B.pdf"", ""listing_url"": ""https://accounts.bbmp.gov.in/vssWB/vss00CvStatusData.php?pAction=LoadWBFiles&pWorkBillID=624853"", ""page"": 9, ""page_kind"": ""schedule_b"", ""raw"": ""5mm thick 20mm wide PVC sheet as gap insert for top rail & bottom] sqm| 15.75 | 3329.00 | Three Hundred Twenty] 52431.00"", ""method"": ""OCR (tesseract psm 6, 2x)"", ""check"": ""arithmetic"", ""confidence"": ""high"", ""cross_validated"": true}]"
31,"with hand rail Somm dia guage hollow pipe welded to vertical hollow 50mm dia pipe of guage, stainless stecl vertical pipe spaced at .20m regular intervals, Rupees Six Thousand and Nos of 25mm dia. Stainless steel hollow horizontal pipe are sqm Six Hundred Only",Reinforcement & steel,,sqm,Schedule B,66.4,6600.0,438240.0,,,,,,high,1,"[{""document_id"": ""WO-4--48173878-Schedule B.pdf"", ""attachment_type"": ""Schedule B"", ""work_bill_id"": ""624853"", ""attachment_url"": ""https://accounts.bbmp.gov.in/vssIFMS/Files1/WO-4--48173878-Schedule%20B.pdf"", ""listing_url"": ""https://accounts.bbmp.gov.in/vssWB/vss00CvStatusData.php?pAction=LoadWBFiles&pWorkBillID=624853"", ""page"": 10, ""page_kind"": ""schedule_b"", ""raw"": ""and 5 Nos of 25mm dia. Stainless steel hollow horizontal pipe are sqm| 66.40 6600.00 Six Hundred Only 438240.00"", ""method"": ""OCR (tesseract psm 6, 2x)"", ""check"": ""arithmetic"", ""confidence"": ""high"", ""cross_validated"": true}]"
31,"eat and lid, C.P brass hinges, rubber buffers. litre low level, P.V.C flushing cistern ( all are approved make ) with fittings, C.l / M.S brackets, 40mm Rupees Five Thousand diameter flush bend with fittings and clamps, overflow arrangements Nine Hundred Forty",Electrical & lighting,,,Schedule B,8.0,5941.0,47528.0,,,,,,medium,1,"[{""document_id"": ""WO-4--48173878-Schedule B.pdf"", ""attachment_type"": ""Schedule B"", ""work_bill_id"": ""624853"", ""attachment_url"": ""https://accounts.bbmp.gov.in/vssIFMS/Files1/WO-4--48173878-Schedule%20B.pdf"", ""listing_url"": ""https://accounts.bbmp.gov.in/vssWB/vss00CvStatusData.php?pAction=LoadWBFiles&pWorkBillID=624853"", ""page"": 10, ""page_kind"": ""schedule_b"", ""raw"": ""diameter flush bend with fittings and clamps, overflow arrangements 8.00 | 5941.00 | Nine Hundred Forty 47528.00"", ""method"": ""OCR (tesseract psm 6, 2x)"", ""check"": ""arithmetic"", ""confidence"": ""medium"", ""cross_validated"": true}]"
31,bility for hot and cold water . supply including all CPVC plain and brass threaded fittings including fixing the pipe with clamp at mtr spacing. This includes jointing o pipes and fittings with one step CPVC solvent cement & the cost of mtr i ai Three Huniired,Concrete,,m,Schedule B,100.0,351.0,35100.0,,,,,,high,1,"[{""document_id"": ""WO-4--48173878-Schedule B.pdf"", ""attachment_type"": ""Schedule B"", ""work_bill_id"": ""624853"", ""attachment_url"": ""https://accounts.bbmp.gov.in/vssIFMS/Files1/WO-4--48173878-Schedule%20B.pdf"", ""listing_url"": ""https://accounts.bbmp.gov.in/vssWB/vss00CvStatusData.php?pAction=LoadWBFiles&pWorkBillID=624853"", ""page"": 10, ""page_kind"": ""schedule_b"", ""raw"": ""73 |pipes and fittings with one step CPVC solvent cement & the cost of} mtr | 100.00 351.00 i ai Three Huniired 35100.00"", ""method"": ""OCR (tesseract psm 6, 2x)"", ""check"": ""arithmetic"", ""confidence"": ""high"", ""cross_validated"": true}]"
31,"gineer In Charge of the Work Providing and fixing in position brass bib cock of approved quality 25mm nominal bore including cost of all materials, labour and HOM o Rupees Two Hundred equipments with all leads complete as per specifications. Complete as each P",Other,,nos,Schedule B,20.0,283.0,5660.0,,,,,,high,1,"[{""document_id"": ""WO-4--48173878-Schedule B.pdf"", ""attachment_type"": ""Schedule B"", ""work_bill_id"": ""624853"", ""attachment_url"": ""https://accounts.bbmp.gov.in/vssIFMS/Files1/WO-4--48173878-Schedule%20B.pdf"", ""listing_url"": ""https://accounts.bbmp.gov.in/vssWB/vss00CvStatusData.php?pAction=LoadWBFiles&pWorkBillID=624853"", ""page"": 10, ""page_kind"": ""schedule_b"", ""raw"": ""74 equipments with all leads complete as per specifications. Complete as} each} 20.00 283.00 P 5660.00"", ""method"": ""OCR (tesseract psm 6, 2x)"", ""check"": ""arithmetic"", ""confidence"": ""high"", ""cross_validated"": true}]"
31,"weight of frame kg ) R.C.C. top ) slab with cement concrete M with 20mm and downsize granite . ‘ : ; Rupees Eleven metal , foundation concrete M with 40mm and downsize granite Thousand Nine metal inside plastering 12mm thick with cement mortar : finished Nos .","Paving, kerbs & footpath",,nos,Schedule B,3.0,11954.0,35862.0,,,,,,high,1,"[{""document_id"": ""WO-4--48173878-Schedule B.pdf"", ""attachment_type"": ""Schedule B"", ""work_bill_id"": ""624853"", ""attachment_url"": ""https://accounts.bbmp.gov.in/vssIFMS/Files1/WO-4--48173878-Schedule%20B.pdf"", ""listing_url"": ""https://accounts.bbmp.gov.in/vssWB/vss00CvStatusData.php?pAction=LoadWBFiles&pWorkBillID=624853"", ""page"": 10, ""page_kind"": ""schedule_b"", ""raw"": ""metal inside plastering 12mm thick with cement mortar 1:3, finished| Nos| 3.00 | 11954.00 . 35862.00"", ""method"": ""OCR (tesseract psm 6, 2x)"", ""check"": ""arithmetic"", ""confidence"": ""high"", ""cross_validated"": true}]"
31,"plying heavy gauge PVC conduit pipe ...s.dia ...... mm thick confirming to IS with suitable size bends, junction boxes, adhesive paste etc., and fixing using inverted wood plugs in case of RCC ceiling and RCC wall / stone structure or raw Rupees Fifty Six Only",Concrete,,,Schedule B,150.0,56.0,8400.0,,,,,,medium,1,"[{""document_id"": ""WO-4--48173878-Schedule B.pdf"", ""attachment_type"": ""Schedule B"", ""work_bill_id"": ""624853"", ""attachment_url"": ""https://accounts.bbmp.gov.in/vssIFMS/Files1/WO-4--48173878-Schedule%20B.pdf"", ""listing_url"": ""https://accounts.bbmp.gov.in/vssWB/vss00CvStatusData.php?pAction=LoadWBFiles&pWorkBillID=624853"", ""page"": 11, ""page_kind"": ""schedule_b"", ""raw"": ""78 plugs in case of RCC ceiling and RCC wall / stone structure or raw 150.00 | 56.00 | Rupees Fifty Six Only 8400.00"", ""method"": ""OCR (tesseract psm 6, 2x)"", ""check"": ""arithmetic"", ""confidence"": ""medium"", ""cross_validated"": true}]"
31,"pplying heavy gauge PVC conduit pipe ...e..dia ...... mm thick confirming to IS with suitable size bends, junction boxes, adhesive paste etc., and fixing using inverted wood plugs in case of RCC ceiling and RCC wall / stone structure or rawl Rupees Seventy Two",Concrete,,,Schedule B,130.0,72.0,9360.0,,,,,,medium,1,"[{""document_id"": ""WO-4--48173878-Schedule B.pdf"", ""attachment_type"": ""Schedule B"", ""work_bill_id"": ""624853"", ""attachment_url"": ""https://accounts.bbmp.gov.in/vssIFMS/Files1/WO-4--48173878-Schedule%20B.pdf"", ""listing_url"": ""https://accounts.bbmp.gov.in/vssWB/vss00CvStatusData.php?pAction=LoadWBFiles&pWorkBillID=624853"", ""page"": 11, ""page_kind"": ""schedule_b"", ""raw"": ""79 plugs in case of RCC ceiling and RCC wall / stone structure or rawl 130.00 72.00 Rupees Seventy Two 9360.00"", ""method"": ""OCR (tesseract psm 6, 2x)"", ""check"": ""arithmetic"", ""confidence"": ""medium"", ""cross_validated"": true}]"
31,"firmingto IS with suitable size bends, Metal/PVCjunction boxes, adhesive paste etc, and running before concreting the slab. The conduit should be tied to the reinforcement rods by using binding wires and unused ways of junction boxes and Rupees Forty Four Only",Drain & culvert works,,,Schedule B,90.0,44.0,3960.0,,,,,,medium,1,"[{""document_id"": ""WO-4--48173878-Schedule B.pdf"", ""attachment_type"": ""Schedule B"", ""work_bill_id"": ""624853"", ""attachment_url"": ""https://accounts.bbmp.gov.in/vssIFMS/Files1/WO-4--48173878-Schedule%20B.pdf"", ""listing_url"": ""https://accounts.bbmp.gov.in/vssWB/vss00CvStatusData.php?pAction=LoadWBFiles&pWorkBillID=624853"", ""page"": 11, ""page_kind"": ""schedule_b"", ""raw"": ""rods by using binding wires and unused ways of junction boxes and 90.00 44.00 |Rupees Forty Four Only} 3960.00"", ""method"": ""OCR (tesseract psm 6, 2x)"", ""check"": ""arithmetic"", ""confidence"": ""medium"", ""cross_validated"": true}]"
31,"rge of the Work Supplying and fixing superior quality modular switch mounting \ polycarbonate plate with necessary supporting back plate with required Rupees One Hundred ; nos. of machine screws, bolts nuts etc., complete on the existing each! Ninety Four Only",Other,,nos,Schedule B,20.0,194.0,3880.0,,,,,,high,1,"[{""document_id"": ""WO-4--48173878-Schedule B.pdf"", ""attachment_type"": ""Schedule B"", ""work_bill_id"": ""624853"", ""attachment_url"": ""https://accounts.bbmp.gov.in/vssIFMS/Files1/WO-4--48173878-Schedule%20B.pdf"", ""listing_url"": ""https://accounts.bbmp.gov.in/vssWB/vss00CvStatusData.php?pAction=LoadWBFiles&pWorkBillID=624853"", ""page"": 12, ""page_kind"": ""schedule_b"", ""raw"": ""; 83 |nos. of machine screws, bolts nuts etc., complete on the existing] each! 20.00 194.00 Ninety Four Only 3880.00"", ""method"": ""OCR (tesseract psm 6, 2x)"", ""check"": ""arithmetic"", ""confidence"": ""high"", ""cross_validated"": true}]"
31,"gineer In Charge of the Work i Supplying and fixing of modular switch/ Socket/stepped electronic fan regulator/ dimmer/telephone socket etc on existing modular switch R Three Hundred plate as per IS and IS . Stepped Fan Regulator Complete as each a T. Out Fe"")",Other,,nos,Schedule B,34.0,322.0,10948.0,,,,,,high,1,"[{""document_id"": ""WO-4--48173878-Schedule B.pdf"", ""attachment_type"": ""Schedule B"", ""work_bill_id"": ""624853"", ""attachment_url"": ""https://accounts.bbmp.gov.in/vssIFMS/Files1/WO-4--48173878-Schedule%20B.pdf"", ""listing_url"": ""https://accounts.bbmp.gov.in/vssWB/vss00CvStatusData.php?pAction=LoadWBFiles&pWorkBillID=624853"", ""page"": 12, ""page_kind"": ""schedule_b"", ""raw"": ""plate as per IS 3854 and IS 1293. Stepped Fan Regulator Complete as} each| 34.00 | 322.00 a T. Out Fe\"") 10948.00"", ""method"": ""OCR (tesseract psm 6, 2x)"", ""check"": ""arithmetic"", ""confidence"": ""high"", ""cross_validated"": true}]"
31,et. Long point above 6Mtr up to 10Mtr from tapping point to out let via switch box Complete as per specification and as per Directions of Engineer In Charge of the Work Supplying and fixing metal Fan box with Round Hook Complete as per each! Rupees Ninety Four,Other,,nos,Schedule B,34.0,94.0,3196.0,,,,,,high,1,"[{""document_id"": ""WO-4--48173878-Schedule B.pdf"", ""attachment_type"": ""Schedule B"", ""work_bill_id"": ""624853"", ""attachment_url"": ""https://accounts.bbmp.gov.in/vssIFMS/Files1/WO-4--48173878-Schedule%20B.pdf"", ""listing_url"": ""https://accounts.bbmp.gov.in/vssWB/vss00CvStatusData.php?pAction=LoadWBFiles&pWorkBillID=624853"", ""page"": 12, ""page_kind"": ""schedule_b"", ""raw"": ""Supplying and fixing metal Fan box with Round Hook Complete as per each! 34.00 94.00 Rupees Ninety Four 3196.00"", ""method"": ""OCR (tesseract psm 6, 2x)"", ""check"": ""arithmetic"", ""confidence"": ""high"", ""cross_validated"": true}]"
31,"Description of Work Unit ary, Amount Pring "" Tight PO eet cond sa one of PVC insulated 1100v fradC multistrand Copper con ctor single core cable in open or -oncealed system of wiring. .5Sqmm Complete as per specification m Rupees Twenty Three",Electrical & lighting,,m,Schedule B,450.0,23.0,10350.0,,,,,,high,1,"[{""document_id"": ""WO-4--48173878-Schedule B.pdf"", ""attachment_type"": ""Schedule B"", ""work_bill_id"": ""624853"", ""attachment_url"": ""https://accounts.bbmp.gov.in/vssIFMS/Files1/WO-4--48173878-Schedule%20B.pdf"", ""listing_url"": ""https://accounts.bbmp.gov.in/vssWB/vss00CvStatusData.php?pAction=LoadWBFiles&pWorkBillID=624853"", ""page"": 13, ""page_kind"": ""schedule_b"", ""raw"": ""-oncealed system of wiring. 1.5Sqmm Complete as per specification m | 450.00 23.00 Rupees Twenty Three 10350.00"", ""method"": ""OCR (tesseract psm 6, 2x)"", ""check"": ""arithmetic"", ""confidence"": ""high"", ""cross_validated"": true}]"
31,"land as per Directions of Engineer In Charge of the Work Only irine i alan circuit using one of PVC insulated 1100v grade, muitistran Copper conductor single core cable in open or concealed system of wiring. .5Sqmm Complete as ‘ ; m Rupees Thirty Six Only",Pipes & ducts,,m,Schedule B,450.0,36.0,16200.0,,,,,,high,1,"[{""document_id"": ""WO-4--48173878-Schedule B.pdf"", ""attachment_type"": ""Schedule B"", ""work_bill_id"": ""624853"", ""attachment_url"": ""https://accounts.bbmp.gov.in/vssIFMS/Files1/WO-4--48173878-Schedule%20B.pdf"", ""listing_url"": ""https://accounts.bbmp.gov.in/vssWB/vss00CvStatusData.php?pAction=LoadWBFiles&pWorkBillID=624853"", ""page"": 13, ""page_kind"": ""schedule_b"", ""raw"": ""concealed system of wiring. 2.5Sqmm Complete as ‘ ; m | 450.00 36.00 | Rupees Thirty Six Only 16200.00"", ""method"": ""OCR (tesseract psm 6, 2x)"", ""check"": ""arithmetic"", ""confidence"": ""high"", ""cross_validated"": true}]"
31,"er Directions of Engineer In Charge of the Work Supplying and fixing miniature circuit breakers on existing MCB distribution boards using necessary fixing materials and 'C’ Type curve, indicator ON/OFF, energy cross- with Short circuit each Rupees One Thousand",Other,,nos,Schedule B,4.0,1009.0,4036.0,,,,,,high,1,"[{""document_id"": ""WO-4--48173878-Schedule B.pdf"", ""attachment_type"": ""Schedule B"", ""work_bill_id"": ""624853"", ""attachment_url"": ""https://accounts.bbmp.gov.in/vssIFMS/Files1/WO-4--48173878-Schedule%20B.pdf"", ""listing_url"": ""https://accounts.bbmp.gov.in/vssWB/vss00CvStatusData.php?pAction=LoadWBFiles&pWorkBillID=624853"", ""page"": 13, ""page_kind"": ""schedule_b"", ""raw"": ""curve, indicator ON/OFF, energy cross-3 with Short circuit each| 4.00 1009.00 Rupees One Thousand 4036.00"", ""method"": ""OCR (tesseract psm 6, 2x)"", ""check"": ""arithmetic"", ""confidence"": ""high"", ""cross_validated"": true}]"
31,"omplete as per specification and as per Directions of Engineer In Charge of the Work Supplying and fixing miniature circuit breakers on existing MCB, aero oem Coe ere a etn aoa pera Rupees One Thousand gy Ourwee iclcator suerey & ae cult) ach Nine Hundred Four",Other,,,Schedule B,2.0,1904.0,3808.0,,,,,,medium,1,"[{""document_id"": ""WO-4--48173878-Schedule B.pdf"", ""attachment_type"": ""Schedule B"", ""work_bill_id"": ""624853"", ""attachment_url"": ""https://accounts.bbmp.gov.in/vssIFMS/Files1/WO-4--48173878-Schedule%20B.pdf"", ""listing_url"": ""https://accounts.bbmp.gov.in/vssWB/vss00CvStatusData.php?pAction=LoadWBFiles&pWorkBillID=624853"", ""page"": 13, ""page_kind"": ""schedule_b"", ""raw"": ""gy [Ourwee iclcator 2 suerey & ae cult) ach| 2.00 | 1904.00 | Nine Hundred Four | 3808.00"", ""method"": ""OCR (tesseract psm 6, 2x)"", ""check"": ""arithmetic"", ""confidence"": ""medium"", ""cross_validated"": true}]"
31,"of Engineer In Charge of the Work Supplying and fixing angle iron frame work fabricated out of M.S. angle iron.. and M.S. flat ... with bolts, washers etc., and painted with coats of red oxide and then two coats of approved paint. 40x40x6mm mtr mness hye Misra",Other,,m,Schedule B,9.8,283.0,2773.0,,,,,,high,1,"[{""document_id"": ""WO-4--48173878-Schedule B.pdf"", ""attachment_type"": ""Schedule B"", ""work_bill_id"": ""624853"", ""attachment_url"": ""https://accounts.bbmp.gov.in/vssIFMS/Files1/WO-4--48173878-Schedule%20B.pdf"", ""listing_url"": ""https://accounts.bbmp.gov.in/vssWB/vss00CvStatusData.php?pAction=LoadWBFiles&pWorkBillID=624853"", ""page"": 13, ""page_kind"": ""schedule_b"", ""raw"": ""2 coats of red oxide and then two coats of approved paint. 40x40x6mm} mtr | 9.80 283.00 mness hye Misra 2773.00"", ""method"": ""OCR (tesseract psm 6, 2x)"", ""check"": ""arithmetic"", ""confidence"": ""high"", ""cross_validated"": true}]"
31,"es Labour charges for laying of KV class UG cable in existing trench GI pipe / stoneware pipe / on wall / on pole as required, In existing mtr Rupees Seventeen Only",Pipes & ducts,,m,Schedule B,50.0,17.0,850.0,,,,,,high,1,"[{""document_id"": ""WO-4--48173878-Schedule B.pdf"", ""attachment_type"": ""Schedule B"", ""work_bill_id"": ""624853"", ""attachment_url"": ""https://accounts.bbmp.gov.in/vssIFMS/Files1/WO-4--48173878-Schedule%20B.pdf"", ""listing_url"": ""https://accounts.bbmp.gov.in/vssWB/vss00CvStatusData.php?pAction=LoadWBFiles&pWorkBillID=624853"", ""page"": 14, ""page_kind"": ""schedule_b"", ""raw"": ""GI pipe / stoneware pipe / on wall / on pole as required, In existing mtr | 50.00 17.00 Rupees Seventeen Only 850.00"", ""method"": ""OCR (tesseract psm 6, 2x)"", ""check"": ""arithmetic"", ""confidence"": ""high"", ""cross_validated"": true}]"
31,". sqmm to sqmm Complete as per specification and as per Directions of Engineer In Charge of the Work Digging of trench of .6m deep x mtr wide refilling the trench to the required ground level and consolidating etc., complete.(As per Civil tr Rupees One Hundred",Other,,,Schedule B,25.0,125.0,3125.0,,,,,,medium,1,"[{""document_id"": ""WO-4--48173878-Schedule B.pdf"", ""attachment_type"": ""Schedule B"", ""work_bill_id"": ""624853"", ""attachment_url"": ""https://accounts.bbmp.gov.in/vssIFMS/Files1/WO-4--48173878-Schedule%20B.pdf"", ""listing_url"": ""https://accounts.bbmp.gov.in/vssWB/vss00CvStatusData.php?pAction=LoadWBFiles&pWorkBillID=624853"", ""page"": 14, ""page_kind"": ""schedule_b"", ""raw"": ""the required ground level and consolidating etc., complete.(As per Civil tr | 25.00 125.00 Rupees One Hundred 3125.00"", ""method"": ""OCR (tesseract psm 6, 2x)"", ""check"": ""arithmetic"", ""confidence"": ""medium"", ""cross_validated"": true}]"
31,40mm dia .90mm thick GI pipe mtr long buried in a pit ... The pit should be filled with equal proportion of salt and charcoal 150mm all-round the Rupees Three Thousand pipe to complete depth. The connection from the pipe to the conduit Nos Three Hundred Thirty,Pipes & ducts,,nos,Schedule B,2.0,3330.0,6660.0,,,,,,high,1,"[{""document_id"": ""WO-4--48173878-Schedule B.pdf"", ""attachment_type"": ""Schedule B"", ""work_bill_id"": ""624853"", ""attachment_url"": ""https://accounts.bbmp.gov.in/vssIFMS/Files1/WO-4--48173878-Schedule%20B.pdf"", ""listing_url"": ""https://accounts.bbmp.gov.in/vssWB/vss00CvStatusData.php?pAction=LoadWBFiles&pWorkBillID=624853"", ""page"": 14, ""page_kind"": ""schedule_b"", ""raw"": ""104 |pipe to complete depth. The connection from the pipe to the conduit] Nos| 2.00 | 3330.00 Three Hundred Thirty 6660.00"", ""method"": ""OCR (tesseract psm 6, 2x)"", ""check"": ""arithmetic"", ""confidence"": ""high"", ""cross_validated"": true}]"
31,"e through holes of mm dia with all lead and lift as per directions of Engineer Incharge of the work. Supplying and running Gl/Copper strip for groundin connections usin ‘ necessary suitable size clamps, nails sutles/saicers ota, complete ar Mtr Rupees ed xuree",Electrical & lighting,,m,Schedule B,20.0,83.0,1660.0,,,,,,high,1,"[{""document_id"": ""WO-4--48173878-Schedule B.pdf"", ""attachment_type"": ""Schedule B"", ""work_bill_id"": ""624853"", ""attachment_url"": ""https://accounts.bbmp.gov.in/vssIFMS/Files1/WO-4--48173878-Schedule%20B.pdf"", ""listing_url"": ""https://accounts.bbmp.gov.in/vssWB/vss00CvStatusData.php?pAction=LoadWBFiles&pWorkBillID=624853"", ""page"": 14, ""page_kind"": ""schedule_b"", ""raw"": ""| | 105 [necessary suitable size clamps, nails sutles/saicers ota, complete ar Mtr | 20.00 83.00 Rupees ed xuree 1660.00"", ""method"": ""OCR (tesseract psm 6, 2x)"", ""check"": ""arithmetic"", ""confidence"": ""high"", ""cross_validated"": true}]"
31,"as per directionof Engineer In Charge. 25X3mm my Supplying and running Gl/Copper strip for grounding connections using Rupees Eight Hundred necessary suitable size clamps, nails guttas/spacers etc., complete and each Forty Four Oni",Electrical & lighting,,nos,Schedule B,2.0,844.0,1688.0,,,,,,high,1,"[{""document_id"": ""WO-4--48173878-Schedule B.pdf"", ""attachment_type"": ""Schedule B"", ""work_bill_id"": ""624853"", ""attachment_url"": ""https://accounts.bbmp.gov.in/vssIFMS/Files1/WO-4--48173878-Schedule%20B.pdf"", ""listing_url"": ""https://accounts.bbmp.gov.in/vssWB/vss00CvStatusData.php?pAction=LoadWBFiles&pWorkBillID=624853"", ""page"": 14, ""page_kind"": ""schedule_b"", ""raw"": ""necessary suitable size clamps, nails guttas/spacers etc., complete and] each] 2.00 844.00 Forty Four Oni 1688.00"", ""method"": ""OCR (tesseract psm 6, 2x)"", ""check"": ""arithmetic"", ""confidence"": ""high"", ""cross_validated"": true}]"
31,feet - PVC Batten with integrated LED tube .....W with high quality diffuser with Life of burning hours & % lumen maintenance with CRI > Power Input: -240V @ /60Hz R Four Hundred & Power factor > along with CE approved. years Warranty against each mDeSs ae ene,Electrical & lighting,,nos,Schedule B,30.0,416.0,12480.0,,,,,,high,1,"[{""document_id"": ""WO-4--48173878-Schedule B.pdf"", ""attachment_type"": ""Schedule B"", ""work_bill_id"": ""624853"", ""attachment_url"": ""https://accounts.bbmp.gov.in/vssIFMS/Files1/WO-4--48173878-Schedule%20B.pdf"", ""listing_url"": ""https://accounts.bbmp.gov.in/vssWB/vss00CvStatusData.php?pAction=LoadWBFiles&pWorkBillID=624853"", ""page"": 14, ""page_kind"": ""schedule_b"", ""raw"": ""107 |& Power factor >0.9 along with CE approved. 2 years Warranty against| each} 30.00 416.00 mDeSs ae ene 12480.00"", ""method"": ""OCR (tesseract psm 6, 2x)"", ""check"": ""arithmetic"", ""confidence"": ""high"", ""cross_validated"": true}]"
31,"gineer In Charge of the Work Fixing all types and all Capacities of 'x4' / 'x2' LED Light fittings indoor on the wall / ceiling / rafters / girders with necessary supporting , frame, using / ” twin twisted PVC insulated wires, required each Rupees Five Hundred",Electrical & lighting,,nos,Schedule B,30.0,500.0,15000.0,,,,,,high,1,"[{""document_id"": ""WO-4--48173878-Schedule B.pdf"", ""attachment_type"": ""Schedule B"", ""work_bill_id"": ""624853"", ""attachment_url"": ""https://accounts.bbmp.gov.in/vssIFMS/Files1/WO-4--48173878-Schedule%20B.pdf"", ""listing_url"": ""https://accounts.bbmp.gov.in/vssWB/vss00CvStatusData.php?pAction=LoadWBFiles&pWorkBillID=624853"", ""page"": 14, ""page_kind"": ""schedule_b"", ""raw"": ""frame, using 23/0.0076” twin twisted PVC insulated wires, required] each| 30.00 500.00 Rupees Five Hundred 15000.00"", ""method"": ""OCR (tesseract psm 6, 2x)"", ""check"": ""arithmetic"", ""confidence"": ""high"", ""cross_validated"": true}]"
31,"er In Charge of the Work Supplying capacitor type ceiling fan complete with down rod blades, shackle, canopies etc., for operation on volts, cycles. Single Rupees Two Thousand phase AC supply conforming to ISS- - and with double ball each Three Hundred Twenty!",Other,,nos,Schedule B,34.0,2320.0,78880.0,,,,,,high,1,"[{""document_id"": ""WO-4--48173878-Schedule B.pdf"", ""attachment_type"": ""Schedule B"", ""work_bill_id"": ""624853"", ""attachment_url"": ""https://accounts.bbmp.gov.in/vssIFMS/Files1/WO-4--48173878-Schedule%20B.pdf"", ""listing_url"": ""https://accounts.bbmp.gov.in/vssWB/vss00CvStatusData.php?pAction=LoadWBFiles&pWorkBillID=624853"", ""page"": 14, ""page_kind"": ""schedule_b"", ""raw"": ""phase AC supply conforming to ISS-374- 1979 and with double ball] each} 34,00 2320.00 | Three Hundred Twenty! 78880.00"", ""method"": ""OCR (tesseract psm 6, 2x)"", ""check"": ""arithmetic"", ""confidence"": ""high"", ""cross_validated"": true}]"
59,esetting of footpath slab complete as per specification . Renee ioey Piles and as per the Directions of Engineer In Charge of The Work Sqm . Only Removing and i ! ificati REE A pnts g resetting of kerb stones complete as per specification Five and Ninety Eight,Dismantling & removal,,,Schedule B,826.0,105.99,87547.24,826.0,,826.0,bill form total up to date,0.0,medium,1,"[{""document_id"": ""WO-4--08470771-Schedule B.pdf"", ""attachment_type"": ""Schedule B"", ""work_bill_id"": ""518659"", ""attachment_url"": ""https://accounts.bbmp.gov.in/vssIFMS/Files1/WO-4--08470771-Schedule%20B.pdf"", ""listing_url"": ""https://accounts.bbmp.gov.in/vssWB/vss00CvStatusData.php?pAction=LoadWBFiles&pWorkBillID=518659"", ""page"": 1, ""page_kind"": ""schedule_b"", ""raw"": ""2 g resetting of kerb stones complete as per specification 826.00 105.99 | Five and Ninety Eight 87547.24"", ""method"": ""OCR (tesseract psm 6, 2x)"", ""check"": ""arithmetic"", ""confidence"": ""medium"", ""cross_validated"": true}, {""document_id"": ""WB-Bill--14621624-bill form 112.pdf"", ""attachment_type"": ""Bill Form"", ""work_bill_id"": ""518659"", ""attachment_url"": ""https://accounts.bbmp.gov.in/vssIFMS/Files1/WB-Bill--14621624-bill%20form%20112.pdf"", ""listing_url"": ""https://accounts.bbmp.gov.in/vssWB/vss00CvStatusData.php?pAction=LoadWBFiles&pWorkBillID=518659"", ""page"": 2, ""page_kind"": ""abstract"", ""raw"": ""| 2. |specification and as per the Directions of Englneer inl m 826.00 | | | 826.00 105.99 87547.74 826.00 87547.74 |"", ""method"": ""OCR (tesseract psm 6, 2x, rulings removed)"", ""check"": ""arithmetic"", ""confidence"": ""high"", ""cross_validated"": true}]"
59,"he Work Paisas Only Earth work excavation by manual means in ordinary soil involving an average horizontal throw upto meters and an average lift upto .5m, Rupees One Hundred excavated surface levelled and sides neately dressed, the disposed Cum Thirty Nine and",Earthwork & excavation,,cum,Schedule B,415.94,139.18,57889.7,390.91,,390.91,bill abstracts (sum of read bills),-6.0,high,1,"[{""document_id"": ""WO-4--08470771-Schedule B.pdf"", ""attachment_type"": ""Schedule B"", ""work_bill_id"": ""518659"", ""attachment_url"": ""https://accounts.bbmp.gov.in/vssIFMS/Files1/WO-4--08470771-Schedule%20B.pdf"", ""listing_url"": ""https://accounts.bbmp.gov.in/vssWB/vss00CvStatusData.php?pAction=LoadWBFiles&pWorkBillID=518659"", ""page"": 1, ""page_kind"": ""schedule_b"", ""raw"": ""3 excavated surface levelled and sides neately dressed, the disposed Cum} 415.94 139.18 Thirty Nine and 57889.70"", ""method"": ""OCR (tesseract psm 6, 2x)"", ""check"": ""arithmetic"", ""confidence"": ""high"", ""cross_validated"": true}, {""document_id"": ""WB-Bill--14621624-bill form 112.pdf"", ""attachment_type"": ""Bill Form"", ""work_bill_id"": ""518659"", ""attachment_url"": ""https://accounts.bbmp.gov.in/vssIFMS/Files1/WB-Bill--14621624-bill%20form%20112.pdf"", ""listing_url"": ""https://accounts.bbmp.gov.in/vssWB/vss00CvStatusData.php?pAction=LoadWBFiles&pWorkBillID=518659"", ""page"": 2, ""page_kind"": ""abstract"", ""raw"": ""3 excavated surface levelled and sides neately dressed,) Cum 415.94 | 390.91 139.18 54406.85 390.91 $4406.85 |"", ""method"": ""OCR (tesseract psm 6, 2x, rulings removed)"", ""check"": ""arithmetic"", ""confidence"": ""high"", ""cross_validated"": true}]"
59,"d granite metal coarse aggregates @ cum and fine aggregates @ cum, Rupees Five Thousand in foundation mechanically mixed, placed in foundation and Four Hundred Seventy compacted by vibration including curing for days including cost of Cum Six and Eleven Paisas","Paving, kerbs & footpath",,cum,Schedule B,41.82,5476.12,229011.3,,,,,,high,1,"[{""document_id"": ""WO-4--08470771-Schedule B.pdf"", ""attachment_type"": ""Schedule B"", ""work_bill_id"": ""518659"", ""attachment_url"": ""https://accounts.bbmp.gov.in/vssIFMS/Files1/WO-4--08470771-Schedule%20B.pdf"", ""listing_url"": ""https://accounts.bbmp.gov.in/vssWB/vss00CvStatusData.php?pAction=LoadWBFiles&pWorkBillID=518659"", ""page"": 1, ""page_kind"": ""schedule_b"", ""raw"": ""compacted by vibration including curing for 14 days including cost of Cum| 41.82 5476.12 Six and Eleven Paisas 229011.30"", ""method"": ""OCR (tesseract psm 6, 2x)"", ""check"": ""arithmetic"", ""confidence"": ""high"", ""cross_validated"": true}]"
59," with OPC at 300kgs with 20mm and downsize granite metal coarse aggregates at cum and fine aggregates at cum machine mixed, well compacted for walls and Rupees Seven Thousand bottom including centering shuttering cost of materials, HOM o Cum! One Hundred Forty","Paving, kerbs & footpath",,cum,Schedule B,12.99,7140.9,92760.32,,,,,,high,1,"[{""document_id"": ""WO-4--08470771-Schedule B.pdf"", ""attachment_type"": ""Schedule B"", ""work_bill_id"": ""518659"", ""attachment_url"": ""https://accounts.bbmp.gov.in/vssIFMS/Files1/WO-4--08470771-Schedule%20B.pdf"", ""listing_url"": ""https://accounts.bbmp.gov.in/vssWB/vss00CvStatusData.php?pAction=LoadWBFiles&pWorkBillID=518659"", ""page"": 1, ""page_kind"": ""schedule_b"", ""raw"": ""5 bottom including centering shuttering cost of materials, HOM o Cum! 12.99 7140.90 | One Hundred Forty 92760.32"", ""method"": ""OCR (tesseract psm 6, 2x)"", ""check"": ""arithmetic"", ""confidence"": ""high"", ""cross_validated"": true}]"
59,"ze 400x150x200 mm having block density not lessthan kg/m3 and having a minimum average compressive strength N/mm? confirming to IS (Part) : and constructed with CM Rupees Nine Hundred : as per IS : including cost of all materials, labour Eighty Nine and Twenty",Other,,,Schedule B,252.52,989.23,249801.47,199.34,,199.34,bill abstracts (sum of read bills),-21.1,medium,1,"[{""document_id"": ""WO-4--08470771-Schedule B.pdf"", ""attachment_type"": ""Schedule B"", ""work_bill_id"": ""518659"", ""attachment_url"": ""https://accounts.bbmp.gov.in/vssIFMS/Files1/WO-4--08470771-Schedule%20B.pdf"", ""listing_url"": ""https://accounts.bbmp.gov.in/vssWB/vss00CvStatusData.php?pAction=LoadWBFiles&pWorkBillID=518659"", ""page"": 1, ""page_kind"": ""schedule_b"", ""raw"": ""1:4, as per IS 2572:2005 including cost of all materials, labour 252.52 989.23 |Eighty Nine and Twenty} 249801.47"", ""method"": ""OCR (tesseract psm 6, 2x)"", ""check"": ""arithmetic"", ""confidence"": ""medium"", ""cross_validated"": true}, {""document_id"": ""WB-Bill--14621624-bill form 112.pdf"", ""attachment_type"": ""Bill Form"", ""work_bill_id"": ""518659"", ""attachment_url"": ""https://accounts.bbmp.gov.in/vssIFMS/Files1/WB-Bill--14621624-bill%20form%20112.pdf"", ""listing_url"": ""https://accounts.bbmp.gov.in/vssWB/vss00CvStatusData.php?pAction=LoadWBFiles&pWorkBillID=518659"", ""page"": 4, ""page_kind"": ""abstract"", ""raw"": ""g confirming to IS 2185 (Part) : 2005 and constructed go, =| 252.52 199.34 989.23 | «197193.11 199.34 | 19719311 |"", ""method"": ""OCR (tesseract psm 6, 2x, rulings removed)"", ""check"": ""arithmetic"", ""confidence"": ""medium"", ""cross_validated"": true}]"
59," metal coarse aggregates @ .70cum and fine aggregates & cum with superplasticizers, machine mixed, including providing and removing centering, Rupees One Thousand shuttering, strutting, Proping ctc., for edges of slabs with TMT steel Sqm creer Easarel ice OETY",Dismantling & removal,,sqm,Schedule B,424.8,1741.24,739678.75,418.86,,418.86,bill abstracts (sum of read bills),-1.4,medium,1,"[{""document_id"": ""WO-4--08470771-Schedule B.pdf"", ""attachment_type"": ""Schedule B"", ""work_bill_id"": ""518659"", ""attachment_url"": ""https://accounts.bbmp.gov.in/vssIFMS/Files1/WO-4--08470771-Schedule%20B.pdf"", ""listing_url"": ""https://accounts.bbmp.gov.in/vssWB/vss00CvStatusData.php?pAction=LoadWBFiles&pWorkBillID=518659"", ""page"": 2, ""page_kind"": ""schedule_b"", ""raw"": ""shuttering, strutting, Proping ctc., for edges of slabs with TMT steel Sqm 424.80 | 1741.24 creer Easarel ice OETY 739678.75"", ""method"": ""OCR (tesseract psm 6, 2x)"", ""check"": ""arithmetic"", ""confidence"": ""high"", ""cross_validated"": true}, {""document_id"": ""WB-Bill--14621624-bill form 112.pdf"", ""attachment_type"": ""Bill Form"", ""work_bill_id"": ""518659"", ""attachment_url"": ""https://accounts.bbmp.gov.in/vssIFMS/Files1/WB-Bill--14621624-bill%20form%20112.pdf"", ""listing_url"": ""https://accounts.bbmp.gov.in/vssWB/vss00CvStatusData.php?pAction=LoadWBFiles&pWorkBillID=518659"", ""page"": 4, ""page_kind"": ""abstract"", ""raw"": ""10 [of slabs with TMT steel (Fe 500) cost & reinforcement sam. | 424,80. || | 418.86 1741.24 72933579 418.86 729335.79"", ""method"": ""OCR (tesseract psm 6, 2x, rulings removed)"", ""check"": ""arithmetic"", ""confidence"": ""medium"", ""cross_validated"": true}]"
59,"m and fine aggregates & cum with superplasticizers, . . - : oy A . Rupees Two Thousand machine mixed, including providing and removing centering, Five Hundred Nine shuttering, strutting, proping etc., for edges of slabs with TMT steel Sqm Nine and Seventy F ty",Dismantling & removal,,sqm,Schedule B,39.38,2599.74,102377.76,,,,,,high,1,"[{""document_id"": ""WO-4--08470771-Schedule B.pdf"", ""attachment_type"": ""Schedule B"", ""work_bill_id"": ""518659"", ""attachment_url"": ""https://accounts.bbmp.gov.in/vssIFMS/Files1/WO-4--08470771-Schedule%20B.pdf"", ""listing_url"": ""https://accounts.bbmp.gov.in/vssWB/vss00CvStatusData.php?pAction=LoadWBFiles&pWorkBillID=518659"", ""page"": 2, ""page_kind"": ""schedule_b"", ""raw"": ""12 |shuttering, strutting, proping etc., for edges of slabs with TMT steel Sqm] 39.38 2599.74 Nine and Seventy F ty 102377.76 |"", ""method"": ""OCR (tesseract psm 6, 2x)"", ""check"": ""arithmetic"", ""confidence"": ""high"", ""cross_validated"": true}]"
59,"gregates @ .70cum and fine aggregates & cum with superplasticizers, Rupees Five Thousand machine mixed, including providing and removing centering, Two Hundred Sixty shuttering, strutting, proping etc., for edges of slabs with TMT steel Sqm Nite. awd Seventeen",Dismantling & removal,,sqm,Schedule B,16.2,5269.17,85360.55,,,,,,high,1,"[{""document_id"": ""WO-4--08470771-Schedule B.pdf"", ""attachment_type"": ""Schedule B"", ""work_bill_id"": ""518659"", ""attachment_url"": ""https://accounts.bbmp.gov.in/vssIFMS/Files1/WO-4--08470771-Schedule%20B.pdf"", ""listing_url"": ""https://accounts.bbmp.gov.in/vssWB/vss00CvStatusData.php?pAction=LoadWBFiles&pWorkBillID=518659"", ""page"": 2, ""page_kind"": ""schedule_b"", ""raw"": ""13 |shuttering, strutting, proping etc., for edges of slabs with TMT steel Sqm| 16.20 5269.17 Nite. awd Seventeen 85360.55 |"", ""method"": ""OCR (tesseract psm 6, 2x)"", ""check"": ""arithmetic"", ""confidence"": ""high"", ""cross_validated"": true}]"
59,"cement concrete kerb stones made out of CC : : with top and bottom width and mm respectively, 400mm high and 450mm in length finished with CM : Rupees Four Hundred plastering and finishing cutting including formwork, curing, including Nos Thirty Six and Eighty",Earthwork & excavation,,nos,Schedule B,2169.0,436.8,947429.61,,,,,,high,1,"[{""document_id"": ""WO-4--08470771-Schedule B.pdf"", ""attachment_type"": ""Schedule B"", ""work_bill_id"": ""518659"", ""attachment_url"": ""https://accounts.bbmp.gov.in/vssIFMS/Files1/WO-4--08470771-Schedule%20B.pdf"", ""listing_url"": ""https://accounts.bbmp.gov.in/vssWB/vss00CvStatusData.php?pAction=LoadWBFiles&pWorkBillID=518659"", ""page"": 2, ""page_kind"": ""schedule_b"", ""raw"": ""14 |plastering and finishing cutting including formwork, curing, including] Nos | 2169.00 | 436.80 | Thirty Six and Eighty 947429.61"", ""method"": ""OCR (tesseract psm 6, 2x)"", ""check"": ""arithmetic"", ""confidence"": ""high"", ""cross_validated"": true}]"
59,"eer In Charge of The Work Painting two coats after filling the surface with synthetic enamel paint in approved shades on new plastered conerete surfaces, with materials, i i labour complete as per specifications. MORTH Chapter complete as Sqm Steprour ee eOnly",Other,,sqm,Schedule B,7814.45,85.65,669292.01,,,,,,high,1,"[{""document_id"": ""WO-4--08470771-Schedule B.pdf"", ""attachment_type"": ""Schedule B"", ""work_bill_id"": ""518659"", ""attachment_url"": ""https://accounts.bbmp.gov.in/vssIFMS/Files1/WO-4--08470771-Schedule%20B.pdf"", ""listing_url"": ""https://accounts.bbmp.gov.in/vssWB/vss00CvStatusData.php?pAction=LoadWBFiles&pWorkBillID=518659"", ""page"": 2, ""page_kind"": ""schedule_b"", ""raw"": ""15 labour complete as per specifications. MORTH Chapter 8 complete as} Sqm} 7814.45 85.65 Steprour ee eOnly 669292.01"", ""method"": ""OCR (tesseract psm 6, 2x)"", ""check"": ""arithmetic"", ""confidence"": ""high"", ""cross_validated"": true}]"
59,"oil by mechanical means i = ; re and ar in tippers, trimming bottom and side . Cccordance with requirements of lines, grades and er : : Sy k cross a i ; - ty Three and sections, and transporting to the embankment location and complete as Cum So ina Oeitas Only",Earthwork & excavation,,cum,Schedule B,2581.4,43.89,113309.92,2139.76,,2139.76,bill abstracts (sum of read bills),-17.1,medium,1,"[{""document_id"": ""WO-4--08470771-Schedule B.pdf"", ""attachment_type"": ""Schedule B"", ""work_bill_id"": ""518659"", ""attachment_url"": ""https://accounts.bbmp.gov.in/vssIFMS/Files1/WO-4--08470771-Schedule%20B.pdf"", ""listing_url"": ""https://accounts.bbmp.gov.in/vssWB/vss00CvStatusData.php?pAction=LoadWBFiles&pWorkBillID=518659"", ""page"": 3, ""page_kind"": ""schedule_b"", ""raw"": ""16 |sections, and transporting to the embankment location and complete as] Cum} 2581.40 43.89 So ina Oeitas Only 113309.92"", ""method"": ""OCR (tesseract psm 6, 2x)"", ""check"": ""arithmetic"", ""confidence"": ""high"", ""cross_validated"": true}, {""document_id"": ""WB-Bill--14621624-bill form 112.pdf"", ""attachment_type"": ""Bill Form"", ""work_bill_id"": ""518659"", ""attachment_url"": ""https://accounts.bbmp.gov.in/vssIFMS/Files1/WB-Bill--14621624-bill%20form%20112.pdf"", ""listing_url"": ""https://accounts.bbmp.gov.in/vssWB/vss00CvStatusData.php?pAction=LoadWBFiles&pWorkBillID=518659"", ""page"": 7, ""page_kind"": ""abstract"", ""raw"": ""| 16 \\cross sections, and transporting to the embankment Cum 2581.40 | 2139.76 43.89 9391407 = 2139.76 | 9391407 |"", ""method"": ""OCR (tesseract psm 6, 2x, rulings removed)"", ""check"": ""decimal restored"", ""confidence"": ""medium"", ""cross_validated"": true}]"
59,"ing pre mixing the material with water at OMC in mechanical mix plant Rupees Two Thousand carriage of mixed method of tipper to site, laying in uniform layers Twenty One and with paver in sub-base/base course on well prepared surface and Cum Twenty Nine Paisas","Paving, kerbs & footpath",,cum,Schedule B,2774.43,2021.29,5607935.38,,,,,,high,1,"[{""document_id"": ""WO-4--08470771-Schedule B.pdf"", ""attachment_type"": ""Schedule B"", ""work_bill_id"": ""518659"", ""attachment_url"": ""https://accounts.bbmp.gov.in/vssIFMS/Files1/WO-4--08470771-Schedule%20B.pdf"", ""listing_url"": ""https://accounts.bbmp.gov.in/vssWB/vss00CvStatusData.php?pAction=LoadWBFiles&pWorkBillID=518659"", ""page"": 3, ""page_kind"": ""schedule_b"", ""raw"": ""with paver in sub-base/base course on well prepared surface and] Cum} 2774.43 | 2021.29 Twenty Nine Paisas 5607935.38"", ""method"": ""OCR (tesseract psm 6, 2x)"", ""check"": ""arithmetic"", ""confidence"": ""high"", ""cross_validated"": true}]"
59,n Charge of The Work Providing and applying primer coat with S.S. bitumen emulsion on prepared surface of granular base such as WMM including cleaning te) Rupees Twenty Nine road surface and spraying primer at the rate of kg / sqm using and Ninety Seven Paisas,Bituminous surfacing,,sqm,Schedule B,15444.85,29.98,462987.18,10689.24,,10689.24,bill abstracts (sum of read bills),-30.8,medium,1,"[{""document_id"": ""WO-4--08470771-Schedule B.pdf"", ""attachment_type"": ""Schedule B"", ""work_bill_id"": ""518659"", ""attachment_url"": ""https://accounts.bbmp.gov.in/vssIFMS/Files1/WO-4--08470771-Schedule%20B.pdf"", ""listing_url"": ""https://accounts.bbmp.gov.in/vssWB/vss00CvStatusData.php?pAction=LoadWBFiles&pWorkBillID=518659"", ""page"": 3, ""page_kind"": ""schedule_b"", ""raw"": ""road surface and spraying primer at the rate of 0.60 kg / sqm using 15444.85 | 29.98 and Ninety Seven Paisas 462987.18"", ""method"": ""OCR (tesseract psm 6, 2x)"", ""check"": ""arithmetic"", ""confidence"": ""high"", ""cross_validated"": true}, {""document_id"": ""WB-Bill--14621624-bill form 112.pdf"", ""attachment_type"": ""Bill Form"", ""work_bill_id"": ""518659"", ""attachment_url"": ""https://accounts.bbmp.gov.in/vssIFMS/Files1/WB-Bill--14621624-bill%20form%20112.pdf"", ""listing_url"": ""https://accounts.bbmp.gov.in/vssWB/vss00CvStatusData.php?pAction=LoadWBFiles&pWorkBillID=518659"", ""page"": 7, ""page_kind"": ""abstract"", ""raw"": ""ig Puttece and spraying orimer at the rate of 0.60 kg / sam sqm = -18444.85 10689.24 | 29.98 32046342 0689.28 | 32086342"", ""method"": ""OCR (tesseract psm 6, 2x, rulings removed)"", ""check"": ""decimal restored"", ""confidence"": ""medium"", ""cross_validated"": true}]"
59," / grade bitumen(VG10) on the prepared black topped surfaces at kg per sqm, heating bitumen in boiler fitted with spray set (excluding cleaning of road R Twelve and surface) including cost of all materials, labour, HOM of machineries Sqm p. hty Four Pasas Only",Bituminous surfacing,,sqm,Schedule B,209489.18,12.85,2691349.39,,,,,,high,1,"[{""document_id"": ""WO-4--08470771-Schedule B.pdf"", ""attachment_type"": ""Schedule B"", ""work_bill_id"": ""518659"", ""attachment_url"": ""https://accounts.bbmp.gov.in/vssIFMS/Files1/WO-4--08470771-Schedule%20B.pdf"", ""listing_url"": ""https://accounts.bbmp.gov.in/vssWB/vss00CvStatusData.php?pAction=LoadWBFiles&pWorkBillID=518659"", ""page"": 3, ""page_kind"": ""schedule_b"", ""raw"": ""20 |surface) including cost of all materials, labour, HOM of machineries] Sqm | 209489.18} 12.85 |p. hty Four Pasas Only 2691349.39"", ""method"": ""OCR (tesseract psm 6, 2x)"", ""check"": ""arithmetic"", ""confidence"": ""high"", ""cross_validated"": true}]"
59," Surface:- Providing and laying of hot applied thermoplastic compound mm thick including reflectorising glass beads at gms per sqm area, thickness of Rupees Four Hundred mm is exclusive of surface applied glass beads as per IRC: . The Sqm Fifty Nine and Twenty",Road marking & safety,,sqm,Schedule B,5611.8,459.29,2577429.03,,,,,,high,1,"[{""document_id"": ""WO-4--08470771-Schedule B.pdf"", ""attachment_type"": ""Schedule B"", ""work_bill_id"": ""518659"", ""attachment_url"": ""https://accounts.bbmp.gov.in/vssIFMS/Files1/WO-4--08470771-Schedule%20B.pdf"", ""listing_url"": ""https://accounts.bbmp.gov.in/vssWB/vss00CvStatusData.php?pAction=LoadWBFiles&pWorkBillID=518659"", ""page"": 4, ""page_kind"": ""schedule_b"", ""raw"": ""mm is exclusive of surface applied glass beads as per IRC:35. The} Sqm 5611.80 | 459.29 | Fifty Nine and Twenty | 2577429.03"", ""method"": ""OCR (tesseract psm 6, 2x)"", ""check"": ""arithmetic"", ""confidence"": ""high"", ""cross_validated"": true}]"
59,"ance to specifications of category A of MORTH Circular No RW/NH/ / - - DO III Dt .1997. The height, width and length shall not exceed 50mm, mm, and mm and with R Three Hundred minimum reflective area of Sqem on each side and slope to the Each aot hich oa rec’)",Other,,nos,Schedule B,7868.0,368.0,2895424.0,,,,,,high,1,"[{""document_id"": ""WO-4--08470771-Schedule B.pdf"", ""attachment_type"": ""Schedule B"", ""work_bill_id"": ""518659"", ""attachment_url"": ""https://accounts.bbmp.gov.in/vssIFMS/Files1/WO-4--08470771-Schedule%20B.pdf"", ""listing_url"": ""https://accounts.bbmp.gov.in/vssWB/vss00CvStatusData.php?pAction=LoadWBFiles&pWorkBillID=518659"", ""page"": 4, ""page_kind"": ""schedule_b"", ""raw"": ""minimum reflective area of 13 Sqem on each side and slope to the] Each] 7868.00 | 368.00 aot hich oa rec’) 2895424.00"", ""method"": ""OCR (tesseract psm 6, 2x)"", ""check"": ""arithmetic"", ""confidence"": ""high"", ""cross_validated"": true}]"
59,"rial Gravel/ Murrum. Construction of embankment with approved material Gravel/Murrum with all lifts and leads, transporting to site, spreading, grading to Rupees Three Hundred required slope and compacting to meet requirement Table - Cum Forty Seven and Ninety",Earthwork & excavation,,cum,Schedule B,653.1,347.95,227242.88,,,,,,high,1,"[{""document_id"": ""WO-4--08470771-Schedule B.pdf"", ""attachment_type"": ""Schedule B"", ""work_bill_id"": ""518659"", ""attachment_url"": ""https://accounts.bbmp.gov.in/vssIFMS/Files1/WO-4--08470771-Schedule%20B.pdf"", ""listing_url"": ""https://accounts.bbmp.gov.in/vssWB/vss00CvStatusData.php?pAction=LoadWBFiles&pWorkBillID=518659"", ""page"": 4, ""page_kind"": ""schedule_b"", ""raw"": ""required slope and compacting to meet requirement Table 300- 2 Cum| 653.10 347.95 | Forty Seven and Ninety| 227242.88"", ""method"": ""OCR (tesseract psm 6, 2x)"", ""check"": ""arithmetic"", ""confidence"": ""high"", ""cross_validated"": true}]"
59," base and drainage layer by providing coarse graded crushed stone aggregates o granite/basalt material mixing in a mechanical mix plant at OMC. Rupees Two Thousand Cartiage of mixed materialto work site, spreading in uniform layers! Cum Nineteen and Thirty Six",Granular base / sub-base,,cum,Schedule B,885.4,2019.36,1787943.11,,,,,,high,1,"[{""document_id"": ""WO-4--08470771-Schedule B.pdf"", ""attachment_type"": ""Schedule B"", ""work_bill_id"": ""518659"", ""attachment_url"": ""https://accounts.bbmp.gov.in/vssIFMS/Files1/WO-4--08470771-Schedule%20B.pdf"", ""listing_url"": ""https://accounts.bbmp.gov.in/vssWB/vss00CvStatusData.php?pAction=LoadWBFiles&pWorkBillID=518659"", ""page"": 4, ""page_kind"": ""schedule_b"", ""raw"": ""76 |Cartiage of mixed materialto work site, spreading in uniform layers! Cum} 885.40 | 2019.36 | Nineteen and Thirty Six] 1787943.11"", ""method"": ""OCR (tesseract psm 6, 2x)"", ""check"": ""arithmetic"", ""confidence"": ""high"", ""cross_validated"": true}]"
59,"cing tipper at loading point, loading with front end loader, dumping, turning for return trip, excluding time for haulage and return trip including with all lead and ' lifts, loading and unloading,tools, plants, HOM of machinery, cost o Cum Rupees Thirty One ;",Horticulture & landscaping,,cum,Schedule B,2581.4,31.0,80023.0,2139.76,,2139.76,bill abstracts (sum of read bills),-17.1,medium,1,"[{""document_id"": ""WO-4--08470771-Schedule B.pdf"", ""attachment_type"": ""Schedule B"", ""work_bill_id"": ""518659"", ""attachment_url"": ""https://accounts.bbmp.gov.in/vssIFMS/Files1/WO-4--08470771-Schedule%20B.pdf"", ""listing_url"": ""https://accounts.bbmp.gov.in/vssWB/vss00CvStatusData.php?pAction=LoadWBFiles&pWorkBillID=518659"", ""page"": 4, ""page_kind"": ""schedule_b"", ""raw"": ""97 lifts, loading and unloading,tools, plants, HOM of machinery, cost o Cum| 2581.40 31.00 Rupees Thirty One 80023.00 ;"", ""method"": ""OCR (tesseract psm 6, 2x)"", ""check"": ""arithmetic"", ""confidence"": ""high"", ""cross_validated"": true}, {""document_id"": ""WB-Bill--14621624-bill form 112.pdf"", ""attachment_type"": ""Bill Form"", ""work_bill_id"": ""518659"", ""attachment_url"": ""https://accounts.bbmp.gov.in/vssIFMS/Files1/WB-Bill--14621624-bill%20form%20112.pdf"", ""listing_url"": ""https://accounts.bbmp.gov.in/vssWB/vss00CvStatusData.php?pAction=LoadWBFiles&pWorkBillID=518659"", ""page"": 11, ""page_kind"": ""abstract"", ""raw"": ""27 [pnloadingtools,:: plants, HOM of, machinery, cost of 2581.40 2139.76 | 31.00 66332.56 2139.76 6633255"", ""method"": ""OCR (tesseract psm 6, 2x)"", ""check"": ""arithmetic"", ""confidence"": ""medium"", ""cross_validated"": true}]"
60,"ed main and other connecting roads in ward No.151, of BTM Layout Division in South Zone Package No.8 (No of works ) lg PC Rate(inRs) Tg No Description of Work Unit Qty. (In Rs.) Removing and resetting of footpath slab as per the directions o Le aaa Niet Palsah",Dismantling & removal,,,Schedule B,5723.76,210.91,1207187.92,,,,,,medium,1,"[{""document_id"": ""WO-4--91411517-Schedule B.pdf"", ""attachment_type"": ""Schedule B"", ""work_bill_id"": ""649120"", ""attachment_url"": ""https://accounts.bbmp.gov.in/vssIFMS/Files1/WO-4--91411517-Schedule%20B.pdf"", ""listing_url"": ""https://accounts.bbmp.gov.in/vssWB/vss00CvStatusData.php?pAction=LoadWBFiles&pWorkBillID=649120"", ""page"": 1, ""page_kind"": ""schedule_b"", ""raw"": ""Removing and resetting of footpath slab as per the directions o 5723.76 | 210.91 Le aaa Niet Palsah 1207187.92 |"", ""method"": ""OCR (tesseract psm 6, 2x)"", ""check"": ""arithmetic"", ""confidence"": ""medium"", ""cross_validated"": true}]"
60,"k, steel work, including T&P and scaffolding Wherever Rupees Three Hundred necessary, sorting the dismantled material, disposal of unserviceable Seventy Five and material and stacking the serviceable material with all lifts complete as Cum Seventy Eight Paisas",Dismantling & removal,,cum,Schedule B,4247.51,375.78,1596131.86,,,,,,high,1,"[{""document_id"": ""WO-4--91411517-Schedule B.pdf"", ""attachment_type"": ""Schedule B"", ""work_bill_id"": ""649120"", ""attachment_url"": ""https://accounts.bbmp.gov.in/vssIFMS/Files1/WO-4--91411517-Schedule%20B.pdf"", ""listing_url"": ""https://accounts.bbmp.gov.in/vssWB/vss00CvStatusData.php?pAction=LoadWBFiles&pWorkBillID=649120"", ""page"": 1, ""page_kind"": ""schedule_b"", ""raw"": ""| 2 |material and stacking the serviceable material with all lifts complete as] Cum| 4247.51 | 375.78 Seventy Eight Paisas 1596131.86"", ""method"": ""OCR (tesseract psm 6, 2x)"", ""check"": ""arithmetic"", ""confidence"": ""high"", ""cross_validated"": true}]"
60,"inaida the work Earthwork excavation by manual means for roads, drains & similar works in ordinary soil excavated surface levelled and sides neatly Rupees One Hundred dressed, the disposed earth to be levelled neatly after breaking of clods Cum Thirty Nine and",Earthwork & excavation,,cum,Schedule B,15334.6,139.18,2134238.96,,,,,,high,1,"[{""document_id"": ""WO-4--91411517-Schedule B.pdf"", ""attachment_type"": ""Schedule B"", ""work_bill_id"": ""649120"", ""attachment_url"": ""https://accounts.bbmp.gov.in/vssIFMS/Files1/WO-4--91411517-Schedule%20B.pdf"", ""listing_url"": ""https://accounts.bbmp.gov.in/vssWB/vss00CvStatusData.php?pAction=LoadWBFiles&pWorkBillID=649120"", ""page"": 1, ""page_kind"": ""schedule_b"", ""raw"": ""dressed, the disposed earth to be levelled neatly after breaking of clods}] Cum} 15334.60 | 139.18 Thirty Nine and 2134238.96"", ""method"": ""OCR (tesseract psm 6, 2x)"", ""check"": ""arithmetic"", ""confidence"": ""high"", ""cross_validated"": true}]"
60,"nt concrete of Mix : : with OPC @ 220kgs, with 40mm and down size graded granite metal coarse aggregates @ .892cum and fine aggregates @ .465cum Rupees Five Thousand machine mixed, machine mixed, concrete laid in layers not exceeding Cum Five Hundred Sixty and","Paving, kerbs & footpath",,cum,Schedule B,2436.22,5560.7,13547079.78,,,,,,high,1,"[{""document_id"": ""WO-4--91411517-Schedule B.pdf"", ""attachment_type"": ""Schedule B"", ""work_bill_id"": ""649120"", ""attachment_url"": ""https://accounts.bbmp.gov.in/vssIFMS/Files1/WO-4--91411517-Schedule%20B.pdf"", ""listing_url"": ""https://accounts.bbmp.gov.in/vssWB/vss00CvStatusData.php?pAction=LoadWBFiles&pWorkBillID=649120"", ""page"": 1, ""page_kind"": ""schedule_b"", ""raw"": ""5 |machine mixed, machine mixed, concrete laid in layers not exceeding} Cum} 2436.22 | 5560.70 |Five Hundred Sixty and| 13547079.78"", ""method"": ""OCR (tesseract psm 6, 2x)"", ""check"": ""arithmetic"", ""confidence"": ""high"", ""cross_validated"": true}]"
60,"d concrete blocks having block density not less than 1800kg/m3 having a minimum average compressive strength of N/mm2 confirming to : including cos ofall materials labour charge sealing, ""Twenty and Twenty i ; abour charges, scaffolding,) Sqm Twenty and Twenty",Concrete,,sqm,Schedule B,480.4,1020.28,490143.38,,,,,,high,1,"[{""document_id"": ""WO-4--91411517-Schedule B.pdf"", ""attachment_type"": ""Schedule B"", ""work_bill_id"": ""649120"", ""attachment_url"": ""https://accounts.bbmp.gov.in/vssIFMS/Files1/WO-4--91411517-Schedule%20B.pdf"", ""listing_url"": ""https://accounts.bbmp.gov.in/vssWB/vss00CvStatusData.php?pAction=LoadWBFiles&pWorkBillID=649120"", ""page"": 1, ""page_kind"": ""schedule_b"", ""raw"": ""i ; abour charges, scaffolding,) Sqm] 480.40 | 1020.28 | Twenty and Twenty 490143.38"", ""method"": ""OCR (tesseract psm 6, 2x)"", ""check"": ""arithmetic"", ""confidence"": ""high"", ""cross_validated"": true}]"
60,"abs over drains of Width not exceeding 800mm using M20 concrete reinforced with steel d @ .00kg/Sqm, slabs jointed in CM : proportion and nicely finished Rupees One ee including providing holes in the cover slabs wherever necessary for Mtr Anite Hundred Ele ty",Drain & culvert works,,m,Schedule B,5154.24,1388.78,7158106.97,,,,,,high,1,"[{""document_id"": ""WO-4--91411517-Schedule B.pdf"", ""attachment_type"": ""Schedule B"", ""work_bill_id"": ""649120"", ""attachment_url"": ""https://accounts.bbmp.gov.in/vssIFMS/Files1/WO-4--91411517-Schedule%20B.pdf"", ""listing_url"": ""https://accounts.bbmp.gov.in/vssWB/vss00CvStatusData.php?pAction=LoadWBFiles&pWorkBillID=649120"", ""page"": 2, ""page_kind"": ""schedule_b"", ""raw"": ""| including providing holes in the cover slabs wherever necessary for Mtr | 5154.24 | 1388.78 Anite Hundred Ele ty 7158106.97"", ""method"": ""OCR (tesseract psm 6, 2x)"", ""check"": ""arithmetic"", ""confidence"": ""high"", ""cross_validated"": true}]"
60,"solid cement concrete kerb stones made out of C.C. : : with top and bottom width and mm respectively, 400mm high and 450mm in length finished with CM : Rupees Four Hundred plastering and finishing cutting, including form work, curing, Nos Thirty Six and Eighty",Earthwork & excavation,,nos,Schedule B,21874.0,436.8,9554668.2,,,,,,high,1,"[{""document_id"": ""WO-4--91411517-Schedule B.pdf"", ""attachment_type"": ""Schedule B"", ""work_bill_id"": ""649120"", ""attachment_url"": ""https://accounts.bbmp.gov.in/vssIFMS/Files1/WO-4--91411517-Schedule%20B.pdf"", ""listing_url"": ""https://accounts.bbmp.gov.in/vssWB/vss00CvStatusData.php?pAction=LoadWBFiles&pWorkBillID=649120"", ""page"": 2, ""page_kind"": ""schedule_b"", ""raw"": ""plastering and finishing cutting, including form work, curing,| Nos | 21874.00 | 436.80 Thirty Six and Eighty 9554668.20"", ""method"": ""OCR (tesseract psm 6, 2x)"", ""check"": ""arithmetic"", ""confidence"": ""high"", ""cross_validated"": true}]"
60,"pipe NP2 for culverts mewane pointing ends, and fixing collars with cement mortar : Rupees One Thousand iding cost of materials, labour, HOM complete as per One Hundred Thi specifications, curing complete as per specifications.Specifications. Mir d Fifty Fi rd",Drain & culvert works,,,Schedule B,170.8,1130.55,193098.55,,,,,,medium,1,"[{""document_id"": ""WO-4--91411517-Schedule B.pdf"", ""attachment_type"": ""Schedule B"", ""work_bill_id"": ""649120"", ""attachment_url"": ""https://accounts.bbmp.gov.in/vssIFMS/Files1/WO-4--91411517-Schedule%20B.pdf"", ""listing_url"": ""https://accounts.bbmp.gov.in/vssWB/vss00CvStatusData.php?pAction=LoadWBFiles&pWorkBillID=649120"", ""page"": 2, ""page_kind"": ""schedule_b"", ""raw"": ""specifications, curing complete as per specifications.Specifications. Mir} 170.80 | 1130.55 d Fifty Fi rd 193098.55"", ""method"": ""OCR (tesseract psm 6, 2x)"", ""check"": ""arithmetic"", ""confidence"": ""medium"", ""cross_validated"": true}]"
60,"rections of Engineer in charge of the work oe Construction of Median and island above road level with approved material deposited from soil deposits, spread, sloped and compacted as Rupees Two Hundred aa hone, Nowy oe onthe + oe oar MORTH Cum . weaty Thtte and",Other,KSRB 1000,cum,Schedule B,1481.66,223.76,331529.43,,,,,,high,1,"[{""document_id"": ""WO-4--91411517-Schedule B.pdf"", ""attachment_type"": ""Schedule B"", ""work_bill_id"": ""649120"", ""attachment_url"": ""https://accounts.bbmp.gov.in/vssIFMS/Files1/WO-4--91411517-Schedule%20B.pdf"", ""listing_url"": ""https://accounts.bbmp.gov.in/vssWB/vss00CvStatusData.php?pAction=LoadWBFiles&pWorkBillID=649120"", ""page"": 2, ""page_kind"": ""schedule_b"", ""raw"": ""14 aa hone, Nowy oe onthe + oe oar MORTH] Cum] 1481.66 | 223.76 5. weaty Thtte and 331529.43"", ""method"": ""OCR (tesseract psm 6, 2x)"", ""check"": ""arithmetic"", ""confidence"": ""high"", ""cross_validated"": true}]"
60,"lete as per Only specifications. as per the directions of Engineer in charge of the work Conveying the excavated earth to a distance of kms including Rupees Ninety Three loading and unloading charges etc., complete (Typical example). as Cum and Fourteen Paisas",Earthwork & excavation,,cum,Schedule B,19582.11,93.14,1823920.81,,,,,,high,1,"[{""document_id"": ""WO-4--91411517-Schedule B.pdf"", ""attachment_type"": ""Schedule B"", ""work_bill_id"": ""649120"", ""attachment_url"": ""https://accounts.bbmp.gov.in/vssIFMS/Files1/WO-4--91411517-Schedule%20B.pdf"", ""listing_url"": ""https://accounts.bbmp.gov.in/vssWB/vss00CvStatusData.php?pAction=LoadWBFiles&pWorkBillID=649120"", ""page"": 3, ""page_kind"": ""schedule_b"", ""raw"": ""loading and unloading charges etc., complete (Typical example). as] Cum 19582.11 | 93.14 and Fourteen Paisas 1823920.81"", ""method"": ""OCR (tesseract psm 6, 2x)"", ""check"": ""arithmetic"", ""confidence"": ""high"", ""cross_validated"": true}]"
60,"f Engineer in charge of the work Only Providing and laying reinforced cement concrete pipe NP2 for culverts narnia oe oe and ising collars with cement mortar Rupees Six Thousand uding cost of all materials, labour, curing compete as Pell mir Thirty Sixand Four",Drain & culvert works,,,Schedule B,104.0,6036.04,627748.45,,,,,,medium,1,"[{""document_id"": ""WO-4--91411517-Schedule B.pdf"", ""attachment_type"": ""Schedule B"", ""work_bill_id"": ""649120"", ""attachment_url"": ""https://accounts.bbmp.gov.in/vssIFMS/Files1/WO-4--91411517-Schedule%20B.pdf"", ""listing_url"": ""https://accounts.bbmp.gov.in/vssWB/vss00CvStatusData.php?pAction=LoadWBFiles&pWorkBillID=649120"", ""page"": 3, ""page_kind"": ""schedule_b"", ""raw"": ""uding cost of all materials, labour, curing compete as Pell mir | 104.00 | 6036.04 | Thirty Sixand Four | 627748.45"", ""method"": ""OCR (tesseract psm 6, 2x)"", ""check"": ""arithmetic"", ""confidence"": ""medium"", ""cross_validated"": true}]"
60,s Only Specification No.1000 / - - 1200mm dia as per the directions o Engineer in charge of the work _ : : a Th d Providing and filling stone aggregates of 40mm nominal size in iad OO iets foundation upto plinth to required depth complete as per the Cum . . pe,Granular base / sub-base,KSRB 1000,cum,Schedule B,29.38,1448.07,42544.22,,,,,,high,1,"[{""document_id"": ""WO-4--91411517-Schedule B.pdf"", ""attachment_type"": ""Schedule B"", ""work_bill_id"": ""649120"", ""attachment_url"": ""https://accounts.bbmp.gov.in/vssIFMS/Files1/WO-4--91411517-Schedule%20B.pdf"", ""listing_url"": ""https://accounts.bbmp.gov.in/vssWB/vss00CvStatusData.php?pAction=LoadWBFiles&pWorkBillID=649120"", ""page"": 3, ""page_kind"": ""schedule_b"", ""raw"": ""20|foundation upto plinth to required depth complete as per the]Cum} 29.38 | 1448.07 . . pe 42544.22"", ""method"": ""OCR (tesseract psm 6, 2x)"", ""check"": ""arithmetic"", ""confidence"": ""high"", ""cross_validated"": true}]"
60,"—- . ‘ Eight and Six Paisas directions of Engineer in charge of the work Onl - , . ss Th d Providing and filling stone aggregates of 20mm nominal size in aad ee Forty foundation upto plinth to required depth complete as per the Cum . . pe",Granular base / sub-base,,cum,Schedule B,29.38,1448.07,42544.22,,,,,,high,1,"[{""document_id"": ""WO-4--91411517-Schedule B.pdf"", ""attachment_type"": ""Schedule B"", ""work_bill_id"": ""649120"", ""attachment_url"": ""https://accounts.bbmp.gov.in/vssIFMS/Files1/WO-4--91411517-Schedule%20B.pdf"", ""listing_url"": ""https://accounts.bbmp.gov.in/vssWB/vss00CvStatusData.php?pAction=LoadWBFiles&pWorkBillID=649120"", ""page"": 3, ""page_kind"": ""schedule_b"", ""raw"": ""21|foundation upto plinth to required depth complete as per the}Cum| 29.38 | 1448.07 . . pe 42544.22"", ""method"": ""OCR (tesseract psm 6, 2x)"", ""check"": ""arithmetic"", ""confidence"": ""high"", ""cross_validated"": true}]"
60,"2d : . Eight and Six Paisas directions of Engineer in charge of the work Onl , oe ase cad and) Cm Two Hundred Five and —",Other,,,Schedule B,17.63,2205.44,38881.84,,,,,,medium,1,"[{""document_id"": ""WO-4--91411517-Schedule B.pdf"", ""attachment_type"": ""Schedule B"", ""work_bill_id"": ""649120"", ""attachment_url"": ""https://accounts.bbmp.gov.in/vssIFMS/Files1/WO-4--91411517-Schedule%20B.pdf"", ""listing_url"": ""https://accounts.bbmp.gov.in/vssWB/vss00CvStatusData.php?pAction=LoadWBFiles&pWorkBillID=649120"", ""page"": 3, ""page_kind"": ""schedule_b"", ""raw"": ""22], oe ase cad and) Cm| 17.63 | 2205.44 | Two Hundred Five and| — 38881.84"", ""method"": ""OCR (tesseract psm 6, 2x)"", ""check"": ""arithmetic"", ""confidence"": ""medium"", ""cross_validated"": true}]"
67," M300- . Excavation for roadwork in all types of soil a . : by mechanical means including cutting and loading to tippers, iY % trimming bottom and side slopes, in accordance with h Rupees Eighty- Loh requirements of lines, grades and cross sections, and/Cum e.",Earthwork & excavation,KSRRB M300-14,cum,Schedule B,10230.0,85.0,869566.37,,,,,,high,1,"[{""document_id"": ""WO-4--99970955-SB.pdf"", ""attachment_type"": ""Schedule B"", ""work_bill_id"": ""512920"", ""attachment_url"": ""https://accounts.bbmp.gov.in/vssIFMS/Files1/WO-4--99970955-SB.pdf"", ""listing_url"": ""https://accounts.bbmp.gov.in/vssWB/vss00CvStatusData.php?pAction=LoadWBFiles&pWorkBillID=512920"", ""page"": 1, ""page_kind"": ""schedule_b"", ""raw"": ""requirements of lines, grades and cross sections, and/Cum} 10,230.00 85.00 |e. 869,566.37"", ""method"": ""OCR (tesseract psm 6, 2x)"", ""check"": ""arithmetic"", ""confidence"": ""high"", ""cross_validated"": true}]"
67, ‘Ss specifications. MORTH / Chapter (P.No. I.No. is PW.P&IWTD S.R - ) ill + F Rupees One KSRB : Providing and filling Stone Dust in trenches to + eee H required depth including watering ramming with all leads and Ss nee SY Areata Y Beers ng Cum Hundred Thirty,Other,KSRB 2.6,cum,Schedule B,3410.0,1330.6,4537360.66,,,,,,high,1,"[{""document_id"": ""WO-4--99970955-SB.pdf"", ""attachment_type"": ""Schedule B"", ""work_bill_id"": ""512920"", ""attachment_url"": ""https://accounts.bbmp.gov.in/vssIFMS/Files1/WO-4--99970955-SB.pdf"", ""listing_url"": ""https://accounts.bbmp.gov.in/vssWB/vss00CvStatusData.php?pAction=LoadWBFiles&pWorkBillID=512920"", ""page"": 1, ""page_kind"": ""schedule_b"", ""raw"": ""Areata Y Beers ng Cum} 3,410.00 1,330.60 | Hundred Thirty 4,537,360.66"", ""method"": ""OCR (tesseract psm 6, 2x)"", ""check"": ""arithmetic"", ""confidence"": ""high"", ""cross_validated"": true}]"
67, . Providing and applying primer coat with SS way bitumen emulsion on prepared surface of granular base such - as WMM including cleaning of road surface and spraying B Bupce TOY a L H primer at the rate of .60kg/sqm using mechanical means Sqm Four and paise hi,Bituminous surfacing,KSRRB M500-6,sqm,Schedule B,8525.0,34.02,289993.22,,,,,,high,1,"[{""document_id"": ""WO-4--99970955-SB.pdf"", ""attachment_type"": ""Schedule B"", ""work_bill_id"": ""512920"", ""attachment_url"": ""https://accounts.bbmp.gov.in/vssIFMS/Files1/WO-4--99970955-SB.pdf"", ""listing_url"": ""https://accounts.bbmp.gov.in/vssWB/vss00CvStatusData.php?pAction=LoadWBFiles&pWorkBillID=512920"", ""page"": 2, ""page_kind"": ""schedule_b"", ""raw"": ""primer at the rate of 0.60kg/sqm using mechanical means Sqm 8525.00 34.02 Four and paise 289,993.22 hi"", ""method"": ""OCR (tesseract psm 6, 2x)"", ""check"": ""arithmetic"", ""confidence"": ""high"", ""cross_validated"": true}]"
67,"oader, hot mixing of stone We aggregates and bitumen in hot mix plant, transporting the ) Rupees Six mixd material in tipper to paver and laying mixed materials “Thousand Four with paver finisher to the required level and grade, rolling by Cum ‘Hun dred Fifty-",Bituminous surfacing,KSRRB 500-11,cum,Schedule B,426.25,6453.58,2750837.11,,,,,,high,1,"[{""document_id"": ""WO-4--99970955-SB.pdf"", ""attachment_type"": ""Schedule B"", ""work_bill_id"": ""512920"", ""attachment_url"": ""https://accounts.bbmp.gov.in/vssIFMS/Files1/WO-4--99970955-SB.pdf"", ""listing_url"": ""https://accounts.bbmp.gov.in/vssWB/vss00CvStatusData.php?pAction=LoadWBFiles&pWorkBillID=512920"", ""page"": 3, ""page_kind"": ""schedule_b"", ""raw"": ""with paver finisher to the required level and grade, rolling by Cum 426.25 6,453.58 | ‘Hun dred Fifty- 2,750,837.11 |"", ""method"": ""OCR (tesseract psm 6, 2x)"", ""check"": ""arithmetic"", ""confidence"": ""high"", ""cross_validated"": true}]"
67," tack coat using / i a ; Fl grade bitumen(VG10) on the prepared black topped surfaces — ae cat es; at kg per sqm, heating bitumen in boiler fitted with _ Rupe es s Twelve oe ; spray set (excluding cleaning of road surface) including cost o _and Paise Eighty ee",Bituminous surfacing,KSRRB 500-7,,Schedule B,8525.0,12.85,109522.38,,,,,,medium,1,"[{""document_id"": ""WO-4--99970955-SB.pdf"", ""attachment_type"": ""Schedule B"", ""work_bill_id"": ""512920"", ""attachment_url"": ""https://accounts.bbmp.gov.in/vssIFMS/Files1/WO-4--99970955-SB.pdf"", ""listing_url"": ""https://accounts.bbmp.gov.in/vssWB/vss00CvStatusData.php?pAction=LoadWBFiles&pWorkBillID=512920"", ""page"": 3, ""page_kind"": ""schedule_b"", ""raw"": ""spray set (excluding cleaning of road surface) including cost o 8,525.00 12.85 _and Paise Eighty ee 109,522.38"", ""method"": ""OCR (tesseract psm 6, 2x)"", ""check"": ""arithmetic"", ""confidence"": ""medium"", ""cross_validated"": true}]"
67,"ed aggregates of specified Rupees Seven grading, premixed with VG30 grade bituminous binder and, Thousand Three transporting the hot mix to work site, laying to the required Hundred Sixty- grade, level and alignment, rolling with smooth wheeled, Cum Eve ana ae",Bituminous surfacing,,cum,Schedule B,426.25,7365.73,3139641.56,,,,,,high,1,"[{""document_id"": ""WO-4--99970955-SB.pdf"", ""attachment_type"": ""Schedule B"", ""work_bill_id"": ""512920"", ""attachment_url"": ""https://accounts.bbmp.gov.in/vssIFMS/Files1/WO-4--99970955-SB.pdf"", ""listing_url"": ""https://accounts.bbmp.gov.in/vssWB/vss00CvStatusData.php?pAction=LoadWBFiles&pWorkBillID=512920"", ""page"": 4, ""page_kind"": ""schedule_b"", ""raw"": ""grade, level and alignment, rolling with smooth wheeled,| Cum 426.25 7,365.73 Eve ana ae 3,139,641.56"", ""method"": ""OCR (tesseract psm 6, 2x)"", ""check"": ""arithmetic"", ""confidence"": ""high"", ""cross_validated"": true}]"
67,"laying with a paver finisher to the = required grade, level, and alignment, rolling: with smooth Rupees Eight wheeled, vibratory and tandem rollers to achieve the desired thousand six nite . compaction as per MORTH specification clause No. ViCum hundred thirty","Paving, kerbs & footpath",,nos,Schedule B,1500.0,8630.11,12945159.9,,,,,,high,1,"[{""document_id"": ""WO-4--99970955-SB.pdf"", ""attachment_type"": ""Schedule B"", ""work_bill_id"": ""512920"", ""attachment_url"": ""https://accounts.bbmp.gov.in/vssIFMS/Files1/WO-4--99970955-SB.pdf"", ""listing_url"": ""https://accounts.bbmp.gov.in/vssWB/vss00CvStatusData.php?pAction=LoadWBFiles&pWorkBillID=512920"", ""page"": 4, ""page_kind"": ""schedule_b"", ""raw"": ""compaction as per MORTH specification clause No. 507 ViCum| 1,500.00 8,630.11 | hundred thirty 12,945,159.90 }"", ""method"": ""OCR (tesseract psm 6, 2x)"", ""check"": ""arithmetic"", ""confidence"": ""high"", ""cross_validated"": true}]"
67,"astic Compound with Reflectrising Glass Beads on : : pause ‘Surface:- Providing and laying of hot applied Rupees Four ermoplastic compound mm thick including reflectorising jundred fifty-nine glass beads at gms per sqm area, thickness of mm is’ sqm ) d Paise T",Other,KSRRB M800-13,sqm,Schedule B,2280.8,459.25,1047542.7,,,,,,high,1,"[{""document_id"": ""WO-4--99970955-SB.pdf"", ""attachment_type"": ""Schedule B"", ""work_bill_id"": ""512920"", ""attachment_url"": ""https://accounts.bbmp.gov.in/vssIFMS/Files1/WO-4--99970955-SB.pdf"", ""listing_url"": ""https://accounts.bbmp.gov.in/vssWB/vss00CvStatusData.php?pAction=LoadWBFiles&pWorkBillID=512920"", ""page"": 5, ""page_kind"": ""schedule_b"", ""raw"": ""glass beads at 250 gms per sqm area, thickness of 2.5 mm is’ sqm 2,280.80 459.25) | d Paise T 1,047,542.70"", ""method"": ""OCR (tesseract psm 6, 2x, rulings removed)"", ""check"": ""arithmetic"", ""confidence"": ""high"", ""cross_validated"": true}]"
67, free from streaks and Nine Only holes complete as per specifications. MORTH Specification No. (P.No. LNo. of PW.P&IWTD S.R - ) esa Rupees Two Removing and resetting of footpath slab (P.No. LNo. of lundred Ten and eye Giey PW.P&IWTD S.R - ) sqm aise Ninety One,Dismantling & removal,,sqm,Schedule B,6000.0,210.91,1265449.2,,,,,,high,1,"[{""document_id"": ""WO-4--99970955-SB.pdf"", ""attachment_type"": ""Schedule B"", ""work_bill_id"": ""512920"", ""attachment_url"": ""https://accounts.bbmp.gov.in/vssIFMS/Files1/WO-4--99970955-SB.pdf"", ""listing_url"": ""https://accounts.bbmp.gov.in/vssWB/vss00CvStatusData.php?pAction=LoadWBFiles&pWorkBillID=512920"", ""page"": 5, ""page_kind"": ""schedule_b"", ""raw"": ""PW.P&IWTD S.R 2018-19) sqm 6,000.00 210.91 aise Ninety One 1,265,449.20"", ""method"": ""OCR (tesseract psm 6, 2x, rulings removed)"", ""check"": ""arithmetic"", ""confidence"": ""high"", ""cross_validated"": true}]"
90,"e "" In Figures In Words (In Rs.) tO ern) thd pointe ti CR covering slabs (BS Slabor RCC Slab CR One Hundred y om : ( : ) (Excluding of GST and Area ‘ley Raven ant htety Loading Charges) complete as per Specification and Directions of Sqm Fifty seven and Thirty",Drain & culvert works,,sqm,Schedule B,5354.95,157.3,842334.0,730.2,,730.2,bill abstracts (sum of read bills),-86.4,high,1,"[{""document_id"": ""WO-4--33515496-Schedule B.pdf"", ""attachment_type"": ""Schedule B"", ""work_bill_id"": ""562225"", ""attachment_url"": ""https://accounts.bbmp.gov.in/vssIFMS/Files1/WO-4--33515496-Schedule%20B.pdf"", ""listing_url"": ""https://accounts.bbmp.gov.in/vssWB/vss00CvStatusData.php?pAction=LoadWBFiles&pWorkBillID=562225"", ""page"": 1, ""page_kind"": ""schedule_b"", ""raw"": ""| Loading Charges) complete as per Specification and Directions of Sqm 5354.95 157.30 Fifty seven and Thirty | 842334.00"", ""method"": ""OCR (tesseract psm 6, 2x, rulings removed)"", ""check"": ""arithmetic"", ""confidence"": ""high"", ""cross_validated"": true}, {""document_id"": ""WB-Bill--73531204-Bill Form 151-23-000003.pdf"", ""attachment_type"": ""Bill Form"", ""work_bill_id"": ""610874"", ""attachment_url"": ""https://accounts.bbmp.gov.in/vssIFMS/Files1/WB-Bill--73531204-Bill%20Form%20151-23-000003.pdf"", ""listing_url"": ""https://accounts.bbmp.gov.in/vssWB/vss00CvStatusData.php?pAction=LoadWBFiles&pWorkBillID=610874"", ""page"": 2, ""page_kind"": ""abstract"", ""raw"": ""Area Loading Charges) complete as per Specification and Sqm 730.20 157,30 730.14 114651.00 114851.00"", ""method"": ""OCR (tesseract psm 6, 2x, rotated 270°)"", ""check"": ""arithmetic"", ""confidence"": ""high"", ""cross_validated"": true}]"
90,___ Engineer In Charge of The Work Paisas Only a Removing and resetting of kerb stones (Excluding of GS’ aa i = la -xcluding of GST and Area R Ninety and _ Loading Charges) complete as per Specification and Directions of m naar,Dismantling & removal,,m,Schedule B,4142.68,90.2,373669.74,449.65,,449.65,bill abstracts (sum of read bills),-89.1,medium,1,"[{""document_id"": ""WO-4--33515496-Schedule B.pdf"", ""attachment_type"": ""Schedule B"", ""work_bill_id"": ""562225"", ""attachment_url"": ""https://accounts.bbmp.gov.in/vssIFMS/Files1/WO-4--33515496-Schedule%20B.pdf"", ""listing_url"": ""https://accounts.bbmp.gov.in/vssWB/vss00CvStatusData.php?pAction=LoadWBFiles&pWorkBillID=562225"", ""page"": 1, ""page_kind"": ""schedule_b"", ""raw"": ""_ 2 Loading Charges) complete as per Specification and Directions of m 4142.68 90.20 naar 373669.74"", ""method"": ""OCR (tesseract psm 6, 2x, rulings removed)"", ""check"": ""arithmetic"", ""confidence"": ""high"", ""cross_validated"": true}, {""document_id"": ""WB-Bill--39527045-Bill form BTM 23-0000003.pdf"", ""attachment_type"": ""Bill Form"", ""work_bill_id"": ""562225"", ""attachment_url"": ""https://accounts.bbmp.gov.in/vssIFMS/Files1/WB-Bill--39527045-Bill%20form%20BTM%2023-0000003.pdf"", ""listing_url"": ""https://accounts.bbmp.gov.in/vssWB/vss00CvStatusData.php?pAction=LoadWBFiles&pWorkBillID=562225"", ""page"": 2, ""page_kind"": ""abstract"", ""raw"": ""— aSY aw Area Lawding Cha yon) complete ae Pel yy at 42.69% 90.20 0.00 0.00 449,65 90.20 40558.00 | 449.65 40558.00 |"", ""method"": ""OCR (tesseract psm 6, 2x, rulings removed)"", ""check"": ""arithmetic"", ""confidence"": ""medium"", ""cross_validated"": true}]"
90,"s per drawing and technical ee tee including setting out, shoring, strutting, barricading, caution lights, removal of stumps and other deleterious matter, Rupees Two Hundred — excavated surface leveled and sides neatly dressed disposing off the Cum owiees Only",Earthwork & excavation,,cum,Schedule B,3067.5,214.0,656445.0,2338.85,,2338.85,bill abstracts (sum of read bills),-23.8,high,1,"[{""document_id"": ""WO-4--33515496-Schedule B.pdf"", ""attachment_type"": ""Schedule B"", ""work_bill_id"": ""562225"", ""attachment_url"": ""https://accounts.bbmp.gov.in/vssIFMS/Files1/WO-4--33515496-Schedule%20B.pdf"", ""listing_url"": ""https://accounts.bbmp.gov.in/vssWB/vss00CvStatusData.php?pAction=LoadWBFiles&pWorkBillID=562225"", ""page"": 1, ""page_kind"": ""schedule_b"", ""raw"": ""excavated surface leveled and sides neatly dressed disposing off the Cum 3067.50 214.00 owiees Only | 656445.00 |"", ""method"": ""OCR (tesseract psm 6, 2x, rulings removed)"", ""check"": ""arithmetic"", ""confidence"": ""high"", ""cross_validated"": true}, {""document_id"": ""WB-Bill--73531204-Bill Form 151-23-000003.pdf"", ""attachment_type"": ""Bill Form"", ""work_bill_id"": ""610874"", ""attachment_url"": ""https://accounts.bbmp.gov.in/vssIFMS/Files1/WB-Bill--73531204-Bill%20Form%20151-23-000003.pdf"", ""listing_url"": ""https://accounts.bbmp.gov.in/vssWB/vss00CvStatusData.php?pAction=LoadWBFiles&pWorkBillID=610874"", ""page"": 2, ""page_kind"": ""abstract"", ""raw"": ""3 and other deleterious matter, excavated surface leveled and sides Cum 2354.75 214.00 2338.85 500514.00 2338.85 500514.00"", ""method"": ""OCR (tesseract psm 6, 2x, rotated 270°)"", ""check"": ""arithmetic"", ""confidence"": ""high"", ""cross_validated"": true}]"
90,"es machine mixed with super plasticizers laid in finished layers, well compacted using needle vibrators, including all lead & lifts, en of im mater Rupees Seven Thousand quality confirming to the requirements of relevant Is codes + 100s Cum Three Hundred Fifty",Other,,cum,Schedule B,878.65,7355.0,6462470.75,,,,,,high,1,"[{""document_id"": ""WO-4--33515496-Schedule B.pdf"", ""attachment_type"": ""Schedule B"", ""work_bill_id"": ""562225"", ""attachment_url"": ""https://accounts.bbmp.gov.in/vssIFMS/Files1/WO-4--33515496-Schedule%20B.pdf"", ""listing_url"": ""https://accounts.bbmp.gov.in/vssWB/vss00CvStatusData.php?pAction=LoadWBFiles&pWorkBillID=562225"", ""page"": 1, ""page_kind"": ""schedule_b"", ""raw"": ""5 quality confirming to the requirements of relevant Is codes + 100s Cum 878.65 7355.00 Three Hundred Fifty 6462470.75"", ""method"": ""OCR (tesseract psm 6, 2x, rulings removed)"", ""check"": ""arithmetic"", ""confidence"": ""high"", ""cross_validated"": true}]"
90,"arse aggregates complete as per Specification and Directions of Engineer In Charge of The Work Supplying, Fitting and Placing TMT Fe & above Reinforcement in Rupees Ninety Two ! ; Foundation / Substructure / Superstructure complete as per Drawing Thousand Four",Concrete,,,Schedule B,112.93,92472.6,10442930.7,70.88,,70.88,bill abstracts (sum of read bills),-37.2,medium,1,"[{""document_id"": ""WO-4--33515496-Schedule B.pdf"", ""attachment_type"": ""Schedule B"", ""work_bill_id"": ""562225"", ""attachment_url"": ""https://accounts.bbmp.gov.in/vssIFMS/Files1/WO-4--33515496-Schedule%20B.pdf"", ""listing_url"": ""https://accounts.bbmp.gov.in/vssWB/vss00CvStatusData.php?pAction=LoadWBFiles&pWorkBillID=562225"", ""page"": 2, ""page_kind"": ""schedule_b"", ""raw"": ""; Foundation / Substructure / Superstructure complete as per Drawing 112.93 | 92472.60 Thousand Four 10442930.7"", ""method"": ""OCR (tesseract psm 6, 2x)"", ""check"": ""arithmetic"", ""confidence"": ""medium"", ""cross_validated"": true}, {""document_id"": ""WB-Bill--39527045-Bill form BTM 23-0000003.pdf"", ""attachment_type"": ""Bill Form"", ""work_bill_id"": ""562225"", ""attachment_url"": ""https://accounts.bbmp.gov.in/vssIFMS/Files1/WB-Bill--39527045-Bill%20form%20BTM%2023-0000003.pdf"", ""listing_url"": ""https://accounts.bbmp.gov.in/vssWB/vss00CvStatusData.php?pAction=LoadWBFiles&pWorkBillID=562225"", ""page"": 4, ""page_kind"": ""abstract"", ""raw"": ""Technical Specifications. complete as per 42.93 92472.60 70.88 | 92472.60 6554341.00 70.88 6554341.00"", ""method"": ""OCR (tesseract psm 6, 2x)"", ""check"": ""arithmetic"", ""confidence"": ""medium"", ""cross_validated"": true}]"
90,"odes machine mixed, laid in layers not exceeding mm thickness, well compacted using plate vibrators, including all lead & lifts, cost of all Rupees Six Thousand materials of quality, labour, Usage charges of machineries, curing, and Cum _ Eight Hundred Forty .",Other,,cum,Schedule B,49.27,6843.0,337154.0,466.27,,466.27,bill abstracts (sum of read bills),846.4,medium,1,"[{""document_id"": ""WO-4--33515496-Schedule B.pdf"", ""attachment_type"": ""Schedule B"", ""work_bill_id"": ""562225"", ""attachment_url"": ""https://accounts.bbmp.gov.in/vssIFMS/Files1/WO-4--33515496-Schedule%20B.pdf"", ""listing_url"": ""https://accounts.bbmp.gov.in/vssWB/vss00CvStatusData.php?pAction=LoadWBFiles&pWorkBillID=562225"", ""page"": 2, ""page_kind"": ""schedule_b"", ""raw"": ""materials of quality, labour, Usage charges of machineries, curing, and} Cum| 49.27 _| 6843.00 | Eight Hundred Forty 337154."", ""method"": ""OCR (tesseract psm 6, 2x)"", ""check"": ""arithmetic"", ""confidence"": ""high"", ""cross_validated"": true}, {""document_id"": ""WB-Bill--39527045-Bill form BTM 23-0000003.pdf"", ""attachment_type"": ""Bill Form"", ""work_bill_id"": ""562225"", ""attachment_url"": ""https://accounts.bbmp.gov.in/vssIFMS/Files1/WB-Bill--39527045-Bill%20form%20BTM%2023-0000003.pdf"", ""listing_url"": ""https://accounts.bbmp.gov.in/vssWB/vss00CvStatusData.php?pAction=LoadWBFiles&pWorkBillID=562225"", ""page"": 4, ""page_kind"": ""abstract"", ""raw"": ""machineries, curing, and all the other appurtenances 6843.00 6843.00 224219.00 32.77 224219.00"", ""method"": ""OCR (tesseract psm 6, 2x)"", ""check"": ""arithmetic"", ""confidence"": ""medium"", ""cross_validated"": true}, {""document_id"": ""WB-Bill--73531204-Bill Form 151-23-000003.pdf"", ""attachment_type"": ""Bill Form"", ""work_bill_id"": ""610874"", ""attachment_url"": ""https://accounts.bbmp.gov.in/vssIFMS/Files1/WB-Bill--73531204-Bill%20Form%20151-23-000003.pdf"", ""listing_url"": ""https://accounts.bbmp.gov.in/vssWB/vss00CvStatusData.php?pAction=LoadWBFiles&pWorkBillID=610874"", ""page"": 3, ""page_kind"": ""abstract"", ""raw"": ""Usage charges of machinery, curing and all other appurtenances Cum 433.50 7586.00 433.2 3286348.00 433.21 3286348.00"", ""method"": ""OCR (tesseract psm 6, 2x, rotated 270°)"", ""check"": ""arithmetic"", ""confidence"": ""high"", ""cross_validated"": true}]"
90,ed coarse aggregates complete as per Specification and Directions of Engineer In Charge of The Work Providing granite slabs of selected quality roughly dressed havinf a size of cms thick and fixed in cement mortar ( : ) including fixing Sqm Rupees Nine Hundred,"Paving, kerbs & footpath",,sqm,Schedule B,40.0,950.0,38000.0,,,,,,high,1,"[{""document_id"": ""WO-4--33515496-Schedule B.pdf"", ""attachment_type"": ""Schedule B"", ""work_bill_id"": ""562225"", ""attachment_url"": ""https://accounts.bbmp.gov.in/vssIFMS/Files1/WO-4--33515496-Schedule%20B.pdf"", ""listing_url"": ""https://accounts.bbmp.gov.in/vssWB/vss00CvStatusData.php?pAction=LoadWBFiles&pWorkBillID=562225"", ""page"": 2, ""page_kind"": ""schedule_b"", ""raw"": ""size of 10 cms thick and fixed in cement mortar (1:6) including fixing Sqm] 40.00 950.00 Rupees Nine Hundred 38000.00"", ""method"": ""OCR (tesseract psm 6, 2x)"", ""check"": ""arithmetic"", ""confidence"": ""high"", ""cross_validated"": true}]"
90,"ng ete., complete. complete as per Specification and Directions o Fifty Only Engineer In Charge of The Work Providing Machine Cutting edges to B S Slab cms wide as per . . specifications ( On,y Chamfered length Shall be recorded) as per the Rupees Eighty Eight",Earthwork & excavation,,,Schedule B,251.6,88.0,22140.8,,,,,,medium,1,"[{""document_id"": ""WO-4--33515496-Schedule B.pdf"", ""attachment_type"": ""Schedule B"", ""work_bill_id"": ""562225"", ""attachment_url"": ""https://accounts.bbmp.gov.in/vssIFMS/Files1/WO-4--33515496-Schedule%20B.pdf"", ""listing_url"": ""https://accounts.bbmp.gov.in/vssWB/vss00CvStatusData.php?pAction=LoadWBFiles&pWorkBillID=562225"", ""page"": 2, ""page_kind"": ""schedule_b"", ""raw"": ""10 |specifications ( On,y Chamfered length Shall be recorded) as per the 251.60 88.00 Rupees Eighty Eight 22140.80"", ""method"": ""OCR (tesseract psm 6, 2x)"", ""check"": ""arithmetic"", ""confidence"": ""medium"", ""cross_validated"": true}]"
90,os F Only directions of Engineer In Charge of the work Providing one line dressing to granite stone slab / granite stone masonry as per specifications . complete as per Specification and Sqm Mupee en Hundred,"Paving, kerbs & footpath",,sqm,Schedule B,40.0,132.0,5280.0,,,,,,high,1,"[{""document_id"": ""WO-4--33515496-Schedule B.pdf"", ""attachment_type"": ""Schedule B"", ""work_bill_id"": ""562225"", ""attachment_url"": ""https://accounts.bbmp.gov.in/vssIFMS/Files1/WO-4--33515496-Schedule%20B.pdf"", ""listing_url"": ""https://accounts.bbmp.gov.in/vssWB/vss00CvStatusData.php?pAction=LoadWBFiles&pWorkBillID=562225"", ""page"": 2, ""page_kind"": ""schedule_b"", ""raw"": ""11 }masonry as per specifications . complete as per Specification and Sqm| 40.00 132.00 Mupee en Hundred 5280.00"", ""method"": ""OCR (tesseract psm 6, 2x)"", ""check"": ""arithmetic"", ""confidence"": ""high"", ""cross_validated"": true}]"
90,"cation and Directions of Engin. te COMPlete as per “_ orengincer In Charge of The Work nda Pa ; , P deena aera — Harwesting Pit to a depth of 3mts Rupees Forty Seven comple °' per specification and Directions of Engineer In Charge of each Thousand Five Hundred",Other,,nos,Schedule B,77.0,47500.0,3657500.0,,,,,,high,1,"[{""document_id"": ""WO-4--33515496-Schedule B.pdf"", ""attachment_type"": ""Schedule B"", ""work_bill_id"": ""562225"", ""attachment_url"": ""https://accounts.bbmp.gov.in/vssIFMS/Files1/WO-4--33515496-Schedule%20B.pdf"", ""listing_url"": ""https://accounts.bbmp.gov.in/vssWB/vss00CvStatusData.php?pAction=LoadWBFiles&pWorkBillID=562225"", ""page"": 3, ""page_kind"": ""schedule_b"", ""raw"": ""15 |comple °' per specification and Directions of Engineer In Charge of] each} 77.00 47500.00 |Thousand Five Hundred} 3657500.00"", ""method"": ""OCR (tesseract psm 6, 2x)"", ""check"": ""arithmetic"", ""confidence"": ""high"", ""cross_validated"": true}]"
90,"The Work Only Painting two coats after filling the surface With sy : . ynthetic enamel paint , ‘ i j N Eight in all shades — plastered concrete surfaces complete as per Sqm Rupees Ouly. 'g",Concrete,,sqm,Schedule B,2474.68,98.0,242518.64,,,,,,high,1,"[{""document_id"": ""WO-4--33515496-Schedule B.pdf"", ""attachment_type"": ""Schedule B"", ""work_bill_id"": ""562225"", ""attachment_url"": ""https://accounts.bbmp.gov.in/vssIFMS/Files1/WO-4--33515496-Schedule%20B.pdf"", ""listing_url"": ""https://accounts.bbmp.gov.in/vssWB/vss00CvStatusData.php?pAction=LoadWBFiles&pWorkBillID=562225"", ""page"": 3, ""page_kind"": ""schedule_b"", ""raw"": ""in all shades 7 — plastered concrete surfaces complete as per] Sqm| 2474.68 98.00 Rupees Ouly. 'g 242518.64"", ""method"": ""OCR (tesseract psm 6, 2x)"", ""check"": ""arithmetic"", ""confidence"": ""high"", ""cross_validated"": true}]"
90,"ing and technical specifications, including setting out, shoring, strutting, barricading, caution lights, removal of stumps and other deleterious matter ‘ dooce! . Ss Five including dressing of excavated surfaces, disposing off or levelling the Cum Rupees Gale",Earthwork & excavation,,cum,Schedule B,25.4,75.0,1905.0,,,,,,high,1,"[{""document_id"": ""WO-4--33515496-Schedule B.pdf"", ""attachment_type"": ""Schedule B"", ""work_bill_id"": ""562225"", ""attachment_url"": ""https://accounts.bbmp.gov.in/vssIFMS/Files1/WO-4--33515496-Schedule%20B.pdf"", ""listing_url"": ""https://accounts.bbmp.gov.in/vssWB/vss00CvStatusData.php?pAction=LoadWBFiles&pWorkBillID=562225"", ""page"": 3, ""page_kind"": ""schedule_b"", ""raw"": ""including dressing of excavated surfaces, disposing off or levelling the| Cum} 25.40 75.00 Rupees Gale 1905.00"", ""method"": ""OCR (tesseract psm 6, 2x)"", ""check"": ""arithmetic"", ""confidence"": ""high"", ""cross_validated"": true}]"
90,"n Charge of The Work Construction of Granular Sub-Base of required grading as per design mixing in a mechanical mix plant at OMC, carriage of mixed Materia Rupees Two Thousand '° work site, spreading in uniform lay on with. moter ll r a Cum Seven Hundred Sixty",Granular base / sub-base,,cum,Schedule B,216.0,2767.0,597672.0,216.0,,216.0,bill form total up to date,0.0,medium,1,"[{""document_id"": ""WO-4--33515496-Schedule B.pdf"", ""attachment_type"": ""Schedule B"", ""work_bill_id"": ""562225"", ""attachment_url"": ""https://accounts.bbmp.gov.in/vssIFMS/Files1/WO-4--33515496-Schedule%20B.pdf"", ""listing_url"": ""https://accounts.bbmp.gov.in/vssWB/vss00CvStatusData.php?pAction=LoadWBFiles&pWorkBillID=562225"", ""page"": 3, ""page_kind"": ""schedule_b"", ""raw"": ""20 |'° work site, spreading in uniform lay on with. moter ll r a Cum} 216.00 | 2767.00 | Seven Hundred Sixty 597672.00"", ""method"": ""OCR (tesseract psm 6, 2x)"", ""check"": ""arithmetic"", ""confidence"": ""high"", ""cross_validated"": true}, {""document_id"": ""WB-Bill--39527045-Bill form BTM 23-0000003.pdf"", ""attachment_type"": ""Bill Form"", ""work_bill_id"": ""562225"", ""attachment_url"": ""https://accounts.bbmp.gov.in/vssIFMS/Files1/WB-Bill--39527045-Bill%20form%20BTM%2023-0000003.pdf"", ""listing_url"": ""https://accounts.bbmp.gov.in/vssWB/vss00CvStatusData.php?pAction=LoadWBFiles&pWorkBillID=562225"", ""page"": 7, ""page_kind"": ""abstract"", ""raw"": ""\\ SW cae Gees _mopated:ysuriiee | sna // 216.00 | 2767.00 6.00 | 2767.00 597672.00 216.00 597672.00"", ""method"": ""OCR (tesseract psm 6, 2x)"", ""check"": ""arithmetic"", ""confidence"": ""medium"", ""cross_validated"": true}]"
90,"gate to wet mix macadam specification including premixing the Material with water at OMC in mechanical mix plant carriage of mixed Material by anaes TwaThonsaud tipper to site, laying in uniform layers with paver/grader in sub-base / Cum Six Sa dred Fifty Only",Granular base / sub-base,,cum,Schedule B,3571.41,2650.0,9464236.5,,,,,,high,1,"[{""document_id"": ""WO-4--33515496-Schedule B.pdf"", ""attachment_type"": ""Schedule B"", ""work_bill_id"": ""562225"", ""attachment_url"": ""https://accounts.bbmp.gov.in/vssIFMS/Files1/WO-4--33515496-Schedule%20B.pdf"", ""listing_url"": ""https://accounts.bbmp.gov.in/vssWB/vss00CvStatusData.php?pAction=LoadWBFiles&pWorkBillID=562225"", ""page"": 3, ""page_kind"": ""schedule_b"", ""raw"": ""21 |tipper to site, laying in uniform layers with paver/grader in sub-base /}Cum] 3571.41 | 2650.00 Six Sa dred Fifty Only 9464236.50"", ""method"": ""OCR (tesseract psm 6, 2x)"", ""check"": ""arithmetic"", ""confidence"": ""high"", ""cross_validated"": true}]"
90,"using crushed ‘gercgates of specified grading, premixed with bituminous binder VG- @ per cent by weight of total mix and filler, transporting the hot mix to work site, laying with mechanical paver finisher to the required grade, level and ailment Cum napeas ee",Bituminous surfacing,,cum,Schedule B,843.56,11000.0,9279160.0,830.59,,830.59,bill abstracts (sum of read bills),-1.5,high,1,"[{""document_id"": ""WO-4--33515496-Schedule B.pdf"", ""attachment_type"": ""Schedule B"", ""work_bill_id"": ""562225"", ""attachment_url"": ""https://accounts.bbmp.gov.in/vssIFMS/Files1/WO-4--33515496-Schedule%20B.pdf"", ""listing_url"": ""https://accounts.bbmp.gov.in/vssWB/vss00CvStatusData.php?pAction=LoadWBFiles&pWorkBillID=562225"", ""page"": 4, ""page_kind"": ""schedule_b"", ""raw"": ""24 |mechanical paver finisher to the required grade, level and ailment Cum} 843.56 | 11000.00 napeas ee 9279160.00"", ""method"": ""OCR (tesseract psm 6, 2x)"", ""check"": ""arithmetic"", ""confidence"": ""high"", ""cross_validated"": true}, {""document_id"": ""WB-Bill--39527045-Bill form BTM 23-0000003.pdf"", ""attachment_type"": ""Bill Form"", ""work_bill_id"": ""562225"", ""attachment_url"": ""https://accounts.bbmp.gov.in/vssIFMS/Files1/WB-Bill--39527045-Bill%20form%20BTM%2023-0000003.pdf"", ""listing_url"": ""https://accounts.bbmp.gov.in/vssWB/vss00CvStatusData.php?pAction=LoadWBFiles&pWorkBillID=562225"", ""page"": 8, ""page_kind"": ""abstract"", ""raw"": ""smooth wheeled, vibratory and tandem rollers to Cum 843.56 41000.00 | 0.00 | 0.00 830.59° | 11000.00 9136444.00 830.59 913644400 | Ry A?"", ""method"": ""OCR (tesseract psm 6, 2x, rulings removed)"", ""check"": ""arithmetic"", ""confidence"": ""high"", ""cross_validated"": true}]"
90,"f specified grading, premixed with bituminous binder VG- @ per cent of mix and filler, transporting the hot mix to work site, laying with mechanical paver Rupees Twelve finisher to the required grade, level and alignment, rolling with smooth Cum Thousand Seven",Bituminous surfacing,,cum,Schedule B,1205.16,12700.0,15305532.0,1205.16,,1205.16,bill abstracts (sum of read bills),0.0,medium,1,"[{""document_id"": ""WO-4--33515496-Schedule B.pdf"", ""attachment_type"": ""Schedule B"", ""work_bill_id"": ""562225"", ""attachment_url"": ""https://accounts.bbmp.gov.in/vssIFMS/Files1/WO-4--33515496-Schedule%20B.pdf"", ""listing_url"": ""https://accounts.bbmp.gov.in/vssWB/vss00CvStatusData.php?pAction=LoadWBFiles&pWorkBillID=562225"", ""page"": 4, ""page_kind"": ""schedule_b"", ""raw"": ""25 |finisher to the required grade, level and alignment, rolling with smooth] Cum| 1205.16 12700.00 Thousand Seven 15305532.00"", ""method"": ""OCR (tesseract psm 6, 2x)"", ""check"": ""arithmetic"", ""confidence"": ""high"", ""cross_validated"": true}, {""document_id"": ""WB-Bill--39527045-Bill form BTM 23-0000003.pdf"", ""attachment_type"": ""Bill Form"", ""work_bill_id"": ""562225"", ""attachment_url"": ""https://accounts.bbmp.gov.in/vssIFMS/Files1/WB-Bill--39527045-Bill%20form%20BTM%2023-0000003.pdf"", ""listing_url"": ""https://accounts.bbmp.gov.in/vssWB/vss00CvStatusData.php?pAction=LoadWBFiles&pWorkBillID=562225"", ""page"": 9, ""page_kind"": ""abstract"", ""raw"": ""level and alignment, rolling with smooth wheeled, Es .16 | 12700.00} G.00 1205.16 | 12700.00 15305532.00 | 120515 | 15306532.00 \\"", ""method"": ""OCR (tesseract psm 6, 2x)"", ""check"": ""arithmetic"", ""confidence"": ""medium"", ""cross_validated"": true}]"
90,", aggregate cement ratio not to exceed : aggregate gradation after blending to be as per table - cement content not to be less than kg/ m3, optimum Rupees Four Thousand moisture content to be determined during trial length construction, Cum Eight Hundred Forty",Concrete,,cum,Schedule B,135.36,4845.0,655819.2,,,,,,high,1,"[{""document_id"": ""WO-4--33515496-Schedule B.pdf"", ""attachment_type"": ""Schedule B"", ""work_bill_id"": ""562225"", ""attachment_url"": ""https://accounts.bbmp.gov.in/vssIFMS/Files1/WO-4--33515496-Schedule%20B.pdf"", ""listing_url"": ""https://accounts.bbmp.gov.in/vssWB/vss00CvStatusData.php?pAction=LoadWBFiles&pWorkBillID=562225"", ""page"": 4, ""page_kind"": ""schedule_b"", ""raw"": ""27|moisture content to be determined during trial length construction,]Cum| 135.36 4845.00 | Eight Hundred Forty 655819.20 |"", ""method"": ""OCR (tesseract psm 6, 2x)"", ""check"": ""arithmetic"", ""confidence"": ""high"", ""cross_validated"": true}]"
90,"iate weigh batcher using approved mix design, laid in approved fixed side formwork (steel channel, laying and fixing of micron thick polythene film, wedges, Rupees Seven Thousand steel plates including levelling the formwork as per drawing), Five Hundred Fifty",Reinforcement & steel,,,Schedule B,135.36,7550.0,1021968.0,135.36,,135.36,bill abstracts (sum of read bills),0.0,medium,1,"[{""document_id"": ""WO-4--33515496-Schedule B.pdf"", ""attachment_type"": ""Schedule B"", ""work_bill_id"": ""562225"", ""attachment_url"": ""https://accounts.bbmp.gov.in/vssIFMS/Files1/WO-4--33515496-Schedule%20B.pdf"", ""listing_url"": ""https://accounts.bbmp.gov.in/vssWB/vss00CvStatusData.php?pAction=LoadWBFiles&pWorkBillID=562225"", ""page"": 4, ""page_kind"": ""schedule_b"", ""raw"": ""steel plates including levelling the formwork as per drawing), 135.36 | 7550.00 Five Hundred Fifty 1021968.00"", ""method"": ""OCR (tesseract psm 6, 2x)"", ""check"": ""arithmetic"", ""confidence"": ""medium"", ""cross_validated"": true}, {""document_id"": ""WB-Bill--39527045-Bill form BTM 23-0000003.pdf"", ""attachment_type"": ""Bill Form"", ""work_bill_id"": ""562225"", ""attachment_url"": ""https://accounts.bbmp.gov.in/vssIFMS/Files1/WB-Bill--39527045-Bill%20form%20BTM%2023-0000003.pdf"", ""listing_url"": ""https://accounts.bbmp.gov.in/vssWB/vss00CvStatusData.php?pAction=LoadWBFiles&pWorkBillID=562225"", ""page"": 10, ""page_kind"": ""abstract"", ""raw"": ""iecloding eye he SecA ge ner dio ina Cum 135.36 7550.00 0.00 0.00 195.86 | 7550.00] 1021968.00 | 135.36 |  1021968.00"", ""method"": ""OCR (tesseract psm 6, 2x, rulings removed)"", ""check"": ""arithmetic"", ""confidence"": ""high"", ""cross_validated"": true}]"
90,"m compressive strength of kg per m2 over 50mm thick sand bed ( average thickness ) and Compacting with plate vibrator having tons compaction force thereby Rupees One Thousand *™ forcing part of sand underneath to come up in between joints ""eu Two Hundred Sixty",Other,,,Schedule B,3076.0,1260.0,3875760.0,2407.19,,2407.19,bill abstracts (sum of read bills),-21.7,medium,1,"[{""document_id"": ""WO-4--33515496-Schedule B.pdf"", ""attachment_type"": ""Schedule B"", ""work_bill_id"": ""562225"", ""attachment_url"": ""https://accounts.bbmp.gov.in/vssIFMS/Files1/WO-4--33515496-Schedule%20B.pdf"", ""listing_url"": ""https://accounts.bbmp.gov.in/vssWB/vss00CvStatusData.php?pAction=LoadWBFiles&pWorkBillID=562225"", ""page"": 5, ""page_kind"": ""schedule_b"", ""raw"": ""*™ |forcing part of sand underneath to come up in between joints \""eu 3076.00 | 1260.00 | Two Hundred Sixty | 3875760.00"", ""method"": ""OCR (tesseract psm 6, 2x)"", ""check"": ""arithmetic"", ""confidence"": ""medium"", ""cross_validated"": true}, {""document_id"": ""WB-Bill--73531204-Bill Form 151-23-000003.pdf"", ""attachment_type"": ""Bill Form"", ""work_bill_id"": ""610874"", ""attachment_url"": ""https://accounts.bbmp.gov.in/vssIFMS/Files1/WB-Bill--73531204-Bill%20Form%20151-23-000003.pdf"", ""listing_url"": ""https://accounts.bbmp.gov.in/vssWB/vss00CvStatusData.php?pAction=LoadWBFiles&pWorkBillID=610874"", ""page"": 8, ""page_kind"": ""abstract"", ""raw"": ""30. |tons compaction force thereby forcing part of sand underneath to Sqm 2407.19 1260.60 1519.57 1914658.00 | 887.14 1117796.40 2406.71 } 3032454.40"", ""method"": ""OCR (tesseract psm 6, 2x, rotated 270°)"", ""check"": ""arithmetic"", ""confidence"": ""high"", ""cross_validated"": true}]"
90,cifications. complete as per Specification and Directions o Engineer In Charge of The Work Removing and Resetting of Cobblestone c¢ R Two Hundred : d _ Ompliete as per upees wo hun Specification and Directions of Engineer In Charge of The Work Sqm Sixteen Only,Dismantling & removal,,sqm,Schedule B,465.0,216.0,100440.0,,,,,,high,1,"[{""document_id"": ""WO-4--33515496-Schedule B.pdf"", ""attachment_type"": ""Schedule B"", ""work_bill_id"": ""562225"", ""attachment_url"": ""https://accounts.bbmp.gov.in/vssIFMS/Files1/WO-4--33515496-Schedule%20B.pdf"", ""listing_url"": ""https://accounts.bbmp.gov.in/vssWB/vss00CvStatusData.php?pAction=LoadWBFiles&pWorkBillID=562225"", ""page"": 5, ""page_kind"": ""schedule_b"", ""raw"": ""Specification and Directions of Engineer In Charge of The Work Sqm} 465.00 | 216.00 Sixteen Only 100440.00"", ""method"": ""OCR (tesseract psm 6, 2x)"", ""check"": ""arithmetic"", ""confidence"": ""high"", ""cross_validated"": true}]"
90,"Loading and Unloading of Stone Boulder/Stone aggregates/ Sand/Kankar/Moorum. (Tipper m3) Cost of Haulage Case- : Rupees One Hundred Surfaced Road A Taking output t load and lead km = t.km. Cum ""Nine Six Onl",Granular base / sub-base,,cum,Schedule B,3092.9,196.0,606208.4,2895.67,,2895.67,bill abstracts (sum of read bills),-6.4,high,1,"[{""document_id"": ""WO-4--33515496-Schedule B.pdf"", ""attachment_type"": ""Schedule B"", ""work_bill_id"": ""562225"", ""attachment_url"": ""https://accounts.bbmp.gov.in/vssIFMS/Files1/WO-4--33515496-Schedule%20B.pdf"", ""listing_url"": ""https://accounts.bbmp.gov.in/vssWB/vss00CvStatusData.php?pAction=LoadWBFiles&pWorkBillID=562225"", ""page"": 5, ""page_kind"": ""schedule_b"", ""raw"": ""32 |Surfaced Road A Taking output 10 t load and lead 10 km = 100 t.km.| Cum| 3092.90 | 196.00 \""Nine Six Onl 606208.40"", ""method"": ""OCR (tesseract psm 6, 2x)"", ""check"": ""arithmetic"", ""confidence"": ""high"", ""cross_validated"": true}, {""document_id"": ""WB-Bill--73531204-Bill Form 151-23-000003.pdf"", ""attachment_type"": ""Bill Form"", ""work_bill_id"": ""610874"", ""attachment_url"": ""https://accounts.bbmp.gov.in/vssIFMS/Files1/WB-Bill--73531204-Bill%20Form%20151-23-000003.pdf"", ""listing_url"": ""https://accounts.bbmp.gov.in/vssWB/vss00CvStatusData.php?pAction=LoadWBFiles&pWorkBillID=610874"", ""page"": 8, ""page_kind"": ""abstract"", ""raw"": ""Surfaced Road A Taking output 10 t load and lead 10 km = 100 Cum 2895.67 ~196.00 4 2737.30 536511.00 : 567551.30"", ""method"": ""OCR (tesseract psm 6, 2x, rotated 270°)"", ""check"": ""arithmetic"", ""confidence"": ""high"", ""cross_validated"": true}]"
90,"d Mnety Directions of Engineer In Charge of The Work Loading and Unloading of Stone Boulder/Stone aggregates/ Sand/Kankar/Moorum. (Tipper m3) Cost of Haulage Case- : < Rupees Two Hundred = Surfaced Road A Taking output t load and lead km = tkm. Cum “""P Ouly un",Granular base / sub-base,,cum,Schedule B,4505.76,200.0,901152.0,3453.64,,3453.64,bill abstracts (sum of read bills),-23.4,high,1,"[{""document_id"": ""WO-4--33515496-Schedule B.pdf"", ""attachment_type"": ""Schedule B"", ""work_bill_id"": ""562225"", ""attachment_url"": ""https://accounts.bbmp.gov.in/vssIFMS/Files1/WO-4--33515496-Schedule%20B.pdf"", ""listing_url"": ""https://accounts.bbmp.gov.in/vssWB/vss00CvStatusData.php?pAction=LoadWBFiles&pWorkBillID=562225"", ""page"": 5, ""page_kind"": ""schedule_b"", ""raw"": ""33 |Surfaced Road A Taking output 10 t load and lead 10 km = 100 tkm.| Cum] 4505.76 | 200.00 | “\""P Ouly un 901152.00"", ""method"": ""OCR (tesseract psm 6, 2x)"", ""check"": ""arithmetic"", ""confidence"": ""high"", ""cross_validated"": true}, {""document_id"": ""WB-Bill--73531204-Bill Form 151-23-000003.pdf"", ""attachment_type"": ""Bill Form"", ""work_bill_id"": ""610874"", ""attachment_url"": ""https://accounts.bbmp.gov.in/vssIFMS/Files1/WB-Bill--73531204-Bill%20Form%20151-23-000003.pdf"", ""listing_url"": ""https://accounts.bbmp.gov.in/vssWB/vss00CvStatusData.php?pAction=LoadWBFiles&pWorkBillID=610874"", ""page"": 8, ""page_kind"": ""abstract"", ""raw"": ""Surfaced Road A Taking output 10 t load and Iead 10 km = 100 Cum 4116.27 200.00 3453.64 690728.00"", ""method"": ""OCR (tesseract psm 6, 2x, rotated 270°)"", ""check"": ""arithmetic"", ""confidence"": ""high"", ""cross_validated"": true}]"
97,"cturer & Cree/Nichia/ Lumileds/Osram make LED Source. ) LED _ Streetlight Watts , Fixing halogen/metal halide / SVL / IL / LED floodlight fitting over existing pole / A wall ceiling including clamps, bolts, nuts and wiring using suitable capacity wires. — Each",Electrical & lighting,,nos,Estimates,2869.0,175.0,502075.0,,,,,,high,1,"[{""document_id"": ""WO-1-L2-aeeifms258a-94712671-2-ESt_0001.pdf"", ""attachment_type"": ""Estimates"", ""work_bill_id"": ""544459"", ""attachment_url"": ""https://accounts.bbmp.gov.in/vssIFMS/Files1/WO-1-L2-aeeifms258a-94712671-2-ESt_0001.pdf"", ""listing_url"": ""https://accounts.bbmp.gov.in/vssWB/vss00CvStatusData.php?pAction=LoadWBFiles&pWorkBillID=544459"", ""page"": 1, ""page_kind"": ""estimate"", ""raw"": ""79 A 45 | wall ceiling including clamps, bolts, nuts and wiring using suitable capacity wires. — Each 2869 | 175.00 | 502075.00"", ""method"": ""OCR (tesseract psm 6, 2x, rulings removed)"", ""check"": ""arithmetic"", ""confidence"": ""high"", ""cross_validated"": true}]"
97,"ees up to Mtrs long bent at suitable angle and fixing to this bracket 1x40/2x40 . watts fluorescent tube street light fitting of all capacities to GI or CI or rail or RCC / .2 pole/ wall using suitable clamps, bolts, and nuts and wiring using suitable Each — —",Concrete,,nos,Estimates,2869.0,835.0,2395615.0,,,,,,high,1,"[{""document_id"": ""WO-1-L2-aeeifms258a-94712671-2-ESt_0001.pdf"", ""attachment_type"": ""Estimates"", ""work_bill_id"": ""544459"", ""attachment_url"": ""https://accounts.bbmp.gov.in/vssIFMS/Files1/WO-1-L2-aeeifms258a-94712671-2-ESt_0001.pdf"", ""listing_url"": ""https://accounts.bbmp.gov.in/vssWB/vss00CvStatusData.php?pAction=LoadWBFiles&pWorkBillID=544459"", ""page"": 1, ""page_kind"": ""estimate"", ""raw"": ""79/14.1.2 pole/ wall using suitable clamps, bolts, and nuts and wiring using suitable | Each 2869 835.00 — 2395615.00 —"", ""method"": ""OCR (tesseract psm 6, 2x, rulings removed)"", ""check"": ""arithmetic"", ""confidence"": ""high"", ""cross_validated"": true}]"
97,"capacity wires. source .2 Using 32mm Dia G.I Pipe Wiring for lighting/power circuit using one of PVC insulated itp, Sass. 100V grade, stranded Aluminium wire single core in open me —-",Pipes & ducts,,,Estimates,17214.0,9.0,154926.0,,,,,,medium,1,"[{""document_id"": ""WO-1-L2-aeeifms258a-94712671-2-ESt_0001.pdf"", ""attachment_type"": ""Estimates"", ""work_bill_id"": ""544459"", ""attachment_url"": ""https://accounts.bbmp.gov.in/vssIFMS/Files1/WO-1-L2-aeeifms258a-94712671-2-ESt_0001.pdf"", ""listing_url"": ""https://accounts.bbmp.gov.in/vssWB/vss00CvStatusData.php?pAction=LoadWBFiles&pWorkBillID=544459"", ""page"": 1, ""page_kind"": ""estimate"", ""raw"": ""itp, Sass. 100V grade, stranded Aluminium wire single core in open | me 17214 —-9.00 | 154926.00"", ""method"": ""OCR (tesseract psm 6, 2x, rulings removed)"", ""check"": ""arithmetic"", ""confidence"": ""medium"", ""cross_validated"": true}]"
127,upees Two Hundred . . ; & as directed by the Engineer In Charge of the work a O00 Twenty Only aieaie: Removing and refixing stone slabs of drains and pointing in CM ( : ) as per specification & as directed by the Engineer In Charge of the m Rupees One. Eng rem,Dismantling & removal,,m,Schedule B,4414.08,116.0,512033.28,286.92,,286.92,bill abstracts (sum of read bills),-93.5,high,1,"[{""document_id"": ""WO-4--86333255-Schedule B.pdf"", ""attachment_type"": ""Schedule B"", ""work_bill_id"": ""493420"", ""attachment_url"": ""https://accounts.bbmp.gov.in/vssIFMS/Files1/WO-4--86333255-Schedule%20B.pdf"", ""listing_url"": ""https://accounts.bbmp.gov.in/vssWB/vss00CvStatusData.php?pAction=LoadWBFiles&pWorkBillID=493420"", ""page"": 1, ""page_kind"": ""schedule_b"", ""raw"": ""2 |as per specification & as directed by the Engineer In Charge of the] m | 4414.08 116.00 Rupees One. Eng rem 512033.28"", ""method"": ""OCR (tesseract psm 6, 2x)"", ""check"": ""arithmetic"", ""confidence"": ""high"", ""cross_validated"": true}, {""document_id"": ""WB-Bill--26096160-abstract 152.pdf"", ""attachment_type"": ""Bill Form"", ""work_bill_id"": ""493351"", ""attachment_url"": ""https://accounts.bbmp.gov.in/vssIFMS/Files1/WB-Bill--26096160-abstract%20152.pdf"", ""listing_url"": ""https://accounts.bbmp.gov.in/vssWB/vss00CvStatusData.php?pAction=LoadWBFiles&pWorkBillID=493351"", ""page"": 2, ""page_kind"": ""abstract"", ""raw"": ""J [quantity to be Claimed in this Bill m | 286.92 { 116.00° | 33282.72 =p"", ""method"": ""OCR (tesseract psm 6, 2x, rulings removed)"", ""check"": ""arithmetic"", ""confidence"": ""high"", ""cross_validated"": true}]"
127,"nd laying 100mm thick pre cast cover slabs over drains width not exceeding 800mm using M20 concrete reinforced with steel @ kg/sqm, slabs jointed in CM : proportion and nicely finished jincluding providing holes in the cover slabs wherever necessary for Sqm ee",Drain & culvert works,,sqm,Schedule B,2795.7,1800.0,5032260.0,,,,,,high,1,"[{""document_id"": ""WO-4--86333255-Schedule B.pdf"", ""attachment_type"": ""Schedule B"", ""work_bill_id"": ""493420"", ""attachment_url"": ""https://accounts.bbmp.gov.in/vssIFMS/Files1/WO-4--86333255-Schedule%20B.pdf"", ""listing_url"": ""https://accounts.bbmp.gov.in/vssWB/vss00CvStatusData.php?pAction=LoadWBFiles&pWorkBillID=493420"", ""page"": 1, ""page_kind"": ""schedule_b"", ""raw"": ""5 jincluding providing holes in the cover slabs wherever necessary for Sqm] 2795.70 | 1800.00 ee 5032260.00"", ""method"": ""OCR (tesseract psm 6, 2x)"", ""check"": ""arithmetic"", ""confidence"": ""high"", ""cross_validated"": true}]"
127,"nt concrete kerb stones made out of CC : : with top and bottom width and mm respectively, 400mm high and 450mm in length finished with CM : Rupees Three Hundred plastering and finishing cutting including formwork, curing, including Nos Sixty Six and Eleven .63",Earthwork & excavation,,nos,Schedule B,18833.0,366.11,6894949.0,16362.0,,16362.0,bill form total up to date,-13.1,medium,1,"[{""document_id"": ""WO-4--86333255-Schedule B.pdf"", ""attachment_type"": ""Schedule B"", ""work_bill_id"": ""493420"", ""attachment_url"": ""https://accounts.bbmp.gov.in/vssIFMS/Files1/WO-4--86333255-Schedule%20B.pdf"", ""listing_url"": ""https://accounts.bbmp.gov.in/vssWB/vss00CvStatusData.php?pAction=LoadWBFiles&pWorkBillID=493420"", ""page"": 1, ""page_kind"": ""schedule_b"", ""raw"": ""plastering and finishing cutting including formwork, curing, including} Nos | 18833.00 } 366.11 Sixty Six and Eleven 6894949 .63"", ""method"": ""OCR (tesseract psm 6, 2x)"", ""check"": ""arithmetic"", ""confidence"": ""high"", ""cross_validated"": true}, {""document_id"": ""WB-Bill--83561230-bill form final.pdf"", ""attachment_type"": ""Bill Form"", ""work_bill_id"": ""517182"", ""attachment_url"": ""https://accounts.bbmp.gov.in/vssIFMS/Files1/WB-Bill--83561230-bill%20form%20final.pdf"", ""listing_url"": ""https://accounts.bbmp.gov.in/vssWB/vss00CvStatusData.php?pAction=LoadWBFiles&pWorkBillID=517182"", ""page"": 3, ""page_kind"": ""abstract"", ""raw"": ""including formwork, curing, including cost of materials, 14335.00 5248186.85 2027.00 366.11 742104.97 16362.00 5990291.82"", ""method"": ""OCR (tesseract psm 6, 2x, rotated 270°)"", ""check"": ""arithmetic"", ""confidence"": ""medium"", ""cross_validated"": true}]"
127," in position plain cement concrete of mix : : with cement @ 240kgs, with 20mm and down size graded granite metal coarse aggregates @ cum and fine aggregtes @ .459cum, . ‘ F machine mixed, concrete laid in layers not exceeding cms. thick, cum ees Hive Thonsanil","Paving, kerbs & footpath",,cum,Schedule B,417.06,5500.0,2293830.0,336.74,,336.74,bill abstracts (sum of read bills),-19.3,medium,1,"[{""document_id"": ""WO-4--86333255-Schedule B.pdf"", ""attachment_type"": ""Schedule B"", ""work_bill_id"": ""493420"", ""attachment_url"": ""https://accounts.bbmp.gov.in/vssIFMS/Files1/WO-4--86333255-Schedule%20B.pdf"", ""listing_url"": ""https://accounts.bbmp.gov.in/vssWB/vss00CvStatusData.php?pAction=LoadWBFiles&pWorkBillID=493420"", ""page"": 2, ""page_kind"": ""schedule_b"", ""raw"": ""machine mixed, concrete laid in layers not exceeding 15 cms. thick,] cum| 417.06 5500.00 3 ees Hive Thonsanil 2293830.00"", ""method"": ""OCR (tesseract psm 6, 2x)"", ""check"": ""arithmetic"", ""confidence"": ""high"", ""cross_validated"": true}, {""document_id"": ""WB-Bill--83561230-bill form final.pdf"", ""attachment_type"": ""Bill Form"", ""work_bill_id"": ""517182"", ""attachment_url"": ""https://accounts.bbmp.gov.in/vssIFMS/Files1/WB-Bill--83561230-bill%20form%20final.pdf"", ""listing_url"": ""https://accounts.bbmp.gov.in/vssWB/vss00CvStatusData.php?pAction=LoadWBFiles&pWorkBillID=517182"", ""page"": 4, ""page_kind"": ""abstract"", ""raw"": ""concrete laid in layers not exceeding 15 cms. thick, well 6 5500.00 487520.00 336.74 1852070.00 |"", ""method"": ""OCR (tesseract psm 6, 2x, rotated 270°, rulings removed)"", ""check"": ""arithmetic"", ""confidence"": ""medium"", ""cross_validated"": true}]"
127," by the Engineer In Charge of the work Dismantling of cement concrete pavement by mechanical means using pneumatic tools, breaking to pieces not exceeding cum in volume and stock piling at designated locations and disposal of dismantled Cum Rupees Nine Hundred",Dismantling & removal,,cum,Schedule B,2147.92,995.0,2137180.4,,,,,,high,1,"[{""document_id"": ""WO-4--86333255-Schedule B.pdf"", ""attachment_type"": ""Schedule B"", ""work_bill_id"": ""493420"", ""attachment_url"": ""https://accounts.bbmp.gov.in/vssIFMS/Files1/WO-4--86333255-Schedule%20B.pdf"", ""listing_url"": ""https://accounts.bbmp.gov.in/vssWB/vss00CvStatusData.php?pAction=LoadWBFiles&pWorkBillID=493420"", ""page"": 2, ""page_kind"": ""schedule_b"", ""raw"": ""10 and stock piling at designated locations and disposal of dismantled Cum| 2147.92 | 995.00 Rupees Nine Hundred 2137180.40"", ""method"": ""OCR (tesseract psm 6, 2x)"", ""check"": ""arithmetic"", ""confidence"": ""high"", ""cross_validated"": true}]"
127,"mbankment with Material Gravel/ Murrum. KSRRB M300- . Construction of embankment with approved material Gravel/Murrum with all lifts and leads, transporting to site, spreading, grading to required slope and compacting to meet requirement Table Cum Rup eet teen",Earthwork & excavation,KSRRB M300-53,cum,Schedule B,1949.97,360.0,701989.2,370.12,,370.12,bill abstracts (sum of read bills),-81.0,high,1,"[{""document_id"": ""WO-4--86333255-Schedule B.pdf"", ""attachment_type"": ""Schedule B"", ""work_bill_id"": ""493420"", ""attachment_url"": ""https://accounts.bbmp.gov.in/vssIFMS/Files1/WO-4--86333255-Schedule%20B.pdf"", ""listing_url"": ""https://accounts.bbmp.gov.in/vssWB/vss00CvStatusData.php?pAction=LoadWBFiles&pWorkBillID=493420"", ""page"": 2, ""page_kind"": ""schedule_b"", ""raw"": ""12 |grading to required slope and compacting to meet requirement Table] Cum] 1949.97 360.00 Rup eet teen 701989.20"", ""method"": ""OCR (tesseract psm 6, 2x)"", ""check"": ""arithmetic"", ""confidence"": ""high"", ""cross_validated"": true}, {""document_id"": ""WB-Bill--83561230-bill form final.pdf"", ""attachment_type"": ""Bill Form"", ""work_bill_id"": ""517182"", ""attachment_url"": ""https://accounts.bbmp.gov.in/vssIFMS/Files1/WB-Bill--83561230-bill%20form%20final.pdf"", ""listing_url"": ""https://accounts.bbmp.gov.in/vssWB/vss00CvStatusData.php?pAction=LoadWBFiles&pWorkBillID=517182"", ""page"": 5, ""page_kind"": ""abstract"", ""raw"": ""to meet requirement Table 300- 2 complete as per Cum 1949.97 701989.20 370.12 360.00 133243.20 232009/ 835232.40"", ""method"": ""OCR (tesseract psm 6, 2x, rotated 270°, rulings removed)"", ""check"": ""arithmetic"", ""confidence"": ""high"", ""cross_validated"": true}]"
127,"on plain cement concrete of mix : : with OPC cement @ 220kgs, with 40mm and down size graded granite os metal coarse aggregates @ .892cum and fine aggregates @ .465cum ‘ machine mixed, machine mixed, concrete laid in layers not exceeding Cum HAUpeRS a Thousand","Paving, kerbs & footpath",,cum,Schedule B,886.34,4000.0,3545360.0,,,,,,high,1,"[{""document_id"": ""WO-4--86333255-Schedule B.pdf"", ""attachment_type"": ""Schedule B"", ""work_bill_id"": ""493420"", ""attachment_url"": ""https://accounts.bbmp.gov.in/vssIFMS/Files1/WO-4--86333255-Schedule%20B.pdf"", ""listing_url"": ""https://accounts.bbmp.gov.in/vssWB/vss00CvStatusData.php?pAction=LoadWBFiles&pWorkBillID=493420"", ""page"": 2, ""page_kind"": ""schedule_b"", ""raw"": ""13 |machine mixed, machine mixed, concrete laid in layers not exceeding} Cum| 886.34 4000.00 HAUpeRS a Thousand 3545360.00"", ""method"": ""OCR (tesseract psm 6, 2x)"", ""check"": ""arithmetic"", ""confidence"": ""high"", ""cross_validated"": true}]"
127," sand for manufacture of blocks o ; approved size, shape and colour with a minimum compressive strength : ‘ of kg per sqm over 50mm thick sand bed (average thickness ) and R oO Th d compacting with plate vibrator having tons compaction force thereby Sqm Se asa",Other,,sqm,Schedule B,10711.8,1200.0,12854160.0,,,,,,high,1,"[{""document_id"": ""WO-4--86333255-Schedule B.pdf"", ""attachment_type"": ""Schedule B"", ""work_bill_id"": ""493420"", ""attachment_url"": ""https://accounts.bbmp.gov.in/vssIFMS/Files1/WO-4--86333255-Schedule%20B.pdf"", ""listing_url"": ""https://accounts.bbmp.gov.in/vssWB/vss00CvStatusData.php?pAction=LoadWBFiles&pWorkBillID=493420"", ""page"": 2, ""page_kind"": ""schedule_b"", ""raw"": ""compacting with plate vibrator having 3 tons compaction force thereby] Sqm] 10711.80 | 1200.00 Se asa 12854160.00"", ""method"": ""OCR (tesseract psm 6, 2x)"", ""check"": ""arithmetic"", ""confidence"": ""high"", ""cross_validated"": true}]"
127,"d by the Engineer In Charge of the work Excavation for roadwork in all types of soil by mechanical means including cutting and loading in tippers, trimming bottom and side slopes, in accordance with requirements of lines, grades and cross Cum Rupees Fifty Only",Earthwork & excavation,,cum,Schedule B,1487.21,50.0,74360.5,934.04,,934.04,bill abstracts (sum of read bills),-37.2,high,1,"[{""document_id"": ""WO-4--86333255-Schedule B.pdf"", ""attachment_type"": ""Schedule B"", ""work_bill_id"": ""493420"", ""attachment_url"": ""https://accounts.bbmp.gov.in/vssIFMS/Files1/WO-4--86333255-Schedule%20B.pdf"", ""listing_url"": ""https://accounts.bbmp.gov.in/vssWB/vss00CvStatusData.php?pAction=LoadWBFiles&pWorkBillID=493420"", ""page"": 2, ""page_kind"": ""schedule_b"", ""raw"": ""15 |slopes, in accordance with requirements of lines, grades and cross| Cum| 1487.21 50.00 Rupees Fifty Only 74360.50"", ""method"": ""OCR (tesseract psm 6, 2x)"", ""check"": ""arithmetic"", ""confidence"": ""high"", ""cross_validated"": true}, {""document_id"": ""WB-Bill--83561230-bill form final.pdf"", ""attachment_type"": ""Bill Form"", ""work_bill_id"": ""517182"", ""attachment_url"": ""https://accounts.bbmp.gov.in/vssIFMS/Files1/WB-Bill--83561230-bill%20form%20final.pdf"", ""listing_url"": ""https://accounts.bbmp.gov.in/vssWB/vss00CvStatusData.php?pAction=LoadWBFiles&pWorkBillID=517182"", ""page"": 6, ""page_kind"": ""abstract"", ""raw"": ""with requirements of lines, grades and cross sections, and Cum 934.04 46702,00 0.00 50.00 0.00 aan 46702.00"", ""method"": ""OCR (tesseract psm 6, 2x, rotated 270°, rulings removed)"", ""check"": ""arithmetic"", ""confidence"": ""high"", ""cross_validated"": true}]"
127," sub base Grading V as sub base and drainage layer by providing coarse graded crushed stone aggregates of granite/basalt material mixing in a mechanical mix plant at OMC. R Two Th d Carriage of mixed materialto work site, spreading in uniform layers Cum aS nee",Granular base / sub-base,,cum,Schedule B,387.6,2000.0,775200.0,,,,,,high,1,"[{""document_id"": ""WO-4--86333255-Schedule B.pdf"", ""attachment_type"": ""Schedule B"", ""work_bill_id"": ""493420"", ""attachment_url"": ""https://accounts.bbmp.gov.in/vssIFMS/Files1/WO-4--86333255-Schedule%20B.pdf"", ""listing_url"": ""https://accounts.bbmp.gov.in/vssWB/vss00CvStatusData.php?pAction=LoadWBFiles&pWorkBillID=493420"", ""page"": 2, ""page_kind"": ""schedule_b"", ""raw"": ""16 |Carriage of mixed materialto work site, spreading in uniform layers} Cum] 387.60 | 2000.00 aS nee 775200.00"", ""method"": ""OCR (tesseract psm 6, 2x)"", ""check"": ""arithmetic"", ""confidence"": ""high"", ""cross_validated"": true}]"
127,"ing crushed stone aggregates ; of granite / trap / basalt to wet mix macadam specifications including pre mixing the material with water at OMC in mechanical mix plant carriage of mixed method of tipper to site, laying in uniform layers Cum Rupees Two Thousand",Granular base / sub-base,,cum,Schedule B,2101.51,2000.0,4203020.0,,,,,,high,1,"[{""document_id"": ""WO-4--86333255-Schedule B.pdf"", ""attachment_type"": ""Schedule B"", ""work_bill_id"": ""493420"", ""attachment_url"": ""https://accounts.bbmp.gov.in/vssIFMS/Files1/WO-4--86333255-Schedule%20B.pdf"", ""listing_url"": ""https://accounts.bbmp.gov.in/vssWB/vss00CvStatusData.php?pAction=LoadWBFiles&pWorkBillID=493420"", ""page"": 3, ""page_kind"": ""schedule_b"", ""raw"": ""carriage of mixed method of tipper to site, laying in uniform layers Cum} 2101.51 | 2000.00 Rupees Two Thousand 4203020.00"", ""method"": ""OCR (tesseract psm 6, 2x)"", ""check"": ""arithmetic"", ""confidence"": ""high"", ""cross_validated"": true}]"
127,ted by the Engineer In Charge of the work Providing and applying primer coat with S.S. bitumen emulsion on prepared surface of granular base such as WMM including cleaning o jroad surface and spraying primer at the rate of kg / sqm using Sqm Rupees Thirty Only,Bituminous surfacing,,sqm,Schedule B,5359.15,30.0,160774.5,1339.79,,1339.79,bill abstracts (sum of read bills),-75.0,medium,1,"[{""document_id"": ""WO-4--86333255-Schedule B.pdf"", ""attachment_type"": ""Schedule B"", ""work_bill_id"": ""493420"", ""attachment_url"": ""https://accounts.bbmp.gov.in/vssIFMS/Files1/WO-4--86333255-Schedule%20B.pdf"", ""listing_url"": ""https://accounts.bbmp.gov.in/vssWB/vss00CvStatusData.php?pAction=LoadWBFiles&pWorkBillID=493420"", ""page"": 3, ""page_kind"": ""schedule_b"", ""raw"": ""18 jroad surface and spraying primer at the rate of 0.60 kg / sqm using] Sqm] 5359.15 30.00 Rupees Thirty Only 160774.50"", ""method"": ""OCR (tesseract psm 6, 2x)"", ""check"": ""arithmetic"", ""confidence"": ""high"", ""cross_validated"": true}, {""document_id"": ""WB-Bill--83561230-bill form final.pdf"", ""attachment_type"": ""Bill Form"", ""work_bill_id"": ""517182"", ""attachment_url"": ""https://accounts.bbmp.gov.in/vssIFMS/Files1/WB-Bill--83561230-bill%20form%20final.pdf"", ""listing_url"": ""https://accounts.bbmp.gov.in/vssWB/vss00CvStatusData.php?pAction=LoadWBFiles&pWorkBillID=517182"", ""page"": 6, ""page_kind"": ""abstract"", ""raw"": ""|__|Upto 125% ce ee \""1339.79 © 30.00 © 4019370."", ""method"": ""OCR (tesseract psm 6, 2x, rotated 270°, rulings removed)"", ""check"": ""decimal restored"", ""confidence"": ""medium"", ""cross_validated"": true}]"
127,"he Engineer In Charge of the work Cleaning the existing black topped surface with brooms, soft brushes and finally dusting with old gunny bags and / or compressed air to receive bituminous treatment including cost of all materials, labour, Sqm Rupees Five Only",Bituminous surfacing,,sqm,Schedule B,63425.25,5.0,317126.25,,,,,,high,1,"[{""document_id"": ""WO-4--86333255-Schedule B.pdf"", ""attachment_type"": ""Schedule B"", ""work_bill_id"": ""493420"", ""attachment_url"": ""https://accounts.bbmp.gov.in/vssIFMS/Files1/WO-4--86333255-Schedule%20B.pdf"", ""listing_url"": ""https://accounts.bbmp.gov.in/vssWB/vss00CvStatusData.php?pAction=LoadWBFiles&pWorkBillID=493420"", ""page"": 3, ""page_kind"": ""schedule_b"", ""raw"": ""19 |receive bituminous treatment including cost of all materials, labour,| Sqm | 63425.25 5.00 Rupees Five Only 317126.25"", ""method"": ""OCR (tesseract psm 6, 2x)"", ""check"": ""arithmetic"", ""confidence"": ""high"", ""cross_validated"": true}]"
127," laying with a paver finisher to a, the required grade, level and alignment, rolling with smooth wheeled, vibratory and tandem rollers to achieve the desired compaction as per . MORTH specification clause No. complete in all respects Cum Rupees: Right Thousand","Paving, kerbs & footpath",,cum,Schedule B,2624.94,8000.0,20999520.0,,,,,,high,1,"[{""document_id"": ""WO-4--86333255-Schedule B.pdf"", ""attachment_type"": ""Schedule B"", ""work_bill_id"": ""493420"", ""attachment_url"": ""https://accounts.bbmp.gov.in/vssIFMS/Files1/WO-4--86333255-Schedule%20B.pdf"", ""listing_url"": ""https://accounts.bbmp.gov.in/vssWB/vss00CvStatusData.php?pAction=LoadWBFiles&pWorkBillID=493420"", ""page"": 3, ""page_kind"": ""schedule_b"", ""raw"": ""22|MORTH specification clause No. 508 complete in all respects} Cum| 2624.94 | 8000.00 Rupees: Right Thousand 20999520.00"", ""method"": ""OCR (tesseract psm 6, 2x)"", ""check"": ""arithmetic"", ""confidence"": ""high"", ""cross_validated"": true}]"
127," concrete, designer tiles 25mm thick for flooring conforming to IS heavy duty tiles for flooring, treads of steps and landing, laid on a bed of tam. hte cement mortar : mis finished wath fash pointing Rupees OneThonsand ). ‘ ; . : , ‘ . Sqm Three Hundred Fifty","Paving, kerbs & footpath",,sqm,Schedule B,445.0,1350.0,600750.0,,,,,,high,1,"[{""document_id"": ""WO-4--86333255-Schedule B.pdf"", ""attachment_type"": ""Schedule B"", ""work_bill_id"": ""493420"", ""attachment_url"": ""https://accounts.bbmp.gov.in/vssIFMS/Files1/WO-4--86333255-Schedule%20B.pdf"", ""listing_url"": ""https://accounts.bbmp.gov.in/vssWB/vss00CvStatusData.php?pAction=LoadWBFiles&pWorkBillID=493420"", ""page"": 4, ""page_kind"": ""schedule_b"", ""raw"": ""27). ‘ ; . : , ‘ . Sqm} 445.00 1350.00 | Three Hundred Fifty 600750.00"", ""method"": ""OCR (tesseract psm 6, 2x)"", ""check"": ""arithmetic"", ""confidence"": ""high"", ""cross_validated"": true}]"
127,neer In Charge of the work Supply and laying rainwater harvesting pits in footpth using .2m Dia RCC rings to a depth of 4m including filling 40mm aggregates around Rupees Seventeen RCC rings and placing 150mm thick precast cover slabs as per Nos Thousand Seven,Drain & culvert works,,nos,Schedule B,32.0,17750.0,568000.0,,,,,,high,1,"[{""document_id"": ""WO-4--86333255-Schedule B.pdf"", ""attachment_type"": ""Schedule B"", ""work_bill_id"": ""493420"", ""attachment_url"": ""https://accounts.bbmp.gov.in/vssIFMS/Files1/WO-4--86333255-Schedule%20B.pdf"", ""listing_url"": ""https://accounts.bbmp.gov.in/vssWB/vss00CvStatusData.php?pAction=LoadWBFiles&pWorkBillID=493420"", ""page"": 4, ""page_kind"": ""schedule_b"", ""raw"": ""29|RCC rings and placing 150mm thick precast cover slabs as per] Nos 32.00 17750.00 Thousand Seven 568000.00"", ""method"": ""OCR (tesseract psm 6, 2x)"", ""check"": ""arithmetic"", ""confidence"": ""high"", ""cross_validated"": true}]"
127,"rge(as per approved drawing) Providing and constructing granite / trap / basalt size stone masonry in foundation with cement mortar : stone hammerd dressed in courses : not less than cms high, bond stones at two m. apart in each course Cum Rupees Five Thousand","Paving, kerbs & footpath",,cum,Schedule B,142.7,5000.0,713500.0,,,,,,high,1,"[{""document_id"": ""WO-4--86333255-Schedule B.pdf"", ""attachment_type"": ""Schedule B"", ""work_bill_id"": ""493420"", ""attachment_url"": ""https://accounts.bbmp.gov.in/vssIFMS/Files1/WO-4--86333255-Schedule%20B.pdf"", ""listing_url"": ""https://accounts.bbmp.gov.in/vssWB/vss00CvStatusData.php?pAction=LoadWBFiles&pWorkBillID=493420"", ""page"": 4, ""page_kind"": ""schedule_b"", ""raw"": ""30 |not less than 20 cms high, bond stones at two m. apart in each course] Cum] 142.70 5000.00 Rupees Five Thousand 713500.00"", ""method"": ""OCR (tesseract psm 6, 2x)"", ""check"": ""arithmetic"", ""confidence"": ""high"", ""cross_validated"": true}]"
127,k Unit ty. Providing and constructing load bearing wall with solid concrete blocks of size 400x150x200 mm having block density not lessthan kg/m3 and having a minimum average compressive strength N/mm2 confirming to IS (Part) : and constructed with CM Sqm a ia,Concrete,,sqm,Schedule B,371.84,1050.0,390432.0,,,,,,high,1,"[{""document_id"": ""WO-4--86333255-Schedule B.pdf"", ""attachment_type"": ""Schedule B"", ""work_bill_id"": ""493420"", ""attachment_url"": ""https://accounts.bbmp.gov.in/vssIFMS/Files1/WO-4--86333255-Schedule%20B.pdf"", ""listing_url"": ""https://accounts.bbmp.gov.in/vssWB/vss00CvStatusData.php?pAction=LoadWBFiles&pWorkBillID=493420"", ""page"": 5, ""page_kind"": ""schedule_b"", ""raw"": ""31|N/mm2 confirming to IS 2185 (Part) : 2005 and constructed with CM] Sqm} 371.84 | 1050.00 a ia 390432.00"", ""method"": ""OCR (tesseract psm 6, 2x)"", ""check"": ""arithmetic"", ""confidence"": ""high"", ""cross_validated"": true}]"
127,"k KSRRB M300- . Wrought iron and mild steel welded work (using angles, square bars, tees and channel grills, grating frames, gates and tree guards of any size and . design etc. including cost of screens and welding rods or bolts and nuts Cum Reapers = Thousand",Reinforcement & steel,KSRRB M300-18,cum,Schedule B,1.82,8000.0,14560.0,,,,,,high,1,"[{""document_id"": ""WO-4--86333255-Schedule B.pdf"", ""attachment_type"": ""Schedule B"", ""work_bill_id"": ""493420"", ""attachment_url"": ""https://accounts.bbmp.gov.in/vssIFMS/Files1/WO-4--86333255-Schedule%20B.pdf"", ""listing_url"": ""https://accounts.bbmp.gov.in/vssWB/vss00CvStatusData.php?pAction=LoadWBFiles&pWorkBillID=493420"", ""page"": 5, ""page_kind"": ""schedule_b"", ""raw"": ""32 |design etc. including cost of screens and welding rods or bolts and nuts} Cum 1.82 8000.00 Reapers = Thousand 14560.00"", ""method"": ""OCR (tesseract psm 6, 2x)"", ""check"": ""arithmetic"", ""confidence"": ""high"", ""cross_validated"": true}]"
127,ich-will be paid separately complete as per specifications. & as directed by the Engineer In Charge of the work Providing and fixing pre cast solid concrete kerb stones of size 450x200x400 mm made out of CC : : and finished with cM L33 Cum! Rupees Five Hundred,"Paving, kerbs & footpath",,cum,Schedule B,248.0,500.0,124000.0,,,,,,high,1,"[{""document_id"": ""WO-4--86333255-Schedule B.pdf"", ""attachment_type"": ""Schedule B"", ""work_bill_id"": ""493420"", ""attachment_url"": ""https://accounts.bbmp.gov.in/vssIFMS/Files1/WO-4--86333255-Schedule%20B.pdf"", ""listing_url"": ""https://accounts.bbmp.gov.in/vssWB/vss00CvStatusData.php?pAction=LoadWBFiles&pWorkBillID=493420"", ""page"": 5, ""page_kind"": ""schedule_b"", ""raw"": ""33 450x200x400 mm made out of CC 1:2:4 and finished with cM L33 Cum! 248.00 500.00 Rupees Five Hundred 124000.00"", ""method"": ""OCR (tesseract psm 6, 2x)"", ""check"": ""arithmetic"", ""confidence"": ""high"", ""cross_validated"": true}]"
127,of machinery complete as per i specifications & as directed by the Engineer In Charge of the work Providing granite slabs of selected quality roughly dressed having a : Size of cms thick and fixed in cement mortar ( : ) including fixing Sam Rupees One Thousand,"Paving, kerbs & footpath",,,Schedule B,1365.66,1000.0,1365660.0,,,,,,medium,1,"[{""document_id"": ""WO-4--86333255-Schedule B.pdf"", ""attachment_type"": ""Schedule B"", ""work_bill_id"": ""493420"", ""attachment_url"": ""https://accounts.bbmp.gov.in/vssIFMS/Files1/WO-4--86333255-Schedule%20B.pdf"", ""listing_url"": ""https://accounts.bbmp.gov.in/vssWB/vss00CvStatusData.php?pAction=LoadWBFiles&pWorkBillID=493420"", ""page"": 5, ""page_kind"": ""schedule_b"", ""raw"": ""36 Size of 10 cms thick and fixed in cement mortar (1:6) including fixing Sam| 1365.66 | 1000.00 Rupees One Thousand 1365660.00"", ""method"": ""OCR (tesseract psm 6, 2x)"", ""check"": ""arithmetic"", ""confidence"": ""medium"", ""cross_validated"": true}]"
127,"curing ete., complete as per specification & as directed by the Only Engineer In Charge of the work Providing chamfering edges to stone slab cms. wide as per specifications. (only chamfered length shall be recorded) complete as Rmtr Rupees Sixty Only",Drain & culvert works,,,Schedule B,7587.0,60.0,455220.0,,,,,,medium,1,"[{""document_id"": ""WO-4--86333255-Schedule B.pdf"", ""attachment_type"": ""Schedule B"", ""work_bill_id"": ""493420"", ""attachment_url"": ""https://accounts.bbmp.gov.in/vssIFMS/Files1/WO-4--86333255-Schedule%20B.pdf"", ""listing_url"": ""https://accounts.bbmp.gov.in/vssWB/vss00CvStatusData.php?pAction=LoadWBFiles&pWorkBillID=493420"", ""page"": 5, ""page_kind"": ""schedule_b"", ""raw"": ""37 |specifications. (only chamfered length shall be recorded) complete as| Rmtr| 7587.00 60.00 Rupees Sixty Only 455220.00"", ""method"": ""OCR (tesseract psm 6, 2x)"", ""check"": ""arithmetic"", ""confidence"": ""medium"", ""cross_validated"": true}]"
127,per specification & as directed by the Engineer In Charge of the work Providing one line dressing to granite stone slab / granite stone R Nine Hundred masonry as per specifications . & as directed by the Engineer In Sqm up ees me Sunere,"Paving, kerbs & footpath",,sqm,Schedule B,5659.61,950.0,5376629.5,2094.95,,2094.95,bill abstracts (sum of read bills),-63.0,high,1,"[{""document_id"": ""WO-4--86333255-Schedule B.pdf"", ""attachment_type"": ""Schedule B"", ""work_bill_id"": ""493420"", ""attachment_url"": ""https://accounts.bbmp.gov.in/vssIFMS/Files1/WO-4--86333255-Schedule%20B.pdf"", ""listing_url"": ""https://accounts.bbmp.gov.in/vssWB/vss00CvStatusData.php?pAction=LoadWBFiles&pWorkBillID=493420"", ""page"": 5, ""page_kind"": ""schedule_b"", ""raw"": ""38|masonry as per specifications . & as directed by the Engineer In] Sqm| 5659.61 950.00 up ees me Sunere 5376629.50"", ""method"": ""OCR (tesseract psm 6, 2x)"", ""check"": ""arithmetic"", ""confidence"": ""high"", ""cross_validated"": true}, {""document_id"": ""WB-Bill--71928188-abstract 172.pdf"", ""attachment_type"": ""Bill Form"", ""work_bill_id"": ""494505"", ""attachment_url"": ""https://accounts.bbmp.gov.in/vssIFMS/Files1/WB-Bill--71928188-abstract%20172.pdf"", ""listing_url"": ""https://accounts.bbmp.gov.in/vssWB/vss00CvStatusData.php?pAction=LoadWBFiles&pWorkBillID=494505"", ""page"": 13, ""page_kind"": ""abstract"", ""raw"": ""L [Quantity to be Claimed in this Bill | Sqm | 2094.95 | 950.00 1990202.50"", ""method"": ""OCR (tesseract psm 6, 2x, rulings removed)"", ""check"": ""arithmetic"", ""confidence"": ""high"", ""cross_validated"": true}]"
127,"neer In Charge of the work Sroviding and removing centering, shuttering, strutting, propping etc., and removal of form work for vertical surface such as walls at any thickness, including attached pilasters, buttresses, plinth cills and Sqm Rupees EMERS Hundred",Dismantling & removal,,sqm,Schedule B,205.44,350.0,71904.0,,,,,,high,1,"[{""document_id"": ""WO-4--86333255-Schedule B.pdf"", ""attachment_type"": ""Schedule B"", ""work_bill_id"": ""493420"", ""attachment_url"": ""https://accounts.bbmp.gov.in/vssIFMS/Files1/WO-4--86333255-Schedule%20B.pdf"", ""listing_url"": ""https://accounts.bbmp.gov.in/vssWB/vss00CvStatusData.php?pAction=LoadWBFiles&pWorkBillID=493420"", ""page"": 6, ""page_kind"": ""schedule_b"", ""raw"": ""40 thickness, including attached pilasters, buttresses, plinth cills and Sqm| 205.44 350.00 Rupees EMERS Hundred 71904.00"", ""method"": ""OCR (tesseract psm 6, 2x)"", ""check"": ""arithmetic"", ""confidence"": ""high"", ""cross_validated"": true}]"
127,"te ' M20 for sub structure/ Superstructure works, with cement @ kgs, . mm & down size graded granite metal coarse aggregate @ cum and fine aggregates cum machine mixed with . : superplasticisers @ 3ltrs otros to IS - concrete laid in Cum Rup Ges Hive ‘Pipusand","Paving, kerbs & footpath",,cum,Schedule B,57.78,5500.0,317790.0,24.62,,24.62,bill form total up to date,-57.4,medium,1,"[{""document_id"": ""WO-4--86333255-Schedule B.pdf"", ""attachment_type"": ""Schedule B"", ""work_bill_id"": ""493420"", ""attachment_url"": ""https://accounts.bbmp.gov.in/vssIFMS/Files1/WO-4--86333255-Schedule%20B.pdf"", ""listing_url"": ""https://accounts.bbmp.gov.in/vssWB/vss00CvStatusData.php?pAction=LoadWBFiles&pWorkBillID=493420"", ""page"": 6, ""page_kind"": ""schedule_b"", ""raw"": ""4] |superplasticisers @ 3ltrs otros to IS 9103-2008, concrete laid in} Cum] 57.78 5500.00 Rup Ges Hive ‘Pipusand 317790.00"", ""method"": ""OCR (tesseract psm 6, 2x)"", ""check"": ""arithmetic"", ""confidence"": ""high"", ""cross_validated"": true}, {""document_id"": ""WB-Bill--83561230-bill form final.pdf"", ""attachment_type"": ""Bill Form"", ""work_bill_id"": ""517182"", ""attachment_url"": ""https://accounts.bbmp.gov.in/vssIFMS/Files1/WB-Bill--83561230-bill%20form%20final.pdf"", ""listing_url"": ""https://accounts.bbmp.gov.in/vssWB/vss00CvStatusData.php?pAction=LoadWBFiles&pWorkBillID=517182"", ""page"": 13, ""page_kind"": ""abstract"", ""raw"": ""superplasticisers @ 3ltrs confirming to 1S 9103-2008, = oy, 24.62 :135410.00 0.00 5500.00 0.00 24.62 / 135410.00"", ""method"": ""OCR (tesseract psm 6, 2x, rotated 270°, rulings removed)"", ""check"": ""arithmetic"", ""confidence"": ""medium"", ""cross_validated"": true}]"
131,"dustrial Layout, MIG Houses Judges Park Roads and surrounding roads in ward No. and Koramangala Sub Division Annexure- : Rate (in Rs.) Sl bagi . Amount D f Work Unit ty. Removing and resetting of footpath slab complete as per specification Rupees Two Hundred :",Dismantling & removal,,,Schedule B,12953.2,212.0,2746089.0,4169.45,,4169.45,bill abstracts (sum of read bills),-67.8,medium,1,"[{""document_id"": ""WO-4--28826930-Schedule B.pdf"", ""attachment_type"": ""Schedule B"", ""work_bill_id"": ""511618"", ""attachment_url"": ""https://accounts.bbmp.gov.in/vssIFMS/Files1/WO-4--28826930-Schedule%20B.pdf"", ""listing_url"": ""https://accounts.bbmp.gov.in/vssWB/vss00CvStatusData.php?pAction=LoadWBFiles&pWorkBillID=511618"", ""page"": 1, ""page_kind"": ""schedule_b"", ""raw"": ""12953.2 212.00 2746089.00"", ""method"": ""OCR (tesseract psm 6, 2x)"", ""check"": ""arithmetic"", ""confidence"": ""medium"", ""cross_validated"": true}, {""document_id"": ""WB-Bill-L3-ifms426-45210989-3-Bill Form.pdf"", ""attachment_type"": ""Bill Form"", ""work_bill_id"": ""503468"", ""attachment_url"": ""https://accounts.bbmp.gov.in/vssIFMS/Files1/WB-Bill-L3-ifms426-45210989-3-Bill%20Form.pdf"", ""listing_url"": ""https://accounts.bbmp.gov.in/vssWB/vss00CvStatusData.php?pAction=LoadWBFiles&pWorkBillID=503468"", ""page"": 2, ""page_kind"": ""abstract"", ""raw"": ""fect and as per Directions of Engineer In Charge of 4169.45 212.00 88392340 4169.45 L 883923.49"", ""method"": ""OCR (tesseract psm 6, 2x)"", ""check"": ""arithmetic"", ""confidence"": ""medium"", ""cross_validated"": true}]"
131,I and as per Directions of Engineer In Charge of Work Bae) teens Twelve Only Removing “and resetting of kerb stones complete as per specification Rupees One Hundred,Dismantling & removal,,,Schedule B,13251.74,110.0,1457691.4,7814.34,,7814.34,bill form total up to date,-41.0,medium,1,"[{""document_id"": ""WO-4--28826930-Schedule B.pdf"", ""attachment_type"": ""Schedule B"", ""work_bill_id"": ""511618"", ""attachment_url"": ""https://accounts.bbmp.gov.in/vssIFMS/Files1/WO-4--28826930-Schedule%20B.pdf"", ""listing_url"": ""https://accounts.bbmp.gov.in/vssWB/vss00CvStatusData.php?pAction=LoadWBFiles&pWorkBillID=511618"", ""page"": 1, ""page_kind"": ""schedule_b"", ""raw"": ""13251.74 | 110.00 1457691.40"", ""method"": ""OCR (tesseract psm 6, 2x)"", ""check"": ""arithmetic"", ""confidence"": ""medium"", ""cross_validated"": true}, {""document_id"": ""WB-Bill-L3-ifms426-45210989-3-Bill Form.pdf"", ""attachment_type"": ""Bill Form"", ""work_bill_id"": ""503468"", ""attachment_url"": ""https://accounts.bbmp.gov.in/vssIFMS/Files1/WB-Bill-L3-ifms426-45210989-3-Bill%20Form.pdf"", ""listing_url"": ""https://accounts.bbmp.gov.in/vssWB/vss00CvStatusData.php?pAction=LoadWBFiles&pWorkBillID=503468"", ""page"": 2, ""page_kind"": ""abstract"", ""raw"": ""etn and as per Directions of Engineer In Charge of 7814.34 110.00 859577.40 7814.34 859577.40"", ""method"": ""OCR (tesseract psm 6, 2x)"", ""check"": ""arithmetic"", ""confidence"": ""medium"", ""cross_validated"": true}]"
131,"In Charge of Work Providing and laying in position plain cement concrete of mix : : with OPC cement @ 220kgs, with 40mm and down size graded i fi t O-46Seum machine mixed, machine mixed, onsets aid fee ng Rupees Five Thousand )"" . ! "" . Cum Seven Hundred Fifty",Concrete,,,Schedule B,7.0,822.51,5750.0,,,,,,medium,1,"[{""document_id"": ""WO-4--28826930-Schedule B.pdf"", ""attachment_type"": ""Schedule B"", ""work_bill_id"": ""511618"", ""attachment_url"": ""https://accounts.bbmp.gov.in/vssIFMS/Files1/WO-4--28826930-Schedule%20B.pdf"", ""listing_url"": ""https://accounts.bbmp.gov.in/vssWB/vss00CvStatusData.php?pAction=LoadWBFiles&pWorkBillID=511618"", ""page"": 1, ""page_kind"": ""schedule_b"", ""raw"": ""4)\"" . 7! \"" . 4 Cum} 822.51 5750.00 | Seven Hundred Fifty 4729432.50"", ""method"": ""OCR (tesseract psm 6, 2x)"", ""check"": ""arithmetic"", ""confidence"": ""medium"", ""cross_validated"": true}]"
131,"nal mix concrete with OPC at 300kgs with 20mm and downsize granite metal coarse aggregates at cum and fine o aggregates at cum machine mixed, well compacted for walls and bottom including centering shuttering cost of materials, HOM o Cum! Rupees Seven Thousand","Paving, kerbs & footpath",,cum,Schedule B,700.99,7000.0,4906930.0,700.98,,700.98,bill abstracts (sum of read bills),0.0,medium,1,"[{""document_id"": ""WO-4--28826930-Schedule B.pdf"", ""attachment_type"": ""Schedule B"", ""work_bill_id"": ""511618"", ""attachment_url"": ""https://accounts.bbmp.gov.in/vssIFMS/Files1/WO-4--28826930-Schedule%20B.pdf"", ""listing_url"": ""https://accounts.bbmp.gov.in/vssWB/vss00CvStatusData.php?pAction=LoadWBFiles&pWorkBillID=511618"", ""page"": 1, ""page_kind"": ""schedule_b"", ""raw"": ""5 bottom including centering shuttering cost of materials, HOM o Cum! 700,99 7000.00 Rupees Seven Thousand 4906930.00"", ""method"": ""OCR (tesseract psm 6, 2x)"", ""check"": ""arithmetic"", ""confidence"": ""high"", ""cross_validated"": true}, {""document_id"": ""WB-Bill--27471690-bill 151-20-000096.pdf"", ""attachment_type"": ""Bill Form"", ""work_bill_id"": ""495927"", ""attachment_url"": ""https://accounts.bbmp.gov.in/vssIFMS/Files1/WB-Bill--27471690-bill%20151-20-000096.pdf"", ""listing_url"": ""https://accounts.bbmp.gov.in/vssWB/vss00CvStatusData.php?pAction=LoadWBFiles&pWorkBillID=495927"", ""page"": 3, ""page_kind"": ""abstract"", ""raw"": ""shuttering cost of materials, HOM of machinery, curing etc., Cane 379.97 7000.00 2659790.00 379.97 2659790.00"", ""method"": ""OCR (tesseract psm 6, 2x)"", ""check"": ""arithmetic"", ""confidence"": ""medium"", ""cross_validated"": true}, {""document_id"": ""WB-Bill-L3-ifms426-45210989-3-Bill Form.pdf"", ""attachment_type"": ""Bill Form"", ""work_bill_id"": ""503468"", ""attachment_url"": ""https://accounts.bbmp.gov.in/vssIFMS/Files1/WB-Bill-L3-ifms426-45210989-3-Bill%20Form.pdf"", ""listing_url"": ""https://accounts.bbmp.gov.in/vssWB/vss00CvStatusData.php?pAction=LoadWBFiles&pWorkBillID=503468"", ""page"": 3, ""page_kind"": ""abstract"", ""raw"": ""shuttering cost of materials, HOM of machinery, curing etc., Cum 379.97/ | 2659790.00 | 321.01 | 7000.00 | 2247070.00 | 70098 | 49¢6860.00"", ""method"": ""OCR (tesseract psm 6, 2x)"", ""check"": ""arithmetic"", ""confidence"": ""high"", ""cross_validated"": true}]"
131,"raded metal coarse aggregates @ .70cum and fine aggregates & cum with superplasticizers, machine mixed, including providing and removing centering, Rupees Two Thousand shuttering, strutting, proping etc., for edges of slabs with TMT steel m Seven Hundred Fifty",Dismantling & removal,,m,Schedule B,1204.8,2750.0,3313200.0,377.46,,377.46,bill form total up to date,-68.7,medium,1,"[{""document_id"": ""WO-4--28826930-Schedule B.pdf"", ""attachment_type"": ""Schedule B"", ""work_bill_id"": ""511618"", ""attachment_url"": ""https://accounts.bbmp.gov.in/vssIFMS/Files1/WO-4--28826930-Schedule%20B.pdf"", ""listing_url"": ""https://accounts.bbmp.gov.in/vssWB/vss00CvStatusData.php?pAction=LoadWBFiles&pWorkBillID=511618"", ""page"": 2, ""page_kind"": ""schedule_b"", ""raw"": ""10 |shuttering, strutting, proping etc., for edges of slabs with TMT steel] m | 1204.80 2750.00 | Seven Hundred Fifty 3313200.00"", ""method"": ""OCR (tesseract psm 6, 2x)"", ""check"": ""arithmetic"", ""confidence"": ""high"", ""cross_validated"": true}, {""document_id"": ""WB-Bill--27471690-bill 151-20-000096.pdf"", ""attachment_type"": ""Bill Form"", ""work_bill_id"": ""495927"", ""attachment_url"": ""https://accounts.bbmp.gov.in/vssIFMS/Files1/WB-Bill--27471690-bill%20151-20-000096.pdf"", ""listing_url"": ""https://accounts.bbmp.gov.in/vssWB/vss00CvStatusData.php?pAction=LoadWBFiles&pWorkBillID=495927"", ""page"": 4, ""page_kind"": ""abstract"", ""raw"": ""proping etc., for edges of slabs with TMT steel (Fe 500) cost & m 225.72 2750.00 620730.00 225.72 620730.00"", ""method"": ""OCR (tesseract psm 6, 2x)"", ""check"": ""arithmetic"", ""confidence"": ""high"", ""cross_validated"": true}, {""document_id"": ""WB-Bill-L3-ifms426-45210989-3-Bill Form.pdf"", ""attachment_type"": ""Bill Form"", ""work_bill_id"": ""503468"", ""attachment_url"": ""https://accounts.bbmp.gov.in/vssIFMS/Files1/WB-Bill-L3-ifms426-45210989-3-Bill%20Form.pdf"", ""listing_url"": ""https://accounts.bbmp.gov.in/vssWB/vss00CvStatusData.php?pAction=LoadWBFiles&pWorkBillID=503468"", ""page"": 4, ""page_kind"": ""abstract"", ""raw"": ""proping etc., for edges of slabs with TMT steel (Fe'500)} cost &/ =i 225.72 / 620730.00 | 151.74 | 2750.00 | 417285.00 | 377.46 | 1038015.00"", ""method"": ""OCR (tesseract psm 6, 2x)"", ""check"": ""arithmetic"", ""confidence"": ""medium"", ""cross_validated"": true}]"
131,"ed metal coarse aggregates @ .70cum and fine aggregates & cum with superplasticizers, machine mixed, including providing and removing centering, Rupees Five Thousand shuttering, strutting, proping etc., for edges of slabs with TMT steel Sqm Seven Hundred Fifty",Dismantling & removal,,sqm,Schedule B,813.33,5750.0,4676647.5,,,,,,high,1,"[{""document_id"": ""WO-4--28826930-Schedule B.pdf"", ""attachment_type"": ""Schedule B"", ""work_bill_id"": ""511618"", ""attachment_url"": ""https://accounts.bbmp.gov.in/vssIFMS/Files1/WO-4--28826930-Schedule%20B.pdf"", ""listing_url"": ""https://accounts.bbmp.gov.in/vssWB/vss00CvStatusData.php?pAction=LoadWBFiles&pWorkBillID=511618"", ""page"": 2, ""page_kind"": ""schedule_b"", ""raw"": ""shuttering, strutting, proping etc., for edges of slabs with TMT steel Sqm} 813.33 5750.00 | Seven Hundred Fifty 4676647.50"", ""method"": ""OCR (tesseract psm 6, 2x)"", ""check"": ""arithmetic"", ""confidence"": ""high"", ""cross_validated"": true}]"
131,"ment concrete kerb stones made out of CGak: : with top and bottom width and mm ' respectively, 400mm high and 450mm in length finished with CM : Rupees Four Hundred plastering and finishing cutting including formwork, curing, including Nos Fifty One and Eighty",Earthwork & excavation,,nos,Schedule B,20440.0,451.88,9236427.2,17826.0,,17826.0,bill form total up to date,-12.8,medium,1,"[{""document_id"": ""WO-4--28826930-Schedule B.pdf"", ""attachment_type"": ""Schedule B"", ""work_bill_id"": ""511618"", ""attachment_url"": ""https://accounts.bbmp.gov.in/vssIFMS/Files1/WO-4--28826930-Schedule%20B.pdf"", ""listing_url"": ""https://accounts.bbmp.gov.in/vssWB/vss00CvStatusData.php?pAction=LoadWBFiles&pWorkBillID=511618"", ""page"": 2, ""page_kind"": ""schedule_b"", ""raw"": ""12 |plastering and finishing cutting including formwork, curing, including] Nos | 20440.00 | 451.88 Fifty One and Eighty 9236427.20"", ""method"": ""OCR (tesseract psm 6, 2x)"", ""check"": ""arithmetic"", ""confidence"": ""high"", ""cross_validated"": true}, {""document_id"": ""WB-Bill-L3-ifms426-45210989-3-Bill Form.pdf"", ""attachment_type"": ""Bill Form"", ""work_bill_id"": ""503468"", ""attachment_url"": ""https://accounts.bbmp.gov.in/vssIFMS/Files1/WB-Bill-L3-ifms426-45210989-3-Bill%20Form.pdf"", ""listing_url"": ""https://accounts.bbmp.gov.in/vssWB/vss00CvStatusData.php?pAction=LoadWBFiles&pWorkBillID=503468"", ""page"": 5, ""page_kind"": ""abstract"", ""raw"": ""including formwork, curing, including cost of materials, 6350.0 2869438.00 | 11476.00 451.88 5185774.88 17826.00 8055212.88 :"", ""method"": ""OCR (tesseract psm 6, 2x)"", ""check"": ""arithmetic"", ""confidence"": ""medium"", ""cross_validated"": true}]"
131,"with mm downsize graded metal coarse aggregates @ .70cum and fine aggregates & cum with superplasticizers, machine mixed, including providing and removing centering, shuttering, strutting, proping etc., for edges of slabs with TMT steel Sqm Rupees One Thousand",Dismantling & removal,,sqm,Schedule B,7769.98,1700.0,13208966.0,2598.9,,2598.9,bill abstracts (sum of read bills),-66.6,medium,1,"[{""document_id"": ""WO-4--28826930-Schedule B.pdf"", ""attachment_type"": ""Schedule B"", ""work_bill_id"": ""511618"", ""attachment_url"": ""https://accounts.bbmp.gov.in/vssIFMS/Files1/WO-4--28826930-Schedule%20B.pdf"", ""listing_url"": ""https://accounts.bbmp.gov.in/vssWB/vss00CvStatusData.php?pAction=LoadWBFiles&pWorkBillID=511618"", ""page"": 2, ""page_kind"": ""schedule_b"", ""raw"": ""13 |shuttering, strutting, proping etc., for edges of slabs with TMT steel Sqm] 7769.98 | 1700.00 Rupees One Thousand 13208966.00"", ""method"": ""OCR (tesseract psm 6, 2x)"", ""check"": ""arithmetic"", ""confidence"": ""high"", ""cross_validated"": true}, {""document_id"": ""WB-Bill-L3-ifms426-45210989-3-Bill Form.pdf"", ""attachment_type"": ""Bill Form"", ""work_bill_id"": ""503468"", ""attachment_url"": ""https://accounts.bbmp.gov.in/vssIFMS/Files1/WB-Bill-L3-ifms426-45210989-3-Bill%20Form.pdf"", ""listing_url"": ""https://accounts.bbmp.gov.in/vssWB/vss00CvStatusData.php?pAction=LoadWBFiles&pWorkBillID=503468"", ""page"": 6, ""page_kind"": ""abstract"", ""raw"": ""preping ete, tor edgesiofsiabswith TM steer |Fe 500} cost & 09.88:/| 1376796.00 | 2598.90 | 1700.00 | 4418130.00 | 3408.78 | s794926.00"", ""method"": ""OCR (tesseract psm 6, 2x)"", ""check"": ""arithmetic"", ""confidence"": ""medium"", ""cross_validated"": true}]"
131,"f masonry, cement concrete, wood work, steel work, including T&P and scaffolding wherever necessary, sorting the dismantled material, disposal of unserviceable Rirome Fame Handred material and stacking the serviceable material with all lifts complete Sqm P Onl",Dismantling & removal,,sqm,Schedule B,112.1,400.0,44840.0,,,,,,high,1,"[{""document_id"": ""WO-4--28826930-Schedule B.pdf"", ""attachment_type"": ""Schedule B"", ""work_bill_id"": ""511618"", ""attachment_url"": ""https://accounts.bbmp.gov.in/vssIFMS/Files1/WO-4--28826930-Schedule%20B.pdf"", ""listing_url"": ""https://accounts.bbmp.gov.in/vssWB/vss00CvStatusData.php?pAction=LoadWBFiles&pWorkBillID=511618"", ""page"": 3, ""page_kind"": ""schedule_b"", ""raw"": ""15 |material and stacking the serviceable material with all lifts complete} Sqm} 112.10 400.00 P Onl 44840.00"", ""method"": ""OCR (tesseract psm 6, 2x)"", ""check"": ""arithmetic"", ""confidence"": ""high"", ""cross_validated"": true}]"
131,"Work Providing and constructing granite / trap / basalt size stone masonry in basement with cement mortar : edges of stones chistle dressed in es igh ts ; i ive Th 1g Courses not less than cms higt , bond stones ab iwe m. apart in each cum Rupees Five Thousand","Paving, kerbs & footpath",,cum,Schedule B,32.03,5700.0,182571.0,,,,,,high,1,"[{""document_id"": ""WO-4--28826930-Schedule B.pdf"", ""attachment_type"": ""Schedule B"", ""work_bill_id"": ""511618"", ""attachment_url"": ""https://accounts.bbmp.gov.in/vssIFMS/Files1/WO-4--28826930-Schedule%20B.pdf"", ""listing_url"": ""https://accounts.bbmp.gov.in/vssWB/vss00CvStatusData.php?pAction=LoadWBFiles&pWorkBillID=511618"", ""page"": 3, ""page_kind"": ""schedule_b"", ""raw"": ""1g {Courses not less than 15 cms higt , bond stones ab iwe m. apart in each cum} 32.03 5700.00 Rupees Five Thousand 182571.00"", ""method"": ""OCR (tesseract psm 6, 2x)"", ""check"": ""arithmetic"", ""confidence"": ""high"", ""cross_validated"": true}]"
131,"rge of Work Providing ang fixing plain sadarahalli granite benches of feet length and feet width side arm supports of "" height with all lead and lift , i : Bec . Rupees Eighteen and loading and unloding as per the directions of Engineer In Charge each Th d Onl","Paving, kerbs & footpath",,nos,Schedule B,10.0,18000.0,180000.0,,,,,,high,1,"[{""document_id"": ""WO-4--28826930-Schedule B.pdf"", ""attachment_type"": ""Schedule B"", ""work_bill_id"": ""511618"", ""attachment_url"": ""https://accounts.bbmp.gov.in/vssIFMS/Files1/WO-4--28826930-Schedule%20B.pdf"", ""listing_url"": ""https://accounts.bbmp.gov.in/vssWB/vss00CvStatusData.php?pAction=LoadWBFiles&pWorkBillID=511618"", ""page"": 3, ""page_kind"": ""schedule_b"", ""raw"": ""20 |and loading and unloding as per the directions of Engineer In Charge} each} 10.00 18000.00 Th d Onl 180000.00"", ""method"": ""OCR (tesseract psm 6, 2x)"", ""check"": ""arithmetic"", ""confidence"": ""high"", ""cross_validated"": true}]"
131,"nt by mechanical means using pneumatic tools, breaking to pieces not exceeding cum in volume and stock piling at designated locations and disposal of dismantled Rupees One Thousand materials stacking serviceable and unserviceable materials seperately Cum) Only",Dismantling & removal,,cum,Schedule B,826.46,1000.0,826460.0,826.46,,826.46,bill form total up to date,0.0,medium,1,"[{""document_id"": ""WO-4--28826930-Schedule B.pdf"", ""attachment_type"": ""Schedule B"", ""work_bill_id"": ""511618"", ""attachment_url"": ""https://accounts.bbmp.gov.in/vssIFMS/Files1/WO-4--28826930-Schedule%20B.pdf"", ""listing_url"": ""https://accounts.bbmp.gov.in/vssWB/vss00CvStatusData.php?pAction=LoadWBFiles&pWorkBillID=511618"", ""page"": 3, ""page_kind"": ""schedule_b"", ""raw"": ""materials stacking serviceable and unserviceable materials seperately Cum) 826.46 1000.00 Only 826460.00"", ""method"": ""OCR (tesseract psm 6, 2x)"", ""check"": ""arithmetic"", ""confidence"": ""high"", ""cross_validated"": true}, {""document_id"": ""WB-Bill--27471690-bill 151-20-000096.pdf"", ""attachment_type"": ""Bill Form"", ""work_bill_id"": ""495927"", ""attachment_url"": ""https://accounts.bbmp.gov.in/vssIFMS/Files1/WB-Bill--27471690-bill%20151-20-000096.pdf"", ""listing_url"": ""https://accounts.bbmp.gov.in/vssWB/vss00CvStatusData.php?pAction=LoadWBFiles&pWorkBillID=495927"", ""page"": 8, ""page_kind"": ""abstract"", ""raw"": ""stacking serviceable and unserviceable materials um 826.46 1000.00 826460.00 826.46 826460.00"", ""method"": ""OCR (tesseract psm 6, 2x)"", ""check"": ""arithmetic"", ""confidence"": ""medium"", ""cross_validated"": true}]"
131,"sub base Grading V as sub base and drainage layer by providing coarse graded crushed stone aggregates o granite/basalt material mixing in a mechanical mix plant at OMC. Carriage of mixed materialto work site, spreading in bottom layers Cum! Rupees Two Thousand",Granular base / sub-base,,cum,Schedule B,319.65,2000.0,639300.0,371.65,,371.65,bill abstracts (sum of read bills),16.3,medium,1,"[{""document_id"": ""WO-4--28826930-Schedule B.pdf"", ""attachment_type"": ""Schedule B"", ""work_bill_id"": ""511618"", ""attachment_url"": ""https://accounts.bbmp.gov.in/vssIFMS/Files1/WO-4--28826930-Schedule%20B.pdf"", ""listing_url"": ""https://accounts.bbmp.gov.in/vssWB/vss00CvStatusData.php?pAction=LoadWBFiles&pWorkBillID=511618"", ""page"": 4, ""page_kind"": ""schedule_b"", ""raw"": ""Carriage of mixed materialto work site, spreading in bottom layers Cum! 319.65 | 2000.00 Rupees Two Thousand 639300.00"", ""method"": ""OCR (tesseract psm 6, 2x)"", ""check"": ""arithmetic"", ""confidence"": ""high"", ""cross_validated"": true}, {""document_id"": ""WB-Bill-L3-ifms426-45210989-3-Bill Form.pdf"", ""attachment_type"": ""Bill Form"", ""work_bill_id"": ""503468"", ""attachment_url"": ""https://accounts.bbmp.gov.in/vssIFMS/Files1/WB-Bill-L3-ifms426-45210989-3-Bill%20Form.pdf"", ""listing_url"": ""https://accounts.bbmp.gov.in/vssWB/vss00CvStatusData.php?pAction=LoadWBFiles&pWorkBillID=503468"", ""page"": 9, ""page_kind"": ""abstract"", ""raw"": ""spreading in uniform layers with motor grader on prepared Cur 319.6 639300.00 2000.00 0.00 319.65 639209.00"", ""method"": ""OCR (tesseract psm 6, 2x)"", ""check"": ""arithmetic"", ""confidence"": ""medium"", ""cross_validated"": true}, {""document_id"": ""WB-Bill--47819518-bill form  000096.pdf"", ""attachment_type"": ""Bill Form"", ""work_bill_id"": ""511618"", ""attachment_url"": ""https://accounts.bbmp.gov.in/vssIFMS/Files1/WB-Bill--47819518-bill%20form%20%20000096.pdf"", ""listing_url"": ""https://accounts.bbmp.gov.in/vssWB/vss00CvStatusData.php?pAction=LoadWBFiles&pWorkBillID=511618"", ""page"": 8, ""page_kind"": ""abstract"", ""raw"": ""|spreading in uniform layers with motor grader on prepared Cum 319.65 —-639300.00 52.05 / 2000.00 104100.00 7 ee"", ""method"": ""OCR (tesseract psm 6, 2x, rotated 270°, rulings removed)"", ""check"": ""arithmetic"", ""confidence"": ""high"", ""cross_validated"": true}]"
131,"mix macadam specifications including pre mixing the material with water at OMC in mechanical mix plant carriage of mixed method of tipper to site, laying in uniform layers with paver in sub-base/base course on well prepared surface and Cum Rup ees One Thonsand","Paving, kerbs & footpath",,cum,Schedule B,1987.52,1600.0,3180032.0,1987.52,,1987.52,bill form total up to date,0.0,high,1,"[{""document_id"": ""WO-4--28826930-Schedule B.pdf"", ""attachment_type"": ""Schedule B"", ""work_bill_id"": ""511618"", ""attachment_url"": ""https://accounts.bbmp.gov.in/vssIFMS/Files1/WO-4--28826930-Schedule%20B.pdf"", ""listing_url"": ""https://accounts.bbmp.gov.in/vssWB/vss00CvStatusData.php?pAction=LoadWBFiles&pWorkBillID=511618"", ""page"": 4, ""page_kind"": ""schedule_b"", ""raw"": ""with paver in sub-base/base course on well prepared surface and| Cum 1987.52 | 1600.00 Rup ees One Thonsand 3180032.00"", ""method"": ""OCR (tesseract psm 6, 2x)"", ""check"": ""arithmetic"", ""confidence"": ""high"", ""cross_validated"": true}, {""document_id"": ""WB-Bill--27471690-bill 151-20-000096.pdf"", ""attachment_type"": ""Bill Form"", ""work_bill_id"": ""495927"", ""attachment_url"": ""https://accounts.bbmp.gov.in/vssIFMS/Files1/WB-Bill--27471690-bill%20151-20-000096.pdf"", ""listing_url"": ""https://accounts.bbmp.gov.in/vssWB/vss00CvStatusData.php?pAction=LoadWBFiles&pWorkBillID=495927"", ""page"": 9, ""page_kind"": ""abstract"", ""raw"": ""base/base course on well prepared surface and compacting cum 1987.52 | 1600.00 3180032.00 1987.52 3180032.00"", ""method"": ""OCR (tesseract psm 6, 2x)"", ""check"": ""arithmetic"", ""confidence"": ""high"", ""cross_validated"": true}]"
131," mix to work site, laying to f the required grade, level and alignment, rolling with smooth wheeled, R Six Th A vibratory and tandem rollers to achieve the desired compaction as per i was OE — MORTH table - complete in all respects complete as per Bight oe Bay",Electrical & lighting,,,Schedule B,140.49,6850.0,962356.5,,,,,,medium,1,"[{""document_id"": ""WO-4--28826930-Schedule B.pdf"", ""attachment_type"": ""Schedule B"", ""work_bill_id"": ""511618"", ""attachment_url"": ""https://accounts.bbmp.gov.in/vssIFMS/Files1/WO-4--28826930-Schedule%20B.pdf"", ""listing_url"": ""https://accounts.bbmp.gov.in/vssWB/vss00CvStatusData.php?pAction=LoadWBFiles&pWorkBillID=511618"", ""page"": 4, ""page_kind"": ""schedule_b"", ""raw"": ""28 MORTH table 500-10 complete in all respects complete as per 140.49 | 6850.00 Bight oe Bay 962356.50"", ""method"": ""OCR (tesseract psm 6, 2x)"", ""check"": ""arithmetic"", ""confidence"": ""medium"", ""cross_validated"": true}]"
131,"site, laying with a paver finisher to the required grade, level and alignment, rolling with smooth wheeled, vibratory and tandem rollers to achieve the desired compaction as per A MORTH specification clause No. complete in all respects Cum Rupees seven Thowand","Paving, kerbs & footpath",,cum,Schedule B,443.35,7000.0,3103450.0,,,,,,high,1,"[{""document_id"": ""WO-4--28826930-Schedule B.pdf"", ""attachment_type"": ""Schedule B"", ""work_bill_id"": ""511618"", ""attachment_url"": ""https://accounts.bbmp.gov.in/vssIFMS/Files1/WO-4--28826930-Schedule%20B.pdf"", ""listing_url"": ""https://accounts.bbmp.gov.in/vssWB/vss00CvStatusData.php?pAction=LoadWBFiles&pWorkBillID=511618"", ""page"": 5, ""page_kind"": ""schedule_b"", ""raw"": ""29|MORTH specification clause No. 508 complete in all respects} Cum| 443.35 7000.00 Rupees seven Thowand 3103450.00"", ""method"": ""OCR (tesseract psm 6, 2x)"", ""check"": ""arithmetic"", ""confidence"": ""high"", ""cross_validated"": true}]"
131,"rising Glass Beads on Bituminous Surface:- Providing and laying of hot applied thermoplastic compound mm thick including reflectorising glass beads at gms per sqm area, thickness of mm is exclusive of surface applied glass beads as per IRC: . The Sqm sacar cee",Bituminous surfacing,,sqm,Schedule B,339.2,450.0,152640.0,302.92,,302.92,bill form total up to date,-10.7,medium,1,"[{""document_id"": ""WO-4--28826930-Schedule B.pdf"", ""attachment_type"": ""Schedule B"", ""work_bill_id"": ""511618"", ""attachment_url"": ""https://accounts.bbmp.gov.in/vssIFMS/Files1/WO-4--28826930-Schedule%20B.pdf"", ""listing_url"": ""https://accounts.bbmp.gov.in/vssWB/vss00CvStatusData.php?pAction=LoadWBFiles&pWorkBillID=511618"", ""page"": 5, ""page_kind"": ""schedule_b"", ""raw"": ""30|mm is exclusive of surface applied glass beads as per IRC:35. The] Sqm] 339.20 450.00 sacar cee 152640.00 |"", ""method"": ""OCR (tesseract psm 6, 2x)"", ""check"": ""arithmetic"", ""confidence"": ""high"", ""cross_validated"": true}, {""document_id"": ""WB-Bill-L3-ifms426-45210989-3-Bill Form.pdf"", ""attachment_type"": ""Bill Form"", ""work_bill_id"": ""503468"", ""attachment_url"": ""https://accounts.bbmp.gov.in/vssIFMS/Files1/WB-Bill-L3-ifms426-45210989-3-Bill%20Form.pdf"", ""listing_url"": ""https://accounts.bbmp.gov.in/vssWB/vss00CvStatusData.php?pAction=LoadWBFiles&pWorkBillID=503468"", ""page"": 10, ""page_kind"": ""abstract"", ""raw"": ""exclusive of surface applied glass beads as per IRC:35. The 302.92 136314.00 0.00 450.00 0.00 302.92 136314.00"", ""method"": ""OCR (tesseract psm 6, 2x)"", ""check"": ""arithmetic"", ""confidence"": ""medium"", ""cross_validated"": true}]"
131,lete as per specification and as per Directions of Engineer In Charge of Work “ Providing and fixing pre cast solid concrete kerb stones of size : 450x200x400 de out of : : and finished wi ; I x x mm mai e ou a CC and finished with CM : Nos Rupees Four Hundred,"Paving, kerbs & footpath",,nos,Schedule B,1084.0,450.0,487800.0,,,,,,high,1,"[{""document_id"": ""WO-4--28826930-Schedule B.pdf"", ""attachment_type"": ""Schedule B"", ""work_bill_id"": ""511618"", ""attachment_url"": ""https://accounts.bbmp.gov.in/vssIFMS/Files1/WO-4--28826930-Schedule%20B.pdf"", ""listing_url"": ""https://accounts.bbmp.gov.in/vssWB/vss00CvStatusData.php?pAction=LoadWBFiles&pWorkBillID=511618"", ""page"": 5, ""page_kind"": ""schedule_b"", ""raw"": ""32 x x mm mai e ou a CC and finished with CM 1:3 Nos | 1084.00 450.00 Rupees Four Hundred 487800.00"", ""method"": ""OCR (tesseract psm 6, 2x)"", ""check"": ""arithmetic"", ""confidence"": ""high"", ""cross_validated"": true}]"
131,"ions of Engineer In Charge of Work Painting two coats after filling the surface with synthetic enamel paint sg in approved shades on new plastered concrete surfaces, with oo materials, labour complete as per specifications. MORTH Chapter Sqm Rupees Eighty Only",Concrete,,sqm,Schedule B,7903.98,80.0,632318.4,4282.38,,4282.38,bill form total up to date,-45.8,medium,1,"[{""document_id"": ""WO-4--28826930-Schedule B.pdf"", ""attachment_type"": ""Schedule B"", ""work_bill_id"": ""511618"", ""attachment_url"": ""https://accounts.bbmp.gov.in/vssIFMS/Files1/WO-4--28826930-Schedule%20B.pdf"", ""listing_url"": ""https://accounts.bbmp.gov.in/vssWB/vss00CvStatusData.php?pAction=LoadWBFiles&pWorkBillID=511618"", ""page"": 5, ""page_kind"": ""schedule_b"", ""raw"": ""33 |materials, labour complete as per specifications. MORTH Chapter 8 Sqm] 7903.98 80.00 Rupees Eighty Only 632318.40"", ""method"": ""OCR (tesseract psm 6, 2x)"", ""check"": ""arithmetic"", ""confidence"": ""high"", ""cross_validated"": true}, {""document_id"": ""WB-Bill-L3-ifms426-45210989-3-Bill Form.pdf"", ""attachment_type"": ""Bill Form"", ""work_bill_id"": ""503468"", ""attachment_url"": ""https://accounts.bbmp.gov.in/vssIFMS/Files1/WB-Bill-L3-ifms426-45210989-3-Bill%20Form.pdf"", ""listing_url"": ""https://accounts.bbmp.gov.in/vssWB/vss00CvStatusData.php?pAction=LoadWBFiles&pWorkBillID=503468"", ""page"": 11, ""page_kind"": ""abstract"", ""raw"": ""concrete surfaces, with materials, labour complete as per 488.4 39072.00 3793.98 80.00 303518.40 4282.38 342590.10"", ""method"": ""OCR (tesseract psm 6, 2x)"", ""check"": ""arithmetic"", ""confidence"": ""medium"", ""cross_validated"": true}]"
131," with front end loader, dumping, turning for return trip, excluding time for haulage and return trip including with all lead and lifts, loading and unloading,tools, plants, HOM of machinery, cost of materials, labour and other incidental Cum Rupees One Hundred",Horticulture & landscaping,KSRRB M100-1,cum,Schedule B,7422.4,100.0,742240.0,4319.6,,4319.6,bill form total up to date,-41.8,medium,1,"[{""document_id"": ""WO-4--28826930-Schedule B.pdf"", ""attachment_type"": ""Schedule B"", ""work_bill_id"": ""511618"", ""attachment_url"": ""https://accounts.bbmp.gov.in/vssIFMS/Files1/WO-4--28826930-Schedule%20B.pdf"", ""listing_url"": ""https://accounts.bbmp.gov.in/vssWB/vss00CvStatusData.php?pAction=LoadWBFiles&pWorkBillID=511618"", ""page"": 5, ""page_kind"": ""schedule_b"", ""raw"": ""34|HOM of machinery, cost of materials, labour and other incidental] Cum| 7422.40 100.00 Rupees One Hundred 742240.00"", ""method"": ""OCR (tesseract psm 6, 2x)"", ""check"": ""arithmetic"", ""confidence"": ""high"", ""cross_validated"": true}, {""document_id"": ""WB-Bill--27471690-bill 151-20-000096.pdf"", ""attachment_type"": ""Bill Form"", ""work_bill_id"": ""495927"", ""attachment_url"": ""https://accounts.bbmp.gov.in/vssIFMS/Files1/WB-Bill--27471690-bill%20151-20-000096.pdf"", ""listing_url"": ""https://accounts.bbmp.gov.in/vssWB/vss00CvStatusData.php?pAction=LoadWBFiles&pWorkBillID=495927"", ""page"": 13, ""page_kind"": ""abstract"", ""raw"": ""incidental charges etc., complete as per specification and 1182.11 100.00 118211.00 1182.11 118211.00"", ""method"": ""OCR (tesseract psm 6, 2x)"", ""check"": ""arithmetic"", ""confidence"": ""medium"", ""cross_validated"": true}, {""document_id"": ""WB-Bill-L3-ifms426-45210989-3-Bill Form.pdf"", ""attachment_type"": ""Bill Form"", ""work_bill_id"": ""503468"", ""attachment_url"": ""https://accounts.bbmp.gov.in/vssIFMS/Files1/WB-Bill-L3-ifms426-45210989-3-Bill%20Form.pdf"", ""listing_url"": ""https://accounts.bbmp.gov.in/vssWB/vss00CvStatusData.php?pAction=LoadWBFiles&pWorkBillID=503468"", ""page"": 12, ""page_kind"": ""abstract"", ""raw"": ""ae te charges etc,, complete as per specification and 1182.11/ 118211.00 | 3137.49 | 100.00 313749.00 4319.60 | 431960.00"", ""method"": ""OCR (tesseract psm 6, 2x, rulings removed)"", ""check"": ""arithmetic"", ""confidence"": ""medium"", ""cross_validated"": true}]"
131," of the work.MORTH Chapter complete as per specification and as per Directions of Engineer In Charge of Work By Manual Means and Mechanical Means including loading, Unloading and Lead up to 15kms baal By Mechanical Means including lead upto kms Rupees one Five",Other,,,Schedule B,1465.16,25.0,36629.0,1465.26,,1465.26,bill abstracts (sum of read bills),0.0,medium,1,"[{""document_id"": ""WO-4--28826930-Schedule B.pdf"", ""attachment_type"": ""Schedule B"", ""work_bill_id"": ""511618"", ""attachment_url"": ""https://accounts.bbmp.gov.in/vssIFMS/Files1/WO-4--28826930-Schedule%20B.pdf"", ""listing_url"": ""https://accounts.bbmp.gov.in/vssWB/vss00CvStatusData.php?pAction=LoadWBFiles&pWorkBillID=511618"", ""page"": 5, ""page_kind"": ""schedule_b"", ""raw"": ""35 By Mechanical Means including lead upto 15 kms 1465.16 | 25.00 | Rupees one Five | 36629.00"", ""method"": ""OCR (tesseract psm 6, 2x)"", ""check"": ""arithmetic"", ""confidence"": ""medium"", ""cross_validated"": true}, {""document_id"": ""WB-Bill--27471690-bill 151-20-000096.pdf"", ""attachment_type"": ""Bill Form"", ""work_bill_id"": ""495927"", ""attachment_url"": ""https://accounts.bbmp.gov.in/vssIFMS/Files1/WB-Bill--27471690-bill%20151-20-000096.pdf"", ""listing_url"": ""https://accounts.bbmp.gov.in/vssWB/vss00CvStatusData.php?pAction=LoadWBFiles&pWorkBillID=495927"", ""page"": 13, ""page_kind"": ""abstract"", ""raw"": ""|35|By Mechanical MeansincludingleaduptoiSkms | —Cum_ [| | 1465.26 | 25.00 | 36629.00 | 1465.16 | 36629.00 |"", ""method"": ""OCR (tesseract psm 6, 2x)"", ""check"": ""arithmetic"", ""confidence"": ""medium"", ""cross_validated"": true}]"
133,"s at cum machine mixed, well Rupees Seven Thousand compacted for walls and bottom including centering, shuttering, cost of materials, Three Hundred Forty Six B HOM of machinery, curing etc., complete excluding cost of steel as per MORTH ers and Paise Forty Six",Reinforcement & steel,,,Schedule B,1089.45,7346.46,8003597.8,,,,,,medium,1,"[{""document_id"": ""WO-4--39902749-Schedule- B (1).pdf"", ""attachment_type"": ""Schedule B"", ""work_bill_id"": ""421294"", ""attachment_url"": ""https://accounts.bbmp.gov.in/vssIFMS/Files1/WO-4--39902749-Schedule-%20B%20%281%29.pdf"", ""listing_url"": ""https://accounts.bbmp.gov.in/vssWB/vss00CvStatusData.php?pAction=LoadWBFiles&pWorkBillID=421294"", ""page"": 2, ""page_kind"": ""schedule_b"", ""raw"": ""B HOM of machinery, curing etc., complete excluding cost of steel as per MORTH ers 1089.45 7346.46 | and Paise Forty Six 8003597.80"", ""method"": ""OCR (tesseract psm 6, 2x)"", ""check"": ""arithmetic"", ""confidence"": ""medium"", ""cross_validated"": true}]"
133," finishe ne uder and filler i “ grade, level and alignment, rolling with smooth wheeled vibrenee eee dir ‘ alpen bee ei ae f : : Ks ¢ ry andreas even Hundred Bi ” Bo achieve the desired compaction in all respects complete as nee mMTOllers oi. And Paise Por Oks",Electrical & lighting,,,Schedule B,5959.1,8786.41,52359120.86,,,,,,medium,1,"[{""document_id"": ""WO-4--39902749-Schedule- B (1).pdf"", ""attachment_type"": ""Schedule B"", ""work_bill_id"": ""421294"", ""attachment_url"": ""https://accounts.bbmp.gov.in/vssIFMS/Files1/WO-4--39902749-Schedule-%20B%20%281%29.pdf"", ""listing_url"": ""https://accounts.bbmp.gov.in/vssWB/vss00CvStatusData.php?pAction=LoadWBFiles&pWorkBillID=421294"", ""page"": 7, ""page_kind"": ""schedule_b"", ""raw"": ""Bo achieve the desired compaction in all respects complete as nee mMTOllers | 5959.1 8786.41 oi. And Paise Por Oks 52359120.86"", ""method"": ""OCR (tesseract psm 6, 2x)"", ""check"": ""arithmetic"", ""confidence"": ""medium"", ""cross_validated"": true}]"
133, .Road Marking with Hot Applied Thermoplastic Compound a Reflectrising Glass Beads on Bituminous Surface:- Provid Ma OG ipplied thermoplastic compound mm ah k ‘ah an ee ae Me ! Rupes Font Sa eas ee .5m ick including reflectorising glass be Fifty Nine And Paise,Bituminous surfacing,KSRRB M800-13,,Schedule B,5133.61,459.29,2357802.39,,,,,,medium,1,"[{""document_id"": ""WO-4--39902749-Schedule- B (1).pdf"", ""attachment_type"": ""Schedule B"", ""work_bill_id"": ""421294"", ""attachment_url"": ""https://accounts.bbmp.gov.in/vssIFMS/Files1/WO-4--39902749-Schedule-%20B%20%281%29.pdf"", ""listing_url"": ""https://accounts.bbmp.gov.in/vssWB/vss00CvStatusData.php?pAction=LoadWBFiles&pWorkBillID=421294"", ""page"": 7, ""page_kind"": ""schedule_b"", ""raw"": ""ee 2.5m ick including reflectorising glass be | 5133.61 | 459.29 Fifty Nine And Paise | 2357802.39"", ""method"": ""OCR (tesseract psm 6, 2x)"", ""check"": ""arithmetic"", ""confidence"": ""medium"", ""cross_validated"": true}]"
183,et having minimun thick aluminium skin on both sides &' fixed over a support frame of 25x25x3 mm MS angle and mounted on 75mm dia OR 75x75x6mm Mild steel angle of total height .70m with clear height of not less than m from the ground level to the bottom of the,Reinforcement & steel,,m,Schedule B,60.0,6145.78,368747.0,,,,,,high,1,"[{""document_id"": ""WO-4--00415789-Shedule B (1) (8 files merged).pdf"", ""attachment_type"": ""Schedule B"", ""work_bill_id"": ""412452"", ""attachment_url"": ""https://accounts.bbmp.gov.in/vssIFMS/Files/WO-4--00415789-Shedule%20B%20%281%29%20%288%20files%20merged%29.pdf"", ""listing_url"": ""https://accounts.bbmp.gov.in/vssWB/vss00CvStatusData.php?pAction=LoadWBFiles&pWorkBillID=412452"", ""page"": 1, ""page_kind"": ""schedule_b"", ""raw"": ""22 [height of not less than 2.10 m from the ground level to the bottom of the| 60.00 6145.78 368747.00"", ""method"": ""OCR (tesseract psm 6, 2x)"", ""check"": ""arithmetic"", ""confidence"": ""high"", ""cross_validated"": true}]"
183,"00- Construction of Embankment with Material Gravel/ Murrum. KSRRB M300- . Construction of embankment with approved material Gravel/Murrum with all lifts and leads, transporting to site, . spreading, grading to required slope and compacting to meet requirement",Earthwork & excavation,KSRRB M300-53,,Schedule B,2670.0,351.33,938056.0,2440.41,,2440.41,bill abstracts (sum of read bills),-8.6,medium,1,"[{""document_id"": ""WO-4--00415789-Shedule B (1) (8 files merged).pdf"", ""attachment_type"": ""Schedule B"", ""work_bill_id"": ""412452"", ""attachment_url"": ""https://accounts.bbmp.gov.in/vssIFMS/Files/WO-4--00415789-Shedule%20B%20%281%29%20%288%20files%20merged%29.pdf"", ""listing_url"": ""https://accounts.bbmp.gov.in/vssWB/vss00CvStatusData.php?pAction=LoadWBFiles&pWorkBillID=412452"", ""page"": 1, ""page_kind"": ""schedule_b"", ""raw"": ""23. |spreading, grading to required slope and compacting to meet requirement 2670.00 351,33 938056.00"", ""method"": ""OCR (tesseract psm 6, 2x)"", ""check"": ""arithmetic"", ""confidence"": ""medium"", ""cross_validated"": true}, {""document_id"": ""WB-Bill--26288783-Bill copy.pdf"", ""attachment_type"": ""Bill Form"", ""work_bill_id"": ""410790"", ""attachment_url"": ""https://accounts.bbmp.gov.in/vssIFMS/Files1/WB-Bill--26288783-Bill%20copy.pdf"", ""listing_url"": ""https://accounts.bbmp.gov.in/vssWB/vss00CvStatusData.php?pAction=LoadWBFiles&pWorkBillID=410790"", ""page"": 5, ""page_kind"": ""abstract"", ""raw"": ""351.4 400.00 140579.50 2089.01 835603.60 695024.10"", ""method"": ""native text layer"", ""check"": ""arithmetic"", ""confidence"": ""medium"", ""cross_validated"": true}, {""document_id"": ""WB-Bill--65523039-Bill.pdf"", ""attachment_type"": ""Bill Form"", ""work_bill_id"": ""444314"", ""attachment_url"": ""https://accounts.bbmp.gov.in/vssIFMS/Files1/WB-Bill--65523039-Bill.pdf"", ""listing_url"": ""https://accounts.bbmp.gov.in/vssWB/vss00CvStatusData.php?pAction=LoadWBFiles&pWorkBillID=444314"", ""page"": 5, ""page_kind"": ""abstract"", ""raw"": ""2089.01 2089.01 835603.60 0.00 400.00 2089.01 O.00 835603.60"", ""method"": ""native text layer"", ""check"": ""arithmetic"", ""confidence"": ""medium"", ""cross_validated"": true}]"
183,"roviding, laying, spreading and compacting stone aggregates of specific sizes to water bound macadam specifications including spreading in uniform thickness, hand packing, rolling with - Py wheeled steel/vibratory roller - tonnes: in stages to proper grade and",Granular base / sub-base,KSRRB M400-14.1.2,tonne,Schedule B,1335.0,1697.33,2268932.0,,,,,,high,1,"[{""document_id"": ""WO-4--00415789-Shedule B (1) (8 files merged).pdf"", ""attachment_type"": ""Schedule B"", ""work_bill_id"": ""412452"", ""attachment_url"": ""https://accounts.bbmp.gov.in/vssIFMS/Files/WO-4--00415789-Shedule%20B%20%281%29%20%288%20files%20merged%29.pdf"", ""listing_url"": ""https://accounts.bbmp.gov.in/vssWB/vss00CvStatusData.php?pAction=LoadWBFiles&pWorkBillID=412452"", ""page"": 1, ""page_kind"": ""schedule_b"", ""raw"": ""Py wheeled steel/vibratory roller 8-10 tonnes: in stages to proper grade and 1335.00 | 1697.33 2268932.00"", ""method"": ""OCR (tesseract psm 6, 2x)"", ""check"": ""arithmetic"", ""confidence"": ""high"", ""cross_validated"": true}]"
183,"cadam KSRRB M400- Providing, laying, spreading and compacting crushed stone aggregates of granite / trap / basalt to wet mix macadam specifications including pre mixing the material with water at OMC in mechanical mix plant carriage of mixed method of tipper .",Granular base / sub-base,KSRRB M400-17,,Schedule B,801.0,1940.47,1554315.0,,,,,,medium,1,"[{""document_id"": ""WO-4--00415789-Shedule B (1) (8 files merged).pdf"", ""attachment_type"": ""Schedule B"", ""work_bill_id"": ""412452"", ""attachment_url"": ""https://accounts.bbmp.gov.in/vssIFMS/Files/WO-4--00415789-Shedule%20B%20%281%29%20%288%20files%20merged%29.pdf"", ""listing_url"": ""https://accounts.bbmp.gov.in/vssWB/vss00CvStatusData.php?pAction=LoadWBFiles&pWorkBillID=412452"", ""page"": 1, ""page_kind"": ""schedule_b"", ""raw"": ""25 |water at OMC in mechanical mix plant carriage of mixed method of tipper 801.00 1940.47 1554315.00 ."", ""method"": ""OCR (tesseract psm 6, 2x)"", ""check"": ""arithmetic"", ""confidence"": ""medium"", ""cross_validated"": true}]"
183,"surface and compacting with vibratory roller to achieve the desired density complete as per specifications. MORTH Specification No. KSRRB MS00- : Providing and aplying primer coat with S.S bitumen emulsion on prepared surface of granular base such as WBM, WMM)",Bituminous surfacing,,,Schedule B,10680.0,34.9,372737.0,,,,,,medium,1,"[{""document_id"": ""WO-4--00415789-Shedule B (1) (8 files merged).pdf"", ""attachment_type"": ""Schedule B"", ""work_bill_id"": ""412452"", ""attachment_url"": ""https://accounts.bbmp.gov.in/vssIFMS/Files/WO-4--00415789-Shedule%20B%20%281%29%20%288%20files%20merged%29.pdf"", ""listing_url"": ""https://accounts.bbmp.gov.in/vssWB/vss00CvStatusData.php?pAction=LoadWBFiles&pWorkBillID=412452"", ""page"": 1, ""page_kind"": ""schedule_b"", ""raw"": ""emulsion on prepared surface of granular base such as WBM, WMM) 10680.00 34.90 372737.00 |"", ""method"": ""OCR (tesseract psm 6, 2x)"", ""check"": ""arithmetic"", ""confidence"": ""medium"", ""cross_validated"": true}]"
183,"e (in Amount Description of Work (In Rs.) KSRRB - Clearing and grubbing road land including uprooting rank vegetation, grass, bushes, shrubs, saplings and trees of girth upto 300mm, by manual means, in area of light jungle, removal of ‘stumps, disposal fe) sqm",Dismantling & removal,KSRRB 200,sqm,Schedule B,1498.5,7.8,11688.0,,,,,,high,1,"[{""document_id"": ""WO-4-L4-ifms426-15462604-4-Shedule B.pdf"", ""attachment_type"": ""Schedule B"", ""work_bill_id"": ""249400"", ""attachment_url"": ""https://accounts.bbmp.gov.in/vssIFMS/Files/WO-4-L4-ifms426-15462604-4-Shedule%20B.pdf"", ""listing_url"": ""https://accounts.bbmp.gov.in/vssWB/vss00CvStatusData.php?pAction=LoadWBFiles&pWorkBillID=249400"", ""page"": 1, ""page_kind"": ""schedule_b"", ""raw"": ""1 manual means, in area of light jungle, removal of ‘stumps, disposal fe) sqm| 1498.50 7.80 11688.00"", ""method"": ""OCR (tesseract psm 6, 2x)"", ""check"": ""arithmetic"", ""confidence"": ""high"", ""cross_validated"": true}]"
183,"- . Dismantling of existing structures like culverts, bridges, retaining walls and other structure comprising of masonry. cement concrete, wood work, steel work, including T&P and > scaffolding wherever necessary, sorting the dismantled material, disposal cum!",Dismantling & removal,SR 2016-17,cum,Schedule B,277.2,400.0,110880.0,6.96,,6.96,bill form total up to date,-97.5,high,1,"[{""document_id"": ""WO-4-L4-ifms426-15462604-4-Shedule B.pdf"", ""attachment_type"": ""Schedule B"", ""work_bill_id"": ""249400"", ""attachment_url"": ""https://accounts.bbmp.gov.in/vssIFMS/Files/WO-4-L4-ifms426-15462604-4-Shedule%20B.pdf"", ""listing_url"": ""https://accounts.bbmp.gov.in/vssWB/vss00CvStatusData.php?pAction=LoadWBFiles&pWorkBillID=249400"", ""page"": 1, ""page_kind"": ""schedule_b"", ""raw"": ""> scaffolding wherever necessary, sorting the dismantled material, disposal cum! 277.20 400.00 110880.00"", ""method"": ""OCR (tesseract psm 6, 2x)"", ""check"": ""arithmetic"", ""confidence"": ""high"", ""cross_validated"": true}, {""document_id"": ""WB-Bill-L4-ifms426-61447662-4-Bill Form.pdf"", ""attachment_type"": ""Bill Form"", ""work_bill_id"": ""312848"", ""attachment_url"": ""https://accounts.bbmp.gov.in/vssIFMS/Files/WB-Bill-L4-ifms426-61447662-4-Bill%20Form.pdf"", ""listing_url"": ""https://accounts.bbmp.gov.in/vssWB/vss00CvStatusData.php?pAction=LoadWBFiles&pWorkBillID=312848"", ""page"": 2, ""page_kind"": ""abstract"", ""raw"": ""| onl and scaffolding wherever necessary, .. sorting the cum. 27.20 6.96 2784.00 0. ~ 400.00 a | 6.96 2784.00 P|"", ""method"": ""OCR (tesseract psm 6, 2x, rulings removed)"", ""check"": ""arithmetic"", ""confidence"": ""high"", ""cross_validated"": true}]"
183,ent concrete grade M@ and M- . MORTH Specification No. KSRRB - . Scarifying bituminous course mm to 75mm thick along with premix carpet / surface dressing by power roller attached with scarifier without disturbing the base and stacking the debris including Sqm,Bituminous surfacing,KSRRB 300-50,sqm,Schedule B,13001.0,30.0,390030.0,3397.97,,3397.97,bill abstracts (sum of read bills),-73.9,high,1,"[{""document_id"": ""WO-4-L4-ifms426-15462604-4-Shedule B.pdf"", ""attachment_type"": ""Schedule B"", ""work_bill_id"": ""249400"", ""attachment_url"": ""https://accounts.bbmp.gov.in/vssIFMS/Files/WO-4-L4-ifms426-15462604-4-Shedule%20B.pdf"", ""listing_url"": ""https://accounts.bbmp.gov.in/vssWB/vss00CvStatusData.php?pAction=LoadWBFiles&pWorkBillID=249400"", ""page"": 1, ""page_kind"": ""schedule_b"", ""raw"": ""3 |scarifier without disturbing the base and stacking the debris including] Sqm] 13001.00 30.00 390030.00"", ""method"": ""OCR (tesseract psm 6, 2x)"", ""check"": ""arithmetic"", ""confidence"": ""high"", ""cross_validated"": true}, {""document_id"": ""WB-Bill--84224255-bill form 307-19-000009 (2).pdf"", ""attachment_type"": ""Bill Form"", ""work_bill_id"": ""312848"", ""attachment_url"": ""https://accounts.bbmp.gov.in/vssIFMS/Files/WB-Bill--84224255-bill%20form%20307-19-000009%20%282%29.pdf"", ""listing_url"": ""https://accounts.bbmp.gov.in/vssWB/vss00CvStatusData.php?pAction=LoadWBFiles&pWorkBillID=312848"", ""page"": 3, ""page_kind"": ""abstract"", ""raw"": ""3 with scarifier without disturbing the base and stacking the Sqm | 9902.00 3181.58 95447.40 3397.97 30.00 101939.05 6579.55 19738645"", ""method"": ""OCR (tesseract psm 6, 2x, rulings removed)"", ""check"": ""arithmetic"", ""confidence"": ""high"", ""cross_validated"": true}]"
183,"on No. ( In Ordinary Soil) : Earth work in excavation for foundation of structures as perdrawing and technical specifications, including setting out, construction of shoring and ; bracing, removal of StumTips and other deleterious matter, dressing of sides cum",Earthwork & excavation,,cum,Schedule B,6588.0,250.0,1647000.0,,,,,,high,1,"[{""document_id"": ""WO-4-L4-ifms426-15462604-4-Shedule B.pdf"", ""attachment_type"": ""Schedule B"", ""work_bill_id"": ""249400"", ""attachment_url"": ""https://accounts.bbmp.gov.in/vssIFMS/Files/WO-4-L4-ifms426-15462604-4-Shedule%20B.pdf"", ""listing_url"": ""https://accounts.bbmp.gov.in/vssWB/vss00CvStatusData.php?pAction=LoadWBFiles&pWorkBillID=249400"", ""page"": 1, ""page_kind"": ""schedule_b"", ""raw"": ""bracing, removal of StumTips and other deleterious matter, dressing of sides cum| 6588.00 250.00 1647000.00"", ""method"": ""OCR (tesseract psm 6, 2x)"", ""check"": ""arithmetic"", ""confidence"": ""high"", ""cross_validated"": true}]"
183," Rock without Blasting KSRRB M2100- . Earth work in excavation for foundation of structures as per drawing and technical specifications, including setting out, construction of shoring and bracing, removal of stumps and other deleterious matter, dressing of cum",Earthwork & excavation,KSRRB M2100,cum,Schedule B,6588.0,300.0,1976400.0,7492.24,,7492.24,bill abstracts (sum of read bills),13.7,medium,1,"[{""document_id"": ""WO-4-L4-ifms426-15462604-4-Shedule B.pdf"", ""attachment_type"": ""Schedule B"", ""work_bill_id"": ""249400"", ""attachment_url"": ""https://accounts.bbmp.gov.in/vssIFMS/Files/WO-4-L4-ifms426-15462604-4-Shedule%20B.pdf"", ""listing_url"": ""https://accounts.bbmp.gov.in/vssWB/vss00CvStatusData.php?pAction=LoadWBFiles&pWorkBillID=249400"", ""page"": 1, ""page_kind"": ""schedule_b"", ""raw"": ""7 {and bracing, removal of stumps and other deleterious matter, dressing of] cum} 6588.00 300.00 1976400.00"", ""method"": ""OCR (tesseract psm 6, 2x)"", ""check"": ""arithmetic"", ""confidence"": ""high"", ""cross_validated"": true}, {""document_id"": ""WB-Bill-L4-ifms426-61447662-4-Bill Form.pdf"", ""attachment_type"": ""Bill Form"", ""work_bill_id"": ""312848"", ""attachment_url"": ""https://accounts.bbmp.gov.in/vssIFMS/Files/WB-Bill-L4-ifms426-61447662-4-Bill%20Form.pdf"", ""listing_url"": ""https://accounts.bbmp.gov.in/vssWB/vss00CvStatusData.php?pAction=LoadWBFiles&pWorkBillID=312848"", ""page"": 3, ""page_kind"": ""abstract"", ""raw"": ""; _ [construction of shoring and bracing, removal of stumps and other! 14, | 1g464.32 | 9497.03 Me 7492.24 | 250.00 1873060.26 | 16989.27| 424731776 | |"", ""method"": ""OCR (tesseract psm 6, 2x)"", ""check"": ""arithmetic"", ""confidence"": ""medium"", ""cross_validated"": true}]"
183,"fication No. ( In Ordinary Soil) Earth work in excavation for foundation of structures as perdrawing and technical specifications, including setting out, construction of shoring and bracing, removal of stumps and other deleterious matter, dressing of sides cum",Earthwork & excavation,,cum,Schedule B,2242.34,250.0,560585.0,7969.77,,7969.77,bill abstracts (sum of read bills),255.4,medium,1,"[{""document_id"": ""WO-4-L4-ifms426-15462604-4-Shedule B.pdf"", ""attachment_type"": ""Schedule B"", ""work_bill_id"": ""249400"", ""attachment_url"": ""https://accounts.bbmp.gov.in/vssIFMS/Files/WO-4-L4-ifms426-15462604-4-Shedule%20B.pdf"", ""listing_url"": ""https://accounts.bbmp.gov.in/vssWB/vss00CvStatusData.php?pAction=LoadWBFiles&pWorkBillID=249400"", ""page"": 2, ""page_kind"": ""schedule_b"", ""raw"": ""bracing, removal of stumps and other deleterious matter, dressing of sides cum] 2242.34 250.00 560585.00"", ""method"": ""OCR (tesseract psm 6, 2x)"", ""check"": ""arithmetic"", ""confidence"": ""high"", ""cross_validated"": true}, {""document_id"": ""WB-Bill-L4-ifms426-61447662-4-Bill Form.pdf"", ""attachment_type"": ""Bill Form"", ""work_bill_id"": ""312848"", ""attachment_url"": ""https://accounts.bbmp.gov.in/vssIFMS/Files/WB-Bill-L4-ifms426-61447662-4-Bill%20Form.pdf"", ""listing_url"": ""https://accounts.bbmp.gov.in/vssWB/vss00CvStatusData.php?pAction=LoadWBFiles&pWorkBillID=312848"", ""page"": 4, ""page_kind"": ""abstract"", ""raw"": ""construction of shoring and bracing, xemoval of stumpsand eftet| cic | 7a7.03 | seezie7 961968.00 2725.19 | 250.00 Cooi82) 6573.06 | .(1643266.21"", ""method"": ""OCR (tesseract psm 6, 2x)"", ""check"": ""arithmetic"", ""confidence"": ""medium"", ""cross_validated"": true}, {""document_id"": ""WB-Bill--26288783-Bill copy.pdf"", ""attachment_type"": ""Bill Form"", ""work_bill_id"": ""410790"", ""attachment_url"": ""https://accounts.bbmp.gov.in/vssIFMS/Files1/WB-Bill--26288783-Bill%20copy.pdf"", ""listing_url"": ""https://accounts.bbmp.gov.in/vssWB/vss00CvStatusData.php?pAction=LoadWBFiles&pWorkBillID=410790"", ""page"": 3, ""page_kind"": ""abstract"", ""raw"": ""of shoring and bracing, removal of stumps and other deleterious matter, dressing of sides| cum 1396.71 300.00 1903 419013.75 2242.34 0.00 0.00"", ""method"": ""native text layer"", ""check"": ""arithmetic"", ""confidence"": ""high"", ""cross_validated"": true}]"
183,"Rock without Blasting KSRRB M2100- . Earth work in excavation for foundation of structures as per drawing and technical specifications, including setting out, construction of shoring Jand bracing, removal of stumps and other deleterious matter, dressing of cum",Earthwork & excavation,KSRRB M2100,cum,Schedule B,2242.34,300.0,672702.0,,,,,,high,1,"[{""document_id"": ""WO-4-L4-ifms426-15462604-4-Shedule B.pdf"", ""attachment_type"": ""Schedule B"", ""work_bill_id"": ""249400"", ""attachment_url"": ""https://accounts.bbmp.gov.in/vssIFMS/Files/WO-4-L4-ifms426-15462604-4-Shedule%20B.pdf"", ""listing_url"": ""https://accounts.bbmp.gov.in/vssWB/vss00CvStatusData.php?pAction=LoadWBFiles&pWorkBillID=249400"", ""page"": 2, ""page_kind"": ""schedule_b"", ""raw"": ""10 Jand bracing, removal of stumps and other deleterious matter, dressing of] cum| 2242.34 300.00 672702.00"", ""method"": ""OCR (tesseract psm 6, 2x)"", ""check"": ""arithmetic"", ""confidence"": ""high"", ""cross_validated"": true}]"
183,"lete as per specifications. “II . Hard rock - (blasting prohibited ) A. Mechanical Means MORTH Specification No. KSRB : Providing and Filling in foundation with granite / trap broken Wl metal 100mm. and down size, with approved sand including hand packing, cum","Paving, kerbs & footpath",KSRB 2.8,cum,Schedule B,4155.31,2500.0,10388275.0,,,,,,high,1,"[{""document_id"": ""WO-4-L4-ifms426-15462604-4-Shedule B.pdf"", ""attachment_type"": ""Schedule B"", ""work_bill_id"": ""249400"", ""attachment_url"": ""https://accounts.bbmp.gov.in/vssIFMS/Files/WO-4-L4-ifms426-15462604-4-Shedule%20B.pdf"", ""listing_url"": ""https://accounts.bbmp.gov.in/vssWB/vss00CvStatusData.php?pAction=LoadWBFiles&pWorkBillID=249400"", ""page"": 2, ""page_kind"": ""schedule_b"", ""raw"": ""Wl metal 100mm. and down size, with approved sand including hand packing, cum| 4155.31 2500.00 10388275.00"", ""method"": ""OCR (tesseract psm 6, 2x)"", ""check"": ""arithmetic"", ""confidence"": ""high"", ""cross_validated"": true}]"
183," complete as per specifications. specification. No. KBS KSRRB M2100- . Filling the foundations trenches using approved sand as per drawing and technical specifications in 250mm_ layers ‘ wherever necessary watering and ramming, including cost of materials, Cum",Other,KSRRB M2100-6,cum,Schedule B,1320.0,3500.0,4620000.0,,,,,,high,1,"[{""document_id"": ""WO-4-L4-ifms426-15462604-4-Shedule B.pdf"", ""attachment_type"": ""Schedule B"", ""work_bill_id"": ""249400"", ""attachment_url"": ""https://accounts.bbmp.gov.in/vssIFMS/Files/WO-4-L4-ifms426-15462604-4-Shedule%20B.pdf"", ""listing_url"": ""https://accounts.bbmp.gov.in/vssWB/vss00CvStatusData.php?pAction=LoadWBFiles&pWorkBillID=249400"", ""page"": 2, ""page_kind"": ""schedule_b"", ""raw"": ""‘ 12 |wherever necessary watering and ramming, including cost of materials,|Cum| 1320.00 3500.00 4620000.00"", ""method"": ""OCR (tesseract psm 6, 2x)"", ""check"": ""arithmetic"", ""confidence"": ""high"", ""cross_validated"": true}]"
183,"ations. MORTH Chapter . . Using Manufactured. (page no PWD - ) KSRB - :Refilling available earth around pipe lines, cables in layers not exceeding 20cms in depth, compacting each deposited layer . by ramming after watering with lead upto 50m.and_ lift upto Cum",Pipes & ducts,KSRB 2-4,cum,Schedule B,14828.0,100.0,1482800.0,,,,,,high,1,"[{""document_id"": ""WO-4-L4-ifms426-15462604-4-Shedule B.pdf"", ""attachment_type"": ""Schedule B"", ""work_bill_id"": ""249400"", ""attachment_url"": ""https://accounts.bbmp.gov.in/vssIFMS/Files/WO-4-L4-ifms426-15462604-4-Shedule%20B.pdf"", ""listing_url"": ""https://accounts.bbmp.gov.in/vssWB/vss00CvStatusData.php?pAction=LoadWBFiles&pWorkBillID=249400"", ""page"": 2, ""page_kind"": ""schedule_b"", ""raw"": ""13. |by ramming after watering with lead upto 50m.and_ lift upto] Cum| 14828.00 100.00 1482800.00"", ""method"": ""OCR (tesseract psm 6, 2x)"", ""check"": ""arithmetic"", ""confidence"": ""high"", ""cross_validated"": true}]"
183," complete as _ per specifications. (page no PWD - ) KSRRB M100- Loading and Unloading of Stone Boulder / Stone aggregates /Sand/ Kanker / Moorum. KSRRB M100- : Placing tipper at loading point, loading with front end loader,dumping, turning for return trip, cum",Granular base / sub-base,KSRRB M100-1,cum,Schedule B,22399.77,75.0,1679983.0,5599.94,,5599.94,bill abstracts (sum of read bills),-75.0,high,1,"[{""document_id"": ""WO-4-L4-ifms426-15462604-4-Shedule B.pdf"", ""attachment_type"": ""Schedule B"", ""work_bill_id"": ""249400"", ""attachment_url"": ""https://accounts.bbmp.gov.in/vssIFMS/Files/WO-4-L4-ifms426-15462604-4-Shedule%20B.pdf"", ""listing_url"": ""https://accounts.bbmp.gov.in/vssWB/vss00CvStatusData.php?pAction=LoadWBFiles&pWorkBillID=249400"", ""page"": 2, ""page_kind"": ""schedule_b"", ""raw"": ""14 |loading point, loading with front end loader,dumping, turning for return trip,] cum | 22399.77 75.00 1679983.00"", ""method"": ""OCR (tesseract psm 6, 2x)"", ""check"": ""arithmetic"", ""confidence"": ""high"", ""cross_validated"": true}, {""document_id"": ""WB-Bill--84224255-bill form 307-19-000009 (2).pdf"", ""attachment_type"": ""Bill Form"", ""work_bill_id"": ""312848"", ""attachment_url"": ""https://accounts.bbmp.gov.in/vssIFMS/Files/WB-Bill--84224255-bill%20form%20307-19-000009%20%282%29.pdf"", ""listing_url"": ""https://accounts.bbmp.gov.in/vssWB/vss00CvStatusData.php?pAction=LoadWBFiles&pWorkBillID=312848"", ""page"": 5, ""page_kind"": ""abstract"", ""raw"": ""| Approved Upto 125% | cum 5599.94 0,00 | 0.00 | 5599.94 75.00 | 419995.50 | 5399.94 | 419995 50"", ""method"": ""OCR (tesseract psm 6, 2x, rulings removed)"", ""check"": ""arithmetic"", ""confidence"": ""high"", ""cross_validated"": true}]"
183,"g true to line and level including loading and unloading at both destinations and jointing of pipes and specials (including cost of specials) including perfect linking of joints with jack to correct position including cost of jointing materials ie., rubber Rmt",Pipes & ducts,,m,Schedule B,2246.0,22500.0,50535000.0,,,,,,high,1,"[{""document_id"": ""WO-4-L4-ifms426-15462604-4-Shedule B.pdf"", ""attachment_type"": ""Schedule B"", ""work_bill_id"": ""249400"", ""attachment_url"": ""https://accounts.bbmp.gov.in/vssIFMS/Files/WO-4-L4-ifms426-15462604-4-Shedule%20B.pdf"", ""listing_url"": ""https://accounts.bbmp.gov.in/vssWB/vss00CvStatusData.php?pAction=LoadWBFiles&pWorkBillID=249400"", ""page"": 3, ""page_kind"": ""schedule_b"", ""raw"": ""16 |jack to correct position including cost of jointing materials ie., rubber| Rmt} 2246.00 | 22500.00 | 50535000.00"", ""method"": ""OCR (tesseract psm 6, 2x)"", ""check"": ""arithmetic"", ""confidence"": ""high"", ""cross_validated"": true}]"
183," lead and lift charges and complete- Two tier barricading KSRRB_ M200- . Removal of Telephone / Electric poles including excavation and dismantling of foundation concrete and lines under the supervision of concerned department, disposal with all lifts and Each",Earthwork & excavation,,nos,Schedule B,75.0,150.0,11250.0,,,,,,high,1,"[{""document_id"": ""WO-4-L4-ifms426-15462604-4-Shedule B.pdf"", ""attachment_type"": ""Schedule B"", ""work_bill_id"": ""249400"", ""attachment_url"": ""https://accounts.bbmp.gov.in/vssIFMS/Files/WO-4-L4-ifms426-15462604-4-Shedule%20B.pdf"", ""listing_url"": ""https://accounts.bbmp.gov.in/vssWB/vss00CvStatusData.php?pAction=LoadWBFiles&pWorkBillID=249400"", ""page"": 3, ""page_kind"": ""schedule_b"", ""raw"": ""18 |the supervision of concerned department, disposal with all lifts and]Each| 75.00 150.00 11250.00"", ""method"": ""OCR (tesseract psm 6, 2x)"", ""check"": ""arithmetic"", ""confidence"": ""high"", ""cross_validated"": true}]"
183,"le barricade in construction zone KSRRB M800- . Installation of a steel portable barricade with horizontal rail mm wide, . m in length fitted on a ‘A’ frame made with x x mm angle iron section, m in height, horizontal rail painted ( coats) with yellow and Each",Reinforcement & steel,KSRRB M800-43,nos,Schedule B,100.0,3000.0,300000.0,150.0,,150.0,bill abstracts (sum of read bills),50.0,high,1,"[{""document_id"": ""WO-4-L4-ifms426-15462604-4-Shedule B.pdf"", ""attachment_type"": ""Schedule B"", ""work_bill_id"": ""249400"", ""attachment_url"": ""https://accounts.bbmp.gov.in/vssIFMS/Files/WO-4-L4-ifms426-15462604-4-Shedule%20B.pdf"", ""listing_url"": ""https://accounts.bbmp.gov.in/vssWB/vss00CvStatusData.php?pAction=LoadWBFiles&pWorkBillID=249400"", ""page"": 3, ""page_kind"": ""schedule_b"", ""raw"": ""section, 1.5 m in height, horizontal rail painted (2 coats) with yellow and|Each| 100.00 3000.00 300000.00"", ""method"": ""OCR (tesseract psm 6, 2x)"", ""check"": ""arithmetic"", ""confidence"": ""high"", ""cross_validated"": true}, {""document_id"": ""WB-Bill--84224255-bill form 307-19-000009 (2).pdf"", ""attachment_type"": ""Bill Form"", ""work_bill_id"": ""312848"", ""attachment_url"": ""https://accounts.bbmp.gov.in/vssIFMS/Files/WB-Bill--84224255-bill%20form%20307-19-000009%20%282%29.pdf"", ""listing_url"": ""https://accounts.bbmp.gov.in/vssWB/vss00CvStatusData.php?pAction=LoadWBFiles&pWorkBillID=312848"", ""page"": 7, ""page_kind"": ""abstract"", ""raw"": ""x5 mm angle iron section, 1.5 m in height, horizontal rail painted Each — 100.00 45.00 135000.00 50.00 3000.00 150000.00 | 95.00 | — 285000.00"", ""method"": ""OCR (tesseract psm 6, 2x, rulings removed)"", ""check"": ""arithmetic"", ""confidence"": ""high"", ""cross_validated"": true}, {""document_id"": ""WB-Bill-L4-ifms426-62124178-4-Bill Form.pdf"", ""attachment_type"": ""Bill Form"", ""work_bill_id"": ""341977"", ""attachment_url"": ""https://accounts.bbmp.gov.in/vssIFMS/Files1/WB-Bill-L4-ifms426-62124178-4-Bill%20Form.pdf"", ""listing_url"": ""https://accounts.bbmp.gov.in/vssWB/vss00CvStatusData.php?pAction=LoadWBFiles&pWorkBillID=341977"", ""page"": 4, ""page_kind"": ""abstract"", ""raw"": ""with 45 x 45 x 5 mm angle iron section, 1.5 m in height, horizontal rail painted (2 coats)| Each| 100.00: 95.00 285000.00 5.00 3000.00 15000.00 100.00 300000.00"", ""method"": ""OCR (tesseract psm 6, 2x)"", ""check"": ""arithmetic"", ""confidence"": ""high"", ""cross_validated"": true}]"
183, guiding the traffic complete as per specifications KSRRB M800- Traffic cone KSRRB M800- . Provision of red fluorescent . with white reflective sleeve traffic cone made of low density polyethylene (LDPE) material with a square base of x x mm anda height of Nos,Other,KSRRB M800-36,nos,Schedule B,300.0,650.0,195000.0,,,,,,high,1,"[{""document_id"": ""WO-4-L4-ifms426-15462604-4-Shedule B.pdf"", ""attachment_type"": ""Schedule B"", ""work_bill_id"": ""249400"", ""attachment_url"": ""https://accounts.bbmp.gov.in/vssIFMS/Files/WO-4-L4-ifms426-15462604-4-Shedule%20B.pdf"", ""listing_url"": ""https://accounts.bbmp.gov.in/vssWB/vss00CvStatusData.php?pAction=LoadWBFiles&pWorkBillID=249400"", ""page"": 3, ""page_kind"": ""schedule_b"", ""raw"": ""21 |(LDPE) material with a square base of 390 x 390 x 35 mm anda height of] Nos] 300.00 650.00 195000.00"", ""method"": ""OCR (tesseract psm 6, 2x)"", ""check"": ""arithmetic"", ""confidence"": ""high"", ""cross_validated"": true}]"
183,having minimun thick aluminium skin on both sides & fixed over a support frame of 25x25x3 mm MS angle and mounted on 75mm dia OR 75x75x6mm Mild steel angle of total height .70m with clear height of not less than m from the ground level to the bottom of the nos,Reinforcement & steel,,nos,Schedule B,60.0,5000.0,300000.0,,,,,,high,1,"[{""document_id"": ""WO-4-L4-ifms426-15462604-4-Shedule B.pdf"", ""attachment_type"": ""Schedule B"", ""work_bill_id"": ""249400"", ""attachment_url"": ""https://accounts.bbmp.gov.in/vssIFMS/Files/WO-4-L4-ifms426-15462604-4-Shedule%20B.pdf"", ""listing_url"": ""https://accounts.bbmp.gov.in/vssWB/vss00CvStatusData.php?pAction=LoadWBFiles&pWorkBillID=249400"", ""page"": 4, ""page_kind"": ""schedule_b"", ""raw"": ""92 {height of not less than 2.10 m from the ground level to the bottom of the nos 60.00 5000.00 300000.00"", ""method"": ""OCR (tesseract psm 6, 2x)"", ""check"": ""arithmetic"", ""confidence"": ""high"", ""cross_validated"": true}]"
183,"- Construction of Embankment with Material Gravel/ Murrum. KSRRB M300- . Construction of embankment with approved material Gravel/Murrum with all lifts and leads, transporting to site, spreading, grading to required slope and compacting to meet requirement cum",Earthwork & excavation,KSRRB M300-53,cum,Schedule B,2670.0,400.0,1068000.0,955.18,,955.18,bill abstracts (sum of read bills),-64.2,high,1,"[{""document_id"": ""WO-4-L4-ifms426-15462604-4-Shedule B.pdf"", ""attachment_type"": ""Schedule B"", ""work_bill_id"": ""249400"", ""attachment_url"": ""https://accounts.bbmp.gov.in/vssIFMS/Files/WO-4-L4-ifms426-15462604-4-Shedule%20B.pdf"", ""listing_url"": ""https://accounts.bbmp.gov.in/vssWB/vss00CvStatusData.php?pAction=LoadWBFiles&pWorkBillID=249400"", ""page"": 4, ""page_kind"": ""schedule_b"", ""raw"": ""23 |spreading, grading to required slope and compacting to meet requirement] cum| 2670.00 400.00 1068000.00"", ""method"": ""OCR (tesseract psm 6, 2x)"", ""check"": ""arithmetic"", ""confidence"": ""high"", ""cross_validated"": true}, {""document_id"": ""WB-Bill--84224255-bill form 307-19-000009 (2).pdf"", ""attachment_type"": ""Bill Form"", ""work_bill_id"": ""312848"", ""attachment_url"": ""https://accounts.bbmp.gov.in/vssIFMS/Files/WB-Bill--84224255-bill%20form%20307-19-000009%20%282%29.pdf"", ""listing_url"": ""https://accounts.bbmp.gov.in/vssWB/vss00CvStatusData.php?pAction=LoadWBFiles&pWorkBillID=312848"", ""page"": 8, ""page_kind"": ""abstract"", ""raw"": ""24 site, spreading, grading to required slope and compacting to meet cum | 221650 0.00 0.00 935.18 400.00 38207060 955.18 382070.60 |"", ""method"": ""OCR (tesseract psm 6, 2x, rulings removed)"", ""check"": ""arithmetic"", ""confidence"": ""high"", ""cross_validated"": true}]"
183,"viding, laying, spreading and compacting stone aggregates of specific sizes to water bound macadam specifications including spreading in uniform thickness, hand packing, rolling with - . wheeled steel/vibratory roller - tonnes in stages to proper grade and cum",Granular base / sub-base,KSRRB M400-14.1.2,cum,Schedule B,1335.0,1900.0,2536500.0,,,,,,high,1,"[{""document_id"": ""WO-4-L4-ifms426-15462604-4-Shedule B.pdf"", ""attachment_type"": ""Schedule B"", ""work_bill_id"": ""249400"", ""attachment_url"": ""https://accounts.bbmp.gov.in/vssIFMS/Files/WO-4-L4-ifms426-15462604-4-Shedule%20B.pdf"", ""listing_url"": ""https://accounts.bbmp.gov.in/vssWB/vss00CvStatusData.php?pAction=LoadWBFiles&pWorkBillID=249400"", ""page"": 4, ""page_kind"": ""schedule_b"", ""raw"": "". 24 wheeled steel/vibratory roller 8-10 tonnes in stages to proper grade and cum| 1335.00 1900.00 2536500.00"", ""method"": ""OCR (tesseract psm 6, 2x)"", ""check"": ""arithmetic"", ""confidence"": ""high"", ""cross_validated"": true}]"
183,"RRB M400- . Providing, laying, . spreading and compacting crushed stone aggregates of granite / trap / basalt : to wet mix macadam specifications including pre mixing the material with water at OMC in mechanical mix plant carriage of mixed method of tipper cum",Granular base / sub-base,KSRRB M400-17,cum,Schedule B,801.0,1800.0,1441800.0,955.56,,955.56,bill abstracts (sum of read bills),19.3,high,1,"[{""document_id"": ""WO-4-L4-ifms426-15462604-4-Shedule B.pdf"", ""attachment_type"": ""Schedule B"", ""work_bill_id"": ""249400"", ""attachment_url"": ""https://accounts.bbmp.gov.in/vssIFMS/Files/WO-4-L4-ifms426-15462604-4-Shedule%20B.pdf"", ""listing_url"": ""https://accounts.bbmp.gov.in/vssWB/vss00CvStatusData.php?pAction=LoadWBFiles&pWorkBillID=249400"", ""page"": 4, ""page_kind"": ""schedule_b"", ""raw"": ""25 |water at OMC in mechanical mix plant carriage of mixed method of tipper| cum] 801.00 1800.00 1441800.00"", ""method"": ""OCR (tesseract psm 6, 2x)"", ""check"": ""arithmetic"", ""confidence"": ""high"", ""cross_validated"": true}, {""document_id"": ""WB-Bill--84224255-bill form 307-19-000009 (2).pdf"", ""attachment_type"": ""Bill Form"", ""work_bill_id"": ""312848"", ""attachment_url"": ""https://accounts.bbmp.gov.in/vssIFMS/Files/WB-Bill--84224255-bill%20form%20307-19-000009%20%282%29.pdf"", ""listing_url"": ""https://accounts.bbmp.gov.in/vssWB/vss00CvStatusData.php?pAction=LoadWBFiles&pWorkBillID=312848"", ""page"": 9, ""page_kind"": ""abstract"", ""raw"": ""Approved Upto 125% cum 200.25 | 0.00 | 0.00 154.56 1800.00 | 278208.00 154.56 278208.00 |"", ""method"": ""OCR (tesseract psm 6, 2x, rulings removed)"", ""check"": ""arithmetic"", ""confidence"": ""high"", ""cross_validated"": true}, {""document_id"": ""WB-Bill-L4-ifms426-62124178-4-Bill Form.pdf"", ""attachment_type"": ""Bill Form"", ""work_bill_id"": ""341977"", ""attachment_url"": ""https://accounts.bbmp.gov.in/vssIFMS/Files1/WB-Bill-L4-ifms426-62124178-4-Bill%20Form.pdf"", ""listing_url"": ""https://accounts.bbmp.gov.in/vssWB/vss00CvStatusData.php?pAction=LoadWBFiles&pWorkBillID=341977"", ""page"": 6, ""page_kind"": ""abstract"", ""raw"": ""at OMC in mechanical mix plant carriage of mixed method of tipper to site, laying in cum| 801.00 801.00 14418072 ) 0.00 1800.00 801.00 1441807.20 )"", ""method"": ""OCR (tesseract psm 6, 2x)"", ""check"": ""arithmetic"", ""confidence"": ""high"", ""cross_validated"": true}]"
183," and compacting with vibratory roller to achieve the desired density complete as per specifications. MORTH Specification No. KSRRB_ MS500- : Providing and aplying primer coat with S.S bitumen % emulsion on prepared surface of granular base such as WBM, WMM sqm",Bituminous surfacing,,sqm,Schedule B,10680.0,38.0,405840.0,2628.45,,2628.45,bill form total up to date,-75.4,high,1,"[{""document_id"": ""WO-4-L4-ifms426-15462604-4-Shedule B.pdf"", ""attachment_type"": ""Schedule B"", ""work_bill_id"": ""249400"", ""attachment_url"": ""https://accounts.bbmp.gov.in/vssIFMS/Files/WO-4-L4-ifms426-15462604-4-Shedule%20B.pdf"", ""listing_url"": ""https://accounts.bbmp.gov.in/vssWB/vss00CvStatusData.php?pAction=LoadWBFiles&pWorkBillID=249400"", ""page"": 4, ""page_kind"": ""schedule_b"", ""raw"": ""2% emulsion on prepared surface of granular base such as WBM, WMM sqm | 10680.00 38.00 405840.00"", ""method"": ""OCR (tesseract psm 6, 2x)"", ""check"": ""arithmetic"", ""confidence"": ""high"", ""cross_validated"": true}, {""document_id"": ""WB-Bill-L4-ifms426-62124178-4-Bill Form.pdf"", ""attachment_type"": ""Bill Form"", ""work_bill_id"": ""341977"", ""attachment_url"": ""https://accounts.bbmp.gov.in/vssIFMS/Files1/WB-Bill-L4-ifms426-62124178-4-Bill%20Form.pdf"", ""listing_url"": ""https://accounts.bbmp.gov.in/vssWB/vss00CvStatusData.php?pAction=LoadWBFiles&pWorkBillID=341977"", ""page"": 6, ""page_kind"": ""abstract"", ""raw"": ""%6 granular base such as WBM, WMM including cleaning of road surface abd spraying} sqm 10680.00 0.00 2628.45 38.00 99881.10 2628.45 99881.10 ="", ""method"": ""OCR (tesseract psm 6, 2x)"", ""check"": ""arithmetic"", ""confidence"": ""high"", ""cross_validated"": true}]"
183,"ggregates with F.E loader, hot : mixing of stone aggregates and bitumen in hot mix plant, transporting the mixed material in tipper to paver and laying mixed material with paver / finisher to the required level and grade, rolling by power roller to achieve cum",Bituminous surfacing,KSRRB M500-11,cum,Schedule B,534.0,5800.0,3097200.0,,,,,,high,1,"[{""document_id"": ""WO-4-L4-ifms426-15462604-4-Shedule B.pdf"", ""attachment_type"": ""Schedule B"", ""work_bill_id"": ""249400"", ""attachment_url"": ""https://accounts.bbmp.gov.in/vssIFMS/Files/WO-4-L4-ifms426-15462604-4-Shedule%20B.pdf"", ""listing_url"": ""https://accounts.bbmp.gov.in/vssWB/vss00CvStatusData.php?pAction=LoadWBFiles&pWorkBillID=249400"", ""page"": 5, ""page_kind"": ""schedule_b"", ""raw"": ""28 /|finisher to the required level and grade, rolling by power roller to achieve] cum] 534.00 5800.00 3097200.00"", ""method"": ""OCR (tesseract psm 6, 2x)"", ""check"": ""arithmetic"", ""confidence"": ""high"", ""cross_validated"": true}]"
183,"g, premixed with bituminous binder and filler, transporting the hot mix to work site, laying with a paver finisher to the required rade, level and alignment, rolling with smooth wheeled, vibratory and tandem rollers to achieve the desired compaction as per cum",Bituminous surfacing,KSRRB 500-18,cum,Schedule B,267.0,7500.0,2002500.0,,,,,,high,1,"[{""document_id"": ""WO-4-L4-ifms426-15462604-4-Shedule B.pdf"", ""attachment_type"": ""Schedule B"", ""work_bill_id"": ""249400"", ""attachment_url"": ""https://accounts.bbmp.gov.in/vssIFMS/Files/WO-4-L4-ifms426-15462604-4-Shedule%20B.pdf"", ""listing_url"": ""https://accounts.bbmp.gov.in/vssWB/vss00CvStatusData.php?pAction=LoadWBFiles&pWorkBillID=249400"", ""page"": 5, ""page_kind"": ""schedule_b"", ""raw"": ""29 vibratory and tandem rollers to achieve the desired compaction as per| cum| 267.00 7500.00 2002500.00"", ""method"": ""OCR (tesseract psm 6, 2x)"", ""check"": ""arithmetic"", ""confidence"": ""high"", ""cross_validated"": true}]"
183,G SOSDSS0E.BE .2) PWD SR - (issue rate) . KSRB - : Providing and finishing external walls in two coats with waterproof cement paint of approved brand and shade to give an even shade after throughly brooming the surface to remove all dirt and loose powdered sqm,Concrete,KSRB 15-16.1,sqm,Schedule B,2000.0,90.0,180000.0,,,,,,high,1,"[{""document_id"": ""WO-4-L4-ifms426-15462604-4-Shedule B.pdf"", ""attachment_type"": ""Schedule B"", ""work_bill_id"": ""249400"", ""attachment_url"": ""https://accounts.bbmp.gov.in/vssIFMS/Files/WO-4-L4-ifms426-15462604-4-Shedule%20B.pdf"", ""listing_url"": ""https://accounts.bbmp.gov.in/vssWB/vss00CvStatusData.php?pAction=LoadWBFiles&pWorkBillID=249400"", ""page"": 5, ""page_kind"": ""schedule_b"", ""raw"": ""32 |after throughly brooming the surface to remove all dirt and loose powdered] sqm] 2000.00 90.00 180000.00"", ""method"": ""OCR (tesseract psm 6, 2x)"", ""check"": ""arithmetic"", ""confidence"": ""high"", ""cross_validated"": true}]"
183,"ing at joints, testing and commissioning, including loading and unloading at both destinations and . cuts of pipes wherever necessary including joining of DI pipes and specials, (excluding cost of specials) with rubber gaskets includes cleaning the socket Rmt!",Pipes & ducts,,m,Schedule B,700.0,13.0,9100.0,,,,,,high,1,"[{""document_id"": ""WO-4-L4-ifms426-15462604-4-Shedule B.pdf"", ""attachment_type"": ""Schedule B"", ""work_bill_id"": ""249400"", ""attachment_url"": ""https://accounts.bbmp.gov.in/vssIFMS/Files/WO-4-L4-ifms426-15462604-4-Shedule%20B.pdf"", ""listing_url"": ""https://accounts.bbmp.gov.in/vssWB/vss00CvStatusData.php?pAction=LoadWBFiles&pWorkBillID=249400"", ""page"": 5, ""page_kind"": ""schedule_b"", ""raw"": ""33 (excluding cost of specials) with rubber gaskets includes cleaning the socket Rmt! 700.00 13.00 9100.00"", ""method"": ""OCR (tesseract psm 6, 2x)"", ""check"": ""arithmetic"", ""confidence"": ""high"", ""cross_validated"": true}]"
183,"f pipes and specials including encasing the pipe around to a depth of not less than 15cm with soft gravel or selected earth available from the excavation etc., complete, giving hydraulic test as per relevant ISS with all lead and lift including testing and Rmt",Earthwork & excavation,,m,Schedule B,4600.0,12.5,57500.0,,,,,,high,1,"[{""document_id"": ""WO-4-L4-ifms426-15462604-4-Shedule B.pdf"", ""attachment_type"": ""Schedule B"", ""work_bill_id"": ""249400"", ""attachment_url"": ""https://accounts.bbmp.gov.in/vssIFMS/Files/WO-4-L4-ifms426-15462604-4-Shedule%20B.pdf"", ""listing_url"": ""https://accounts.bbmp.gov.in/vssWB/vss00CvStatusData.php?pAction=LoadWBFiles&pWorkBillID=249400"", ""page"": 6, ""page_kind"": ""schedule_b"", ""raw"": ""34 hydraulic test as per relevant ISS with all lead and lift including testing and] Rmt|} 4600.00 12.50 57500.00"", ""method"": ""OCR (tesseract psm 6, 2x)"", ""check"": ""arithmetic"", ""confidence"": ""high"", ""cross_validated"": true}]"
183,"and outside except for the conical surface outside where the thickness of plaster shall be 20mm thick, with to slope in the concrete towards the central drain, finished smooth and fixing jof pipes in CC : : with graded metal of 20mm and down size including nos",Drain & culvert works,SR 16-17,nos,Schedule B,30.0,26079.45,782383.0,6.0,,6.0,bill abstracts (sum of read bills),-80.0,medium,1,"[{""document_id"": ""WO-4-L4-ifms426-15462604-4-Shedule B.pdf"", ""attachment_type"": ""Schedule B"", ""work_bill_id"": ""249400"", ""attachment_url"": ""https://accounts.bbmp.gov.in/vssIFMS/Files/WO-4-L4-ifms426-15462604-4-Shedule%20B.pdf"", ""listing_url"": ""https://accounts.bbmp.gov.in/vssWB/vss00CvStatusData.php?pAction=LoadWBFiles&pWorkBillID=249400"", ""page"": 6, ""page_kind"": ""schedule_b"", ""raw"": ""35 jof pipes in CC 1:2:4 with graded metal of 20mm and down size including} nos 30.00 26079.45 782383.00"", ""method"": ""OCR (tesseract psm 6, 2x)"", ""check"": ""arithmetic"", ""confidence"": ""high"", ""cross_validated"": true}, {""document_id"": ""WB-Bill--65523039-Bill.pdf"", ""attachment_type"": ""Bill Form"", ""work_bill_id"": ""444314"", ""attachment_url"": ""https://accounts.bbmp.gov.in/vssIFMS/Files1/WB-Bill--65523039-Bill.pdf"", ""listing_url"": ""https://accounts.bbmp.gov.in/vssWB/vss00CvStatusData.php?pAction=LoadWBFiles&pWorkBillID=444314"", ""page"": 8, ""page_kind"": ""abstract"", ""raw"": ""to 6 slope m the concrete towards the central drain finished smooth and fixing of pipes in 104317.79 2.00 26079.45 52158.89 6.00 156176.68 35"", ""method"": ""native text layer"", ""check"": ""arithmetic"", ""confidence"": ""medium"", ""cross_validated"": true}]"
183,s in socket/spigot joints of CI/DI pipes with necessary earthwork excavation including using of pneumatic breakers and JCB excavator wherever required for joining DI MJ & its accessories such as rubber gaskets made of SBR/EPDM on the socket face making the nos,Earthwork & excavation,,nos,Schedule B,151.0,850.0,128350.0,,,,,,high,1,"[{""document_id"": ""WO-4-L4-ifms426-15462604-4-Shedule B.pdf"", ""attachment_type"": ""Schedule B"", ""work_bill_id"": ""249400"", ""attachment_url"": ""https://accounts.bbmp.gov.in/vssIFMS/Files/WO-4-L4-ifms426-15462604-4-Shedule%20B.pdf"", ""listing_url"": ""https://accounts.bbmp.gov.in/vssWB/vss00CvStatusData.php?pAction=LoadWBFiles&pWorkBillID=249400"", ""page"": 6, ""page_kind"": ""schedule_b"", ""raw"": ""36 rubber gaskets made of SBR/EPDM on the socket face making the nos | 151.00 850.00 128350.00"", ""method"": ""OCR (tesseract psm 6, 2x)"", ""check"": ""arithmetic"", ""confidence"": ""high"", ""cross_validated"": true}]"
183, one at each end of the span with suspenders at intervals .75m. each suspender shall be porcelain reel insulator of suitable core through which insulated wire passes and this reel insulator of suitable core through which insulated wire passes and this reel Rmt,Other,,m,Schedule B,4652.0,100.0,465200.0,,,,,,high,1,"[{""document_id"": ""WO-4-L4-ifms426-15462604-4-Shedule B.pdf"", ""attachment_type"": ""Schedule B"", ""work_bill_id"": ""249400"", ""attachment_url"": ""https://accounts.bbmp.gov.in/vssIFMS/Files/WO-4-L4-ifms426-15462604-4-Shedule%20B.pdf"", ""listing_url"": ""https://accounts.bbmp.gov.in/vssWB/vss00CvStatusData.php?pAction=LoadWBFiles&pWorkBillID=249400"", ""page"": 6, ""page_kind"": ""schedule_b"", ""raw"": ""37 |insulator of suitable core through which insulated wire passes and this reel] Rmt| 4652.00 100.00 465200.00"", ""method"": ""OCR (tesseract psm 6, 2x)"", ""check"": ""arithmetic"", ""confidence"": ""high"", ""cross_validated"": true}]"
183,"- : Providing and laying in position plain cement concrete of mix : : with OPC cement @ 240kgs, with 40mm and down size graded granite metal coarse aggregates @ .878cum and fine aggregates @ .459cum machine mixed, concrete laid in layers not exceeding cms. cum","Paving, kerbs & footpath",KSRB 4-1.1,cum,Schedule B,738.05,4500.0,3321225.0,967.85,,967.85,bill abstracts (sum of read bills),31.1,high,1,"[{""document_id"": ""WO-4-L4-ifms426-15462604-4-Shedule B.pdf"", ""attachment_type"": ""Schedule B"", ""work_bill_id"": ""249400"", ""attachment_url"": ""https://accounts.bbmp.gov.in/vssIFMS/Files/WO-4-L4-ifms426-15462604-4-Shedule%20B.pdf"", ""listing_url"": ""https://accounts.bbmp.gov.in/vssWB/vss00CvStatusData.php?pAction=LoadWBFiles&pWorkBillID=249400"", ""page"": 7, ""page_kind"": ""schedule_b"", ""raw"": ""40 |0.459cum machine mixed, concrete laid in layers not exceeding 15 cms.] cum| 738.05 4500.00 3321225.00"", ""method"": ""OCR (tesseract psm 6, 2x)"", ""check"": ""arithmetic"", ""confidence"": ""high"", ""cross_validated"": true}, {""document_id"": ""WB-Bill--84224255-bill form 307-19-000009 (2).pdf"", ""attachment_type"": ""Bill Form"", ""work_bill_id"": ""312848"", ""attachment_url"": ""https://accounts.bbmp.gov.in/vssIFMS/Files/WB-Bill--84224255-bill%20form%20307-19-000009%20%282%29.pdf"", ""listing_url"": ""https://accounts.bbmp.gov.in/vssWB/vss00CvStatusData.php?pAction=LoadWBFiles&pWorkBillID=312848"", ""page"": 14, ""page_kind"": ""abstract"", ""raw"": ""ca machine mixed, concrete laid in layers not] cum | 738.05 | 336.01 314.92 | 4500.00 1417139.55 65293 2938184.55"", ""method"": ""OCR (tesseract psm 6, 2x)"", ""check"": ""arithmetic"", ""confidence"": ""high"", ""cross_validated"": true}, {""document_id"": ""WB-Bill-L4-ifms426-61447662-4-Bill Form.pdf"", ""attachment_type"": ""Bill Form"", ""work_bill_id"": ""312848"", ""attachment_url"": ""https://accounts.bbmp.gov.in/vssIFMS/Files/WB-Bill-L4-ifms426-61447662-4-Bill%20Form.pdf"", ""listing_url"": ""https://accounts.bbmp.gov.in/vssWB/vss00CvStatusData.php?pAction=LoadWBFiles&pWorkBillID=312848"", ""page"": 10, ""page_kind"": ""abstract"", ""raw"": ""aggregates @ 0.459cum machine mixed, concrete laid in layers not} cum | 738.05 338.01 . 1521045.00 314.92 | 4500.00 ¢~ .1417139.55 652.93 2938184.55"", ""method"": ""OCR (tesseract psm 6, 2x)"", ""check"": ""arithmetic"", ""confidence"": ""high"", ""cross_validated"": true}]"
183,"eaffirmed- - i) Upto 5m height, KSRB - : Providing and removing centering, shuttering, strutting, propping etc., and removal of form work for vertical surface such as walls at any thickness, including attached pilasters, buttresses, plinth cills and string sqm",Dismantling & removal,KSRB 4-6.4,sqm,Schedule B,10738.0,350.0,3758300.0,9367.79,,9367.79,bill abstracts (sum of read bills),-12.8,medium,1,"[{""document_id"": ""WO-4-L4-ifms426-15462604-4-Shedule B.pdf"", ""attachment_type"": ""Schedule B"", ""work_bill_id"": ""249400"", ""attachment_url"": ""https://accounts.bbmp.gov.in/vssIFMS/Files/WO-4-L4-ifms426-15462604-4-Shedule%20B.pdf"", ""listing_url"": ""https://accounts.bbmp.gov.in/vssWB/vss00CvStatusData.php?pAction=LoadWBFiles&pWorkBillID=249400"", ""page"": 7, ""page_kind"": ""schedule_b"", ""raw"": ""42 |any thickness, including attached pilasters, buttresses, plinth cills and string] sqm | 10738.00 350.00 3758300.00"", ""method"": ""OCR (tesseract psm 6, 2x)"", ""check"": ""arithmetic"", ""confidence"": ""high"", ""cross_validated"": true}, {""document_id"": ""WB-Bill--84224255-bill form 307-19-000009 (2).pdf"", ""attachment_type"": ""Bill Form"", ""work_bill_id"": ""312848"", ""attachment_url"": ""https://accounts.bbmp.gov.in/vssIFMS/Files/WB-Bill--84224255-bill%20form%20307-19-000009%20%282%29.pdf"", ""listing_url"": ""https://accounts.bbmp.gov.in/vssWB/vss00CvStatusData.php?pAction=LoadWBFiles&pWorkBillID=312848"", ""page"": 14, ""page_kind"": ""abstract"", ""raw"": ""as walls at any thickness, including attached pilasters, buttresses, 10738.00 | 3538.55 1238492.50 2575.62 | 350.00 901468.40 6114.17 2139960.90"", ""method"": ""OCR (tesseract psm 6, 2x)"", ""check"": ""arithmetic"", ""confidence"": ""medium"", ""cross_validated"": true}, {""document_id"": ""WB-Bill-L4-ifms426-61447662-4-Bill Form.pdf"", ""attachment_type"": ""Bill Form"", ""work_bill_id"": ""312848"", ""attachment_url"": ""https://accounts.bbmp.gov.in/vssIFMS/Files/WB-Bill-L4-ifms426-61447662-4-Bill%20Form.pdf"", ""listing_url"": ""https://accounts.bbmp.gov.in/vssWB/vss00CvStatusData.php?pAction=LoadWBFiles&pWorkBillID=312848"", ""page"": 10, ""page_kind"": ""abstract"", ""raw"": ""la as walls at any thickness, including attached pilasters, buttresses,| sqm | 10738.00 | 3538.55 1238492.50 2575.62 | 350.00 6114.17 2139960.90"", ""method"": ""OCR (tesseract psm 6, 2x)"", ""check"": ""arithmetic"", ""confidence"": ""high"", ""cross_validated"": true}, {""document_id"": ""WB-Bill-L4-ifms426-62124178-4-Bill Form.pdf"", ""attachment_type"": ""Bill Form"", ""work_bill_id"": ""341977"", ""attachment_url"": ""https://accounts.bbmp.gov.in/vssIFMS/Files1/WB-Bill-L4-ifms426-62124178-4-Bill%20Form.pdf"", ""listing_url"": ""https://accounts.bbmp.gov.in/vssWB/vss00CvStatusData.php?pAction=LoadWBFiles&pWorkBillID=341977"", ""page"": 9, ""page_kind"": ""abstract"", ""raw"": ""43 . ; ‘ ! sqm | 4700.00 | 2989.23 15 678.00 450.00 305100.00 3667.23 650 b"", ""method"": ""OCR (tesseract psm 6, 2x)"", ""check"": ""arithmetic"", ""confidence"": ""high"", ""cross_validated"": true}]"
183,"ns. Specification No. KBS .2 (PWD SR - page no.15) KSRB - : Providing and removing centering, shuttering, strutting, propping etc., and removal of form work for flat surface such as suspended floors, roofs, landings, balconies and likes, thickness above mm sqm",Dismantling & removal,KSRB 4-6.3,sqm,Schedule B,4700.0,450.0,2115000.0,,,,,,high,1,"[{""document_id"": ""WO-4-L4-ifms426-15462604-4-Shedule B.pdf"", ""attachment_type"": ""Schedule B"", ""work_bill_id"": ""249400"", ""attachment_url"": ""https://accounts.bbmp.gov.in/vssIFMS/Files/WO-4-L4-ifms426-15462604-4-Shedule%20B.pdf"", ""listing_url"": ""https://accounts.bbmp.gov.in/vssWB/vss00CvStatusData.php?pAction=LoadWBFiles&pWorkBillID=249400"", ""page"": 7, ""page_kind"": ""schedule_b"", ""raw"": ""43 |floors, roofs, landings, balconies and likes, thickness above 200 mm] sqm] 4700.00 450.00 2115000.00"", ""method"": ""OCR (tesseract psm 6, 2x)"", ""check"": ""arithmetic"", ""confidence"": ""high"", ""cross_validated"": true}]"
183,"ation. Specification No. KBS .2 PWD SR - page no.15 KSRRB - -: Providing Weep holes in plain concrete/ reinforced concrete abutments wing walls, Retaining walls with 100mm dia AC pipes extending throught the full width of the structure with slope of 1V 20H Rmt",Drain & culvert works,KSRRB 2200-3,m,Schedule B,68.4,200.0,13680.0,,,,,,high,1,"[{""document_id"": ""WO-4-L4-ifms426-15462604-4-Shedule B.pdf"", ""attachment_type"": ""Schedule B"", ""work_bill_id"": ""249400"", ""attachment_url"": ""https://accounts.bbmp.gov.in/vssIFMS/Files/WO-4-L4-ifms426-15462604-4-Shedule%20B.pdf"", ""listing_url"": ""https://accounts.bbmp.gov.in/vssWB/vss00CvStatusData.php?pAction=LoadWBFiles&pWorkBillID=249400"", ""page"": 7, ""page_kind"": ""schedule_b"", ""raw"": ""44 extending throught the full width of the structure with slope of 1V 20H Rmt{ 68.40 200.00 13680.00"", ""method"": ""OCR (tesseract psm 6, 2x)"", ""check"": ""arithmetic"", ""confidence"": ""high"", ""cross_validated"": true}]"
183,"arth work in excavation for foundation of structures : as per drawing and technical specifications, including setting out,construction of shoring and bracing, removal of stumps and other deleterious matter, dressing of sides and bottom and backfilling with cum",Earthwork & excavation,KSRRB M2100-1.1,cum,Schedule B,7098.21,250.0,1774553.0,30156.75,,30156.75,bill abstracts (sum of read bills),324.9,medium,1,"[{""document_id"": ""WO-4-L4-ifms426-15462604-4-Shedule B.pdf"", ""attachment_type"": ""Schedule B"", ""work_bill_id"": ""249400"", ""attachment_url"": ""https://accounts.bbmp.gov.in/vssIFMS/Files/WO-4-L4-ifms426-15462604-4-Shedule%20B.pdf"", ""listing_url"": ""https://accounts.bbmp.gov.in/vssWB/vss00CvStatusData.php?pAction=LoadWBFiles&pWorkBillID=249400"", ""page"": 7, ""page_kind"": ""schedule_b"", ""raw"": ""45 {deleterious matter, dressing of sides and bottom and backfilling with] cum] 7098.21 250.00 1774553.00"", ""method"": ""OCR (tesseract psm 6, 2x)"", ""check"": ""arithmetic"", ""confidence"": ""high"", ""cross_validated"": true}, {""document_id"": ""WB-Bill--84224255-bill form 307-19-000009 (2).pdf"", ""attachment_type"": ""Bill Form"", ""work_bill_id"": ""312848"", ""attachment_url"": ""https://accounts.bbmp.gov.in/vssIFMS/Files/WB-Bill--84224255-bill%20form%20307-19-000009%20%282%29.pdf"", ""listing_url"": ""https://accounts.bbmp.gov.in/vssWB/vss00CvStatusData.php?pAction=LoadWBFiles&pWorkBillID=312848"", ""page"": 3, ""page_kind"": ""abstract"", ""raw"": ""| 6 deleterious matter, dressing of sides and bottom and backfilling cum 6072.27 0.00 0.00 4656.51 250.00 1164126.61 4656.51 1164126.61"", ""method"": ""OCR (tesseract psm 6, 2x, rulings removed)"", ""check"": ""arithmetic"", ""confidence"": ""high"", ""cross_validated"": true}, {""document_id"": ""WB-Bill--84224255-bill form 307-19-000009 (2).pdf"", ""attachment_type"": ""Bill Form"", ""work_bill_id"": ""312848"", ""attachment_url"": ""https://accounts.bbmp.gov.in/vssIFMS/Files/WB-Bill--84224255-bill%20form%20307-19-000009%20%282%29.pdf"", ""listing_url"": ""https://accounts.bbmp.gov.in/vssWB/vss00CvStatusData.php?pAction=LoadWBFiles&pWorkBillID=312848"", ""page"": 4, ""page_kind"": ""abstract"", ""raw"": ""| deleterious matter, dressing of sides and bottom and backfilling. Cum 2242.34 0.00 0.00 1698.77 | 250.00 |  424693.05 | 1698.77 424693.05 |"", ""method"": ""OCR (tesseract psm 6, 2x, rulings removed)"", ""check"": ""arithmetic"", ""confidence"": ""high"", ""cross_validated"": true}, {""document_id"": ""WB-Bill--33148894-bill form 307-19-000009.pdf"", ""attachment_type"": ""Bill Form"", ""work_bill_id"": ""341977"", ""attachment_url"": ""https://accounts.bbmp.gov.in/vssIFMS/Files1/WB-Bill--33148894-bill%20form%20307-19-000009.pdf"", ""listing_url"": ""https://accounts.bbmp.gov.in/vssWB/vss00CvStatusData.php?pAction=LoadWBFiles&pWorkBillID=341977"", ""page"": 3, ""page_kind"": ""abstract"", ""raw"": ""| 9 ‘stumps and other deleterious matter, dressing of sides and bottom and backfilling, with; Cum| 2242.4 1698.77 424693.05 543.57 250.00 13589250 2242s 36053555"", ""method"": ""OCR (tesseract psm 6, 2x, rulings removed)"", ""check"": ""decimal restored"", ""confidence"": ""medium"", ""cross_validated"": true}, {""document_id"": ""WB-Bill--33148894-bill form 307-19-000009.pdf"", ""attachment_type"": ""Bill Form"", ""work_bill_id"": ""341977"", ""attachment_url"": ""https://accounts.bbmp.gov.in/vssIFMS/Files1/WB-Bill--33148894-bill%20form%20307-19-000009.pdf"", ""listing_url"": ""https://accounts.bbmp.gov.in/vssWB/vss00CvStatusData.php?pAction=LoadWBFiles&pWorkBillID=341977"", ""page"": 9, ""page_kind"": ""abstract"", ""raw"": ""45 |stumps and other deleterious matter, dressing of sides and bottom and backfilling with cum) 3587.85 0.00 0.00 3561.87, 250.00 890467.50 3561.87 | 89016750 }"", ""method"": ""OCR (tesseract psm 6, 2x, rulings removed)"", ""check"": ""arithmetic"", ""confidence"": ""high"", ""cross_validated"": true}, {""document_id"": ""WB-Bill--55415152-bill.pdf"", ""attachment_type"": ""Bill Form"", ""work_bill_id"": ""390736"", ""attachment_url"": ""https://accounts.bbmp.gov.in/vssIFMS/Files1/WB-Bill--55415152-bill.pdf"", ""listing_url"": ""https://accounts.bbmp.gov.in/vssWB/vss00CvStatusData.php?pAction=LoadWBFiles&pWorkBillID=390736"", ""page"": 2, ""page_kind"": ""abstract"", ""raw"": ""5 _|stumps and other deleterious matter, dressing of sides and bottom and backfilling with) cum | 18464.32 18466.08 4616520.26 0.00 250.00 0.00 4616520"", ""method"": ""OCR (tesseract psm 6, 2x, rulings removed)"", ""check"": ""arithmetic"", ""confidence"": ""high"", ""cross_validated"": true}, {""document_id"": ""WB-Bill--65523039-Bill.pdf"", ""attachment_type"": ""Bill Form"", ""work_bill_id"": ""444314"", ""attachment_url"": ""https://accounts.bbmp.gov.in/vssIFMS/Files1/WB-Bill--65523039-Bill.pdf"", ""listing_url"": ""https://accounts.bbmp.gov.in/vssWB/vss00CvStatusData.php?pAction=LoadWBFiles&pWorkBillID=444314"", ""page"": 2, ""page_kind"": ""abstract"", ""raw"": ""18464.32 4616080.76 1231.71 250.00 307927.50 19696.03 4924008.26"", ""method"": ""native text layer"", ""check"": ""arithmetic"", ""confidence"": ""medium"", ""cross_validated"": true}]"
183,"RTH Specification No. (P no- i I no- ) PWD SR - i KSRRB M2100- . Earth work in excavation for foundation of structures as per drawing and technical specifications, including — setting out,construction of shoring and bracing, removal of stumps and other > ° . .",Earthwork & excavation,KSRRB M2100-1.1,,Schedule B,147.29,232.0,34171.0,,,,,,medium,1,"[{""document_id"": ""WO-4-L4-ifms426-15462604-4-Shedule B.pdf"", ""attachment_type"": ""Schedule B"", ""work_bill_id"": ""249400"", ""attachment_url"": ""https://accounts.bbmp.gov.in/vssIFMS/Files/WO-4-L4-ifms426-15462604-4-Shedule%20B.pdf"", ""listing_url"": ""https://accounts.bbmp.gov.in/vssWB/vss00CvStatusData.php?pAction=LoadWBFiles&pWorkBillID=249400"", ""page"": 7, ""page_kind"": ""schedule_b"", ""raw"": ""> ° . . 147.29 232.00 34171.00 |"", ""method"": ""OCR (tesseract psm 6, 2x)"", ""check"": ""arithmetic"", ""confidence"": ""medium"", ""cross_validated"": true}]"
183,"eans (i) Depth upto 3m MORTH (In ordinary rock) KSRRB M2100- . Earth work in excavation for foundation of structures as per drawing and _ technical specifications, including _ setting out,construction of shoring and bracing, removal of stumps and other . . . .",Earthwork & excavation,KSRRB M2100-1.1,,Schedule B,147.29,400.0,58916.0,,,,,,medium,1,"[{""document_id"": ""WO-4-L4-ifms426-15462604-4-Shedule B.pdf"", ""attachment_type"": ""Schedule B"", ""work_bill_id"": ""249400"", ""attachment_url"": ""https://accounts.bbmp.gov.in/vssIFMS/Files/WO-4-L4-ifms426-15462604-4-Shedule%20B.pdf"", ""listing_url"": ""https://accounts.bbmp.gov.in/vssWB/vss00CvStatusData.php?pAction=LoadWBFiles&pWorkBillID=249400"", ""page"": 7, ""page_kind"": ""schedule_b"", ""raw"": ""4 . . . . 147.29 400.00 58916.00"", ""method"": ""OCR (tesseract psm 6, 2x)"", ""check"": ""arithmetic"", ""confidence"": ""medium"", ""cross_validated"": true}]"
183,"B M2100- . Plain / Reinforced Cement Concrete design mix M25 with OPC cement @ 340kgs, with 20mm and down size graded granite metal coarse aggregates @ .70cum and fine aggregates @ .47cum, with superplastisiser @3lts confirming to IS9103- Reaffirmed- ,Open cum","Paving, kerbs & footpath",KSRRB M2100-17.2,cum,Schedule B,1764.41,8000.0,14115280.0,1914.74,,1914.74,bill abstracts (sum of read bills),8.5,medium,1,"[{""document_id"": ""WO-4-L4-ifms426-15462604-4-Shedule B.pdf"", ""attachment_type"": ""Schedule B"", ""work_bill_id"": ""249400"", ""attachment_url"": ""https://accounts.bbmp.gov.in/vssIFMS/Files/WO-4-L4-ifms426-15462604-4-Shedule%20B.pdf"", ""listing_url"": ""https://accounts.bbmp.gov.in/vssWB/vss00CvStatusData.php?pAction=LoadWBFiles&pWorkBillID=249400"", ""page"": 8, ""page_kind"": ""schedule_b"", ""raw"": ""48 |superplastisiser @3lts confirming to IS9103-1999 Reaffirmed-2008,Open] cum] 1764.41 8000.00 14115280.00"", ""method"": ""OCR (tesseract psm 6, 2x)"", ""check"": ""arithmetic"", ""confidence"": ""high"", ""cross_validated"": true}, {""document_id"": ""WB-Bill--84224255-bill form 307-19-000009 (2).pdf"", ""attachment_type"": ""Bill Form"", ""work_bill_id"": ""312848"", ""attachment_url"": ""https://accounts.bbmp.gov.in/vssIFMS/Files/WB-Bill--84224255-bill%20form%20307-19-000009%20%282%29.pdf"", ""listing_url"": ""https://accounts.bbmp.gov.in/vssWB/vss00CvStatusData.php?pAction=LoadWBFiles&pWorkBillID=312848"", ""page"": 15, ""page_kind"": ""abstract"", ""raw"": ""0.47cum, with superplastisiser @3lts confirming to 1S9103-1999 1764.41 75752 | 8000.00 | 6060139,20 | 757.52 6060139.20"", ""method"": ""OCR (tesseract psm 6, 2x)"", ""check"": ""arithmetic"", ""confidence"": ""medium"", ""cross_validated"": true}, {""document_id"": ""WB-Bill-L4-ifms426-61447662-4-Bill Form.pdf"", ""attachment_type"": ""Bill Form"", ""work_bill_id"": ""312848"", ""attachment_url"": ""https://accounts.bbmp.gov.in/vssIFMS/Files/WB-Bill-L4-ifms426-61447662-4-Bill%20Form.pdf"", ""listing_url"": ""https://accounts.bbmp.gov.in/vssWB/vss00CvStatusData.php?pAction=LoadWBFiles&pWorkBillID=312848"", ""page"": 11, ""page_kind"": ""abstract"", ""raw"": ""0.47cum, with superplastisiser @3lts confirming to IS9103-1999| cum | 1764.41 757.52 | 8000.00 (<o00139.29 757.52 q _ 6060139.20 ) \\"", ""method"": ""OCR (tesseract psm 6, 2x)"", ""check"": ""arithmetic"", ""confidence"": ""high"", ""cross_validated"": true}, {""document_id"": ""WB-Bill-L4-ifms426-62124178-4-Bill Form.pdf"", ""attachment_type"": ""Bill Form"", ""work_bill_id"": ""341977"", ""attachment_url"": ""https://accounts.bbmp.gov.in/vssIFMS/Files1/WB-Bill-L4-ifms426-62124178-4-Bill%20Form.pdf"", ""listing_url"": ""https://accounts.bbmp.gov.in/vssWB/vss00CvStatusData.php?pAction=LoadWBFiles&pWorkBillID=341977"", ""page"": 9, ""page_kind"": ""abstract"", ""raw"": ""4 graded granite metal coarse aggregates @0.69cum and fine aggregates @ 0.46cum, with} cum| 2825.40 | 2441.23 |( 2197407540 ) 384.17 | 9000.00 3457530.00 | 2825.40 Css22e05.0_) ;"", ""method"": ""OCR (tesseract psm 6, 2x)"", ""check"": ""arithmetic"", ""confidence"": ""high"", ""cross_validated"": true}, {""document_id"": ""WB-Bill--26288783-Bill copy.pdf"", ""attachment_type"": ""Bill Form"", ""work_bill_id"": ""410790"", ""attachment_url"": ""https://accounts.bbmp.gov.in/vssIFMS/Files1/WB-Bill--26288783-Bill%20copy.pdf"", ""listing_url"": ""https://accounts.bbmp.gov.in/vssWB/vss00CvStatusData.php?pAction=LoadWBFiles&pWorkBillID=410790"", ""page"": 6, ""page_kind"": ""abstract"", ""raw"": ""15.53 8000.00 124264.80 124264 0.00 0.00 15.53 80"", ""method"": ""native text layer"", ""check"": ""arithmetic"", ""confidence"": ""medium"", ""cross_validated"": true}]"
183,"ete Pump MORTH Specification No. & PWD SR - KSRRB - : Back filling behind the abutment wing walls compacted as per drawing and technical specification Complete as per specification, A.Granular Meterial with all lead and lifts, etc., after breaking of clods Cum",Other,KSRRB 2200-8.1,cum,Schedule B,2871.6,250.0,717900.0,,,,,,high,1,"[{""document_id"": ""WO-4-L4-ifms426-15462604-4-Shedule B.pdf"", ""attachment_type"": ""Schedule B"", ""work_bill_id"": ""249400"", ""attachment_url"": ""https://accounts.bbmp.gov.in/vssIFMS/Files/WO-4-L4-ifms426-15462604-4-Shedule%20B.pdf"", ""listing_url"": ""https://accounts.bbmp.gov.in/vssWB/vss00CvStatusData.php?pAction=LoadWBFiles&pWorkBillID=249400"", ""page"": 8, ""page_kind"": ""schedule_b"", ""raw"": ""49 |A.Granular Meterial with all lead and lifts, etc., after breaking of clods| Cum| 2871.60 250.00 717900.00"", ""method"": ""OCR (tesseract psm 6, 2x)"", ""check"": ""arithmetic"", ""confidence"": ""high"", ""cross_validated"": true}]"
183,complete as per specifications and as per direction of Engineer in- charge.PWD SR - Heavy Duty Grating with mm Dia MS bars with equal spacing of mm Sqm,Other,SR 2016-17,sqm,Schedule B,940.28,2200.0,2068616.0,,,,,,high,1,"[{""document_id"": ""WO-4-L4-ifms426-15462604-4-Shedule B.pdf"", ""attachment_type"": ""Schedule B"", ""work_bill_id"": ""249400"", ""attachment_url"": ""https://accounts.bbmp.gov.in/vssIFMS/Files/WO-4-L4-ifms426-15462604-4-Shedule%20B.pdf"", ""listing_url"": ""https://accounts.bbmp.gov.in/vssWB/vss00CvStatusData.php?pAction=LoadWBFiles&pWorkBillID=249400"", ""page"": 8, ""page_kind"": ""schedule_b"", ""raw"": ""50 Heavy Duty Grating with 16 mm Dia MS bars with equal spacing of 50 mm Sqm| 940.28 2200.00 2068616.00"", ""method"": ""OCR (tesseract psm 6, 2x)"", ""check"": ""arithmetic"", ""confidence"": ""high"", ""cross_validated"": true}]"
183,C/C Heavy Gauge Supply of S&S RCC Spun vibrated Cast pipes Pipe reinforced of NP3 Class forming to IS with latest for 300mm dia (BWSSB SR Rmt,Concrete,,m,Schedule B,3696.0,1922.0,7103712.0,,,,,,high,1,"[{""document_id"": ""WO-4-L4-ifms426-15462604-4-Shedule B.pdf"", ""attachment_type"": ""Schedule B"", ""work_bill_id"": ""249400"", ""attachment_url"": ""https://accounts.bbmp.gov.in/vssIFMS/Files/WO-4-L4-ifms426-15462604-4-Shedule%20B.pdf"", ""listing_url"": ""https://accounts.bbmp.gov.in/vssWB/vss00CvStatusData.php?pAction=LoadWBFiles&pWorkBillID=249400"", ""page"": 8, ""page_kind"": ""schedule_b"", ""raw"": ""51 |Class forming to IS 458,1988 with latest for 300mm dia (BWSSB SR| Rmt] 3696.00 1922.00 7103712.00"", ""method"": ""OCR (tesseract psm 6, 2x)"", ""check"": ""arithmetic"", ""confidence"": ""high"", ""cross_validated"": true}]"
183,"lated civil works like excavation,shoring/strutting, etc. and Ground penetrating radar Survey, to protect any existing utilities at the pipe installation location and restoration of site after completion s per approved specifications, rules and regulations RMT",Earthwork & excavation,,m,Schedule B,300.0,161000.0,48300000.0,95.0,,95.0,bill form total up to date,-68.3,high,1,"[{""document_id"": ""WO-4-L4-ifms426-15462604-4-Shedule B.pdf"", ""attachment_type"": ""Schedule B"", ""work_bill_id"": ""249400"", ""attachment_url"": ""https://accounts.bbmp.gov.in/vssIFMS/Files/WO-4-L4-ifms426-15462604-4-Shedule%20B.pdf"", ""listing_url"": ""https://accounts.bbmp.gov.in/vssWB/vss00CvStatusData.php?pAction=LoadWBFiles&pWorkBillID=249400"", ""page"": 8, ""page_kind"": ""schedule_b"", ""raw"": ""52 of site after completion s per approved specifications, rules and regulations}RMT| 300.00 | 161000.00| 48300000.00"", ""method"": ""OCR (tesseract psm 6, 2x)"", ""check"": ""arithmetic"", ""confidence"": ""high"", ""cross_validated"": true}, {""document_id"": ""WB-Bill-L4-ifms426-62124178-4-Bill Form.pdf"", ""attachment_type"": ""Bill Form"", ""work_bill_id"": ""341977"", ""attachment_url"": ""https://accounts.bbmp.gov.in/vssIFMS/Files1/WB-Bill-L4-ifms426-62124178-4-Bill%20Form.pdf"", ""listing_url"": ""https://accounts.bbmp.gov.in/vssWB/vss00CvStatusData.php?pAction=LoadWBFiles&pWorkBillID=341977"", ""page"": 10, ""page_kind"": ""abstract"", ""raw"": ""52 jand restoration of site after completion s per approved specifications, rules andj RMT} 300.00 0.00 0.00 95.00 | 161000.00 | 15295000.00 95.00 15295000.00"", ""method"": ""OCR (tesseract psm 6, 2x)"", ""check"": ""arithmetic"", ""confidence"": ""high"", ""cross_validated"": true}]"
187,"ts,bridges, retaining walls and other structure Dismanline masonry, cement concrete, wood work, steel work, including T&P and scaffolding comprisin® pe sorting the dismantled material, disposal of unserviceable material and stacking Cum Rupees Two Hundred only",Dismantling & removal,,cum,Schedule B,182.26,200.0,36452.0,,,,,,high,1,"[{""document_id"": ""WO-4--47015974-sch b.pdf"", ""attachment_type"": ""Schedule B"", ""work_bill_id"": ""241954"", ""attachment_url"": ""https://accounts.bbmp.gov.in/vssIFMS/Files/WO-4--47015974-sch%20b.pdf"", ""listing_url"": ""https://accounts.bbmp.gov.in/vssWB/vss00CvStatusData.php?pAction=LoadWBFiles&pWorkBillID=241954"", ""page"": 1, ""page_kind"": ""schedule_b"", ""raw"": ""comprisin® pe sorting the dismantled material, disposal of unserviceable material and stacking Cum 182.26 200.00 Rupees Two Hundred only 36452.00"", ""method"": ""OCR (tesseract psm 6, 2x)"", ""check"": ""arithmetic"", ""confidence"": ""high"", ""cross_validated"": true}]"
187," structure isin : - Ree » cement concrete, wood work, steel work, including T&P and scaffolding : camorising, of Masonry, cemen WOES - Rupees Seven Hundred and F ) eet sorting the dismantled material, disposal of unserviceable material and stacking Cum onal iy",Dismantling & removal,,cum,Schedule B,45.0,750.0,33750.0,,,,,,high,1,"[{""document_id"": ""WO-4--47015974-sch b.pdf"", ""attachment_type"": ""Schedule B"", ""work_bill_id"": ""241954"", ""attachment_url"": ""https://accounts.bbmp.gov.in/vssIFMS/Files/WO-4--47015974-sch%20b.pdf"", ""listing_url"": ""https://accounts.bbmp.gov.in/vssWB/vss00CvStatusData.php?pAction=LoadWBFiles&pWorkBillID=241954"", ""page"": 1, ""page_kind"": ""schedule_b"", ""raw"": "") eet sorting the dismantled material, disposal of unserviceable material and stacking} Cum 45.00 750.00 onal iy 33750.00"", ""method"": ""OCR (tesseract psm 6, 2x)"", ""check"": ""arithmetic"", ""confidence"": ""high"", ""cross_validated"": true}]"
187,"7, LWRD: = = =) Vs Es ee a : Stone masonry work in cement mortar in Foundation complete as per drawing an echni J ——— Rupees Two Thousand Five specification A. Square Rubble Course Rubble Masonry (Firt Sort) MORTH specifications No.1405.4 By fs Hundred Only ee",Drain & culvert works,,nos,Schedule B,99.9,2500.0,249750.0,,,,,,high,1,"[{""document_id"": ""WO-4--47015974-sch b.pdf"", ""attachment_type"": ""Schedule B"", ""work_bill_id"": ""241954"", ""attachment_url"": ""https://accounts.bbmp.gov.in/vssIFMS/Files/WO-4--47015974-sch%20b.pdf"", ""listing_url"": ""https://accounts.bbmp.gov.in/vssWB/vss00CvStatusData.php?pAction=LoadWBFiles&pWorkBillID=241954"", ""page"": 1, ""page_kind"": ""schedule_b"", ""raw"": ""6 |specification A. Square Rubble Course Rubble Masonry (Firt Sort) MORTH specifications No.1405.4 By fs 99.90 | 2500.00 Hundred Only ee 249750.00"", ""method"": ""OCR (tesseract psm 6, 2x)"", ""check"": ""arithmetic"", ""confidence"": ""high"", ""cross_validated"": true}]"
187,Techni eee = = Sal —— —— Stone masonry work in cement mortar in Foundation complete as per drawing an Tec al _ ia ee Rupees Three Thousan d Six \specification A. Square Rubble Course Rubble Masonry (Firt Sort) MORTH specifications No.1405.4) Cum Y Hundred Only,Drain & culvert works,,cum,Schedule B,102.61,3600.0,369396.0,,,,,,high,1,"[{""document_id"": ""WO-4--47015974-sch b.pdf"", ""attachment_type"": ""Schedule B"", ""work_bill_id"": ""241954"", ""attachment_url"": ""https://accounts.bbmp.gov.in/vssIFMS/Files/WO-4--47015974-sch%20b.pdf"", ""listing_url"": ""https://accounts.bbmp.gov.in/vssWB/vss00CvStatusData.php?pAction=LoadWBFiles&pWorkBillID=241954"", ""page"": 1, ""page_kind"": ""schedule_b"", ""raw"": ""7 \\specification A. Square Rubble Course Rubble Masonry (Firt Sort) MORTH specifications No.1405.4) Cum 102.61 Y 3600.00 Hundred Only 369396.00"", ""method"": ""OCR (tesseract psm 6, 2x)"", ""check"": ""arithmetic"", ""confidence"": ""high"", ""cross_validated"": true}]"
187,"emen t concrete In super “ ‘a Structure as per drawing and Technical Specification complete as per specifi e ations. B. RCC with OPC f cement design mix M25 @ 340kgs, with 20mm and down size graded granite Metab GGalss SEStS89° ) Cum Rupees Seven Thousand Only","Paving, kerbs & footpath",,cum,Schedule B,60.0,7000.0,420000.0,,,,,,high,1,"[{""document_id"": ""WO-4--47015974-sch b.pdf"", ""attachment_type"": ""Schedule B"", ""work_bill_id"": ""241954"", ""attachment_url"": ""https://accounts.bbmp.gov.in/vssIFMS/Files/WO-4--47015974-sch%20b.pdf"", ""listing_url"": ""https://accounts.bbmp.gov.in/vssWB/vss00CvStatusData.php?pAction=LoadWBFiles&pWorkBillID=241954"", ""page"": 1, ""page_kind"": ""schedule_b"", ""raw"": ""cement design mix M25 @ 340kgs, with 20mm and down size graded granite Metab GGalss SEStS89°5) Cum | 60.00 | 7000.00 |Rupees Seven Thousand Only 420000.00"", ""method"": ""OCR (tesseract psm 6, 2x)"", ""check"": ""arithmetic"", ""confidence"": ""high"", ""cross_validated"": true}]"
214,"te as per specifications, Specifications. No. KSRB * MOST Specification No, / - - 900mm dia Providing and filling stone aggregates of 40mm nominal size in Rupees One Thousand foundation upto plinth to required depth complete as per Cum Three Hundred Eighty Two",Granular base / sub-base,KSRB 1000,cum,Schedule B,12.72,1382.51,17586.0,5.0,,5.0,bill abstracts (sum of read bills),-60.7,high,1,"[{""document_id"": ""WO-4--04317098-Shedule B (1) (8 files merged).pdf"", ""attachment_type"": ""Schedule B"", ""work_bill_id"": ""317437"", ""attachment_url"": ""https://accounts.bbmp.gov.in/vssIFMS/Files/WO-4--04317098-Shedule%20B%20%281%29%20%288%20files%20merged%29.pdf"", ""listing_url"": ""https://accounts.bbmp.gov.in/vssWB/vss00CvStatusData.php?pAction=LoadWBFiles&pWorkBillID=317437"", ""page"": 1, ""page_kind"": ""schedule_b"", ""raw"": ""31 [foundation upto plinth to required depth complete as per|Cum} 12.72 | 1382.51] Three Hundred Eighty Two 17586.00"", ""method"": ""OCR (tesseract psm 6, 2x)"", ""check"": ""arithmetic"", ""confidence"": ""high"", ""cross_validated"": true}, {""document_id"": ""WB-Bill--49212926-First & Part Bill Form - 151.pdf"", ""attachment_type"": ""Bill Form"", ""work_bill_id"": ""262838"", ""attachment_url"": ""https://accounts.bbmp.gov.in/vssIFMS/Files/WB-Bill--49212926-First%20%26%20Part%20Bill%20Form%20-%20151.pdf"", ""listing_url"": ""https://accounts.bbmp.gov.in/vssWB/vss00CvStatusData.php?pAction=LoadWBFiles&pWorkBillID=262838"", ""page"": 6, ""page_kind"": ""abstract"", ""raw"": ""| foundsuen upto pkinth to required depth complete as per] Cum 12.72 |} 1382.51 i | 5.00 138251 §913.00 3.00 6913.00"", ""method"": ""OCR (tesseract psm 6, 2x, rulings removed)"", ""check"": ""arithmetic"", ""confidence"": ""high"", ""cross_validated"": true}]"
214,h complete as per Cum Hundred Sixty Four and instruction of Engincer-in-charge.(Rate analysis) Eighty Nine Paisas Oaly KSRB ; Providing and filling sand in foundation upto plinth required depth for sub soil treatment including. watering Rupees Two Thousand Two,Granular base / sub-base,KSRB 2.6,,Schedule B,7.63,2288.0,17457.0,,,,,,medium,1,"[{""document_id"": ""WO-4--04317098-Shedule B (1) (8 files merged).pdf"", ""attachment_type"": ""Schedule B"", ""work_bill_id"": ""317437"", ""attachment_url"": ""https://accounts.bbmp.gov.in/vssIFMS/Files/WO-4--04317098-Shedule%20B%20%281%29%20%288%20files%20merged%29.pdf"", ""listing_url"": ""https://accounts.bbmp.gov.in/vssWB/vss00CvStatusData.php?pAction=LoadWBFiles&pWorkBillID=317437"", ""page"": 1, ""page_kind"": ""schedule_b"", ""raw"": ""10 required depth for sub soil treatment including. watering] 763 2288.00 Rupees Two Thousand Two 17457.00"", ""method"": ""OCR (tesseract psm 6, 2x)"", ""check"": ""decimal restored"", ""confidence"": ""medium"", ""cross_validated"": true}]"
266,"nually ( other than foundation of buildings, culverts, road drains and. trenches of pipe lines and cables and removing the excavated stuff to a distance not exceeding 50m and lift upto .5m, Rupees Sixt excavated surface levelled and neatly dressed, Cum ""Only """,Earthwork & excavation,KSRB 2-14.74,cum,Schedule B,3549.46,60.0,212967.6,,,,,,high,1,"[{""document_id"": ""WO-4--69404944-schedule b.PDF"", ""attachment_type"": ""Schedule B"", ""work_bill_id"": ""144514"", ""attachment_url"": ""https://accounts.bbmp.gov.in/vssIFMS/Files/WO-4--69404944-schedule%20b.PDF"", ""listing_url"": ""https://accounts.bbmp.gov.in/vssWB/vss00CvStatusData.php?pAction=LoadWBFiles&pWorkBillID=144514"", ""page"": 1, ""page_kind"": ""schedule_b"", ""raw"": ""excavated surface levelled and neatly dressed, Cum | 3549.46 60.00 \""Only \""| 212967.6"", ""method"": ""OCR (tesseract psm 6, 2x)"", ""check"": ""arithmetic"", ""confidence"": ""high"", ""cross_validated"": true}]"
266,"ng and laying in position plain cement concrete of mix : : with OPC cement @ 220kgs, with 40mm and down size ; . . Rupees Four eaeeialial ree coarse see Thousand @ .892cum and fine aggregates AG5Scum - machine mixed, machine mined, concrete laid in Cum Seven ;",Concrete,KSRB 4-7.2,cum,Schedule B,655.39,4700.0,3080333.0,,,,,,high,1,"[{""document_id"": ""WO-4--69404944-schedule b.PDF"", ""attachment_type"": ""Schedule B"", ""work_bill_id"": ""144514"", ""attachment_url"": ""https://accounts.bbmp.gov.in/vssIFMS/Files/WO-4--69404944-schedule%20b.PDF"", ""listing_url"": ""https://accounts.bbmp.gov.in/vssWB/vss00CvStatusData.php?pAction=LoadWBFiles&pWorkBillID=144514"", ""page"": 1, ""page_kind"": ""schedule_b"", ""raw"": ""2 machine mixed, machine mined, concrete laid in Cum 655.39 4700.00 Seven ; 3080333"", ""method"": ""OCR (tesseract psm 6, 2x)"", ""check"": ""arithmetic"", ""confidence"": ""high"", ""cross_validated"": true}]"
266,"ation No. KSRB - : Earthwork excavation for foundation of buildings, water supply, sanitary lines and electrical conduits either in pits or in trenches .5m and above in width, in hard soil not Rupees Two exceeding m. in depth including dressing the Cum Hundred",Earthwork & excavation,KSRB 2-2.2,cum,Schedule B,290.36,220.0,63879.2,,,,,,high,1,"[{""document_id"": ""WO-4--69404944-schedule b.PDF"", ""attachment_type"": ""Schedule B"", ""work_bill_id"": ""144514"", ""attachment_url"": ""https://accounts.bbmp.gov.in/vssIFMS/Files/WO-4--69404944-schedule%20b.PDF"", ""listing_url"": ""https://accounts.bbmp.gov.in/vssWB/vss00CvStatusData.php?pAction=LoadWBFiles&pWorkBillID=144514"", ""page"": 2, ""page_kind"": ""schedule_b"", ""raw"": ""7 exceeding 1.5 m. in depth including dressing the 7 Cum 290.36 220.00 Hundred 63879.2"", ""method"": ""OCR (tesseract psm 6, 2x)"", ""check"": ""arithmetic"", ""confidence"": ""high"", ""cross_validated"": true}]"
266,"s per specifications, specification. No. KBS (b)/ .5 KERB - . Providing and constructing granite / Rupees trap / basalt size stone masonry in foundation Th ae with cement mortar : stone hammerd dressed Thousand in courses not less than ems high, bond Cur Seven","Paving, kerbs & footpath",,,Schedule B,992.25,3700.0,3671325.0,,,,,,medium,1,"[{""document_id"": ""WO-4--69404944-schedule b.PDF"", ""attachment_type"": ""Schedule B"", ""work_bill_id"": ""144514"", ""attachment_url"": ""https://accounts.bbmp.gov.in/vssIFMS/Files/WO-4--69404944-schedule%20b.PDF"", ""listing_url"": ""https://accounts.bbmp.gov.in/vssWB/vss00CvStatusData.php?pAction=LoadWBFiles&pWorkBillID=144514"", ""page"": 2, ""page_kind"": ""schedule_b"", ""raw"": ""in courses not less than 20 ems high, bond Cur 992.25 3700.00 Seven 3671325"", ""method"": ""OCR (tesseract psm 6, 2x)"", ""check"": ""arithmetic"", ""confidence"": ""medium"", ""cross_validated"": true}]"
266,"ials, labour, curing Only complete as per specifications. KBS .13 KSRB . Filling available excavated earth (excluding rock) in sides of foundations upto plinth in layers not exceeding ems. in depth, Rupees compacting each deposited layer by ramming Cum Seventy",Earthwork & excavation,KSRB 2.3,cum,Schedule B,414.06,70.0,28984.2,,,,,,high,1,"[{""document_id"": ""WO-4--69404944-schedule b.PDF"", ""attachment_type"": ""Schedule B"", ""work_bill_id"": ""144514"", ""attachment_url"": ""https://accounts.bbmp.gov.in/vssIFMS/Files/WO-4--69404944-schedule%20b.PDF"", ""listing_url"": ""https://accounts.bbmp.gov.in/vssWB/vss00CvStatusData.php?pAction=LoadWBFiles&pWorkBillID=144514"", ""page"": 2, ""page_kind"": ""schedule_b"", ""raw"": ""410 compacting each deposited layer by ramming Cum 414.06 70.00 Seventy 28984.2"", ""method"": ""OCR (tesseract psm 6, 2x)"", ""check"": ""arithmetic"", ""confidence"": ""high"", ""cross_validated"": true}]"
266,"luding cost of all labour complete as per specifications. ' KSRB - ; Providing and constructing precast concrete solid blocks with compressive strength Rupees ovr not less than Newton per sqmm with cement — mortar : masonry (quoin, Jamb, closer blocks Sqmt Ons",Concrete,KSRB 5-14,sqm,Schedule B,3612.48,1100.0,3973728.0,,,,,,high,1,"[{""document_id"": ""WO-4--69404944-schedule b.PDF"", ""attachment_type"": ""Schedule B"", ""work_bill_id"": ""144514"", ""attachment_url"": ""https://accounts.bbmp.gov.in/vssIFMS/Files/WO-4--69404944-schedule%20b.PDF"", ""listing_url"": ""https://accounts.bbmp.gov.in/vssWB/vss00CvStatusData.php?pAction=LoadWBFiles&pWorkBillID=144514"", ""page"": 2, ""page_kind"": ""schedule_b"", ""raw"": ""1 mortar 1:4 masonry (quoin, Jamb, closer blocks } Sqmt | 3612.48 1100.00 Ons 3973728"", ""method"": ""OCR (tesseract psm 6, 2x)"", ""check"": ""arithmetic"", ""confidence"": ""high"", ""cross_validated"": true}]"
266," size graded granite metal coarse aggregates @ .69cum and fine aggregtes @ cum, with ‘super plasticisers @ liters . confirming to is - reafirmed- Feupess Five machine mixed, concrete laid in layers not . exceeding cms thick. vibrated for all works in Cum Eight","Paving, kerbs & footpath",KSRB 4.2.2,cum,Schedule B,119.05,5800.0,690490.0,,,,,,high,1,"[{""document_id"": ""WO-4--69404944-schedule b.PDF"", ""attachment_type"": ""Schedule B"", ""work_bill_id"": ""144514"", ""attachment_url"": ""https://accounts.bbmp.gov.in/vssIFMS/Files/WO-4--69404944-schedule%20b.PDF"", ""listing_url"": ""https://accounts.bbmp.gov.in/vssWB/vss00CvStatusData.php?pAction=LoadWBFiles&pWorkBillID=144514"", ""page"": 3, ""page_kind"": ""schedule_b"", ""raw"": ""12 exceeding 15 cms thick. vibrated for all works in Cum 119.05 5800.00 Eight 690490"", ""method"": ""OCR (tesseract psm 6, 2x)"", ""check"": ""arithmetic"", ""confidence"": ""high"", ""cross_validated"": true}]"
266,"iding T.M.T steel reinforcement for R.C.C work including straightening, cutting, bending, hooking, placing in position, lapping and - Rupees / or welding wherever required, tying with binding + Seventy wire and anchoring to the adjoining members Tonne Thousand",Earthwork & excavation,KSRB 4.9.2,tonne,Schedule B,66.53,70000.0,4657100.0,,,,,,high,1,"[{""document_id"": ""WO-4--69404944-schedule b.PDF"", ""attachment_type"": ""Schedule B"", ""work_bill_id"": ""144514"", ""attachment_url"": ""https://accounts.bbmp.gov.in/vssIFMS/Files/WO-4--69404944-schedule%20b.PDF"", ""listing_url"": ""https://accounts.bbmp.gov.in/vssWB/vss00CvStatusData.php?pAction=LoadWBFiles&pWorkBillID=144514"", ""page"": 3, ""page_kind"": ""schedule_b"", ""raw"": ""13 wire and anchoring to the adjoining members Tonne 66.53 70000.00 Thousand 4657100"", ""method"": ""OCR (tesseract psm 6, 2x)"", ""check"": ""arithmetic"", ""confidence"": ""high"", ""cross_validated"": true}]"
266,"hall not be measured and paid) cost of materials, labour, HOM of machinery complete as per specifications. KSRB - : Providing and removing centering, shuttering, strutting, propping etc., for colurnns, Rupees Two pillars, post and struts, square / Samt Hundred",Dismantling & removal,KSRB 4-6.5,,Schedule B,273.34,250.0,68335.0,,,,,,medium,1,"[{""document_id"": ""WO-4--69404944-schedule b.PDF"", ""attachment_type"": ""Schedule B"", ""work_bill_id"": ""144514"", ""attachment_url"": ""https://accounts.bbmp.gov.in/vssIFMS/Files/WO-4--69404944-schedule%20b.PDF"", ""listing_url"": ""https://accounts.bbmp.gov.in/vssWB/vss00CvStatusData.php?pAction=LoadWBFiles&pWorkBillID=144514"", ""page"": 3, ""page_kind"": ""schedule_b"", ""raw"": ""14 pillars, post and struts, square / Samt 273.34 250.00 Hundred 68335"", ""method"": ""OCR (tesseract psm 6, 2x)"", ""check"": ""arithmetic"", ""confidence"": ""medium"", ""cross_validated"": true}]"
266," plan including cost of ail Fifty Only materials, labour complete as per specifications. KSRB - : Providing and removing centering, shuttering, strutting, propping etc., and removal of Rupees Two form work for flat surface such as roofs, landings, Sqmt Hundred",Dismantling & removal,KSRB 4-6.2,sqm,Schedule B,64.24,250.0,16060.0,,,,,,high,1,"[{""document_id"": ""WO-4--69404944-schedule b.PDF"", ""attachment_type"": ""Schedule B"", ""work_bill_id"": ""144514"", ""attachment_url"": ""https://accounts.bbmp.gov.in/vssIFMS/Files/WO-4--69404944-schedule%20b.PDF"", ""listing_url"": ""https://accounts.bbmp.gov.in/vssWB/vss00CvStatusData.php?pAction=LoadWBFiles&pWorkBillID=144514"", ""page"": 3, ""page_kind"": ""schedule_b"", ""raw"": ""15 form work for flat surface such as roofs, landings, | Sqmt 64.24 250.00 Hundred 16060"", ""method"": ""OCR (tesseract psm 6, 2x)"", ""check"": ""arithmetic"", ""confidence"": ""high"", ""cross_validated"": true}]"
266,complete as per specificaitons.up to .50m from Ground level. KSRB15- : Providing 20mm thick cement plaster in single coat with cement mortar : to stone masonry & concrete surface including ; Rupees Two rounding off corners wherever required smooth sqmt Hundred,Drain & culvert works,KSRB 15-3.10,sqm,Schedule B,242.85,240.0,58284.0,,,,,,high,1,"[{""document_id"": ""WO-4--69404944-schedule b.PDF"", ""attachment_type"": ""Schedule B"", ""work_bill_id"": ""144514"", ""attachment_url"": ""https://accounts.bbmp.gov.in/vssIFMS/Files/WO-4--69404944-schedule%20b.PDF"", ""listing_url"": ""https://accounts.bbmp.gov.in/vssWB/vss00CvStatusData.php?pAction=LoadWBFiles&pWorkBillID=144514"", ""page"": 3, ""page_kind"": ""schedule_b"", ""raw"": ""16 rounding off corners wherever required smooth sqmt | 242.85 240.00 Hundred | 58284"", ""method"": ""OCR (tesseract psm 6, 2x)"", ""check"": ""arithmetic"", ""confidence"": ""high"", ""cross_validated"": true}]"
266,"ing, Fourty Only including cost of materials, labour, curing complete as per specifications. i KSRB15- - : Providing 12mm thick cement Rupees One plaster in single coat with cement mortar : to Hundred ceiling including rounding off corners wherever Sqmt Sevent",Concrete,KSRB 15-3-13,sqm,Schedule B,61.32,170.0,10424.0,,,,,,high,1,"[{""document_id"": ""WO-4--69404944-schedule b.PDF"", ""attachment_type"": ""Schedule B"", ""work_bill_id"": ""144514"", ""attachment_url"": ""https://accounts.bbmp.gov.in/vssIFMS/Files/WO-4--69404944-schedule%20b.PDF"", ""listing_url"": ""https://accounts.bbmp.gov.in/vssWB/vss00CvStatusData.php?pAction=LoadWBFiles&pWorkBillID=144514"", ""page"": 3, ""page_kind"": ""schedule_b"", ""raw"": ""7 ceiling including rounding off corners wherever Sqmt 61.32 170.00 Sevent 10424 4"", ""method"": ""OCR (tesseract psm 6, 2x)"", ""check"": ""arithmetic"", ""confidence"": ""high"", ""cross_validated"": true}]"
266,"ng scaffolding. including cost of materials, y labour, curing complete as per specifications. KSRB .4 Providing white washing to ceiling and / or sloping roof surface with additional one Rupees Four is coat with lime of approved quality, to give an Samt Only )",Other,KSRB 15.10.4,,Schedule B,61.32,4.0,245.28,,,,,,medium,1,"[{""document_id"": ""WO-4--69404944-schedule b.PDF"", ""attachment_type"": ""Schedule B"", ""work_bill_id"": ""144514"", ""attachment_url"": ""https://accounts.bbmp.gov.in/vssIFMS/Files/WO-4--69404944-schedule%20b.PDF"", ""listing_url"": ""https://accounts.bbmp.gov.in/vssWB/vss00CvStatusData.php?pAction=LoadWBFiles&pWorkBillID=144514"", ""page"": 3, ""page_kind"": ""schedule_b"", ""raw"": ""is coat with lime of approved quality, to give an Samt 61.32 4.00 Only ) 245.28"", ""method"": ""OCR (tesseract psm 6, 2x)"", ""check"": ""arithmetic"", ""confidence"": ""medium"", ""cross_validated"": true}]"
266," KSRB - .. Providing and finishing external walls in two coats with waterproof cement paint of approved brand and shade to give an even shade Rupees after throughly brooming the surface to remove all - ~ dirt and loose powdered material, free from Samt Seventy",Concrete,KSRB 15-16.1,,Schedule B,5376.84,70.0,376378.6,,,,,,medium,1,"[{""document_id"": ""WO-4--69404944-schedule b.PDF"", ""attachment_type"": ""Schedule B"", ""work_bill_id"": ""144514"", ""attachment_url"": ""https://accounts.bbmp.gov.in/vssIFMS/Files/WO-4--69404944-schedule%20b.PDF"", ""listing_url"": ""https://accounts.bbmp.gov.in/vssWB/vss00CvStatusData.php?pAction=LoadWBFiles&pWorkBillID=144514"", ""page"": 4, ""page_kind"": ""schedule_b"", ""raw"": ""19 dirt and loose powdered material, free from Samt | 5376.84 70.00 Seventy 376378.6"", ""method"": ""OCR (tesseract psm 6, 2x)"", ""check"": ""arithmetic"", ""confidence"": ""medium"", ""cross_validated"": true}]"
266,with primer KSRB - . Providing flooring with mm thick polished Cadapa slabs using cement mortar a 25mm ri existing coment concrete ; Rupees One bed or top of roof laid to line and level an jointe . ~ with cement slurry mixed with pigment to match Samt Thousand,Drain & culvert works,KSRB 14.10-3,,Schedule B,471.56,1000.0,471560.0,,,,,,medium,1,"[{""document_id"": ""WO-4--69404944-schedule b.PDF"", ""attachment_type"": ""Schedule B"", ""work_bill_id"": ""144514"", ""attachment_url"": ""https://accounts.bbmp.gov.in/vssIFMS/Files/WO-4--69404944-schedule%20b.PDF"", ""listing_url"": ""https://accounts.bbmp.gov.in/vssWB/vss00CvStatusData.php?pAction=LoadWBFiles&pWorkBillID=144514"", ""page"": 4, ""page_kind"": ""schedule_b"", ""raw"": ""20 with cement slurry mixed with pigment to match Samt 471.56 1000.00 Thousand 471560"", ""method"": ""OCR (tesseract psm 6, 2x)"", ""check"": ""arithmetic"", ""confidence"": ""medium"", ""cross_validated"": true}]"
266,"pecifications. KSRB - : Providing Ceramic tiles of approved make,shade and size for flooring, treads of steps and landings laid on a bed of Rupees 42mm thick, cement mortar : mix, flush pointing e , Eight a4 with white cement using colour pigment , Smt Hundred","Paving, kerbs & footpath",KSRB 14.14-5,,Schedule B,94.12,800.0,75296.0,,,,,,medium,1,"[{""document_id"": ""WO-4--69404944-schedule b.PDF"", ""attachment_type"": ""Schedule B"", ""work_bill_id"": ""144514"", ""attachment_url"": ""https://accounts.bbmp.gov.in/vssIFMS/Files/WO-4--69404944-schedule%20b.PDF"", ""listing_url"": ""https://accounts.bbmp.gov.in/vssWB/vss00CvStatusData.php?pAction=LoadWBFiles&pWorkBillID=144514"", ""page"": 4, ""page_kind"": ""schedule_b"", ""raw"": ""a4 with white cement using colour pigment , Smt 94.12 800.00 Hundred 75296"", ""method"": ""OCR (tesseract psm 6, 2x)"", ""check"": ""arithmetic"", ""confidence"": ""medium"", ""cross_validated"": true}]"
266,"ms 6mm thick KSRB : Providing skirting, dado rises COLOUR glazed tiles x cms 6mm thick with Rupees One Border of size X10 cms on 10mm thick cement - Thousand plaster : and joined with white cement slurry o over rough plaster surface(excluding cost of Samt ~~ q","Paving, kerbs & footpath",KSRB 14,,Schedule B,236.13,1200.0,283356.0,,,,,,medium,1,"[{""document_id"": ""WO-4--69404944-schedule b.PDF"", ""attachment_type"": ""Schedule B"", ""work_bill_id"": ""144514"", ""attachment_url"": ""https://accounts.bbmp.gov.in/vssIFMS/Files/WO-4--69404944-schedule%20b.PDF"", ""listing_url"": ""https://accounts.bbmp.gov.in/vssWB/vss00CvStatusData.php?pAction=LoadWBFiles&pWorkBillID=144514"", ""page"": 4, ""page_kind"": ""schedule_b"", ""raw"": ""22 over rough plaster surface(excluding cost of Samt 236.13 1200.00 4 ~~ q 283356"", ""method"": ""OCR (tesseract psm 6, 2x)"", ""check"": ""arithmetic"", ""confidence"": ""medium"", ""cross_validated"": true}]"
266," as per specifications, KSRB - :; Providing and laying in position plain cement concrete of mix : : with cement @ 240kgs, with 20mm and “ size graded granite , Rupees Five metal coarse aggregates @ cum and fine : ~ aggregates @ cum, machine mixed, Cum Thousand","Paving, kerbs & footpath",KSRB 4-1.6,cum,Schedule B,79.94,5000.0,399700.0,,,,,,high,1,"[{""document_id"": ""WO-4--69404944-schedule b.PDF"", ""attachment_type"": ""Schedule B"", ""work_bill_id"": ""144514"", ""attachment_url"": ""https://accounts.bbmp.gov.in/vssIFMS/Files/WO-4--69404944-schedule%20b.PDF"", ""listing_url"": ""https://accounts.bbmp.gov.in/vssWB/vss00CvStatusData.php?pAction=LoadWBFiles&pWorkBillID=144514"", ""page"": 4, ""page_kind"": ""schedule_b"", ""raw"": ""23 aggregates @ 0.459 cum, machine mixed, Cum 79.94 5000.00 Thousand 399700"", ""method"": ""OCR (tesseract psm 6, 2x)"", ""check"": ""arithmetic"", ""confidence"": ""high"", ""cross_validated"": true}]"
266,"viding and fixing in position fully panelled Mathi / Nandi wood shutters for doors, Rupees styles and rails of 30mm. thick with bottom and Three lock rails 180mm wide top rail and styles 100mm ° a Thousand wide as per drawing and panels of 25mm thick sqmt Five",Electrical & lighting,KSRB 9.7-3,sqm,Schedule B,9.45,3500.09,33075.0,,,,,,high,1,"[{""document_id"": ""WO-4--69404944-schedule b.PDF"", ""attachment_type"": ""Schedule B"", ""work_bill_id"": ""144514"", ""attachment_url"": ""https://accounts.bbmp.gov.in/vssIFMS/Files/WO-4--69404944-schedule%20b.PDF"", ""listing_url"": ""https://accounts.bbmp.gov.in/vssWB/vss00CvStatusData.php?pAction=LoadWBFiles&pWorkBillID=144514"", ""page"": 5, ""page_kind"": ""schedule_b"", ""raw"": ""25 wide as per drawing and panels of 25mm thick sqmt 9.45 3500.09 Five 33075"", ""method"": ""OCR (tesseract psm 6, 2x)"", ""check"": ""arithmetic"", ""confidence"": ""high"", ""cross_validated"": true}]"
266,foam panel of 37mm thickness and a density of Kgim3 shall be used as core material. Wooden reinforcements made of Seasoned Salwood block of cross Rupees section not less than 36mmx32mm and also . . Three necessary salwood reinforcements for fixing the Thousand,Concrete,,,Schedule B,22.05,3400.0,74970.0,,,,,,medium,1,"[{""document_id"": ""WO-4--69404944-schedule b.PDF"", ""attachment_type"": ""Schedule B"", ""work_bill_id"": ""144514"", ""attachment_url"": ""https://accounts.bbmp.gov.in/vssIFMS/Files/WO-4--69404944-schedule%20b.PDF"", ""listing_url"": ""https://accounts.bbmp.gov.in/vssWB/vss00CvStatusData.php?pAction=LoadWBFiles&pWorkBillID=144514"", ""page"": 5, ""page_kind"": ""schedule_b"", ""raw"": ""necessary salwood reinforcements for fixing the 22.05 3400.00 Thousand 74970"", ""method"": ""OCR (tesseract psm 6, 2x)"", ""check"": ""arithmetic"", ""confidence"": ""medium"", ""cross_validated"": true}]"
266,"r. KSRB - . Applying priming coat over new wood surface and or wood based surface, after prushing with ready mix ename! priming paint including preparing the surface after thoroughly e Rupees cleaning oil, grease, dirt and foreign matter, sand Sqmt Thirty Only",Other,KSRB 15-1,sqm,Schedule B,23.1,30.0,693.0,,,,,,high,1,"[{""document_id"": ""WO-4--69404944-schedule b.PDF"", ""attachment_type"": ""Schedule B"", ""work_bill_id"": ""144514"", ""attachment_url"": ""https://accounts.bbmp.gov.in/vssIFMS/Files/WO-4--69404944-schedule%20b.PDF"", ""listing_url"": ""https://accounts.bbmp.gov.in/vssWB/vss00CvStatusData.php?pAction=LoadWBFiles&pWorkBillID=144514"", ""page"": 6, ""page_kind"": ""schedule_b"", ""raw"": ""28 cleaning oil, grease, dirt and foreign matter, sand Sqmt 23.1 30.00 Thirty Only 693"", ""method"": ""OCR (tesseract psm 6, 2x)"", ""check"": ""arithmetic"", ""confidence"": ""high"", ""cross_validated"": true}]"
266,"d board backing including cost of Only materials, labour complete as per specifications. KSRB - : Providing and removing centering, shuttering, strutting, propping etc., and removal of ; Rupees Two i form work for foundations, footings, bases of Sqmt Hundred )",Dismantling & removal,KSRB 4-6.1,sqm,Schedule B,810.34,200.0,162068.0,,,,,,high,1,"[{""document_id"": ""WO-4--69404944-schedule b.PDF"", ""attachment_type"": ""Schedule B"", ""work_bill_id"": ""144514"", ""attachment_url"": ""https://accounts.bbmp.gov.in/vssIFMS/Files/WO-4--69404944-schedule%20b.PDF"", ""listing_url"": ""https://accounts.bbmp.gov.in/vssWB/vss00CvStatusData.php?pAction=LoadWBFiles&pWorkBillID=144514"", ""page"": 9, ""page_kind"": ""schedule_b"", ""raw"": ""i 51 form work for foundations, footings, bases of Sqmt 810.34 200.00 Hundred 162068) |"", ""method"": ""OCR (tesseract psm 6, 2x)"", ""check"": ""arithmetic"", ""confidence"": ""high"", ""cross_validated"": true}]"
266,complete as per specifications. Specification No. KBS .2 KSRB15- : Providing 20mm thick cement plaster in single coat with cement mortar : to ‘ stone masonry & concrete surface including : : Rupees Two rounding off corners wherever required smooth Sqmt Hundred,Drain & culvert works,KSRB 15-3.11,sqm,Schedule B,624.84,200.0,124968.0,,,,,,high,1,"[{""document_id"": ""WO-4--69404944-schedule b.PDF"", ""attachment_type"": ""Schedule B"", ""work_bill_id"": ""144514"", ""attachment_url"": ""https://accounts.bbmp.gov.in/vssIFMS/Files/WO-4--69404944-schedule%20b.PDF"", ""listing_url"": ""https://accounts.bbmp.gov.in/vssWB/vss00CvStatusData.php?pAction=LoadWBFiles&pWorkBillID=144514"", ""page"": 9, ""page_kind"": ""schedule_b"", ""raw"": ""52 rounding off corners wherever required smooth Sqmt 624.84 200.00 Hundred 124968"", ""method"": ""OCR (tesseract psm 6, 2x)"", ""check"": ""arithmetic"", ""confidence"": ""high"", ""cross_validated"": true}]"
266,"on, letc., complete as per specification. KSRB .1 Providng and fixing Mangalore Tile using first class tiles with necessary special tiles for ridges and hips , teak wood reepers of size y Rupees Four 50x25mm and pointed with Cement mortar of : Sqmt "" ° Hundred","Paving, kerbs & footpath",KSRB 8.4.1,sqm,Schedule B,299.8,400.0,119920.0,,,,,,high,1,"[{""document_id"": ""WO-4--69404944-schedule b.PDF"", ""attachment_type"": ""Schedule B"", ""work_bill_id"": ""144514"", ""attachment_url"": ""https://accounts.bbmp.gov.in/vssIFMS/Files/WO-4--69404944-schedule%20b.PDF"", ""listing_url"": ""https://accounts.bbmp.gov.in/vssWB/vss00CvStatusData.php?pAction=LoadWBFiles&pWorkBillID=144514"", ""page"": 10, ""page_kind"": ""schedule_b"", ""raw"": ""54 50x25mm and pointed with Cement mortar of 1:4 | Sqmt 299.8\"" 400.00° Hundred 119920"", ""method"": ""OCR (tesseract psm 6, 2x)"", ""check"": ""arithmetic"", ""confidence"": ""high"", ""cross_validated"": true}]"
266,"320kgs, with 20mm and down size graded granite metal coarse aggregates @ .69cum and fine aggregtes @ .46cum, with superplastisiser @3its confirming Rupees Six to 1S9103- Reaffirmed- machine mixed, , © Thousand concrete laid in layers not exceeding cms Cum Five","Paving, kerbs & footpath",KSRB 4.2.8,cum,Schedule B,368.3,6500.0,2393950.0,,,,,,high,1,"[{""document_id"": ""WO-4--69404944-schedule b.PDF"", ""attachment_type"": ""Schedule B"", ""work_bill_id"": ""144514"", ""attachment_url"": ""https://accounts.bbmp.gov.in/vssIFMS/Files/WO-4--69404944-schedule%20b.PDF"", ""listing_url"": ""https://accounts.bbmp.gov.in/vssWB/vss00CvStatusData.php?pAction=LoadWBFiles&pWorkBillID=144514"", ""page"": 10, ""page_kind"": ""schedule_b"", ""raw"": ""57 concrete laid in layers not exceeding 15 cms Cum 368.3 6500.00 Five 2393950"", ""method"": ""OCR (tesseract psm 6, 2x)"", ""check"": ""arithmetic"", ""confidence"": ""high"", ""cross_validated"": true}]"
266,"sing crushed aggregates of specified grading, premixed with bituminous binder and filler, transporting the hot mix to work site, laying Rupees Nine with a paver finisher to the required grade, level Thousand and alignment, rolling with smooth wheeled, Cum Nine",Bituminous surfacing,KSRRB M500-19,cum,Schedule B,99.2,9900.0,982080.0,,,,,,high,1,"[{""document_id"": ""WO-4--69404944-schedule b.PDF"", ""attachment_type"": ""Schedule B"", ""work_bill_id"": ""144514"", ""attachment_url"": ""https://accounts.bbmp.gov.in/vssIFMS/Files/WO-4--69404944-schedule%20b.PDF"", ""listing_url"": ""https://accounts.bbmp.gov.in/vssWB/vss00CvStatusData.php?pAction=LoadWBFiles&pWorkBillID=144514"", ""page"": 12, ""page_kind"": ""schedule_b"", ""raw"": ""and alignment, rolling with smooth wheeled, Cum 99.2 9900.00 Nine 982080"", ""method"": ""OCR (tesseract psm 6, 2x)"", ""check"": ""arithmetic"", ""confidence"": ""high"", ""cross_validated"": true}]"
266,"C cement @ 220kgs, with 20mm and down size ded granite metal coarse aggregates @ .84cum and fine aggregtes @ .56cum, machine mixed, ; . a : . : Rupees Five concrete laid in layers not exceeding cms. thick, well compacted, in foundation, plinth and cum Thousand","Paving, kerbs & footpath",KSRB 4-1.7,cum,Schedule B,30.84,5000.0,154200.0,,,,,,high,1,"[{""document_id"": ""WO-4--69404944-schedule b.PDF"", ""attachment_type"": ""Schedule B"", ""work_bill_id"": ""144514"", ""attachment_url"": ""https://accounts.bbmp.gov.in/vssIFMS/Files/WO-4--69404944-schedule%20b.PDF"", ""listing_url"": ""https://accounts.bbmp.gov.in/vssWB/vss00CvStatusData.php?pAction=LoadWBFiles&pWorkBillID=144514"", ""page"": 12, ""page_kind"": ""schedule_b"", ""raw"": ""70 thick, well compacted, in foundation, plinth and cum 30.84 5000.00 Thousand 154200"", ""method"": ""OCR (tesseract psm 6, 2x)"", ""check"": ""arithmetic"", ""confidence"": ""high"", ""cross_validated"": true}]"
266,"ntling of existing structures like culverts, Bridges, retaining walls and other structure comprising of masonry, cement concrete, wood work, steel work, including T&P and scaffolding wherever necessary, sorting the dismantled Twenty Four ; ; Cum Thousand Three",Dismantling & removal,,cum,Schedule B,2.0,121.5,243.0,,,,,,medium,1,"[{""document_id"": ""WO-4--30075236-scan0013.pdf"", ""attachment_type"": ""Schedule B"", ""work_bill_id"": ""236958"", ""attachment_url"": ""https://accounts.bbmp.gov.in/vssIFMS/Files/WO-4--30075236-scan0013.pdf"", ""listing_url"": ""https://accounts.bbmp.gov.in/vssWB/vss00CvStatusData.php?pAction=LoadWBFiles&pWorkBillID=236958"", ""page"": 1, ""page_kind"": ""schedule_b"", ""raw"": ""2 ; ; Cum 121.5 200 24300 Thousand Three"", ""method"": ""OCR (tesseract psm 6, 2x)"", ""check"": ""decimal restored"", ""confidence"": ""medium"", ""cross_validated"": true}]"
266,"g Stone Masonry B. Rubble Stone maonry in cement mortar Earth work excavation by manual means in ordinary soil involving an average horizontal throw upto meters and an average lift upto .5m, excavated surface levelled and Four Lakh Thirty Cum Four Thousand and",Earthwork & excavation,,cum,Schedule B,1736.03,250.0,434007.5,,,,,,high,1,"[{""document_id"": ""WO-4--30075236-scan0013.pdf"", ""attachment_type"": ""Schedule B"", ""work_bill_id"": ""236958"", ""attachment_url"": ""https://accounts.bbmp.gov.in/vssIFMS/Files/WO-4--30075236-scan0013.pdf"", ""listing_url"": ""https://accounts.bbmp.gov.in/vssWB/vss00CvStatusData.php?pAction=LoadWBFiles&pWorkBillID=236958"", ""page"": 1, ""page_kind"": ""schedule_b"", ""raw"": ""3 Cum 1736.03 250 434007.5 Four Thousand and"", ""method"": ""OCR (tesseract psm 6, 2x)"", ""check"": ""arithmetic"", ""confidence"": ""high"", ""cross_validated"": true}]"
266,"ncluding cost of all materials, Only. labour, HOM of machinery, curing complete as per specifications Providing and removing centering, shuttering, strutting, Thirty Thousand ropping etc., and removal of form work for foundations, g (Pe — Sqm Saver Hundiad era",Dismantling & removal,,sqm,Schedule B,111.78,275.0,30739.5,,,,,,high,1,"[{""document_id"": ""WO-4--30075236-scan0013.pdf"", ""attachment_type"": ""Schedule B"", ""work_bill_id"": ""236958"", ""attachment_url"": ""https://accounts.bbmp.gov.in/vssIFMS/Files/WO-4--30075236-scan0013.pdf"", ""listing_url"": ""https://accounts.bbmp.gov.in/vssWB/vss00CvStatusData.php?pAction=LoadWBFiles&pWorkBillID=236958"", ""page"": 1, ""page_kind"": ""schedule_b"", ""raw"": ""g (Pe — Sqm 111.78 | 275 30739.5 Saver Hundiad era"", ""method"": ""OCR (tesseract psm 6, 2x)"", ""check"": ""arithmetic"", ""confidence"": ""high"", ""cross_validated"": true}]"
266,"ials, labour complete as per specifications. Providing and removing centering, shuttering, strutting, propping etc., and removal of form work for vertical Fourty Nine Thousand Six surface such as walls at any thickness, including attached Sqm Hundred and Sixty",Dismantling & removal,,sqm,Schedule B,180.59,275.0,49662.25,,,,,,high,1,"[{""document_id"": ""WO-4--30075236-scan0013.pdf"", ""attachment_type"": ""Schedule B"", ""work_bill_id"": ""236958"", ""attachment_url"": ""https://accounts.bbmp.gov.in/vssIFMS/Files/WO-4--30075236-scan0013.pdf"", ""listing_url"": ""https://accounts.bbmp.gov.in/vssWB/vss00CvStatusData.php?pAction=LoadWBFiles&pWorkBillID=236958"", ""page"": 1, ""page_kind"": ""schedule_b"", ""raw"": ""7 surface such as walls at any thickness, including attached Sqm 180.59 275 49662.25 Hundred and Sixty"", ""method"": ""OCR (tesseract psm 6, 2x)"", ""check"": ""arithmetic"", ""confidence"": ""high"", ""cross_validated"": true}]"
266,"d Only. labour, hire charges of machinery, loading, unloading, lead and lift, transportation etc., complete KSRRB - . Painting two coats after filling the surface Thirty Six Thousand with synthetic enamel paint in approved shades on new Sqm and Ninty (dot) One",Other,KSRRB 800-1,sqm,Schedule B,424.59,85.0,36090.15,,,,,,high,1,"[{""document_id"": ""WO-4--30075236-scan0013.pdf"", ""attachment_type"": ""Schedule B"", ""work_bill_id"": ""236958"", ""attachment_url"": ""https://accounts.bbmp.gov.in/vssIFMS/Files/WO-4--30075236-scan0013.pdf"", ""listing_url"": ""https://accounts.bbmp.gov.in/vssWB/vss00CvStatusData.php?pAction=LoadWBFiles&pWorkBillID=236958"", ""page"": 4, ""page_kind"": ""schedule_b"", ""raw"": ""33 with synthetic enamel paint in approved shades on new Sqm 424.59 85 36090.15 and Ninty (dot) One"", ""method"": ""OCR (tesseract psm 6, 2x)"", ""check"": ""arithmetic"", ""confidence"": ""high"", ""cross_validated"": true}]"
267,SNe Estimate Looe Rates Amount _ eer tne Oak Ey ea KSRB - . Earthwork in surface excavation in hard soil for / _\Rupees Two levelling and lowering the ground manually ( other than Cum Hundred,Earthwork & excavation,KSRB 2-72,cum,Estimates,178.06,200.0,35612.0,,,,,,high,1,"[{""document_id"": ""WO-1--69572378-EST.pdf"", ""attachment_type"": ""Estimates"", ""work_bill_id"": ""248159"", ""attachment_url"": ""https://accounts.bbmp.gov.in/vssIFMS/Files/WO-1--69572378-EST.pdf"", ""listing_url"": ""https://accounts.bbmp.gov.in/vssWB/vss00CvStatusData.php?pAction=LoadWBFiles&pWorkBillID=248159"", ""page"": 1, ""page_kind"": ""estimate"", ""raw"": ""4 levelling and lowering the ground manually ( other than Cum | 178.06 200.0 Hundred 35612.00"", ""method"": ""OCR (tesseract psm 6, 2x)"", ""check"": ""arithmetic"", ""confidence"": ""high"", ""cross_validated"": true}]"
267,"foundation of buildings, culverts, road drains and trenches of Only pipe lines and cables KSRB - Providing and laying in position plain cement Ee Rupees Five Concrete of mix : : with OPC cement @ 220kgs, with Cur Thousand",Drain & culvert works,KSRB 4-12,,Estimates,51.25,5000.0,256250.0,,,,,,medium,1,"[{""document_id"": ""WO-1--69572378-EST.pdf"", ""attachment_type"": ""Estimates"", ""work_bill_id"": ""248159"", ""attachment_url"": ""https://accounts.bbmp.gov.in/vssIFMS/Files/WO-1--69572378-EST.pdf"", ""listing_url"": ""https://accounts.bbmp.gov.in/vssWB/vss00CvStatusData.php?pAction=LoadWBFiles&pWorkBillID=248159"", ""page"": 1, ""page_kind"": ""estimate"", ""raw"": ""2 Concrete of mix 1:3:6 with OPC cement @ 220kgs, with Cur 51.25 5000.0 Thousand | 256250.00"", ""method"": ""OCR (tesseract psm 6, 2x)"", ""check"": ""arithmetic"", ""confidence"": ""medium"", ""cross_validated"": true}]"
267,40mm and down size graded granite metal coarse Only aggregates @ .892cum ps KSRB - - Providing and constructing precast concrete < _- Rupees One Solid blocks with compressive strength not less than Thousand,"Paving, kerbs & footpath",KSRB 5-14,,Estimates,304.07,1000.6,304070.0,,,,,,medium,1,"[{""document_id"": ""WO-1--69572378-EST.pdf"", ""attachment_type"": ""Estimates"", ""work_bill_id"": ""248159"", ""attachment_url"": ""https://accounts.bbmp.gov.in/vssIFMS/Files/WO-1--69572378-EST.pdf"", ""listing_url"": ""https://accounts.bbmp.gov.in/vssWB/vss00CvStatusData.php?pAction=LoadWBFiles&pWorkBillID=248159"", ""page"": 1, ""page_kind"": ""estimate"", ""raw"": ""3 Solid blocks with compressive strength not less than 3.5 304.07 1000.6 Thousand 304070.00"", ""method"": ""OCR (tesseract psm 6, 2x)"", ""check"": ""arithmetic"", ""confidence"": ""medium"", ""cross_validated"": true}]"
267,"ason Onl KSRB15- : Providing 20mm thick cement plaster in single Coat with cement mortar : . to stone masonry & concrete _ Surface including rounding off comers wherever required ia Rupees Two Smooth rendering, : Providing and removing scaffolding, Smt Hundred",Dismantling & removal,KSRB 15-3.10,,Estimates,453.18,220.0,99699.6,,,,,,medium,1,"[{""document_id"": ""WO-1--69572378-EST.pdf"", ""attachment_type"": ""Estimates"", ""work_bill_id"": ""248159"", ""attachment_url"": ""https://accounts.bbmp.gov.in/vssIFMS/Files/WO-1--69572378-EST.pdf"", ""listing_url"": ""https://accounts.bbmp.gov.in/vssWB/vss00CvStatusData.php?pAction=LoadWBFiles&pWorkBillID=248159"", ""page"": 1, ""page_kind"": ""estimate"", ""raw"": ""4 Smooth rendering, : Providing and removing scaffolding, Smt 453.18 220.0 Hundred 99699.60"", ""method"": ""OCR (tesseract psm 6, 2x)"", ""check"": ""arithmetic"", ""confidence"": ""medium"", ""cross_validated"": true}]"
267," S.R - KSRB - * Providing and finishing external walls in one Coat with waterproof cement paint of approved brand and LS shade to give an even shade after throughly brooming the Rupees Sixty surface to remove all dirt and loose powdered material, free Smt Only",Concrete,KSRB 15-16.1,,Estimates,249.93,60.0,14995.8,,,,,,medium,1,"[{""document_id"": ""WO-1--69572378-EST.pdf"", ""attachment_type"": ""Estimates"", ""work_bill_id"": ""248159"", ""attachment_url"": ""https://accounts.bbmp.gov.in/vssIFMS/Files/WO-1--69572378-EST.pdf"", ""listing_url"": ""https://accounts.bbmp.gov.in/vssWB/vss00CvStatusData.php?pAction=LoadWBFiles&pWorkBillID=248159"", ""page"": 1, ""page_kind"": ""estimate"", ""raw"": ""surface to remove all dirt and loose powdered material, free | Smt 249.93 60.0 Only 14995.80"", ""method"": ""OCR (tesseract psm 6, 2x)"", ""check"": ""arithmetic"", ""confidence"": ""medium"", ""cross_validated"": true}]"
267,d for manufacture of blocks of approved size Shape and colour with a minimum compressive strength of kg per sqm over 50mm thick sand bed (Avg thickness) and compacting with a f Rupees One plate vibrator having tons compaction force thereby forcing Smt Thousand,Other,KSRB 14.6-1,tonne,Estimates,1152.05,1030.0,1186611.5,,,,,,high,1,"[{""document_id"": ""WO-1--69572378-EST.pdf"", ""attachment_type"": ""Estimates"", ""work_bill_id"": ""248159"", ""attachment_url"": ""https://accounts.bbmp.gov.in/vssIFMS/Files/WO-1--69572378-EST.pdf"", ""listing_url"": ""https://accounts.bbmp.gov.in/vssWB/vss00CvStatusData.php?pAction=LoadWBFiles&pWorkBillID=248159"", ""page"": 1, ""page_kind"": ""estimate"", ""raw"": ""plate vibrator having 3 tons compaction force thereby forcing} Smt | 1152.05 1030.0 Thousand | 1186611.50"", ""method"": ""OCR (tesseract psm 6, 2x)"", ""check"": ""arithmetic"", ""confidence"": ""high"", ""cross_validated"": true}]"
267,"thick polished Cadapa slabs using cement mortar : mm thick over existing cement concrete bed or top of roof laid to line and f level and jointed with cement slurry mixed with pigment to / Rupees One , match the shade of the slab, including cost of Smt Thousand",Drain & culvert works,KSRB 14,,Estimates,183.79,1050.0,192979.5,,,,,,medium,1,"[{""document_id"": ""WO-1--69572378-EST.pdf"", ""attachment_type"": ""Estimates"", ""work_bill_id"": ""248159"", ""attachment_url"": ""https://accounts.bbmp.gov.in/vssIFMS/Files/WO-1--69572378-EST.pdf"", ""listing_url"": ""https://accounts.bbmp.gov.in/vssWB/vss00CvStatusData.php?pAction=LoadWBFiles&pWorkBillID=248159"", ""page"": 1, ""page_kind"": ""estimate"", ""raw"": "", match the shade of the slab, including cost of Smt | 183.79 1050.0 Thousand | 192979.50"", ""method"": ""OCR (tesseract psm 6, 2x)"", ""check"": ""arithmetic"", ""confidence"": ""medium"", ""cross_validated"": true}]"
267,"tion plain cement Concrete of mix : : with OPC cement @ 180kgs, with “40mm and down Size graded granite metal coarse / Rupees Four aggregates @ .85cum and fine aggregates @ .57cum aes fas fie machine mixed, Machine mixed, Concrete laid in layers not cmt Five ,","Paving, kerbs & footpath",KSRB 4-13,,Estimates,7.54,4500.0,33930.0,,,,,,medium,1,"[{""document_id"": ""WO-1--69572378-EST.pdf"", ""attachment_type"": ""Estimates"", ""work_bill_id"": ""248159"", ""attachment_url"": ""https://accounts.bbmp.gov.in/vssIFMS/Files/WO-1--69572378-EST.pdf"", ""listing_url"": ""https://accounts.bbmp.gov.in/vssWB/vss00CvStatusData.php?pAction=LoadWBFiles&pWorkBillID=248159"", ""page"": 4, ""page_kind"": ""estimate"", ""raw"": ""fie 23 machine mixed, Machine mixed, Concrete laid in layers not | cmt 7.54 4500.0 Five 33930.00 |,"", ""method"": ""OCR (tesseract psm 6, 2x)"", ""check"": ""arithmetic"", ""confidence"": ""medium"", ""cross_validated"": true}]"
267,"k (not requiring blasting)- Mechanical Means as per f drawing and technical specification, including setting out, i construction of shoring and bracing, removal of stumps and er —— Rupees Sixty other deleterious matter, dressing of sides and bottom, Cmt — Only",Dismantling & removal,,,Estimates,2398.35,60.0,143901.0,,,,,,medium,1,"[{""document_id"": ""WO-1--69572378-EST.pdf"", ""attachment_type"": ""Estimates"", ""work_bill_id"": ""248159"", ""attachment_url"": ""https://accounts.bbmp.gov.in/vssIFMS/Files/WO-1--69572378-EST.pdf"", ""listing_url"": ""https://accounts.bbmp.gov.in/vssWB/vss00CvStatusData.php?pAction=LoadWBFiles&pWorkBillID=248159"", ""page"": 5, ""page_kind"": ""estimate"", ""raw"": ""26 other deleterious matter, dressing of sides and bottom, Cmt 239835 60.0 — Only 143901.00 |"", ""method"": ""OCR (tesseract psm 6, 2x, rulings removed)"", ""check"": ""decimal restored"", ""confidence"": ""medium"", ""cross_validated"": true}]"
267,", I.No.2, of : PW, P&IWTD SR - ) _ ee ee re ae y= KSRRB M2500- . Providing and laying Pitching on slopes Fiwinan Siew laid over prepared filter media including boulder apron laid a_ _ Thousand I dry in front of toe of embankment complete as per drawing Cmt One",Earthwork & excavation,KSRRB M2500-4.1,,Estimates,336.15,1100.0,369765.0,,,,,,medium,1,"[{""document_id"": ""WO-1--69572378-EST.pdf"", ""attachment_type"": ""Estimates"", ""work_bill_id"": ""248159"", ""attachment_url"": ""https://accounts.bbmp.gov.in/vssIFMS/Files/WO-1--69572378-EST.pdf"", ""listing_url"": ""https://accounts.bbmp.gov.in/vssWB/vss00CvStatusData.php?pAction=LoadWBFiles&pWorkBillID=248159"", ""page"": 5, ""page_kind"": ""estimate"", ""raw"": ""0 27 dry in front of toe of embankment complete as per drawing Cmt 336.15 1100.0 One 369765.00"", ""method"": ""OCR (tesseract psm 6, 2x, rulings removed)"", ""check"": ""arithmetic"", ""confidence"": ""medium"", ""cross_validated"": true}]"
267," - KSRB - : Providing and constructing granite / trap / basalt Rupees size stone masonry in foundation with cement mortar : ican stone hammerd dressed in courses not less than cms . “ Thausend high, bond stones at two m. apart in each course including Cmt Five","Paving, kerbs & footpath",KSRB 5.2-2,nos,Estimates,62.09,3500.0,217315.0,,,,,,high,1,"[{""document_id"": ""WO-1--69572378-EST.pdf"", ""attachment_type"": ""Estimates"", ""work_bill_id"": ""248159"", ""attachment_url"": ""https://accounts.bbmp.gov.in/vssIFMS/Files/WO-1--69572378-EST.pdf"", ""listing_url"": ""https://accounts.bbmp.gov.in/vssWB/vss00CvStatusData.php?pAction=LoadWBFiles&pWorkBillID=248159"", ""page"": 5, ""page_kind"": ""estimate"", ""raw"": ""28 | high, bond stones at two m. apart in each course including | Cmt 62.09 3500.0 Five | 217315.00"", ""method"": ""OCR (tesseract psm 6, 2x, rulings removed)"", ""check"": ""arithmetic"", ""confidence"": ""high"", ""cross_validated"": true}]"
267," race ae, concrete of mix : : with cement @ 240kgs, with 20mm and. wy down size graded granite metal coarse aggregates @ ‘Rupees Five cum and fine aggregates @ cum, machine mixed, eae Pa Thousand concrete laid in layers not exceeding cms. thick, well Cum Three","Paving, kerbs & footpath",KSRB 4-1.6,cum,Estimates,3.25,5300.0,17225.0,,,,,,high,1,"[{""document_id"": ""WO-1--69572378-EST.pdf"", ""attachment_type"": ""Estimates"", ""work_bill_id"": ""248159"", ""attachment_url"": ""https://accounts.bbmp.gov.in/vssIFMS/Files/WO-1--69572378-EST.pdf"", ""listing_url"": ""https://accounts.bbmp.gov.in/vssWB/vss00CvStatusData.php?pAction=LoadWBFiles&pWorkBillID=248159"", ""page"": 5, ""page_kind"": ""estimate"", ""raw"": ""2 31 concrete laid in layers not exceeding 15 cms. thick, well Cum 3.25 5300.0 Three | 17225.00 |"", ""method"": ""OCR (tesseract psm 6, 2x, rulings removed)"", ""check"": ""arithmetic"", ""confidence"": ""high"", ""cross_validated"": true}]"
267,s COLOUR glazed tiles x cms 6mm thick with Border of size X10 cms on 10mm thick cement plaster : and joined with / Rupees One white cement slurry over rough plaster surface(excluding cost Thousand ofrough plastered surface which should be measured and Smt Five,"Paving, kerbs & footpath",KSRB 14,,Estimates,113.97,1500.0,170955.0,,,,,,medium,1,"[{""document_id"": ""WO-1--69572378-EST.pdf"", ""attachment_type"": ""Estimates"", ""work_bill_id"": ""248159"", ""attachment_url"": ""https://accounts.bbmp.gov.in/vssIFMS/Files/WO-1--69572378-EST.pdf"", ""listing_url"": ""https://accounts.bbmp.gov.in/vssWB/vss00CvStatusData.php?pAction=LoadWBFiles&pWorkBillID=248159"", ""page"": 6, ""page_kind"": ""estimate"", ""raw"": ""37 | ofrough plastered surface which should be measured and Smt 113.97 1500.0 Five 170955.00"", ""method"": ""OCR (tesseract psm 6, 2x)"", ""check"": ""arithmetic"", ""confidence"": ""medium"", ""cross_validated"": true}]"
267,ty of KgIm3 shall be used as core material. Wooden Rupees 1s reinforcements made of Seasoned Salwood block of cross wer Three section not less than 36mmx32mm and also necessary oa Thousand i salwood reinforcements for fixing the metal fittings such as Smt Five,Concrete,,,Estimates,9.45,3500.0,33075.0,,,,,,medium,1,"[{""document_id"": ""WO-1--69572378-EST.pdf"", ""attachment_type"": ""Estimates"", ""work_bill_id"": ""248159"", ""attachment_url"": ""https://accounts.bbmp.gov.in/vssIFMS/Files/WO-1--69572378-EST.pdf"", ""listing_url"": ""https://accounts.bbmp.gov.in/vssWB/vss00CvStatusData.php?pAction=LoadWBFiles&pWorkBillID=248159"", ""page"": 7, ""page_kind"": ""estimate"", ""raw"": ""i 40 | salwood reinforcements for fixing the metal fittings such as | Smt 9.45 3500.0 Five 33075.00 ||"", ""method"": ""OCR (tesseract psm 6, 2x, rulings removed)"", ""check"": ""arithmetic"", ""confidence"": ""medium"", ""cross_validated"": true}]"
267,": : - . Applying priming coat over new wood f leaps wood based surface, after brushing with ready / , Rupees : si enamel priming paint including papel eee smt muennriva",Other,,,Estimates,13.86,25.0,346.5,,,,,,medium,1,"[{""document_id"": ""WO-1--69572378-EST.pdf"", ""attachment_type"": ""Estimates"", ""work_bill_id"": ""248159"", ""attachment_url"": ""https://accounts.bbmp.gov.in/vssIFMS/Files/WO-1--69572378-EST.pdf"", ""listing_url"": ""https://accounts.bbmp.gov.in/vssWB/vss00CvStatusData.php?pAction=LoadWBFiles&pWorkBillID=248159"", ""page"": 8, ""page_kind"": ""estimate"", ""raw"": "": si enamel priming paint including papel eee smt | 13.86 25.0 muennriva 346.50"", ""method"": ""OCR (tesseract psm 6, 2x)"", ""check"": ""arithmetic"", ""confidence"": ""medium"", ""cross_validated"": true}]"
267," C.1 cover with frame (light duty) 455x61 Omm internal dimensions, total weight of cover with frame to be not less / , Rupees Four than kg ( weight of cover 23kg and weight of frame kg ) Thousand R.C.C. top slab with cement concrete : : mix 20mm and Each Seven",Drain & culvert works,KSRB 11.50.2,nos,Estimates,5.0,4700.0,23500.0,,,,,,high,1,"[{""document_id"": ""WO-1--69572378-EST.pdf"", ""attachment_type"": ""Estimates"", ""work_bill_id"": ""248159"", ""attachment_url"": ""https://accounts.bbmp.gov.in/vssIFMS/Files/WO-1--69572378-EST.pdf"", ""listing_url"": ""https://accounts.bbmp.gov.in/vssWB/vss00CvStatusData.php?pAction=LoadWBFiles&pWorkBillID=248159"", ""page"": 8, ""page_kind"": ""estimate"", ""raw"": ""R.C.C. top slab with cement concrete 1:2:4 mix 20mm and | Each 5 4700.0 Seven 23500.00"", ""method"": ""OCR (tesseract psm 6, 2x)"", ""check"": ""arithmetic"", ""confidence"": ""high"", ""cross_validated"": true}]"
267,nd cold water supply including all CPVC plain and brass threaded fittings including fixing the pipe with Te at aut et Rupees Two .00mtr spacing This includes jointing of pipes and fittings Hundred a7 with one on BRE solvent cement & the cost of cutting Seventy,Earthwork & excavation,,,Estimates,35.0,270.0,9450.0,,,,,,medium,1,"[{""document_id"": ""WO-1--69572378-EST.pdf"", ""attachment_type"": ""Estimates"", ""work_bill_id"": ""248159"", ""attachment_url"": ""https://accounts.bbmp.gov.in/vssIFMS/Files/WO-1--69572378-EST.pdf"", ""listing_url"": ""https://accounts.bbmp.gov.in/vssWB/vss00CvStatusData.php?pAction=LoadWBFiles&pWorkBillID=248159"", ""page"": 9, ""page_kind"": ""estimate"", ""raw"": ""a7 with one on BRE solvent cement & the cost of cutting 35 270.0 Seventy 9450.00"", ""method"": ""OCR (tesseract psm 6, 2x)"", ""check"": ""arithmetic"", ""confidence"": ""medium"", ""cross_validated"": true}]"
267,"R - ) KSRB13- - : Providing and fixing in position brass gate valve with C.1 wheel of approved quality ( screwed end ) 15mm nominal bore including cost of all materials, labour and yt P< Rupees Four HOM of equipments with all leads complete as per Each Hundred",Other,KSRB 13-6.3-1,nos,Estimates,5.0,400.0,2000.06,,,,,,high,1,"[{""document_id"": ""WO-1--69572378-EST.pdf"", ""attachment_type"": ""Estimates"", ""work_bill_id"": ""248159"", ""attachment_url"": ""https://accounts.bbmp.gov.in/vssIFMS/Files/WO-1--69572378-EST.pdf"", ""listing_url"": ""https://accounts.bbmp.gov.in/vssWB/vss00CvStatusData.php?pAction=LoadWBFiles&pWorkBillID=248159"", ""page"": 9, ""page_kind"": ""estimate"", ""raw"": ""HOM of equipments with all leads complete as per Each 5 400.0 Hundred 2000.06"", ""method"": ""OCR (tesseract psm 6, 2x)"", ""check"": ""arithmetic"", ""confidence"": ""high"", ""cross_validated"": true}]"
267,"D S.R - KSRB13- - : Providing and fixing in position brass gate valve with C.1 wheel of approved quality ( screwed end ) 15mm nominal bore including cost of all materials, labour and we ¢ Rupees Six HOM of equipments with all leads complete as per Each Hundred",Other,KSRB 13-6.3-1,nos,Estimates,3.0,600.0,1800.0,,,,,,high,1,"[{""document_id"": ""WO-1--69572378-EST.pdf"", ""attachment_type"": ""Estimates"", ""work_bill_id"": ""248159"", ""attachment_url"": ""https://accounts.bbmp.gov.in/vssIFMS/Files/WO-1--69572378-EST.pdf"", ""listing_url"": ""https://accounts.bbmp.gov.in/vssWB/vss00CvStatusData.php?pAction=LoadWBFiles&pWorkBillID=248159"", ""page"": 9, ""page_kind"": ""estimate"", ""raw"": ""HOM of equipments with all leads complete as per Each 3 600.0 Hundred 1800.00"", ""method"": ""OCR (tesseract psm 6, 2x)"", ""check"": ""arithmetic"", ""confidence"": ""high"", ""cross_validated"": true}]"
267,".R - KSRB13- - : Providing and fixing in position brass gate valve with C.1 wheel of approved quality ( screwed end ) 15mm nominal bore including cost of all materials, labour and gE _~_ Rupees Nine HOM of equipments with all leads complete as per Each Hundred",Other,KSRB 13-6.3-1,nos,Estimates,3.0,900.0,2700.0,,,,,,high,1,"[{""document_id"": ""WO-1--69572378-EST.pdf"", ""attachment_type"": ""Estimates"", ""work_bill_id"": ""248159"", ""attachment_url"": ""https://accounts.bbmp.gov.in/vssIFMS/Files/WO-1--69572378-EST.pdf"", ""listing_url"": ""https://accounts.bbmp.gov.in/vssWB/vss00CvStatusData.php?pAction=LoadWBFiles&pWorkBillID=248159"", ""page"": 9, ""page_kind"": ""estimate"", ""raw"": ""HOM of equipments with all leads complete as per Each 3 900.0 Hundred 2700.00"", ""method"": ""OCR (tesseract psm 6, 2x)"", ""check"": ""arithmetic"", ""confidence"": ""high"", ""cross_validated"": true}]"
267,"s. litre white glazed vitreous china clay low level, flushing cistern ( all are approved make ) with fittings, C.1 f , wt Rupees Five M.S brackets, 40mm diameter flush bend with fittings and oa clamps, overflow arrangements with specials and 25mm Bact Thousand",Electrical & lighting,KSRB 11,,Estimates,2.0,5000.0,10000.0,,,,,,medium,1,"[{""document_id"": ""WO-1--69572378-EST.pdf"", ""attachment_type"": ""Estimates"", ""work_bill_id"": ""248159"", ""attachment_url"": ""https://accounts.bbmp.gov.in/vssIFMS/Files/WO-1--69572378-EST.pdf"", ""listing_url"": ""https://accounts.bbmp.gov.in/vssWB/vss00CvStatusData.php?pAction=LoadWBFiles&pWorkBillID=248159"", ""page"": 9, ""page_kind"": ""estimate"", ""raw"": ""oa clamps, overflow arrangements with specials and 25mm Bact 2 5000.0 Thousand 10000.00"", ""method"": ""OCR (tesseract psm 6, 2x)"", ""check"": ""arithmetic"", ""confidence"": ""medium"", ""cross_validated"": true}]"
267,"; ing white vitreous china Rupees KSRB - . Providing and fixing Wis Wi te / Three n size 630x450mm with a sing y / clay, flat back wash basin sia ckets, mm / Thousand ; 16mm C.P brass pillar taps with C.1 M.S bracke © v= Eight",Other,KSRB 11-111,m,Estimates,4.0,3800.0,15200.09,,,,,,high,1,"[{""document_id"": ""WO-1--69572378-EST.pdf"", ""attachment_type"": ""Estimates"", ""work_bill_id"": ""248159"", ""attachment_url"": ""https://accounts.bbmp.gov.in/vssIFMS/Files/WO-1--69572378-EST.pdf"", ""listing_url"": ""https://accounts.bbmp.gov.in/vssWB/vss00CvStatusData.php?pAction=LoadWBFiles&pWorkBillID=248159"", ""page"": 10, ""page_kind"": ""estimate"", ""raw"": ""; 16mm C.P brass pillar taps with C.1 1 M.S bracke © v= 4 3800.0 Eight 15200.09"", ""method"": ""OCR (tesseract psm 6, 2x)"", ""check"": ""arithmetic"", ""confidence"": ""high"", ""cross_validated"": true}]"
267,"ification No. KBS . (P.No.75, .No12.7 of PW,P&IWTD S.R - ) KBS Making wall bore in stone masonry wall up to / 5g 450m width for soil or G.I. Pipe, including closing with stone c Rupees One in CM. : & pointing etc. complete (P.No.254, I.No37.36.1 of ach Hundred",Drain & culvert works,,nos,Estimates,10.0,180.0,1800.0,,,,,,high,1,"[{""document_id"": ""WO-1--69572378-EST.pdf"", ""attachment_type"": ""Estimates"", ""work_bill_id"": ""248159"", ""attachment_url"": ""https://accounts.bbmp.gov.in/vssIFMS/Files/WO-1--69572378-EST.pdf"", ""listing_url"": ""https://accounts.bbmp.gov.in/vssWB/vss00CvStatusData.php?pAction=LoadWBFiles&pWorkBillID=248159"", ""page"": 10, ""page_kind"": ""estimate"", ""raw"": ""in CM. 1:4 & pointing etc. complete (P.No.254, I.No37.36.1 of ach 10 180.0 Hundred 1800.00"", ""method"": ""OCR (tesseract psm 6, 2x)"", ""check"": ""arithmetic"", ""confidence"": ""high"", ""cross_validated"": true}]"
267," on terrace, polyethylene water storage tanks with manhole lid and Suitable locking arrangements, making holes of suitable i diameter for inlet, outlet and over flow pipes, including cost Rupees Nine of all materials, labour, transport charges, HOM of Thousand",Pipes & ducts,KSRB 13-11.1,,Estimates,2.0,9000.0,18000.0,,,,,,medium,1,"[{""document_id"": ""WO-1--69572378-EST.pdf"", ""attachment_type"": ""Estimates"", ""work_bill_id"": ""248159"", ""attachment_url"": ""https://accounts.bbmp.gov.in/vssIFMS/Files/WO-1--69572378-EST.pdf"", ""listing_url"": ""https://accounts.bbmp.gov.in/vssWB/vss00CvStatusData.php?pAction=LoadWBFiles&pWorkBillID=248159"", ""page"": 10, ""page_kind"": ""estimate"", ""raw"": ""of all materials, labour, transport charges, HOM of 2 9000.0 Thousand 18000.00"", ""method"": ""OCR (tesseract psm 6, 2x)"", ""check"": ""arithmetic"", ""confidence"": ""medium"", ""cross_validated"": true}]"
267," KSRB - : Providing and fixing 453x357mm dia an EY Oy ; rectangular shape mirror with plastic moulded frame of Rupees One ai approved make and shade with 6mm thick hard board ia _ _ Thousand backing including cost of materials, labour complete as per eat _ One",Other,KSRB 11,,Estimates,4.0,1100.0,4400.0,,,,,,medium,1,"[{""document_id"": ""WO-1--69572378-EST.pdf"", ""attachment_type"": ""Estimates"", ""work_bill_id"": ""248159"", ""attachment_url"": ""https://accounts.bbmp.gov.in/vssIFMS/Files/WO-1--69572378-EST.pdf"", ""listing_url"": ""https://accounts.bbmp.gov.in/vssWB/vss00CvStatusData.php?pAction=LoadWBFiles&pWorkBillID=248159"", ""page"": 11, ""page_kind"": ""estimate"", ""raw"": ""backing including cost of materials, labour complete as per eat 4 _ 1100.0 One 4400.00"", ""method"": ""OCR (tesseract psm 6, 2x, rulings removed)"", ""check"": ""arithmetic"", ""confidence"": ""medium"", ""cross_validated"": true}]"
267,"h pyramid shaped FRP roof,the slide should be supported at regular intervals of 4ft using M.S pipes support powder coated, fine ( quality FRP with suitable design and as per drawing. The play equipment is to be fitted with Double seated swing for ). Rupees Two",Pipes & ducts,,,Estimates,3.0,200000.0,600000.0,,,,,,medium,1,"[{""document_id"": ""WO-1--69572378-EST.pdf"", ""attachment_type"": ""Estimates"", ""work_bill_id"": ""248159"", ""attachment_url"": ""https://accounts.bbmp.gov.in/vssIFMS/Files/WO-1--69572378-EST.pdf"", ""listing_url"": ""https://accounts.bbmp.gov.in/vssWB/vss00CvStatusData.php?pAction=LoadWBFiles&pWorkBillID=248159"", ""page"": 12, ""page_kind"": ""estimate"", ""raw"": ""play equipment is to be fitted with Double seated swing for | 4). 3 200000.0 Rupees Two 600000.00"", ""method"": ""OCR (tesseract psm 6, 2x)"", ""check"": ""arithmetic"", ""confidence"": ""medium"", ""cross_validated"": true}]"
267,. fine quality FRP with suitable Na design and as per drawing .The platforms is to be fitted with - we Rupees One » Doubble twin wave slide for kids made up of high quality FRP C Lakh material and also high qualty plastic rope climber is to fixed at TwentyFive,Other,,,Estimates,3.0,125000.0,375000.0,,,,,,medium,1,"[{""document_id"": ""WO-1--69572378-EST.pdf"", ""attachment_type"": ""Estimates"", ""work_bill_id"": ""248159"", ""attachment_url"": ""https://accounts.bbmp.gov.in/vssIFMS/Files/WO-1--69572378-EST.pdf"", ""listing_url"": ""https://accounts.bbmp.gov.in/vssWB/vss00CvStatusData.php?pAction=LoadWBFiles&pWorkBillID=248159"", ""page"": 13, ""page_kind"": ""estimate"", ""raw"": ""71 |material and also high qualty plastic rope climber is to fixed at 3 125000.0 | TwentyFive | 375000.00"", ""method"": ""OCR (tesseract psm 6, 2x)"", ""check"": ""arithmetic"", ""confidence"": ""medium"", ""cross_validated"": true}]"
267,"th vertical ladder on one side each with GI sheet steps of treads "" 25mm dia MS pipes with suitable Hand rails fixed / at a height of ft and runs fora length of not less than ft fe s pe sade . the platforms are to be coverd with ryramid Shape FRP roof Thaugend",Pipes & ducts,,,Estimates,3.0,480000.0,1440000.0,,,,,,medium,1,"[{""document_id"": ""WO-1--69572378-EST.pdf"", ""attachment_type"": ""Estimates"", ""work_bill_id"": ""248159"", ""attachment_url"": ""https://accounts.bbmp.gov.in/vssIFMS/Files/WO-1--69572378-EST.pdf"", ""listing_url"": ""https://accounts.bbmp.gov.in/vssWB/vss00CvStatusData.php?pAction=LoadWBFiles&pWorkBillID=248159"", ""page"": 13, ""page_kind"": ""estimate"", ""raw"": ""72. | the platforms are to be coverd with ryramid Shape FRP roof 3 480000.0 Thaugend 1440000.00"", ""method"": ""OCR (tesseract psm 6, 2x)"", ""check"": ""arithmetic"", ""confidence"": ""medium"", ""cross_validated"": true}]"
267,forated tunnel and wave bridge and Arch bridge and hanging bridge made out of MS pipe and chequred plates uns for a height : ft to ft the work should be executed as per the standard a FA R O specification and direction of the engineer in charge of the eee . ©!,Pipes & ducts,,,Estimates,3.0,100000.0,300000.0,,,,,,medium,1,"[{""document_id"": ""WO-1--69572378-EST.pdf"", ""attachment_type"": ""Estimates"", ""work_bill_id"": ""248159"", ""attachment_url"": ""https://accounts.bbmp.gov.in/vssIFMS/Files/WO-1--69572378-EST.pdf"", ""listing_url"": ""https://accounts.bbmp.gov.in/vssWB/vss00CvStatusData.php?pAction=LoadWBFiles&pWorkBillID=248159"", ""page"": 13, ""page_kind"": ""estimate"", ""raw"": ""73 | specification and direction of the engineer in charge of the 3 100000.0 eee . ©! 300000.00 |"", ""method"": ""OCR (tesseract psm 6, 2x)"", ""check"": ""arithmetic"", ""confidence"": ""medium"", ""cross_validated"": true}]"
267,"ME :32NB GI B-CLASS pipe, HANDLE FRAME : NB GI-B CLASS PIPE, TWISTER DISC:LLDP : plastic,PIPE CAP :Nylon Injection moulded, BEARING Rupees CAP :Nylon injection Moulded, BEARING HOUSING AND ral < Eighty PIN Seamless pipe &Round bar,NUT BOLTS CAP:Nylon sr oteand",Pipes & ducts,,,Estimates,1.0,80000.0,80000.9,,,,,,medium,1,"[{""document_id"": ""WO-1--69572378-EST.pdf"", ""attachment_type"": ""Estimates"", ""work_bill_id"": ""248159"", ""attachment_url"": ""https://accounts.bbmp.gov.in/vssIFMS/Files/WO-1--69572378-EST.pdf"", ""listing_url"": ""https://accounts.bbmp.gov.in/vssWB/vss00CvStatusData.php?pAction=LoadWBFiles&pWorkBillID=248159"", ""page"": 15, ""page_kind"": ""estimate"", ""raw"": ""| 80 | PIN Seamless pipe &Round bar,NUT BOLTS CAP:Nylon 66 1 80000.0 | sr oteand | 80000.90"", ""method"": ""OCR (tesseract psm 6, 2x)"", ""check"": ""arithmetic"", ""confidence"": ""medium"", ""cross_validated"": true}]"
267,"IB CLASS Pipe HANDLE FRAME : NB& NB GI B-CLASS Pipe, Handle cover: TPEE injection moulded, FOOT REST:LLDP Plastic, PIPE CAP Nylon Injection Rupees One moulded, BEARING CAP :Nylon injection Moulded,, L Lakh BEARING HOUSING AND PIN:Seamless pipe &Round SixtyFive",Pipes & ducts,,,Estimates,1.0,165000.0,165000.0,,,,,,medium,1,"[{""document_id"": ""WO-1--69572378-EST.pdf"", ""attachment_type"": ""Estimates"", ""work_bill_id"": ""248159"", ""attachment_url"": ""https://accounts.bbmp.gov.in/vssIFMS/Files/WO-1--69572378-EST.pdf"", ""listing_url"": ""https://accounts.bbmp.gov.in/vssWB/vss00CvStatusData.php?pAction=LoadWBFiles&pWorkBillID=248159"", ""page"": 15, ""page_kind"": ""estimate"", ""raw"": ""81 BEARING HOUSING AND PIN:Seamless pipe &Round 1 165000.0 | SixtyFive 165000.00"", ""method"": ""OCR (tesseract psm 6, 2x)"", ""check"": ""arithmetic"", ""confidence"": ""medium"", ""cross_validated"": true}]"
271,high pole _Nes_ asenyanas om a5 ) Children Equipments : es Rainbow Climber Cl-#y b Nero EE OD I Le OB © seo Saw Double Lkess- Wes % -— Arch Swing two seater LKSW-5i Pos )- fapdustbins TC os es on za OT No BAO-* Mwoway side aT Nos : % id pei Mary go round Nos %,Electrical & lighting,,,Estimates,1.0,24476.0,24476.0,,,,,,medium,1,"[{""document_id"": ""WO-1--75028135-K est.pdf"", ""attachment_type"": ""Estimates"", ""work_bill_id"": ""238123"", ""attachment_url"": ""https://accounts.bbmp.gov.in/vssIFMS/Files/WO-1--75028135-K%20est.pdf"", ""listing_url"": ""https://accounts.bbmp.gov.in/vssWB/vss00CvStatusData.php?pAction=LoadWBFiles&pWorkBillID=238123"", ""page"": 2, ""page_kind"": ""estimate"", ""raw"": ""pei Mary go round | 1 | Nos | 24,476.00| 0% 24,476.00 |"", ""method"": ""OCR (tesseract psm 6, 2x)"", ""check"": ""arithmetic"", ""confidence"": ""medium"", ""cross_validated"": true}]"
271," culverts, water supply, sanitary lines and electrical condults either in pits or in trenches .5m and above In width, in ordinary soil not exceeding .5m. In depth Including , a dressing the bottom and sides of pits and trenches, stacking the excavated soll cum",Earthwork & excavation,,cum,Estimates,24.96,200.34,5000.0,,,,,,high,1,"[{""document_id"": ""WO-1--75028135-K est.pdf"", ""attachment_type"": ""Estimates"", ""work_bill_id"": ""238123"", ""attachment_url"": ""https://accounts.bbmp.gov.in/vssIFMS/Files/WO-1--75028135-K%20est.pdf"", ""listing_url"": ""https://accounts.bbmp.gov.in/vssWB/vss00CvStatusData.php?pAction=LoadWBFiles&pWorkBillID=238123"", ""page"": 3, ""page_kind"": ""estimate"", ""raw"": ""|dressing the bottom and sides of pits and trenches, stacking the excavated soll | cum 24.96 4 200.34 5000.00"", ""method"": ""OCR (tesseract psm 6, 2x, rulings removed)"", ""check"": ""arithmetic"", ""confidence"": ""high"", ""cross_validated"": true}]"
271,"n cement concrete of mix : : with OPC cement@180kgs, with 40mm and down size graded granite metal coarse ! sseresstes @ .85cum and fine aggregtes @ .57cum machine mixed, concrete i jlaid In layers not exceeding cms. thick, well compacted, in foundation and ot.","Paving, kerbs & footpath",,,Estimates,12.73,5159.02,65674.0,,,,,,medium,1,"[{""document_id"": ""WO-1--75028135-K est.pdf"", ""attachment_type"": ""Estimates"", ""work_bill_id"": ""238123"", ""attachment_url"": ""https://accounts.bbmp.gov.in/vssIFMS/Files/WO-1--75028135-K%20est.pdf"", ""listing_url"": ""https://accounts.bbmp.gov.in/vssWB/vss00CvStatusData.php?pAction=LoadWBFiles&pWorkBillID=238123"", ""page"": 3, ""page_kind"": ""estimate"", ""raw"": ""jlaid In layers not exceeding 15 cms. thick, well compacted, in foundation and 12.73 ot. 5159.02 65674.00"", ""method"": ""OCR (tesseract psm 6, 2x, rulings removed)"", ""check"": ""arithmetic"", ""confidence"": ""medium"", ""cross_validated"": true}]"
271,"ork..for gazebo( .5MX3.5Mand .5mx6.5m) Providing and constructing granite/trap/ basalt size stone masonry In basement with cement mortar : edges of stones chistle dressed in courses not fess than cms high, bond stones at two m. apart In each course cum Lae ~*~","Paving, kerbs & footpath",,cum,Estimates,14.63,5305.3,77590.0,,,,,,high,1,"[{""document_id"": ""WO-1--75028135-K est.pdf"", ""attachment_type"": ""Estimates"", ""work_bill_id"": ""238123"", ""attachment_url"": ""https://accounts.bbmp.gov.in/vssIFMS/Files/WO-1--75028135-K%20est.pdf"", ""listing_url"": ""https://accounts.bbmp.gov.in/vssWB/vss00CvStatusData.php?pAction=LoadWBFiles&pWorkBillID=238123"", ""page"": 3, ""page_kind"": ""estimate"", ""raw"": ""not fess than 15 cms high, bond stones at two m. apart In each course cum 14.63 Lae 5305.30 ~*~ 77590.00"", ""method"": ""OCR (tesseract psm 6, 2x, rulings removed)"", ""check"": ""arithmetic"", ""confidence"": ""high"", ""cross_validated"": true}]"
271,"g coat) ; over new steel or other metal surface brushing to give an shade after cleaning ; ; oil, grease, dirt and other foreign matter, including cost of materials, labour, : wr complete as per specifications. As directed by the engineer incharge of the sqm a",Reinforcement & steel,,sqm,Estimates,42.25,86.92,3672.0,,,,,,high,1,"[{""document_id"": ""WO-1--75028135-K est.pdf"", ""attachment_type"": ""Estimates"", ""work_bill_id"": ""238123"", ""attachment_url"": ""https://accounts.bbmp.gov.in/vssIFMS/Files/WO-1--75028135-K%20est.pdf"", ""listing_url"": ""https://accounts.bbmp.gov.in/vssWB/vss00CvStatusData.php?pAction=LoadWBFiles&pWorkBillID=238123"", ""page"": 3, ""page_kind"": ""estimate"", ""raw"": ""5 complete as per specifications. As directed by the engineer incharge of the sqm 42.25 a 86.92 | 3672.00"", ""method"": ""OCR (tesseract psm 6, 2x, rulings removed)"", ""check"": ""arithmetic"", ""confidence"": ""high"", ""cross_validated"": true}]"
271," i : Providing and supplying with necessary umbrella type bolts&nuts for ms plate ne ee eee . fixing with bolt&connecting material for erecting 150x150x6mm thickness ms . , , box section as per specifications and as directed by the department officers.for kg ,",Other,,kg,Estimates,47.44,62.54,2967.0,,,,,,high,1,"[{""document_id"": ""WO-1--75028135-K est.pdf"", ""attachment_type"": ""Estimates"", ""work_bill_id"": ""238123"", ""attachment_url"": ""https://accounts.bbmp.gov.in/vssIFMS/Files/WO-1--75028135-K%20est.pdf"", ""listing_url"": ""https://accounts.bbmp.gov.in/vssWB/vss00CvStatusData.php?pAction=LoadWBFiles&pWorkBillID=238123"", ""page"": 3, ""page_kind"": ""estimate"", ""raw"": ""6 box section as per specifications and as directed by the department officers.for kg , 47.44 62.54 2967.00"", ""method"": ""OCR (tesseract psm 6, 2x, rulings removed)"", ""check"": ""arithmetic"", ""confidence"": ""high"", ""cross_validated"": true}]"
271," an \ 4A0 => , Two way slide.All round and rectangular pipes are Glor CR,ISI make.Gauge ; ‘ gauge, 2coating are red oxide and final paints of industrial paint, Nut bolt Gl, . s yw Les bearing heavy ,(branded).FRP thickness- -5mm_,swing assemblyémm chain Each a",Pipes & ducts,,nos,Estimates,1.0,52855.0,52855.0,,,,,,high,1,"[{""document_id"": ""WO-1--75028135-K est.pdf"", ""attachment_type"": ""Estimates"", ""work_bill_id"": ""238123"", ""attachment_url"": ""https://accounts.bbmp.gov.in/vssIFMS/Files/WO-1--75028135-K%20est.pdf"", ""listing_url"": ""https://accounts.bbmp.gov.in/vssWB/vss00CvStatusData.php?pAction=LoadWBFiles&pWorkBillID=238123"", ""page"": 4, ""page_kind"": ""estimate"", ""raw"": ""15 bearing heavy ,(branded).FRP thickness-4-5mm_,swing assemblyémm chain Each 1.00 a 52,855.00 52855.00"", ""method"": ""OCR (tesseract psm 6, 2x, rulings removed)"", ""check"": ""arithmetic"", ""confidence"": ""high"", ""cross_validated"": true}]"
271," and engineer incharge ‘ of the work . Duck mary go round:All round and rectangular pipes are Gl or CR,ISI make.Gauge gauge,2coating are red oxide and final paints of industrial i ; Pa paint, Nut bolt Gl, bearing heavy (branded).FRP thickness- -Smm sswing Each",Pipes & ducts,,nos,Estimates,2.0,24092.5,48185.0,,,,,,high,1,"[{""document_id"": ""WO-1--75028135-K est.pdf"", ""attachment_type"": ""Estimates"", ""work_bill_id"": ""238123"", ""attachment_url"": ""https://accounts.bbmp.gov.in/vssIFMS/Files/WO-1--75028135-K%20est.pdf"", ""listing_url"": ""https://accounts.bbmp.gov.in/vssWB/vss00CvStatusData.php?pAction=LoadWBFiles&pWorkBillID=238123"", ""page"": 4, ""page_kind"": ""estimate"", ""raw"": ""17 paint, Nut bolt Gl, bearing heavy (branded).FRP thickness-4-Smm sswing Each 2.00 24,092.50 | 48185.00"", ""method"": ""OCR (tesseract psm 6, 2x, rulings removed)"", ""check"": ""arithmetic"", ""confidence"": ""high"", ""cross_validated"": true}]"
271,"assembly6mm chain with rubber coating,as per sketch and engineer Incharge be of the work = a on supplying and fixing FRP CI-STRIP Benches As directed by the engineer a as oe incharge of the work &As per drawings. Each",Other,,nos,Estimates,26.0,14160.0,368160.0,,,,,,high,1,"[{""document_id"": ""WO-1--75028135-K est.pdf"", ""attachment_type"": ""Estimates"", ""work_bill_id"": ""238123"", ""attachment_url"": ""https://accounts.bbmp.gov.in/vssIFMS/Files/WO-1--75028135-K%20est.pdf"", ""listing_url"": ""https://accounts.bbmp.gov.in/vssWB/vss00CvStatusData.php?pAction=LoadWBFiles&pWorkBillID=238123"", ""page"": 4, ""page_kind"": ""estimate"", ""raw"": ""18 incharge of the work &As per drawings. Each 26.00 14160 | 368160.00 7"", ""method"": ""OCR (tesseract psm 6, 2x, rulings removed)"", ""check"": ""arithmetic"", ""confidence"": ""high"", ""cross_validated"": true}]"
271,n our salt spray machine that uses a : %Nacl solution in accordance to ISO7227 to sped up corrosion for 3000hrs. rubber hikgh quality grip rubber is used for the handles bearings maintenance a “free ball bearings -scope of delivery completely pressed assembled,Electrical & lighting,,,Estimates,1.0,144800.0,144800.0,,,,,,medium,1,"[{""document_id"": ""WO-1--75028135-K est.pdf"", ""attachment_type"": ""Estimates"", ""work_bill_id"": ""238123"", ""attachment_url"": ""https://accounts.bbmp.gov.in/vssIFMS/Files/WO-1--75028135-K%20est.pdf"", ""listing_url"": ""https://accounts.bbmp.gov.in/vssWB/vss00CvStatusData.php?pAction=LoadWBFiles&pWorkBillID=238123"", ""page"": 5, ""page_kind"": ""estimate"", ""raw"": ""23 “free ball bearings -scope of delivery 1 completely pressed assembled 1.00 144800 144800.00"", ""method"": ""OCR (tesseract psm 6, 2x)"", ""check"": ""arithmetic"", ""confidence"": ""medium"", ""cross_validated"": true}]"
271,"anitary lines and electrical condults either in pits or in trenches .5m and above In width, in hard soil not exceeding .5m. in depth Including dressing the bottom and sides - x of pits and trenches, dking the excavated soil clear from edges of excavation Cum .",Earthwork & excavation,,cum,Estimates,373.45,305.64,114141.0,,,,,,high,1,"[{""document_id"": ""WO-1--75028135-K est.pdf"", ""attachment_type"": ""Estimates"", ""work_bill_id"": ""238123"", ""attachment_url"": ""https://accounts.bbmp.gov.in/vssIFMS/Files/WO-1--75028135-K%20est.pdf"", ""listing_url"": ""https://accounts.bbmp.gov.in/vssWB/vss00CvStatusData.php?pAction=LoadWBFiles&pWorkBillID=238123"", ""page"": 7, ""page_kind"": ""estimate"", ""raw"": ""31 of pits and trenches, dking the excavated soil clear from edges of excavation Cum 373.45 |. 305.64 114141.00"", ""method"": ""OCR (tesseract psm 6, 2x)"", ""check"": ""arithmetic"", ""confidence"": ""high"", ""cross_validated"": true}]"
271," plain cement concrete of mix : : with OPC %. cement @ kgs, with 40mm and down size graded granite metal coarse aggregates @ .892cum and fine aggregates @ .465cum machine mixed, ; : we concrete laid in layers not exceeding cms. thick, well compacted, In cum ..","Paving, kerbs & footpath",,cum,Estimates,83.64,5449.68,455811.0,,,,,,high,1,"[{""document_id"": ""WO-1--75028135-K est.pdf"", ""attachment_type"": ""Estimates"", ""work_bill_id"": ""238123"", ""attachment_url"": ""https://accounts.bbmp.gov.in/vssIFMS/Files/WO-1--75028135-K%20est.pdf"", ""listing_url"": ""https://accounts.bbmp.gov.in/vssWB/vss00CvStatusData.php?pAction=LoadWBFiles&pWorkBillID=238123"", ""page"": 7, ""page_kind"": ""estimate"", ""raw"": ""2 concrete laid in layers not exceeding 15 cms. thick, well compacted, In cum 83.64 .. 5449.68 455811.00"", ""method"": ""OCR (tesseract psm 6, 2x)"", ""check"": ""arithmetic"", ""confidence"": ""high"", ""cross_validated"": true}]"
271,". apart in each course including . . : cost of materials, labour, curing complete as per specifications Cum TAAAS7.08 Providing granite slabs cms thick of selected quality roughly dressed and fixed in cement mortar ( : ) including fixin curing etc., complete .","Paving, kerbs & footpath",,,Estimates,672.6,841.32,565872.0,,,,,,medium,1,"[{""document_id"": ""WO-1--75028135-K est.pdf"", ""attachment_type"": ""Estimates"", ""work_bill_id"": ""238123"", ""attachment_url"": ""https://accounts.bbmp.gov.in/vssIFMS/Files/WO-1--75028135-K%20est.pdf"", ""listing_url"": ""https://accounts.bbmp.gov.in/vssWB/vss00CvStatusData.php?pAction=LoadWBFiles&pWorkBillID=238123"", ""page"": 7, ""page_kind"": ""estimate"", ""raw"": ""34 fixed in cement mortar (1:6) including fixin curing etc., complete 672.60 841.32 . 565872.00"", ""method"": ""OCR (tesseract psm 6, 2x)"", ""check"": ""arithmetic"", ""confidence"": ""medium"", ""cross_validated"": true}]"
271,"e masonry as ; - per specifications Providing flush pointing to square rubble, course or uncoursed stone masonry with cement mortar : 20mm deep, after raking Joints to depth of 20mm a : nicely lining, including cost of materials, labour, curing complete as per",Drain & culvert works,,,Estimates,180.6,104.76,18920.0,,,,,,medium,1,"[{""document_id"": ""WO-1--75028135-K est.pdf"", ""attachment_type"": ""Estimates"", ""work_bill_id"": ""238123"", ""attachment_url"": ""https://accounts.bbmp.gov.in/vssIFMS/Files/WO-1--75028135-K%20est.pdf"", ""listing_url"": ""https://accounts.bbmp.gov.in/vssWB/vss00CvStatusData.php?pAction=LoadWBFiles&pWorkBillID=238123"", ""page"": 7, ""page_kind"": ""estimate"", ""raw"": "": 36 nicely lining, including cost of materials, labour, curing complete as per 180.60 104.76 18920.00"", ""method"": ""OCR (tesseract psm 6, 2x)"", ""check"": ""arithmetic"", ""confidence"": ""medium"", ""cross_validated"": true}]"
271,"ffirmed- at machine . mixed, concrete laid in layers not exceeding emis thick, vibrated for all works in foundation for footings, pedastals, retaining walls, return walls, walls r (any thickness) including attached pilasters, columnsplllars, posts, struts, cum",Concrete,,cum,Estimates,33.36,6718.68,224135.0,,,,,,high,1,"[{""document_id"": ""WO-1--75028135-K est.pdf"", ""attachment_type"": ""Estimates"", ""work_bill_id"": ""238123"", ""attachment_url"": ""https://accounts.bbmp.gov.in/vssIFMS/Files/WO-1--75028135-K%20est.pdf"", ""listing_url"": ""https://accounts.bbmp.gov.in/vssWB/vss00CvStatusData.php?pAction=LoadWBFiles&pWorkBillID=238123"", ""page"": 7, ""page_kind"": ""estimate"", ""raw"": ""37 (any thickness) including attached pilasters, columnsplllars, posts, struts, cum 33.36 6718.68 224135.00"", ""method"": ""OCR (tesseract psm 6, 2x)"", ""check"": ""arithmetic"", ""confidence"": ""high"", ""cross_validated"": true}]"
271,"ne SOSS4.00 of machinery complete as per specifications, , , ene Providing and removing centering, shuttering, strutting, propping etc., for “Te edges of slabs and breaks In floor Including cost of all materials, labou ‘ complete as per specifications. viepour",Dismantling & removal,,,Estimates,23.0,732.24,16842.0,,,,,,medium,1,"[{""document_id"": ""WO-1--75028135-K est.pdf"", ""attachment_type"": ""Estimates"", ""work_bill_id"": ""238123"", ""attachment_url"": ""https://accounts.bbmp.gov.in/vssIFMS/Files/WO-1--75028135-K%20est.pdf"", ""listing_url"": ""https://accounts.bbmp.gov.in/vssWB/vss00CvStatusData.php?pAction=LoadWBFiles&pWorkBillID=238123"", ""page"": 7, ""page_kind"": ""estimate"", ""raw"": ""complete as per specifications. viepour 23.00 732.24 16842.00"", ""method"": ""OCR (tesseract psm 6, 2x)"", ""check"": ""arithmetic"", ""confidence"": ""medium"", ""cross_validated"": true}]"
271,layer by ramming after nite wath le ory primacting each deposited : including cost of all labour whe “om. and Ife pte Asst complete as per specifications Cum,Other,,cum,Estimates,325.99,137.16,44713.0,,,,,,high,1,"[{""document_id"": ""WO-1--75028135-K est.pdf"", ""attachment_type"": ""Estimates"", ""work_bill_id"": ""238123"", ""attachment_url"": ""https://accounts.bbmp.gov.in/vssIFMS/Files/WO-1--75028135-K%20est.pdf"", ""listing_url"": ""https://accounts.bbmp.gov.in/vssWB/vss00CvStatusData.php?pAction=LoadWBFiles&pWorkBillID=238123"", ""page"": 7, ""page_kind"": ""estimate"", ""raw"": ""complete as per specifications Cum 325.99 137.16 44713.00"", ""method"": ""OCR (tesseract psm 6, 2x)"", ""check"": ""arithmetic"", ""confidence"": ""high"", ""cross_validated"": true}]"
271,"( .¢, in thé proportion of inclusive of in n a with well established plants.Exclusive of cost of plants & . gredients.as directed by the engineer-incharge of the work . Supply of : « the te ‘rees and planting ' Height, as directed by the engineer Inchargeof ft",Horticulture & landscaping,,,Estimates,1000.0,750.0,750000.0,,,,,,medium,1,"[{""document_id"": ""WO-1--75028135-K est.pdf"", ""attachment_type"": ""Estimates"", ""work_bill_id"": ""238123"", ""attachment_url"": ""https://accounts.bbmp.gov.in/vssIFMS/Files/WO-1--75028135-K%20est.pdf"", ""listing_url"": ""https://accounts.bbmp.gov.in/vssWB/vss00CvStatusData.php?pAction=LoadWBFiles&pWorkBillID=238123"", ""page"": 8, ""page_kind"": ""estimate"", ""raw"": ""«| the te ‘rees and planting 10' Height, as directed by the engineer Inchargeof ft | 1000 750.00 750000.00"", ""method"": ""OCR (tesseract psm 6, 2x)"", ""check"": ""arithmetic"", ""confidence"": ""medium"", ""cross_validated"": true}]"
271,"Develo — <hraus prethe ott for Shrubs by digging to a depth of .45m.for planting SOK win, er ane ling % of the area with excavated top soil & remaining. sa. a",Earthwork & excavation,,,Estimates,8400.0,255.15,2143260.0,,,,,,medium,1,"[{""document_id"": ""WO-1--75028135-K est.pdf"", ""attachment_type"": ""Estimates"", ""work_bill_id"": ""238123"", ""attachment_url"": ""https://accounts.bbmp.gov.in/vssIFMS/Files/WO-1--75028135-K%20est.pdf"", ""listing_url"": ""https://accounts.bbmp.gov.in/vssWB/vss00CvStatusData.php?pAction=LoadWBFiles&pWorkBillID=238123"", ""page"": 8, ""page_kind"": ""estimate"", ""raw"": ""SOK win, er ane ling 50% of the area with excavated top soil & remaining. sa. 8400 255.15 a 2143260.00"", ""method"": ""OCR (tesseract psm 6, 2x)"", ""check"": ""arithmetic"", ""confidence"": ""medium"", ""cross_validated"": true}]"
271,"the bre ons ( cum), Fym ( cum), Red Earth ( cum) (I.e, in : : Portion of : : ). And planting with . well established plants.Exclusive G Pply of trees and planting, as directed by the engineer Inchargeof the work , ost of the plant ( Plants per Sq.m) nea : C .",Horticulture & landscaping,,sqm,Estimates,8400.0,300.0,2520000.0,,,,,,high,1,"[{""document_id"": ""WO-1--75028135-K est.pdf"", ""attachment_type"": ""Estimates"", ""work_bill_id"": ""238123"", ""attachment_url"": ""https://accounts.bbmp.gov.in/vssIFMS/Files/WO-1--75028135-K%20est.pdf"", ""listing_url"": ""https://accounts.bbmp.gov.in/vssWB/vss00CvStatusData.php?pAction=LoadWBFiles&pWorkBillID=238123"", ""page"": 8, ""page_kind"": ""estimate"", ""raw"": ""ost of the plant (5 Plants per Sq.m) nea : 8400 300.00 C 2520000.00 ."", ""method"": ""OCR (tesseract psm 6, 2x)"", ""check"": ""arithmetic"", ""confidence"": ""high"", ""cross_validated"": true}]"
271,"stablished plants Exclusive of cost of plants & Rmt : A25215.0 inclusive ingredients.as directed by the engineer incharge of the work Supply of trees and planting, as directed by the engineer Inchargeof the work ; ; Cost of the plant ( Plants per Sq.m) ‘ , , a",Horticulture & landscaping,,sqm,Estimates,1500.0,75.0,112500.0,,,,,,high,1,"[{""document_id"": ""WO-1--75028135-K est.pdf"", ""attachment_type"": ""Estimates"", ""work_bill_id"": ""238123"", ""attachment_url"": ""https://accounts.bbmp.gov.in/vssIFMS/Files/WO-1--75028135-K%20est.pdf"", ""listing_url"": ""https://accounts.bbmp.gov.in/vssWB/vss00CvStatusData.php?pAction=LoadWBFiles&pWorkBillID=238123"", ""page"": 8, ""page_kind"": ""estimate"", ""raw"": ""Cost of the plant ( 5 Plants per Sq.m) ‘ , 1500 , 75.00 a 112500.00"", ""method"": ""OCR (tesseract psm 6, 2x)"", ""check"": ""arithmetic"", ""confidence"": ""high"", ""cross_validated"": true}]"
271,"wn area only) Cleaning the : p site by scrapping and removing top m layer of soil, removing unwanted i debries, grass along with excavated earth to a distance of 500m from the spot, a Including lead, lift loading and unloading charges.(1x1x0.15m)as directed by",Earthwork & excavation,,,Estimates,4000.0,34.52,138080.0,,,,,,medium,1,"[{""document_id"": ""WO-1--75028135-K est.pdf"", ""attachment_type"": ""Estimates"", ""work_bill_id"": ""238123"", ""attachment_url"": ""https://accounts.bbmp.gov.in/vssIFMS/Files/WO-1--75028135-K%20est.pdf"", ""listing_url"": ""https://accounts.bbmp.gov.in/vssWB/vss00CvStatusData.php?pAction=LoadWBFiles&pWorkBillID=238123"", ""page"": 8, ""page_kind"": ""estimate"", ""raw"": ""Including lead, lift loading and unloading charges.(1x1x0.15m)as directed by 4000 34.52 138080.00"", ""method"": ""OCR (tesseract psm 6, 2x)"", ""check"": ""arithmetic"", ""confidence"": ""medium"", ""cross_validated"": true}]"
271,"the engineer Incharge of the work a ‘ . Earth work digging including removing weeds, debris If any and breaking of : clumps watering etc. to a depth of .45m (1x1x0,45m).as directed by the. """,Earthwork & excavation,,,Estimates,4000.0,48.58,194320.0,,,,,,medium,1,"[{""document_id"": ""WO-1--75028135-K est.pdf"", ""attachment_type"": ""Estimates"", ""work_bill_id"": ""238123"", ""attachment_url"": ""https://accounts.bbmp.gov.in/vssIFMS/Files/WO-1--75028135-K%20est.pdf"", ""listing_url"": ""https://accounts.bbmp.gov.in/vssWB/vss00CvStatusData.php?pAction=LoadWBFiles&pWorkBillID=238123"", ""page"": 8, ""page_kind"": ""estimate"", ""raw"": ""clumps watering etc. to a depth of 0.45m (1x1x0,45m).as directed by the. 4000 \""48.58 194320.00"", ""method"": ""OCR (tesseract psm 6, 2x)"", ""check"": ""arithmetic"", ""confidence"": ""medium"", ""cross_validated"": true}]"
271," etc., to ‘ . , a depth of .45m (1x1x0.4Sm)as directed by the engirieer incharge of the work Supplying and stocking good quality, Red earth for filling the top layer to depth j . ; - , : of ,15m (1x1x0.15m)as directed by the engineer incharge of the work Cum °",Other,,cum,Estimates,600.0,438.75,263250.0,,,,,,high,1,"[{""document_id"": ""WO-1--75028135-K est.pdf"", ""attachment_type"": ""Estimates"", ""work_bill_id"": ""238123"", ""attachment_url"": ""https://accounts.bbmp.gov.in/vssIFMS/Files/WO-1--75028135-K%20est.pdf"", ""listing_url"": ""https://accounts.bbmp.gov.in/vssWB/vss00CvStatusData.php?pAction=LoadWBFiles&pWorkBillID=238123"", ""page"": 8, ""page_kind"": ""estimate"", ""raw"": "", : 53 of 0,15m (1x1x0.15m)as directed by the engineer incharge of the work Cum 600° 438.75 | 263250.00"", ""method"": ""OCR (tesseract psm 6, 2x)"", ""check"": ""arithmetic"", ""confidence"": ""high"", ""cross_validated"": true}]"
271,s Benjimina Black( 90cm - 150cmm ht) each r . . - ; _ g)Fleus Ponda (90cm - ht) Each ——TnyYucea Species silver / Fillmentosa Marginata (Golden) (90cm - Each ” A 150cm ht) E 6S i)Pulmeria Alba (150cm - 240cm ht) Each ——_ ))Pulmeria Rubra (150cm - 240cm ht) cach,Other,,,Estimates,100.0,1500.0,150000.0,,,,,,medium,1,"[{""document_id"": ""WO-1--75028135-K est.pdf"", ""attachment_type"": ""Estimates"", ""work_bill_id"": ""238123"", ""attachment_url"": ""https://accounts.bbmp.gov.in/vssIFMS/Files/WO-1--75028135-K%20est.pdf"", ""listing_url"": ""https://accounts.bbmp.gov.in/vssWB/vss00CvStatusData.php?pAction=LoadWBFiles&pWorkBillID=238123"", ""page"": 9, ""page_kind"": ""estimate"", ""raw"": ""——_ }))Pulmeria Rubra (150cm - 240cm ht) cach | 100 1500.00 150000.00"", ""method"": ""OCR (tesseract psm 6, 2x)"", ""check"": ""arithmetic"", ""confidence"": ""medium"", ""cross_validated"": true}]"
271,"ble to withstand the wind : speed of m/sec for .......Mtrs pole in single section and single Joint welded as per IS 959S/IS 10178AWS having dimensions bottom .....mm, top....mm with . 3mm thick, suitable base plate and 4Nos of..... long J bolts along with Each",Electrical & lighting,,nos,Estimates,45.0,6091.0,274095.0,,,,,,high,1,"[{""document_id"": ""WO-1--75028135-K est.pdf"", ""attachment_type"": ""Estimates"", ""work_bill_id"": ""238123"", ""attachment_url"": ""https://accounts.bbmp.gov.in/vssIFMS/Files/WO-1--75028135-K%20est.pdf"", ""listing_url"": ""https://accounts.bbmp.gov.in/vssWB/vss00CvStatusData.php?pAction=LoadWBFiles&pWorkBillID=238123"", ""page"": 9, ""page_kind"": ""estimate"", ""raw"": ""68 3mm thick, suitable base plate and 4Nos of..... long J bolts along with Each 45 6091.00 274095.00"", ""method"": ""OCR (tesseract psm 6, 2x)"", ""check"": ""arithmetic"", ""confidence"": ""high"", ""cross_validated"": true}]"
271,"tor of size 167x125x82mm for .5M ; pole/200x160x98mm for rernaining length of pole with front opening cover, with locking arrangements and sultable capacity MCB / DP switch, The pole ‘ ; shall be erected in cement concrete work ( : : ) including excavation and",Earthwork & excavation,,,Estimates,28.0,15000.0,420000.0,,,,,,medium,1,"[{""document_id"": ""WO-1--75028135-K est.pdf"", ""attachment_type"": ""Estimates"", ""work_bill_id"": ""238123"", ""attachment_url"": ""https://accounts.bbmp.gov.in/vssIFMS/Files/WO-1--75028135-K%20est.pdf"", ""listing_url"": ""https://accounts.bbmp.gov.in/vssWB/vss00CvStatusData.php?pAction=LoadWBFiles&pWorkBillID=238123"", ""page"": 9, ""page_kind"": ""estimate"", ""raw"": ""69 shall be erected in cement concrete work (1:2:4) including excavation and 28 15000.00 420000.00"", ""method"": ""OCR (tesseract psm 6, 2x)"", ""check"": ""arithmetic"", ""confidence"": ""medium"", ""cross_validated"": true}]"
271,"pment facility certified by ISO = # . Housing with supplier word mark /name shall be Engraved / : f ss fleD “— a “ ae S0W,As directed by the engineer Incharge of the work no ___234336.00 oodlight 110W,As directed by the engineer incharge of th ee aetna work no",Electrical & lighting,,nos,Estimates,32.0,17593.0,562976.0,,,,,,high,1,"[{""document_id"": ""WO-1--75028135-K est.pdf"", ""attachment_type"": ""Estimates"", ""work_bill_id"": ""238123"", ""attachment_url"": ""https://accounts.bbmp.gov.in/vssIFMS/Files/WO-1--75028135-K%20est.pdf"", ""listing_url"": ""https://accounts.bbmp.gov.in/vssWB/vss00CvStatusData.php?pAction=LoadWBFiles&pWorkBillID=238123"", ""page"": 10, ""page_kind"": ""estimate"", ""raw"": ""| | ee aetna work | no | 32 17593.00 562976.00"", ""method"": ""OCR (tesseract psm 6, 2x)"", ""check"": ""arithmetic"", ""confidence"": ""high"", ""cross_validated"": true}]"
271,le Multicore Cable manufactured with electrolytic ; ” grade flexible copper with low conductor confirming to table class of 1S: - and (Virgin) PVC Insulation and sheathed suitable for working voltage upto 1100Volts as per !S- : & confirming to GTP of GROUP- '.,Pipes & ducts,,,Estimates,760.0,81.6,62016.0,,,,,,medium,1,"[{""document_id"": ""WO-1--75028135-K est.pdf"", ""attachment_type"": ""Estimates"", ""work_bill_id"": ""238123"", ""attachment_url"": ""https://accounts.bbmp.gov.in/vssIFMS/Files/WO-1--75028135-K%20est.pdf"", ""listing_url"": ""https://accounts.bbmp.gov.in/vssWB/vss00CvStatusData.php?pAction=LoadWBFiles&pWorkBillID=238123"", ""page"": 10, ""page_kind"": ""estimate"", ""raw"": ""75 voltage upto 1100Volts as per !S-694:1990 & confirming to GTP of GROUP- 760 '. 81.60 62016.00"", ""method"": ""OCR (tesseract psm 6, 2x)"", ""check"": ""arithmetic"", ""confidence"": ""medium"", ""cross_validated"": true}]"
271,"on boards using necessary fixing materials and 'C' Type curve, indicator ON/OFF, energy cross- with Short circuit breaking capacity of 10K and complete wiring as required confirming to IEC . : = - Amps DP,As directed by the engineer Incharge of the work tacn ;",Other,,,Estimates,20.0,849.0,16980.0,,,,,,medium,1,"[{""document_id"": ""WO-1--46164783-K est1.pdf"", ""attachment_type"": ""Estimates"", ""work_bill_id"": ""238123"", ""attachment_url"": ""https://accounts.bbmp.gov.in/vssIFMS/Files/WO-1--46164783-K%20est1.pdf"", ""listing_url"": ""https://accounts.bbmp.gov.in/vssWB/vss00CvStatusData.php?pAction=LoadWBFiles&pWorkBillID=238123"", ""page"": 1, ""page_kind"": ""estimate"", ""raw"": ""5-32 Amps DP,As directed by the engineer Incharge of the work | tacn | 20 4 ; 849.00 16980.00"", ""method"": ""OCR (tesseract psm 6, 2x)"", ""check"": ""arithmetic"", ""confidence"": ""medium"", ""cross_validated"": true}]"
271,"tor resistence single core wire in open or ie consealed system of wiring wit specified IS- : & confirming to GTP of Per Mtr. group A..2.5.3) sqmm,As directed by the engineer Incharge of the work F sqmm,As directed by the engineer incharge of the work PerMtr. +",Electrical & lighting,,,Estimates,25.0,171.0,4275.0,,,,,,medium,1,"[{""document_id"": ""WO-1--46164783-K est1.pdf"", ""attachment_type"": ""Estimates"", ""work_bill_id"": ""238123"", ""attachment_url"": ""https://accounts.bbmp.gov.in/vssIFMS/Files/WO-1--46164783-K%20est1.pdf"", ""listing_url"": ""https://accounts.bbmp.gov.in/vssWB/vss00CvStatusData.php?pAction=LoadWBFiles&pWorkBillID=238123"", ""page"": 1, ""page_kind"": ""estimate"", ""raw"": ""F | 16 sqmm,As directed by the engineer incharge of the work | PerMtr. | 25 + 171.00 4275.00"", ""method"": ""OCR (tesseract psm 6, 2x)"", ""check"": ""arithmetic"", ""confidence"": ""medium"", ""cross_validated"": true}]"
271,"wall thickness not less than .25mm on pole/waill/drain crossing with necessary clamping arrangements for UG cable of KV. .1)-40mm ,As directed by the : . engineer Incharge of the work _. a .5) 100mm to mm,As directed by the engineer incharge uf the work omer ©",Drain & culvert works,,,Estimates,19.25,920.0,17710.0,,,,,,medium,1,"[{""document_id"": ""WO-1--46164783-K est1.pdf"", ""attachment_type"": ""Estimates"", ""work_bill_id"": ""238123"", ""attachment_url"": ""https://accounts.bbmp.gov.in/vssIFMS/Files/WO-1--46164783-K%20est1.pdf"", ""listing_url"": ""https://accounts.bbmp.gov.in/vssWB/vss00CvStatusData.php?pAction=LoadWBFiles&pWorkBillID=238123"", ""page"": 1, ""page_kind"": ""estimate"", ""raw"": ""a 7.12.5) 100mm to 150 mm,As directed by the engineer incharge uf the work | omer | 19.25 920.00 © 17710.00"", ""method"": ""OCR (tesseract psm 6, 2x)"", ""check"": ""arithmetic"", ""confidence"": ""medium"", ""cross_validated"": true}]"
271," heavy duty cable glands sultable for UG cable of KV cass (metal only) .2 )25mm dia ,As directed by the engincer Incharge of 32mm dla ,As directed by the engineer Incharge of the work __Each J rad 45mm dla,As directed by the engineer incharge of the work _Each",Electrical & lighting,,,Estimates,8.0,200.0,1600.0,,,,,,medium,1,"[{""document_id"": ""WO-1--46164783-K est1.pdf"", ""attachment_type"": ""Estimates"", ""work_bill_id"": ""238123"", ""attachment_url"": ""https://accounts.bbmp.gov.in/vssIFMS/Files/WO-1--46164783-K%20est1.pdf"", ""listing_url"": ""https://accounts.bbmp.gov.in/vssWB/vss00CvStatusData.php?pAction=LoadWBFiles&pWorkBillID=238123"", ""page"": 1, ""page_kind"": ""estimate"", ""raw"": ""rad 45mm dla,As directed by the engineer incharge of the work |_Each | 8 2 200.00 1600.00"", ""method"": ""OCR (tesseract psm 6, 2x)"", ""check"": ""arithmetic"", ""confidence"": ""medium"", ""cross_validated"": true}]"
271,upplying tinned copper jugs and crimping and wiring to terminal point for . eT of the following sizes. ‘ .6) sqmm As directed in Seat tha. cted by the engineer incharge of the. work tach =,Other,,,Estimates,1200.0,11.31,13572.0,,,,,,medium,1,"[{""document_id"": ""WO-1--46164783-K est1.pdf"", ""attachment_type"": ""Estimates"", ""work_bill_id"": ""238123"", ""attachment_url"": ""https://accounts.bbmp.gov.in/vssIFMS/Files/WO-1--46164783-K%20est1.pdf"", ""listing_url"": ""https://accounts.bbmp.gov.in/vssWB/vss00CvStatusData.php?pAction=LoadWBFiles&pWorkBillID=238123"", ""page"": 1, ""page_kind"": ""estimate"", ""raw"": ""cted by the engineer incharge of the. work [| tach [1200 = 11.31 13572.00"", ""method"": ""OCR (tesseract psm 6, 2x)"", ""check"": ""arithmetic"", ""confidence"": ""medium"", ""cross_validated"": true}]"
271,"incharge of the work. : a Filling available excavated earth ( excluding rock ) in sides of foundations upto ‘ . plinth in layers not exceeding cms. in depth, Compacting each deposited ’ . layer by ramming after watering with lead upto m. and lift upto .5m. cum",Earthwork & excavation,,cum,Estimates,30.336,127.2,3858.74,,,,,,high,1,"[{""document_id"": ""WO-1--46164783-K est1.pdf"", ""attachment_type"": ""Estimates"", ""work_bill_id"": ""238123"", ""attachment_url"": ""https://accounts.bbmp.gov.in/vssIFMS/Files/WO-1--46164783-K%20est1.pdf"", ""listing_url"": ""https://accounts.bbmp.gov.in/vssWB/vss00CvStatusData.php?pAction=LoadWBFiles&pWorkBillID=238123"", ""page"": 2, ""page_kind"": ""estimate"", ""raw"": ""102 layer by ramming after watering with lead upto 50 m. and lift upto 1.5m. cum 30.336 127,20 3858.74"", ""method"": ""OCR (tesseract psm 6, 2x)"", ""check"": ""arithmetic"", ""confidence"": ""high"", ""cross_validated"": true}]"
271," incharge of the work ss : Providing and Filling in foundation with granite / trap broken metal 100mm. : and down size, with approved sand including hand packing, ramming, : i ‘ watering, Including cost of all materials and labour with all lead and lift. Cum i","Paving, kerbs & footpath",,cum,Estimates,7.584,2133.78,16182.59,,,,,,high,1,"[{""document_id"": ""WO-1--46164783-K est1.pdf"", ""attachment_type"": ""Estimates"", ""work_bill_id"": ""238123"", ""attachment_url"": ""https://accounts.bbmp.gov.in/vssIFMS/Files/WO-1--46164783-K%20est1.pdf"", ""listing_url"": ""https://accounts.bbmp.gov.in/vssWB/vss00CvStatusData.php?pAction=LoadWBFiles&pWorkBillID=238123"", ""page"": 2, ""page_kind"": ""estimate"", ""raw"": ""103 watering, Including cost of all materials and labour with all lead and lift. Cum 7.584 2133.78 i 16182.59"", ""method"": ""OCR (tesseract psm 6, 2x)"", ""check"": ""arithmetic"", ""confidence"": ""high"", ""cross_validated"": true}]"
271,"n plain cement concrete of mix : : with OPC cement @ 180kgs, with 40mm and down size graded granite metal coarse i % aggregates @ .8Scum and fine aggregates @ O.S7cum machine mixed, : machine mixed, concrete laid in layers not exceeding cms. thick, well Cum: _","Paving, kerbs & footpath",,cum,Estimates,1.08,4976.7,5374.84,,,,,,high,1,"[{""document_id"": ""WO-1--46164783-K est1.pdf"", ""attachment_type"": ""Estimates"", ""work_bill_id"": ""238123"", ""attachment_url"": ""https://accounts.bbmp.gov.in/vssIFMS/Files/WO-1--46164783-K%20est1.pdf"", ""listing_url"": ""https://accounts.bbmp.gov.in/vssWB/vss00CvStatusData.php?pAction=LoadWBFiles&pWorkBillID=238123"", ""page"": 2, ""page_kind"": ""estimate"", ""raw"": ""104 machine mixed, concrete laid in layers not exceeding 15 cms. thick, well Cum: | 1.08 _ 4976.70 5374.84"", ""method"": ""OCR (tesseract psm 6, 2x)"", ""check"": ""arithmetic"", ""confidence"": ""high"", ""cross_validated"": true}]"
271,"nt for R.C.C work including straightening, cutting, bending, hooking, placing in position, lapping and / or welding wherever required, tying with binding wire and anchoring to the adjoining wat members wherever necessary complete as per design (laps, hooks and",Earthwork & excavation,,,Estimates,9.318,6368.48,59341.5,,,,,,medium,1,"[{""document_id"": ""WO-1--46164783-K est1.pdf"", ""attachment_type"": ""Estimates"", ""work_bill_id"": ""238123"", ""attachment_url"": ""https://accounts.bbmp.gov.in/vssIFMS/Files/WO-1--46164783-K%20est1.pdf"", ""listing_url"": ""https://accounts.bbmp.gov.in/vssWB/vss00CvStatusData.php?pAction=LoadWBFiles&pWorkBillID=238123"", ""page"": 2, ""page_kind"": ""estimate"", ""raw"": ""107 members wherever necessary complete as per design (laps, hooks and 9.318 6368.48 | 59341.50"", ""method"": ""OCR (tesseract psm 6, 2x)"", ""check"": ""arithmetic"", ""confidence"": ""medium"", ""cross_validated"": true}]"
271,"hes, stacking the excavated soil clear from edges ofexcavation P ‘with lead upto 50m. after breaking of clods*complete as per specifications. (P.No. j ____ &LNo.24)pwd SR - _ et — , i For Center theme Cum) .95_ se gl os — i — Cum ) — . . a Cum ) = Pum sid rota",Earthwork & excavation,SR 2016-17,,Estimates,373.45,305.64,114141.0,,,,,,medium,1,"[{""document_id"": ""WO-1--46164783-K est1.pdf"", ""attachment_type"": ""Estimates"", ""work_bill_id"": ""238123"", ""attachment_url"": ""https://accounts.bbmp.gov.in/vssIFMS/Files/WO-1--46164783-K%20est1.pdf"", ""listing_url"": ""https://accounts.bbmp.gov.in/vssWB/vss00CvStatusData.php?pAction=LoadWBFiles&pWorkBillID=238123"", ""page"": 3, ""page_kind"": ""estimate"", ""raw"": ""rota 373.45 305.64 | 1,14,141.00|"", ""method"": ""OCR (tesseract psm 6, 2x, rulings removed)"", ""check"": ""arithmetic"", ""confidence"": ""medium"", ""cross_validated"": true}]"
271,"Se Cum ,. .80_ Yr a _ __ = Cum + — ; Cum _ + fot sen 0s foe . Gam -_ Cum P1500 ___ a Cum ' L —— = es Total",Other,,,Estimates,319.334,4521.96,1443997.0,,,,,,medium,1,"[{""document_id"": ""WO-1--46164783-K est1.pdf"", ""attachment_type"": ""Estimates"", ""work_bill_id"": ""238123"", ""attachment_url"": ""https://accounts.bbmp.gov.in/vssIFMS/Files/WO-1--46164783-K%20est1.pdf"", ""listing_url"": ""https://accounts.bbmp.gov.in/vssWB/vss00CvStatusData.php?pAction=LoadWBFiles&pWorkBillID=238123"", ""page"": 4, ""page_kind"": ""estimate"", ""raw"": ""= es Total 319.334 4521.96 | 14,43,997.00]"", ""method"": ""OCR (tesseract psm 6, 2x, rulings removed)"", ""check"": ""arithmetic"", ""confidence"": ""medium"", ""cross_validated"": true}]"
271,"d paid) cost of materials, labour, HOM of: a ee I machinery complete as per specifications. (P.No.17 & I.No.4.46.2) pwd SR - a W For Cente theme Hooring works i id) Fiomun dia @150mm</e Ky om - iseof Jammm dia dist @150mm ye kg - anz0o > + pf Tg pp Total (ron)",Other,SR 2016-17,,Estimates,2.69,60534.0,163018.0,,,,,,medium,1,"[{""document_id"": ""WO-1--46164783-K est1.pdf"", ""attachment_type"": ""Estimates"", ""work_bill_id"": ""238123"", ""attachment_url"": ""https://accounts.bbmp.gov.in/vssIFMS/Files/WO-1--46164783-K%20est1.pdf"", ""listing_url"": ""https://accounts.bbmp.gov.in/vssWB/vss00CvStatusData.php?pAction=LoadWBFiles&pWorkBillID=238123"", ""page"": 5, ""page_kind"": ""estimate"", ""raw"": ""pp Total (ron)| 2.69 60534.00 | 1,63,018.00|"", ""method"": ""OCR (tesseract psm 6, 2x)"", ""check"": ""arithmetic"", ""confidence"": ""medium"", ""cross_validated"": true}]"
271,"han 15cms high, bond stones at 2m, Apart in each courses Including cost of all materials , labours, curing complete as per specifications. KBS .1- (PWD SR - .No.5.9, P.No.23) jeaserate S a ee ee a Se a =oos.ooleum ee __ Area weightage % = RR @ a A CS ny ee Lum",Other,SR 2016-17,,Estimates,9.36,5305.3,49657.61,,,,,,medium,1,"[{""document_id"": ""WO-1--46164783-K est1.pdf"", ""attachment_type"": ""Estimates"", ""work_bill_id"": ""238123"", ""attachment_url"": ""https://accounts.bbmp.gov.in/vssIFMS/Files/WO-1--46164783-K%20est1.pdf"", ""listing_url"": ""https://accounts.bbmp.gov.in/vssWB/vss00CvStatusData.php?pAction=LoadWBFiles&pWorkBillID=238123"", ""page"": 7, ""page_kind"": ""estimate"", ""raw"": ""ee Lum] 9.36 | 5305.30] 49,657.61"", ""method"": ""OCR (tesseract psm 6, 2x)"", ""check"": ""arithmetic"", ""confidence"": ""medium"", ""cross_validated"": true}]"
271,"d by the department officers.for base plate(p.no x, sino + code no- pwd sr2016- ),b)anchor bolts-(p.no x, sl.no - code no- pwd sr2016- ) * ... Basic rate TC Rs. ="" Tose plate oo TO __ ) De es =F ____ Area weightage % ral COC CT Se OO ___ size x (base plate a )",Other,SR 2016-17,,Estimates,47.44,62.54,2966.9,,,,,,medium,1,"[{""document_id"": ""WO-1--46164783-K est1.pdf"", ""attachment_type"": ""Estimates"", ""work_bill_id"": ""238123"", ""attachment_url"": ""https://accounts.bbmp.gov.in/vssIFMS/Files/WO-1--46164783-K%20est1.pdf"", ""listing_url"": ""https://accounts.bbmp.gov.in/vssWB/vss00CvStatusData.php?pAction=LoadWBFiles&pWorkBillID=238123"", ""page"": 7, ""page_kind"": ""estimate"", ""raw"": ""|___|size 6.5 x 6.5(base plate 1] 47.44 a 22) 62.54 2,966.90"", ""method"": ""OCR (tesseract psm 6, 2x)"", ""check"": ""arithmetic"", ""confidence"": ""medium"", ""cross_validated"": true}]"
271,"elding whereever necessary and applying one —< ° ection equipments eteculn Terk uding cost of materials, labour charges and hire charges of machinery for cutting, welding, grinding and er “complete as per specifications (pwd SR - p.no41 1NO7.3) . __ ee es — —;",Earthwork & excavation,SR 2016-17,,Estimates,3924.57,124.02,486725.17,,,,,,medium,1,"[{""document_id"": ""WO-1--46164783-K est1.pdf"", ""attachment_type"": ""Estimates"", ""work_bill_id"": ""238123"", ""attachment_url"": ""https://accounts.bbmp.gov.in/vssIFMS/Files/WO-1--46164783-K%20est1.pdf"", ""listing_url"": ""https://accounts.bbmp.gov.in/vssWB/vss00CvStatusData.php?pAction=LoadWBFiles&pWorkBillID=238123"", ""page"": 8, ""page_kind"": ""estimate"", ""raw"": ""| ee es — —; [392457] 124.02 | 486,725.17"", ""method"": ""OCR (tesseract psm 6, 2x, rulings removed)"", ""check"": ""decimal restored"", ""confidence"": ""medium"", ""cross_validated"": true}]"
271,"e existing rafters including cost of materials , labour,curing complete as per specifications. sp No. KBS8.17(pwd SR - p.no47 I.NO .8.10) : wt . et Lens ee eens —— - size 65x65 Basic rate - : — ‘ . : i = Area weightage % , - ° : ot Total ee _ : - —— = - oO sqm",Other,SR 2016-17,sqm,Estimates,47.61,1273.06,60610.39,,,,,,high,1,"[{""document_id"": ""WO-1--46164783-K est1.pdf"", ""attachment_type"": ""Estimates"", ""work_bill_id"": ""238123"", ""attachment_url"": ""https://accounts.bbmp.gov.in/vssIFMS/Files/WO-1--46164783-K%20est1.pdf"", ""listing_url"": ""https://accounts.bbmp.gov.in/vssWB/vss00CvStatusData.php?pAction=LoadWBFiles&pWorkBillID=238123"", ""page"": 8, ""page_kind"": ""estimate"", ""raw"": "": - —— | = | - oO | | | sqm 47.61 1,273.06 60,610.39 |"", ""method"": ""OCR (tesseract psm 6, 2x, rulings removed)"", ""check"": ""arithmetic"", ""confidence"": ""high"", ""cross_validated"": true}]"
271,"er new steel or other metal surface brushing to give, an shade after cleaning oll, grease, dirt and other foreign matter, including cost of materials, labour, complete as per specifications. (pwd SR - I,.No.15.74, P.No.121) ; _ _.., # _ fo saessx6S at _ sqm );",Reinforcement & steel,SR 2016-17,,Estimates,42.25,86.92,3672.37,,,,,,medium,1,"[{""document_id"": ""WO-1--46164783-K est1.pdf"", ""attachment_type"": ""Estimates"", ""work_bill_id"": ""238123"", ""attachment_url"": ""https://accounts.bbmp.gov.in/vssIFMS/Files/WO-1--46164783-K%20est1.pdf"", ""listing_url"": ""https://accounts.bbmp.gov.in/vssWB/vss00CvStatusData.php?pAction=LoadWBFiles&pWorkBillID=238123"", ""page"": 8, ""page_kind"": ""estimate"", ""raw"": ""saessx6S | at 42.25] |] _ | sqm 42.25[ 86.92); 3,672.37 |"", ""method"": ""OCR (tesseract psm 6, 2x, rulings removed)"", ""check"": ""arithmetic"", ""confidence"": ""medium"", ""cross_validated"": true}]"
271,"- Lai ree all taxes) ee polt a, na f - i ‘dig ____ RS. ee . Tae Rs. SE a ain ) _ _ saio anit vi cagorps — LK-SL- )All round and re ... (¥aydlzach Fra » a siide.( slide double-LK-SL- )All round and rectangular pipes are GI or CRISI make.Gauge . ( .Q0 Each @ ( P",Pipes & ducts,,,Estimates,23.0,5310.0,122130.0,,,,,,medium,1,"[{""document_id"": ""WO-1--46164783-K est1.pdf"", ""attachment_type"": ""Estimates"", ""work_bill_id"": ""238123"", ""attachment_url"": ""https://accounts.bbmp.gov.in/vssIFMS/Files/WO-1--46164783-K%20est1.pdf"", ""listing_url"": ""https://accounts.bbmp.gov.in/vssWB/vss00CvStatusData.php?pAction=LoadWBFiles&pWorkBillID=238123"", ""page"": 9, ""page_kind"": ""estimate"", ""raw"": ""» a siide.( slide double-LK-SL-28)All round and rectangular pipes are GI or CRISI make.Gauge 1. (23.Q0|Each @ 5310.00 (1,22,130.00 P"", ""method"": ""OCR (tesseract psm 6, 2x, rulings removed)"", ""check"": ""arithmetic"", ""confidence"": ""medium"", ""cross_validated"": true}]"
271,"k as has been issued in the EN16630 saftey certificates.all product must carry a GS mark on it. size(LxWxH) 2015x615x1360mm , weight:93kg_, saftey area:5015x3015mm capacity 2persons \ a a a es ee cc case ___ cst % a a a ee a cae? Saas et ee ee Each____—_— ._—@",Pipes & ducts,,,Estimates,1.0,125600.0,125600.0,,,,,,medium,1,"[{""document_id"": ""WO-1--46164783-K est1.pdf"", ""attachment_type"": ""Estimates"", ""work_bill_id"": ""238123"", ""attachment_url"": ""https://accounts.bbmp.gov.in/vssIFMS/Files/WO-1--46164783-K%20est1.pdf"", ""listing_url"": ""https://accounts.bbmp.gov.in/vssWB/vss00CvStatusData.php?pAction=LoadWBFiles&pWorkBillID=238123"", ""page"": 9, ""page_kind"": ""estimate"", ""raw"": ""[et ee ee 1,00|Each____—_—|._—@ 125600.00 1,25,600.00"", ""method"": ""OCR (tesseract psm 6, 2x, rulings removed)"", ""check"": ""arithmetic"", ""confidence"": ""medium"", ""cross_validated"": true}]"
271," a = _——— i Tools & equipments year Murram, red soil etc. o)© —syear_ _ : : —.nit = ~ rn i ——— — ——aSCOOCOCS™S _ Blectricity Bill . sd ear #REF! REPL ___ KSRRBM300- Maintenance of lawns or turfing of slopes (rough grassing) for a period of year including Sqm @",Horticulture & landscaping,KSRRB M300-4,,Estimates,20000.0,90.1,1802000.0,,,,,,medium,1,"[{""document_id"": ""WO-1--99137774-k est2.pdf"", ""attachment_type"": ""Estimates"", ""work_bill_id"": ""238123"", ""attachment_url"": ""https://accounts.bbmp.gov.in/vssIFMS/Files/WO-1--99137774-k%20est2.pdf"", ""listing_url"": ""https://accounts.bbmp.gov.in/vssWB/vss00CvStatusData.php?pAction=LoadWBFiles&pWorkBillID=238123"", ""page"": 2, ""page_kind"": ""estimate"", ""raw"": ""6 |KSRRBM300-4 Maintenance of lawns or turfing of slopes (rough grassing) for a period of 1 year including 20000.00 | | Sqm @ 90.10 18,02,000.00"", ""method"": ""OCR (tesseract psm 6, 2x, rulings removed)"", ""check"": ""arithmetic"", ""confidence"": ""medium"", ""cross_validated"": true}]"
271,"watering etc. complete as per specifications. MORTH specification no.307, (PWD SR - p.no- .no- ) , = =e —— == = — — = ~ — ————— - KSRRBM - Planting and maintaining of flowering plants and shrubs-A. Planting flowering plants and @",Horticulture & landscaping,KSRRB M300-8.1,,Estimates,9375.0,23.32,218625.0,,,,,,medium,1,"[{""document_id"": ""WO-1--99137774-k est2.pdf"", ""attachment_type"": ""Estimates"", ""work_bill_id"": ""238123"", ""attachment_url"": ""https://accounts.bbmp.gov.in/vssIFMS/Files/WO-1--99137774-k%20est2.pdf"", ""listing_url"": ""https://accounts.bbmp.gov.in/vssWB/vss00CvStatusData.php?pAction=LoadWBFiles&pWorkBillID=238123"", ""page"": 2, ""page_kind"": ""estimate"", ""raw"": ""7 |KSRRBM 300-8.1 Planting and maintaining of flowering plants and shrubs-A. Planting flowering plants and 9375.00 @ 23.32 | 2,18,625.00"", ""method"": ""OCR (tesseract psm 6, 2x, rulings removed)"", ""check"": ""arithmetic"", ""confidence"": ""medium"", ""cross_validated"": true}]"
271,"ing % of the trench with . sa” > excavated top soil & remaining % with the mixture of sand ( cum),Fym ( cum)and a SL. b) _ Costofthe plants ( PlantsperRmt) —_ Rmt_ _75.00 "" , MOUNDFORMATION: = = °* __ i _ j ~~ Providing & forming mound using red earth by cum “",Earthwork & excavation,,cum,Estimates,2000.0,363.0,726000.0,,,,,,high,1,"[{""document_id"": ""WO-1--99137774-k est2.pdf"", ""attachment_type"": ""Estimates"", ""work_bill_id"": ""238123"", ""attachment_url"": ""https://accounts.bbmp.gov.in/vssIFMS/Files/WO-1--99137774-k%20est2.pdf"", ""listing_url"": ""https://accounts.bbmp.gov.in/vssWB/vss00CvStatusData.php?pAction=LoadWBFiles&pWorkBillID=238123"", ""page"": 4, ""page_kind"": ""estimate"", ""raw"": ""j ~~ [Providing & forming mound using red earth by cum | 2000 363.00 “ 726000.00 |"", ""method"": ""OCR (tesseract psm 6, 2x, rulings removed)"", ""check"": ""arithmetic"", ""confidence"": ""high"", ""cross_validated"": true}]"
271,"— __ pibbiing san Ipod _ Turf sq.m Goo) TC ) S FA° __ Phasphalam grass sam _ Kenduchi blue grass ae Oe Streptophorum secendatum ; sem _— Labour Charge es ee ee Labour cost towards dibbling/laying of lawn , inclusive of mixing of ingradients, application of .",Horticulture & landscaping,,,Estimates,4000.0,40.73,162920.0,,,,,,medium,1,"[{""document_id"": ""WO-1--99137774-k est2.pdf"", ""attachment_type"": ""Estimates"", ""work_bill_id"": ""238123"", ""attachment_url"": ""https://accounts.bbmp.gov.in/vssIFMS/Files/WO-1--99137774-k%20est2.pdf"", ""listing_url"": ""https://accounts.bbmp.gov.in/vssWB/vss00CvStatusData.php?pAction=LoadWBFiles&pWorkBillID=238123"", ""page"": 5, ""page_kind"": ""estimate"", ""raw"": ""inclusive of mixing of ingradients, application of 4000| 40.73 |. 162920.00"", ""method"": ""OCR (tesseract psm 6, 2x)"", ""check"": ""arithmetic"", ""confidence"": ""medium"", ""cross_validated"": true}]"
271,"Cost of all materials, Labour by ine and Is an ET Cum etc., Complete as per specifications (Excluding watering and Compaction of earth) with all lead and lift gravelly soil : a —Jeost of the specimen plants Se SO Cycas Revoluta ee a es Ja) 90cm Dia, ¢m ht Each",Horticulture & landscaping,,nos,Estimates,75.0,4500.0,337500.0,,,,,,high,1,"[{""document_id"": ""WO-1--99137774-k est2.pdf"", ""attachment_type"": ""Estimates"", ""work_bill_id"": ""238123"", ""attachment_url"": ""https://accounts.bbmp.gov.in/vssIFMS/Files/WO-1--99137774-k%20est2.pdf"", ""listing_url"": ""https://accounts.bbmp.gov.in/vssWB/vss00CvStatusData.php?pAction=LoadWBFiles&pWorkBillID=238123"", ""page"": 5, ""page_kind"": ""estimate"", ""raw"": ""| Ja) 90cm Dia, 100¢m ht | Each | 75 | 4500.00 337500.00"", ""method"": ""OCR (tesseract psm 6, 2x)"", ""check"": ""arithmetic"", ""confidence"": ""high"", ""cross_validated"": true}]"
271,"b) 60cm Dia, 60cm ht ach _ rT ______ e) 30cm Dia, 30cm ht Each _ _2000.00 LT _ Howea Fosteriana (Kentia Palm) (SOcm-60cm ht tach _ - ro _3__ Roystonia Regia (180cm - 240cm ht) . tach _ % ~~",Other,,,Estimates,74.0,2000.0,148000.0,,,,,,medium,1,"[{""document_id"": ""WO-1--99137774-k est2.pdf"", ""attachment_type"": ""Estimates"", ""work_bill_id"": ""238123"", ""attachment_url"": ""https://accounts.bbmp.gov.in/vssIFMS/Files/WO-1--99137774-k%20est2.pdf"", ""listing_url"": ""https://accounts.bbmp.gov.in/vssWB/vss00CvStatusData.php?pAction=LoadWBFiles&pWorkBillID=238123"", ""page"": 5, ""page_kind"": ""estimate"", ""raw"": ""|_3__|Roystonia Regia (180cm - 240cm ht) . tach _| 74% | 2000.00 ~~ 148000.00"", ""method"": ""OCR (tesseract psm 6, 2x)"", ""check"": ""arithmetic"", ""confidence"": ""medium"", ""cross_validated"": true}]"
271,: __4 __ Caryota Urens (240cm - 300cm ht YEach ~ =,Other,,,Estimates,50.0,2500.0,125000.0,,,,,,medium,1,"[{""document_id"": ""WO-1--99137774-k est2.pdf"", ""attachment_type"": ""Estimates"", ""work_bill_id"": ""238123"", ""attachment_url"": ""https://accounts.bbmp.gov.in/vssIFMS/Files/WO-1--99137774-k%20est2.pdf"", ""listing_url"": ""https://accounts.bbmp.gov.in/vssWB/vss00CvStatusData.php?pAction=LoadWBFiles&pWorkBillID=238123"", ""page"": 5, ""page_kind"": ""estimate"", ""raw"": ""| : [__4 __ |Caryota Urens (240cm - 300cm ht YEach | 50 ~{ 2500.00 = 125000.00"", ""method"": ""OCR (tesseract psm 6, 2x)"", ""check"": ""arithmetic"", ""confidence"": ""medium"", ""cross_validated"": true}]"
271,Ficus Beniimina Prestige (Golden) (90cm - 150cm ht —ach__ pene Ficus Benlimina starlight 90cm - 150m ht) _ each ) 1g Ficus Benjimina Black( 90cm - 150cmm ht r—Each___ Ficus Nuda / mini Tucci ( 90cm - 150cm Beach __ L—7s000000 _ Ficus Ponda ( cm - ht rach - . =,Electrical & lighting,,,Estimates,100.0,2500.0,250000.0,,,,,,medium,1,"[{""document_id"": ""WO-1--99137774-k est2.pdf"", ""attachment_type"": ""Estimates"", ""work_bill_id"": ""238123"", ""attachment_url"": ""https://accounts.bbmp.gov.in/vssIFMS/Files/WO-1--99137774-k%20est2.pdf"", ""listing_url"": ""https://accounts.bbmp.gov.in/vssWB/vss00CvStatusData.php?pAction=LoadWBFiles&pWorkBillID=238123"", ""page"": 5, ""page_kind"": ""estimate"", ""raw"": ""[18 _|Ficus Ponda ( 90 cm - 150 ht rach | 100-17 2500.00. = 250000.00"", ""method"": ""OCR (tesseract psm 6, 2x)"", ""check"": ""arithmetic"", ""confidence"": ""medium"", ""cross_validated"": true}]"
271,cal . compartment & Impact resistance of complete luminare > IKO8. _ Power Factor > with mains Current should not be greater than : P.No .1A to .7A & Surge Protection- Min 4KV along with Over \.No. sages occ short circult/ miswiring protection. Compatible Each,Other,,nos,Estimates,12.0,18720.0,224640.0,,,,,,high,1,"[{""document_id"": ""WO-1--99137774-k est2.pdf"", ""attachment_type"": ""Estimates"", ""work_bill_id"": ""238123"", ""attachment_url"": ""https://accounts.bbmp.gov.in/vssIFMS/Files/WO-1--99137774-k%20est2.pdf"", ""listing_url"": ""https://accounts.bbmp.gov.in/vssWB/vss00CvStatusData.php?pAction=LoadWBFiles&pWorkBillID=238123"", ""page"": 7, ""page_kind"": ""estimate"", ""raw"": ""\\.No. 4.35 sages occ short circult/ miswiring protection. Compatible Each 12 18720.00 224640.00"", ""method"": ""OCR (tesseract psm 6, 2x, rulings removed)"", ""check"": ""arithmetic"", ""confidence"": ""high"", ""cross_validated"": true}]"
271,"upto 1100Volts as per S- . : & confirming to GTP of GROUP-A.2.8.8)3C X .5Sq.mm Supplying of KV LT UG cable having aluminium conductor PVC : insulated, extruded inner sheathed, galvanized, steel strip confirming to IS- : (No of Strip indicated in GTP) & mtr . *",Reinforcement & steel,,m,Estimates,750.0,118.8,89100.0,,,,,,high,1,"[{""document_id"": ""WO-1--99137774-k est2.pdf"", ""attachment_type"": ""Estimates"", ""work_bill_id"": ""238123"", ""attachment_url"": ""https://accounts.bbmp.gov.in/vssIFMS/Files/WO-1--99137774-k%20est2.pdf"", ""listing_url"": ""https://accounts.bbmp.gov.in/vssWB/vss00CvStatusData.php?pAction=LoadWBFiles&pWorkBillID=238123"", ""page"": 8, ""page_kind"": ""estimate"", ""raw"": ""confirming to IS-3975:1990 (No of Strip indicated in GTP) & mtr . 750 * 118.80 89100.00"", ""method"": ""OCR (tesseract psm 6, 2x)"", ""check"": ""arithmetic"", ""confidence"": ""high"", ""cross_validated"": true}]"
271,extruded PVC outer sheathed armoured cable with specified IS- / . : P.No- Part- : & confirming GTP of GROUP-A.7.4.2) core z .No- samm : - “ : - .4) core sqmm .5) core sqmm mtr,Electrical & lighting,,m,Estimates,7.4,7165.6,52992.0,,,,,,high,1,"[{""document_id"": ""WO-1--99137774-k est2.pdf"", ""attachment_type"": ""Estimates"", ""work_bill_id"": ""238123"", ""attachment_url"": ""https://accounts.bbmp.gov.in/vssIFMS/Files/WO-1--99137774-k%20est2.pdf"", ""listing_url"": ""https://accounts.bbmp.gov.in/vssWB/vss00CvStatusData.php?pAction=LoadWBFiles&pWorkBillID=238123"", ""page"": 8, ""page_kind"": ""estimate"", ""raw"": ""7.4.5) 3.5 core 25 sqmm [mtr | 320 7165.60 52992.00"", ""method"": ""OCR (tesseract psm 6, 2x)"", ""check"": ""arithmetic"", ""confidence"": ""high"", ""cross_validated"": true}]"
271,ag) core70sqmm mtr,Other,,,Estimates,70.0,270.0,18900.0,,,,,,medium,1,"[{""document_id"": ""WO-1--99137774-k est2.pdf"", ""attachment_type"": ""Estimates"", ""work_bill_id"": ""238123"", ""attachment_url"": ""https://accounts.bbmp.gov.in/vssIFMS/Files/WO-1--99137774-k%20est2.pdf"", ""listing_url"": ""https://accounts.bbmp.gov.in/vssWB/vss00CvStatusData.php?pAction=LoadWBFiles&pWorkBillID=238123"", ""page"": 8, ""page_kind"": ""estimate"", ""raw"": ""ag) 35 core70sqmm mtr 70 270.00 18900.00"", ""method"": ""OCR (tesseract psm 6, 2x)"", ""check"": ""arithmetic"", ""confidence"": ""medium"", ""cross_validated"": true}]"
271,Labour charges for laying of KV class UG cable in existing trench P.No- Gl pipe/ stoneware pipe/ on wall/ on pole as required “ .,Pipes & ducts,,nos,Estimates,2370.0,10.8,25596.0,,,,,,high,1,"[{""document_id"": ""WO-1--99137774-k est2.pdf"", ""attachment_type"": ""Estimates"", ""work_bill_id"": ""238123"", ""attachment_url"": ""https://accounts.bbmp.gov.in/vssIFMS/Files/WO-1--99137774-k%20est2.pdf"", ""listing_url"": ""https://accounts.bbmp.gov.in/vssWB/vss00CvStatusData.php?pAction=LoadWBFiles&pWorkBillID=238123"", ""page"": 8, ""page_kind"": ""estimate"", ""raw"": ""P.No-61 Gl pipe/ stoneware pipe/ on wall/ on pole as required 2370 “10.80 . 25596.00"", ""method"": ""OCR (tesseract psm 6, 2x)"", ""check"": ""arithmetic"", ""confidence"": ""high"", ""cross_validated"": true}]"
271,N In existing trench/duct.7.8.1) sqmm to .sqmm Ls I.No- existing trench/duct.7.8.2) sqmm to sqmm mtr « =,Pipes & ducts,,m,Estimates,390.0,16.2,6318.0,,,,,,high,1,"[{""document_id"": ""WO-1--99137774-k est2.pdf"", ""attachment_type"": ""Estimates"", ""work_bill_id"": ""238123"", ""attachment_url"": ""https://accounts.bbmp.gov.in/vssIFMS/Files/WO-1--99137774-k%20est2.pdf"", ""listing_url"": ""https://accounts.bbmp.gov.in/vssWB/vss00CvStatusData.php?pAction=LoadWBFiles&pWorkBillID=238123"", ""page"": 8, ""page_kind"": ""estimate"", ""raw"": ""I.No-7.8 [existing trench/duct.7.8.2) 25 sqmm to 75 sqmm | mtr «| = 390 16.20 6318.00"", ""method"": ""OCR (tesseract psm 6, 2x)"", ""check"": ""arithmetic"", ""confidence"": ""high"", ""cross_validated"": true}]"
271,". Digging of trench of .6m deep x mtr wide refilling the trench , P.No- to the required ground level and consolidating etc., complete.(As Mtr",Other,,m,Estimates,2275.0,106.0,241150.0,,,,,,high,1,"[{""document_id"": ""WO-1--99137774-k est2.pdf"", ""attachment_type"": ""Estimates"", ""work_bill_id"": ""238123"", ""attachment_url"": ""https://accounts.bbmp.gov.in/vssIFMS/Files/WO-1--99137774-k%20est2.pdf"", ""listing_url"": ""https://accounts.bbmp.gov.in/vssWB/vss00CvStatusData.php?pAction=LoadWBFiles&pWorkBillID=238123"", ""page"": 8, ""page_kind"": ""estimate"", ""raw"": ""P.No-61 |to the required ground level and consolidating etc., complete.(As Mtr 2275 106.00 241150.00"", ""method"": ""OCR (tesseract psm 6, 2x)"", ""check"": ""arithmetic"", ""confidence"": ""high"", ""cross_validated"": true}]"
271,) aan .No- ~ = - Supply and laying double walled corrugated (DWC) HDPE Pipe . : including all necessary connecting toe ‘iki ‘ . Sockets/Couplings/Tees/Bends/End-caps of same materials in ai : ; p.No- . lexisting trench as per IS part -II suitable for drawing :,Pipes & ducts,,nos,Estimates,1940.0,98.0,190120.0,,,,,,high,1,"[{""document_id"": ""WO-1--99137774-k est2.pdf"", ""attachment_type"": ""Estimates"", ""work_bill_id"": ""238123"", ""attachment_url"": ""https://accounts.bbmp.gov.in/vssIFMS/Files/WO-1--99137774-k%20est2.pdf"", ""listing_url"": ""https://accounts.bbmp.gov.in/vssWB/vss00CvStatusData.php?pAction=LoadWBFiles&pWorkBillID=238123"", ""page"": 8, ""page_kind"": ""estimate"", ""raw"": ""p.No-63. lexisting trench as per IS 14930 part -II suitable for drawing 1940 : 98.00 190120.00"", ""method"": ""OCR (tesseract psm 6, 2x)"", ""check"": ""arithmetic"", ""confidence"": ""high"", ""cross_validated"": true}]"
271,5mm dia ¢ No - each _12 “ “ _ .4) 45mm dia ee tach Supplying tinned copper lugs and crimping and wiring to terminal point for wire of the following sizes. A P.No- )tesgmm ach aaaa~ _—__13572.00) .No - .7 ) sqmm Long Barrel each 6a >t .10) sqmm Long Barrel Each,Other,,nos,Estimates,8.0,98.28,786.24,,,,,,high,1,"[{""document_id"": ""WO-1--99137774-k est2.pdf"", ""attachment_type"": ""Estimates"", ""work_bill_id"": ""238123"", ""attachment_url"": ""https://accounts.bbmp.gov.in/vssIFMS/Files/WO-1--99137774-k%20est2.pdf"", ""listing_url"": ""https://accounts.bbmp.gov.in/vssWB/vss00CvStatusData.php?pAction=LoadWBFiles&pWorkBillID=238123"", ""page"": 9, ""page_kind"": ""estimate"", ""raw"": ""7.21.10) 70 sqmm Long Barrel | Each | 8 98.28 786.24"", ""method"": ""OCR (tesseract psm 6, 2x)"", ""check"": ""arithmetic"", ""confidence"": ""high"", ""cross_validated"": true}]"
271,"hes, regulators etc., and fixing — .No- Jon existing wood or metal box using N.F.screws. , Painting of existing street light pole after scrapping the old paint - P.No- painted with suitable colour enamel/Silver paint including LLNo- ©2Pin#/footing of the pole.",Electrical & lighting,,,Estimates,16.0,700.0,11200.0,,,,,,medium,1,"[{""document_id"": ""WO-1--99137774-k est2.pdf"", ""attachment_type"": ""Estimates"", ""work_bill_id"": ""238123"", ""attachment_url"": ""https://accounts.bbmp.gov.in/vssIFMS/Files/WO-1--99137774-k%20est2.pdf"", ""listing_url"": ""https://accounts.bbmp.gov.in/vssWB/vss00CvStatusData.php?pAction=LoadWBFiles&pWorkBillID=238123"", ""page"": 9, ""page_kind"": ""estimate"", ""raw"": ""LLNo-16,28 |©2Pin#/footing of the pole. 16 700.00 11200.00"", ""method"": ""OCR (tesseract psm 6, 2x)"", ""check"": ""arithmetic"", ""confidence"": ""medium"", ""cross_validated"": true}]"
271,.3) 8Mtr and above street light pole. ; P.No- Supplying and fixing of Spiral Earth Electrodes as per standard .No- technical specification as per BESCOM. Each,Electrical & lighting,,nos,Estimates,76.0,544.0,41344.0,,,,,,high,1,"[{""document_id"": ""WO-1--99137774-k est2.pdf"", ""attachment_type"": ""Estimates"", ""work_bill_id"": ""238123"", ""attachment_url"": ""https://accounts.bbmp.gov.in/vssIFMS/Files/WO-1--99137774-k%20est2.pdf"", ""listing_url"": ""https://accounts.bbmp.gov.in/vssWB/vss00CvStatusData.php?pAction=LoadWBFiles&pWorkBillID=238123"", ""page"": 9, ""page_kind"": ""estimate"", ""raw"": "".No-8.14 technical specification as per BESCOM. Each 76 544.00 41344.00"", ""method"": ""OCR (tesseract psm 6, 2x)"", ""check"": ""arithmetic"", ""confidence"": ""high"", ""cross_validated"": true}]"
271,"ecification No. , - KBS , (Item No. - , Page No. ) = : —_—_+ KSRB - : Providing and removing centering, stuttering, ; strutting, propping etc., and removal of form work for foundations, a ° footings, bases of columns for mass concrete including cost of all Sqm",Dismantling & removal,KSRB 4-6.1,sqm,Estimates,120.0,239.56,28747.2,,,,,,high,1,"[{""document_id"": ""WO-1--99137774-k est2.pdf"", ""attachment_type"": ""Estimates"", ""work_bill_id"": ""238123"", ""attachment_url"": ""https://accounts.bbmp.gov.in/vssIFMS/Files/WO-1--99137774-k%20est2.pdf"", ""listing_url"": ""https://accounts.bbmp.gov.in/vssWB/vss00CvStatusData.php?pAction=LoadWBFiles&pWorkBillID=238123"", ""page"": 10, ""page_kind"": ""estimate"", ""raw"": ""a 38° footings, bases of columns for mass concrete including cost of all Sqm 120 239.56 28747.20"", ""method"": ""OCR (tesseract psm 6, 2x)"", ""check"": ""arithmetic"", ""confidence"": ""high"", ""cross_validated"": true}]"
287,"transit mixer and concrete pump. I __l i _ Plain/ reinforcement Cement Concrete design mix M25 sub structure with OPC cement @340kgs, with i ix Thousand Six 20mm and down size graded granite metal coarse aggregates @ .7cum and fine aggregates @047cum Cum ae oa","Paving, kerbs & footpath",,cum,Schedule B,234.0,6600.0,1544400.0,,,,,,high,1,"[{""document_id"": ""WO-4--01119150-Schedule b.pdf"", ""attachment_type"": ""Schedule B"", ""work_bill_id"": ""129159"", ""attachment_url"": ""https://accounts.bbmp.gov.in/vssIFMS/Files/WO-4--01119150-Schedule%20b.pdf"", ""listing_url"": ""https://accounts.bbmp.gov.in/vssWB/vss00CvStatusData.php?pAction=LoadWBFiles&pWorkBillID=129159"", ""page"": 1, ""page_kind"": ""schedule_b"", ""raw"": ""6 20mm and down size graded granite metal coarse aggregates @0.7cum and fine aggregates @047cum Cum 234 6600.00 ae oa | 1544400.00"", ""method"": ""OCR (tesseract psm 6, 2x, rulings removed)"", ""check"": ""arithmetic"", ""confidence"": ""high"", ""cross_validated"": true}]"
287,"housand Only = Providing & laying precast drain cover slab of ; <a cal OS terial : : mm thickness in CM : including cost of all Rupees Five Thousand ° En i ater . one Portation, loading, unloading etc, complete as per the directions of the Cum Two Hundred Only",Drain & culvert works,,cum,Schedule B,64.0,5200.0,332800.0,121.0,,121.0,bill abstracts (sum of read bills),89.1,medium,1,"[{""document_id"": ""WO-4--01119150-Schedule b.pdf"", ""attachment_type"": ""Schedule B"", ""work_bill_id"": ""129159"", ""attachment_url"": ""https://accounts.bbmp.gov.in/vssIFMS/Files/WO-4--01119150-Schedule%20b.pdf"", ""listing_url"": ""https://accounts.bbmp.gov.in/vssWB/vss00CvStatusData.php?pAction=LoadWBFiles&pWorkBillID=129159"", ""page"": 1, ""page_kind"": ""schedule_b"", ""raw"": ""| ° En i ater . one Portation, loading, unloading etc, complete as per the directions of the Cum 64 5200.00 Two Hundred Only 332800.00"", ""method"": ""OCR (tesseract psm 6, 2x, rulings removed)"", ""check"": ""arithmetic"", ""confidence"": ""high"", ""cross_validated"": true}, {""document_id"": ""WB-Bill--86598075-bill form 170.pdf"", ""attachment_type"": ""Bill Form"", ""work_bill_id"": ""129159"", ""attachment_url"": ""https://accounts.bbmp.gov.in/vssIFMS/Files/WB-Bill--86598075-bill%20form%20170.pdf"", ""listing_url"": ""https://accounts.bbmp.gov.in/vssWB/vss00CvStatusData.php?pAction=LoadWBFiles&pWorkBillID=129159"", ""page"": 3, ""page_kind"": ""abstract"", ""raw"": ""ae “ ials, labour, CUNNY, transportation, loading,| Cum 64.00 5200.00 0.00 0.00 28.50 148200.00 28.50 148200.00"", ""method"": ""OCR (tesseract psm 6, 2x)"", ""check"": ""arithmetic"", ""confidence"": ""high"", ""cross_validated"": true}, {""document_id"": ""WB-MB--39251812-mb 1-Reduced.pdf"", ""attachment_type"": ""M.B."", ""work_bill_id"": ""129159"", ""attachment_url"": ""https://accounts.bbmp.gov.in/vssIFMS/Files/WB-MB--39251812-mb%201-Reduced.pdf"", ""listing_url"": ""https://accounts.bbmp.gov.in/vssWB/vss00CvStatusData.php?pAction=LoadWBFiles&pWorkBillID=129159"", ""page"": 4, ""page_kind"": ""abstract"", ""raw"": ""— “Total ==: 28.50\"" 5200.00 _-148200.0 }-—~"", ""method"": ""OCR (tesseract psm 6, 2x, rulings removed)"", ""check"": ""arithmetic"", ""confidence"": ""medium"", ""cross_validated"": true}, {""document_id"": ""WB-Bill--66623591-bill form_20180117162130.pdf"", ""attachment_type"": ""Bill Form"", ""work_bill_id"": ""138139"", ""attachment_url"": ""https://accounts.bbmp.gov.in/vssIFMS/Files/WB-Bill--66623591-bill%20form_20180117162130.pdf"", ""listing_url"": ""https://accounts.bbmp.gov.in/vssWB/vss00CvStatusData.php?pAction=LoadWBFiles&pWorkBillID=138139"", ""page"": 3, ""page_kind"": ""abstract"", ""raw"": ""123 including cost of all materials; ssiiimiaiiaaitaitaia: ieee hg | 5200.00 14820000 | 3550 | 184600.00 | 64.00 | 332800.00"", ""method"": ""OCR (tesseract psm 6, 2x, rotated 90°)"", ""check"": ""arithmetic"", ""confidence"": ""medium"", ""cross_validated"": true}]"
287,"re Two Hundred Onl _ Providing and laying reinforced cement concrete pi = TES ; as Pipe NP2 for culverts including pointing edge ends, _ Rupees One Whousand /and fixing collars with cement mortar : includi ‘ od M pees",Drain & culvert works,,m,Schedule B,21.0,1200.0,25200.0,,,,,,high,1,"[{""document_id"": ""WO-4--01119150-Schedule b.pdf"", ""attachment_type"": ""Schedule B"", ""work_bill_id"": ""129159"", ""attachment_url"": ""https://accounts.bbmp.gov.in/vssIFMS/Files/WO-4--01119150-Schedule%20b.pdf"", ""listing_url"": ""https://accounts.bbmp.gov.in/vssWB/vss00CvStatusData.php?pAction=LoadWBFiles&pWorkBillID=129159"", ""page"": 1, ""page_kind"": ""schedule_b"", ""raw"": ""10 /and fixing collars with cement mortar 1:2 includi ‘ od M 21 1200.00 pees 25200.00"", ""method"": ""OCR (tesseract psm 6, 2x, rulings removed)"", ""check"": ""arithmetic"", ""confidence"": ""high"", ""cross_validated"": true}]"
287,"ck pavers, using cement and course : sand for manufacutre of blocks of approved size, shape and colour with a minimum compreedive d Strength of kg per sqm over mm thick sand bed (average thickness) and compacting with plate Rupees Eight Hundred 1s, : . : Sqm =","Paving, kerbs & footpath",,sqm,Schedule B,387.45,870.0,337081.5,,,,,,medium,1,"[{""document_id"": ""WO-4--01119150-Schedule b.pdf"", ""attachment_type"": ""Schedule B"", ""work_bill_id"": ""129159"", ""attachment_url"": ""https://accounts.bbmp.gov.in/vssIFMS/Files/WO-4--01119150-Schedule%20b.pdf"", ""listing_url"": ""https://accounts.bbmp.gov.in/vssWB/vss00CvStatusData.php?pAction=LoadWBFiles&pWorkBillID=129159"", ""page"": 2, ""page_kind"": ""schedule_b"", ""raw"": ""1s, 3 : . : Sqm 387.45 870.00 33708150 ="", ""method"": ""OCR (tesseract psm 6, 2x, rulings removed)"", ""check"": ""decimal restored"", ""confidence"": ""medium"", ""cross_validated"": true}]"
287,"ng graded stones - aggregate to wet mix macadam specification including premixing the material with water at OMC in R One Thousand mechanical mix plant carriage of mixed materials by tipper to site, laying in uniform layers with paver in Cum Eight Han red Only",Granular base / sub-base,KSRRB M400,cum,Schedule B,744.39,1800.0,1339902.0,744.39,,744.39,bill form total up to date,0.0,high,1,"[{""document_id"": ""WO-4--01119150-Schedule b.pdf"", ""attachment_type"": ""Schedule B"", ""work_bill_id"": ""129159"", ""attachment_url"": ""https://accounts.bbmp.gov.in/vssIFMS/Files/WO-4--01119150-Schedule%20b.pdf"", ""listing_url"": ""https://accounts.bbmp.gov.in/vssWB/vss00CvStatusData.php?pAction=LoadWBFiles&pWorkBillID=129159"", ""page"": 2, ""page_kind"": ""schedule_b"", ""raw"": ""16 mechanical mix plant carriage of mixed materials by tipper to site, laying in uniform layers with paver in Cum 744.39 1800.00 Eight Han red Only 1339902.00"", ""method"": ""OCR (tesseract psm 6, 2x, rulings removed)"", ""check"": ""arithmetic"", ""confidence"": ""high"", ""cross_validated"": true}, {""document_id"": ""WB-Bill--86598075-bill form 170.pdf"", ""attachment_type"": ""Bill Form"", ""work_bill_id"": ""129159"", ""attachment_url"": ""https://accounts.bbmp.gov.in/vssIFMS/Files/WB-Bill--86598075-bill%20form%20170.pdf"", ""listing_url"": ""https://accounts.bbmp.gov.in/vssWB/vss00CvStatusData.php?pAction=LoadWBFiles&pWorkBillID=129159"", ""page"": 4, ""page_kind"": ""abstract"", ""raw"": ""16 {plant carriage of mixed materials by tipper to site, laying in uniform Cum 744.39 1800.00 0.00 0.00 744.39 | 1339902.00 744.39 1339902.00"", ""method"": ""OCR (tesseract psm 6, 2x)"", ""check"": ""arithmetic"", ""confidence"": ""high"", ""cross_validated"": true}]"
287,"um Sub-base over a _ Prepared sub-grade with Coarse and the fine aggregate conforming to IS: aggregate cement ratio not to exceed : a i i t to be less Rupees Three Thousand » aggregate gradation after blending to be as per TAble - cement content no! Cum pee: ,",Concrete,,cum,Schedule B,248.13,3700.0,918081.0,248.13,,248.13,bill form total up to date,0.0,high,1,"[{""document_id"": ""WO-4--01119150-Schedule b.pdf"", ""attachment_type"": ""Schedule B"", ""work_bill_id"": ""129159"", ""attachment_url"": ""https://accounts.bbmp.gov.in/vssIFMS/Files/WO-4--01119150-Schedule%20b.pdf"", ""listing_url"": ""https://accounts.bbmp.gov.in/vssWB/vss00CvStatusData.php?pAction=LoadWBFiles&pWorkBillID=129159"", ""page"": 2, ""page_kind"": ""schedule_b"", ""raw"": ""17 » aggregate gradation after blending to be as per TAble 600-1, cement content no! Cum | 248.13 3700.00 pee: , 918081.00"", ""method"": ""OCR (tesseract psm 6, 2x, rulings removed)"", ""check"": ""arithmetic"", ""confidence"": ""high"", ""cross_validated"": true}, {""document_id"": ""WB-Bill--86598075-bill form 170.pdf"", ""attachment_type"": ""Bill Form"", ""work_bill_id"": ""129159"", ""attachment_url"": ""https://accounts.bbmp.gov.in/vssIFMS/Files/WB-Bill--86598075-bill%20form%20170.pdf"", ""listing_url"": ""https://accounts.bbmp.gov.in/vssWB/vss00CvStatusData.php?pAction=LoadWBFiles&pWorkBillID=129159"", ""page"": 4, ""page_kind"": ""abstract"", ""raw"": ""17 |blending to be as per TAble 600-1, cement content not to be less than 160] Cum | 248.13 | 3700.00 0.00 0.00 248.1 918081.00 248.13 918081.00"", ""method"": ""OCR (tesseract psm 6, 2x)"", ""check"": ""arithmetic"", ""confidence"": ""high"", ""cross_validated"": true}]"
287,"g straightening, cutting, bending, ———— a hooking, placing in position, lapping and / or welding wherever required, tying with binding wire and anchoring to the adjoining members wherever necessary complete as per design (laps, hooks and) MT Rupees Sixty Seven",Earthwork & excavation,,,Schedule B,14.89,67000.0,997630.0,,,,,,medium,1,"[{""document_id"": ""WO-4--01119150-Schedule b.pdf"", ""attachment_type"": ""Schedule B"", ""work_bill_id"": ""129159"", ""attachment_url"": ""https://accounts.bbmp.gov.in/vssIFMS/Files/WO-4--01119150-Schedule%20b.pdf"", ""listing_url"": ""https://accounts.bbmp.gov.in/vssWB/vss00CvStatusData.php?pAction=LoadWBFiles&pWorkBillID=129159"", ""page"": 3, ""page_kind"": ""schedule_b"", ""raw"": ""19 anchoring to the adjoining members wherever necessary complete as per design (laps, hooks and) MT 14.89 67000.00 Rupees Sixty Seven 997630.00"", ""method"": ""OCR (tesseract psm 6, 2x, rulings removed)"", ""check"": ""arithmetic"", ""confidence"": ""medium"", ""cross_validated"": true}]"
287,"rials, labour, HOM of machinery complete as per Thousand Only , specifications. Painting two coats after filling the surface with synthetic enamel paint in all shades on new plastered i J concrete surfaces complete as per specifications. Sqm Rupees Fourty Only",Concrete,,sqm,Schedule B,153.9,40.0,6156.0,105.3,,105.3,bill abstracts (sum of read bills),-31.6,high,1,"[{""document_id"": ""WO-4--01119150-Schedule b.pdf"", ""attachment_type"": ""Schedule B"", ""work_bill_id"": ""129159"", ""attachment_url"": ""https://accounts.bbmp.gov.in/vssIFMS/Files/WO-4--01119150-Schedule%20b.pdf"", ""listing_url"": ""https://accounts.bbmp.gov.in/vssWB/vss00CvStatusData.php?pAction=LoadWBFiles&pWorkBillID=129159"", ""page"": 3, ""page_kind"": ""schedule_b"", ""raw"": ""| concrete surfaces complete as per specifications. Sqm 153.9 40.00 Rupees Fourty Only 6156.00"", ""method"": ""OCR (tesseract psm 6, 2x, rulings removed)"", ""check"": ""arithmetic"", ""confidence"": ""high"", ""cross_validated"": true}, {""document_id"": ""WB-Bill--86598075-bill form 170.pdf"", ""attachment_type"": ""Bill Form"", ""work_bill_id"": ""129159"", ""attachment_url"": ""https://accounts.bbmp.gov.in/vssIFMS/Files/WB-Bill--86598075-bill%20form%20170.pdf"", ""listing_url"": ""https://accounts.bbmp.gov.in/vssWB/vss00CvStatusData.php?pAction=LoadWBFiles&pWorkBillID=129159"", ""page"": 5, ""page_kind"": ""abstract"", ""raw"": ""20 7 spades on new plastered concrete surfaces complete as per} Sqm 153.90 40.00 0.00 0.00 105.30 4212.00 4212.00"", ""method"": ""OCR (tesseract psm 6, 2x)"", ""check"": ""arithmetic"", ""confidence"": ""high"", ""cross_validated"": true}]"
315,"prising of works SI acai a. eH . Rate (in Rs.) Amount : seo eet SS inguin (ins) Removing B.S Slab of Drain and Stacking with all lead and lift , loading and unloading and allother incidental charges etc., complete as per specification and Sqm Rupees Forty Only",Dismantling & removal,,sqm,Schedule B,25022.4,40.0,1000896.0,,,,,,high,1,"[{""document_id"": ""WO-4--57899207-Shedule B 01.jpg"", ""attachment_type"": ""Schedule B"", ""work_bill_id"": ""264324"", ""attachment_url"": ""https://accounts.bbmp.gov.in/vssIFMS/Files/WO-4--57899207-Shedule%20B%2001.jpg"", ""listing_url"": ""https://accounts.bbmp.gov.in/vssWB/vss00CvStatusData.php?pAction=LoadWBFiles&pWorkBillID=264324"", ""page"": 1, ""page_kind"": ""schedule_b"", ""raw"": ""unloading and allother incidental charges etc., complete as per specification and] Sqm] 25022.40 | 40.00 Rupees Forty Only 1000896.00"", ""method"": ""OCR (tesseract psm 6, 2x)"", ""check"": ""arithmetic"", ""confidence"": ""high"", ""cross_validated"": true}]"
315,"lls and other structure comprising of masonry, cement concrete, wood! work, steel work, including T&P and scaffolding wherever necessary, sorting the dismantled material, disposal of unserviceble material and stacking the serviceble Cum Rupees Two Hundred Only",Dismantling & removal,,cum,Schedule B,2514.2,200.0,502940.0,,,,,,high,1,"[{""document_id"": ""WO-4--57899207-Shedule B 01.jpg"", ""attachment_type"": ""Schedule B"", ""work_bill_id"": ""264324"", ""attachment_url"": ""https://accounts.bbmp.gov.in/vssIFMS/Files/WO-4--57899207-Shedule%20B%2001.jpg"", ""listing_url"": ""https://accounts.bbmp.gov.in/vssWB/vss00CvStatusData.php?pAction=LoadWBFiles&pWorkBillID=264324"", ""page"": 1, ""page_kind"": ""schedule_b"", ""raw"": ""2 dismantled material, disposal of unserviceble material and stacking the serviceble Cum} 2514.20 | 200.00 Rupees Two Hundred Only 502940.00"", ""method"": ""OCR (tesseract psm 6, 2x)"", ""check"": ""arithmetic"", ""confidence"": ""high"", ""cross_validated"": true}]"
315,"crete, wood work, steel work, including T&P and scaffolding wherever necessary, sorting the! dismantled material, disposal of unserviceble material and stacking the serviceble Imaterial with all lifts complete as per specifications. Cum Rupees One Hundred Only",Dismantling & removal,KSRRB M200-15.2,cum,Schedule B,182.16,100.0,18216.0,,,,,,high,1,"[{""document_id"": ""WO-4--57899207-Shedule B 01.jpg"", ""attachment_type"": ""Schedule B"", ""work_bill_id"": ""264324"", ""attachment_url"": ""https://accounts.bbmp.gov.in/vssIFMS/Files/WO-4--57899207-Shedule%20B%2001.jpg"", ""listing_url"": ""https://accounts.bbmp.gov.in/vssWB/vss00CvStatusData.php?pAction=LoadWBFiles&pWorkBillID=264324"", ""page"": 1, ""page_kind"": ""schedule_b"", ""raw"": ""Imaterial with all lifts complete as per specifications. Cum} 182.16 100.00 Rupees One Hundred Only 18216.00"", ""method"": ""OCR (tesseract psm 6, 2x)"", ""check"": ""arithmetic"", ""confidence"": ""high"", ""cross_validated"": true}]"
315,"tion and direction of the engineer-in-charge of the work Removing and Resetting of Footpath Slab with all lead and lift , loading and unloading and allother incidental charges etc., complete as per specification and direction of the Sqm Rupees One Hundred Only",Dismantling & removal,,sqm,Schedule B,17832.85,100.0,1783285.0,12882.62,,12882.62,bill abstracts (sum of read bills),-27.8,high,1,"[{""document_id"": ""WO-4--57899207-Shedule B 01.jpg"", ""attachment_type"": ""Schedule B"", ""work_bill_id"": ""264324"", ""attachment_url"": ""https://accounts.bbmp.gov.in/vssIFMS/Files/WO-4--57899207-Shedule%20B%2001.jpg"", ""listing_url"": ""https://accounts.bbmp.gov.in/vssWB/vss00CvStatusData.php?pAction=LoadWBFiles&pWorkBillID=264324"", ""page"": 1, ""page_kind"": ""schedule_b"", ""raw"": ""and allother incidental charges etc., complete as per specification and direction of the] Sqm] 17832.85 | 100.00 Rupees One Hundred Only 1783285.00"", ""method"": ""OCR (tesseract psm 6, 2x)"", ""check"": ""arithmetic"", ""confidence"": ""high"", ""cross_validated"": true}, {""document_id"": ""WB-Bill--15033005-bill form(7).pdf"", ""attachment_type"": ""Bill Form"", ""work_bill_id"": ""264324"", ""attachment_url"": ""https://accounts.bbmp.gov.in/vssIFMS/Files/WB-Bill--15033005-bill%20form%287%29.pdf"", ""listing_url"": ""https://accounts.bbmp.gov.in/vssWB/vss00CvStatusData.php?pAction=LoadWBFiles&pWorkBillID=264324"", ""page"": 2, ""page_kind"": ""abstract"", ""raw"": ""allother incidental charges etc., complete as per specification and direction of the engineer-in-|Sqm | 17832.85 100.00 | 12882.62 | 1288262.00 100.00 12882.62 | 1288262.00"", ""method"": ""OCR (tesseract psm 6, 2x)"", ""check"": ""arithmetic"", ""confidence"": ""high"", ""cross_validated"": true}]"
315," 2700mm to 3600mm including cutting of trunks, branches and removal of stumps, roots stacking of serviceable materials with all lifts and up to a lead of 1000m and earth filling in the depressions / pit, complete as per specifications. Rupees Two Thousand Only",Earthwork & excavation,KSRRB M200-6.1,,Schedule B,77.0,2000.0,154000.0,77.0,,77.0,bill form total up to date,0.0,medium,1,"[{""document_id"": ""WO-4--57899207-Shedule B 01.jpg"", ""attachment_type"": ""Schedule B"", ""work_bill_id"": ""264324"", ""attachment_url"": ""https://accounts.bbmp.gov.in/vssIFMS/Files/WO-4--57899207-Shedule%20B%2001.jpg"", ""listing_url"": ""https://accounts.bbmp.gov.in/vssWB/vss00CvStatusData.php?pAction=LoadWBFiles&pWorkBillID=264324"", ""page"": 1, ""page_kind"": ""schedule_b"", ""raw"": ""5 |complete as per specifications. 77.00 2000.00 Rupees Two Thousand Only 154000.00"", ""method"": ""OCR (tesseract psm 6, 2x)"", ""check"": ""arithmetic"", ""confidence"": ""medium"", ""cross_validated"": true}, {""document_id"": ""WB-Bill--15033005-bill form(7).pdf"", ""attachment_type"": ""Bill Form"", ""work_bill_id"": ""264324"", ""attachment_url"": ""https://accounts.bbmp.gov.in/vssIFMS/Files/WB-Bill--15033005-bill%20form%287%29.pdf"", ""listing_url"": ""https://accounts.bbmp.gov.in/vssWB/vss00CvStatusData.php?pAction=LoadWBFiles&pWorkBillID=264324"", ""page"": 2, ""page_kind"": ""abstract"", ""raw"": ""MORTH Specification No. 201 with all lead and lift , loading and unloading and allother|;,-, 77.00 2000.00 77.00 154000.00 2000.00 77.00 154000,00"", ""method"": ""OCR (tesseract psm 6, 2x)"", ""check"": ""arithmetic"", ""confidence"": ""high"", ""cross_validated"": true}]"
315,"ed concrete (RMC) for RCC works laid in ISems thick layers and well compacted vibrating, curing, finishing with necessary cement mortar, with all lead and lifts etc., complete (exclusive of cpost of steel and! fabricaton charges) Cum Rupees Seven Thousand Only",Concrete,,cum,Schedule B,115.7,7000.0,809900.0,,,,,,high,1,"[{""document_id"": ""WO-4--01787008-Shedule B 02.jpg"", ""attachment_type"": ""Schedule B"", ""work_bill_id"": ""264324"", ""attachment_url"": ""https://accounts.bbmp.gov.in/vssIFMS/Files/WO-4--01787008-Shedule%20B%2002.jpg"", ""listing_url"": ""https://accounts.bbmp.gov.in/vssWB/vss00CvStatusData.php?pAction=LoadWBFiles&pWorkBillID=264324"", ""page"": 1, ""page_kind"": ""schedule_b"", ""raw"": ""fabricaton charges) Cum} 115.70 | 7000.00 Rupees Seven Thousand Only 809900.00"", ""method"": ""OCR (tesseract psm 6, 2x)"", ""check"": ""arithmetic"", ""confidence"": ""high"", ""cross_validated"": true}]"
315,"Ss! a) . Rate (in Rs.) Amount a it oars — ee — _ dees Refixing Stone Slabs of Drains and pointing in C.M ( : ) with all lead and lift , © loading and unloading and allother incidental charges etc., complete as per Rupees Sixty Only",Drain & culvert works,,,Schedule B,18020.22,60.0,1081213.0,,,,,,medium,1,"[{""document_id"": ""WO-4--33794771-Shedule B 03.jpg"", ""attachment_type"": ""Schedule B"", ""work_bill_id"": ""264324"", ""attachment_url"": ""https://accounts.bbmp.gov.in/vssIFMS/Files/WO-4--33794771-Shedule%20B%2003.jpg"", ""listing_url"": ""https://accounts.bbmp.gov.in/vssWB/vss00CvStatusData.php?pAction=LoadWBFiles&pWorkBillID=264324"", ""page"": 1, ""page_kind"": ""schedule_b"", ""raw"": ""© loading and unloading and allother incidental charges etc., complete as per| 18020.22 | 60.00 Rupees Sixty Only 1081213.00"", ""method"": ""OCR (tesseract psm 6, 2x)"", ""check"": ""arithmetic"", ""confidence"": ""medium"", ""cross_validated"": true}]"
315," the engineer-in-charge of the work KSRB - : Providing chamfering edges to stone slab cms. wide as per specifications, (only chamfered length shall be recorded) . IKBS .13 with all lead and lift , loading and unloading and allother incidental Rupees Fifty Only",Drain & culvert works,KSRB 5-9,,Schedule B,69097.4,50.0,3454870.0,69097.4,,69097.4,bill abstracts (sum of read bills),0.0,medium,1,"[{""document_id"": ""WO-4--33794771-Shedule B 03.jpg"", ""attachment_type"": ""Schedule B"", ""work_bill_id"": ""264324"", ""attachment_url"": ""https://accounts.bbmp.gov.in/vssIFMS/Files/WO-4--33794771-Shedule%20B%2003.jpg"", ""listing_url"": ""https://accounts.bbmp.gov.in/vssWB/vss00CvStatusData.php?pAction=LoadWBFiles&pWorkBillID=264324"", ""page"": 1, ""page_kind"": ""schedule_b"", ""raw"": ""13. IKBS 5.1.13 with all lead and lift , loading and unloading and allother incidental 69097.40 | 50.00 Rupees Fifty Only 3454870.00"", ""method"": ""OCR (tesseract psm 6, 2x)"", ""check"": ""arithmetic"", ""confidence"": ""medium"", ""cross_validated"": true}, {""document_id"": ""WB-Bill--15033005-bill form(7).pdf"", ""attachment_type"": ""Bill Form"", ""work_bill_id"": ""264324"", ""attachment_url"": ""https://accounts.bbmp.gov.in/vssIFMS/Files/WB-Bill--15033005-bill%20form%287%29.pdf"", ""listing_url"": ""https://accounts.bbmp.gov.in/vssWB/vss00CvStatusData.php?pAction=LoadWBFiles&pWorkBillID=264324"", ""page"": 3, ""page_kind"": ""abstract"", ""raw"": ""13 {KBS 5.1.13 with all lead and lift , loading and unloading and allother incidental charges etc., 69097.40 50.00 69097.40 | 3454870.00 6909740 | 3454870.00 j"", ""method"": ""OCR (tesseract psm 6, 2x)"", ""check"": ""arithmetic"", ""confidence"": ""medium"", ""cross_validated"": true}]"
315,"l coarse aggregates @ cum and fine aggregates @ cum, machine mixed, concrete laid in layers not exceeding cms. thick, well compacted, in foundation including; cost of all materials, labour, HOM of machinery, curing complete as per Cum Rupees Five Thousand Only",Concrete,KSRB 4-1.2,cum,Schedule B,2266.22,5000.0,11331100.0,,,,,,high,1,"[{""document_id"": ""WO-4--33794771-Shedule B 03.jpg"", ""attachment_type"": ""Schedule B"", ""work_bill_id"": ""264324"", ""attachment_url"": ""https://accounts.bbmp.gov.in/vssIFMS/Files/WO-4--33794771-Shedule%20B%2003.jpg"", ""listing_url"": ""https://accounts.bbmp.gov.in/vssWB/vss00CvStatusData.php?pAction=LoadWBFiles&pWorkBillID=264324"", ""page"": 1, ""page_kind"": ""schedule_b"", ""raw"": ""cost of all materials, labour, HOM of machinery, curing complete as per Cum} 2266.22 | 5000.00 Rupees Five Thousand Only 11331100.00"", ""method"": ""OCR (tesseract psm 6, 2x)"", ""check"": ""arithmetic"", ""confidence"": ""high"", ""cross_validated"": true}]"
315,"h compressive strength not less than Newton/sqm with cement mortor : masonry (quoin, jamb, closer blocks) with solid concrete blocks of size 40X15X20 cms confirming to .$: /196S in superstructure including cost of materials, labor Sqm Rupees Eight Hundred Only",Concrete,KSRRB 5-14,sqm,Schedule B,3130.42,800.0,2504336.0,,,,,,high,1,"[{""document_id"": ""WO-4--36911415-Shedule B 04.jpg"", ""attachment_type"": ""Schedule B"", ""work_bill_id"": ""264324"", ""attachment_url"": ""https://accounts.bbmp.gov.in/vssIFMS/Files/WO-4--36911415-Shedule%20B%2004.jpg"", ""listing_url"": ""https://accounts.bbmp.gov.in/vssWB/vss00CvStatusData.php?pAction=LoadWBFiles&pWorkBillID=264324"", ""page"": 1, ""page_kind"": ""schedule_b"", ""raw"": ""17 |confirming to 1.$:2185/196S in superstructure including cost of materials, labor| Sqm] 3130.42 | 800.00 Rupees Eight Hundred Only 2504336.00"", ""method"": ""OCR (tesseract psm 6, 2x)"", ""check"": ""arithmetic"", ""confidence"": ""high"", ""cross_validated"": true}]"
315," .1 Providing flush pointing to square rubble, course or uncoursed stone masonry with cement mortar : 20mm deep, after raking joints to depth of 20mm - nicely lining, including cost of materials, labour, curing complete as per specifications. Rupees Sixty Only",Drain & culvert works,KSRB 15.1.1,,Schedule B,4232.83,60.0,253970.0,,,,,,medium,1,"[{""document_id"": ""WO-4--36911415-Shedule B 04.jpg"", ""attachment_type"": ""Schedule B"", ""work_bill_id"": ""264324"", ""attachment_url"": ""https://accounts.bbmp.gov.in/vssIFMS/Files/WO-4--36911415-Shedule%20B%2004.jpg"", ""listing_url"": ""https://accounts.bbmp.gov.in/vssWB/vss00CvStatusData.php?pAction=LoadWBFiles&pWorkBillID=264324"", ""page"": 1, ""page_kind"": ""schedule_b"", ""raw"": ""nicely lining, including cost of materials, labour, curing complete as per specifications. 4232.83 60.00 Rupees Sixty Only 253970.00"", ""method"": ""OCR (tesseract psm 6, 2x)"", ""check"": ""arithmetic"", ""confidence"": ""medium"", ""cross_validated"": true}]"
315,"rete M20 using graded granite jelly 20mm and down size with steel reinforcement, including form work, lift charges, curing and concrete finished surfaces on both sides etc, complete and as per drawing and the directions of Engineer Sqm Rupees Two Thousand Only","Paving, kerbs & footpath",,sqm,Schedule B,12257.03,2000.0,24514060.0,,,,,,high,1,"[{""document_id"": ""WO-4--36911415-Shedule B 04.jpg"", ""attachment_type"": ""Schedule B"", ""work_bill_id"": ""264324"", ""attachment_url"": ""https://accounts.bbmp.gov.in/vssIFMS/Files/WO-4--36911415-Shedule%20B%2004.jpg"", ""listing_url"": ""https://accounts.bbmp.gov.in/vssWB/vss00CvStatusData.php?pAction=LoadWBFiles&pWorkBillID=264324"", ""page"": 1, ""page_kind"": ""schedule_b"", ""raw"": ""surfaces on both sides etc, complete and as per drawing and the directions of Engineer| Sqm] 12257.03 | 2000.00 Rupees Two Thousand Only 24514060.00"", ""method"": ""OCR (tesseract psm 6, 2x)"", ""check"": ""arithmetic"", ""confidence"": ""high"", ""cross_validated"": true}]"
315,"crete M20 using graded granite jelly 20mm and down size with steel reinforcement, including form work, lift charges, curing and concrete finished surfaces on both sides etc, complete and as per drawing and the directions of Engineer Repecs Foae eg Five Hundred","Paving, kerbs & footpath",,,Schedule B,1587.6,4500.0,7144200.0,,,,,,medium,1,"[{""document_id"": ""WO-4--36911415-Shedule B 04.jpg"", ""attachment_type"": ""Schedule B"", ""work_bill_id"": ""264324"", ""attachment_url"": ""https://accounts.bbmp.gov.in/vssIFMS/Files/WO-4--36911415-Shedule%20B%2004.jpg"", ""listing_url"": ""https://accounts.bbmp.gov.in/vssWB/vss00CvStatusData.php?pAction=LoadWBFiles&pWorkBillID=264324"", ""page"": 1, ""page_kind"": ""schedule_b"", ""raw"": ""surfaces on both sides etc, complete and as per drawing and the directions of Engineer 1587.60 | 4500.00 Repecs Foae eg Five Hundred 7144200.00"", ""method"": ""OCR (tesseract psm 6, 2x)"", ""check"": ""arithmetic"", ""confidence"": ""medium"", ""cross_validated"": true}]"
315,"specification and direction of the engineer-in-charge of the work Removing and Resetting of Kerb Stones with all lead and lift , loading and unloading _ Jand allother incidental charges etc., complete as per specification and direction of the Rupees Forty Only",Dismantling & removal,,,Schedule B,23643.98,40.0,945759.0,,,,,,medium,1,"[{""document_id"": ""WO-4--38339285-Shedule B 05.jpg"", ""attachment_type"": ""Schedule B"", ""work_bill_id"": ""264324"", ""attachment_url"": ""https://accounts.bbmp.gov.in/vssIFMS/Files/WO-4--38339285-Shedule%20B%2005.jpg"", ""listing_url"": ""https://accounts.bbmp.gov.in/vssWB/vss00CvStatusData.php?pAction=LoadWBFiles&pWorkBillID=264324"", ""page"": 1, ""page_kind"": ""schedule_b"", ""raw"": ""23 _|Jand allother incidental charges etc., complete as per specification and direction of the| 23643.98 | 40.00 Rupees Forty Only 945759.00"", ""method"": ""OCR (tesseract psm 6, 2x)"", ""check"": ""arithmetic"", ""confidence"": ""medium"", ""cross_validated"": true}]"
315,"B - Painting two coats after filling the surface with synthetic enamel paint! in approved shades on new plastered concrete surfaces, with materials, labour complete as per specifications. MORTH Chapter with all lead and lift , loading and Sqm Rupees Fifty Only",Concrete,KSRRB 800-1,sqm,Schedule B,16410.8,50.0,820540.0,,,,,,high,1,"[{""document_id"": ""WO-4--38339285-Shedule B 05.jpg"", ""attachment_type"": ""Schedule B"", ""work_bill_id"": ""264324"", ""attachment_url"": ""https://accounts.bbmp.gov.in/vssIFMS/Files/WO-4--38339285-Shedule%20B%2005.jpg"", ""listing_url"": ""https://accounts.bbmp.gov.in/vssWB/vss00CvStatusData.php?pAction=LoadWBFiles&pWorkBillID=264324"", ""page"": 1, ""page_kind"": ""schedule_b"", ""raw"": ""24 complete as per specifications. MORTH Chapter 8 with all lead and lift , loading and] Sqm} 16410.80 | 50.00 Rupees Fifty Only 820540.00"", ""method"": ""OCR (tesseract psm 6, 2x)"", ""check"": ""arithmetic"", ""confidence"": ""high"", ""cross_validated"": true}]"
315," including cutting and loading in tippers, trimming bottom and side slopes, in accordance with requirements of lines, grades and cross sections, and transporting to embankment location and complete as per specifications. MORTH Cum Rupees One Hundred Sixty Only",Earthwork & excavation,KSRRB M300-14,cum,Schedule B,4877.89,160.0,780462.0,,,,,,high,1,"[{""document_id"": ""WO-4--38339285-Shedule B 05.jpg"", ""attachment_type"": ""Schedule B"", ""work_bill_id"": ""264324"", ""attachment_url"": ""https://accounts.bbmp.gov.in/vssIFMS/Files/WO-4--38339285-Shedule%20B%2005.jpg"", ""listing_url"": ""https://accounts.bbmp.gov.in/vssWB/vss00CvStatusData.php?pAction=LoadWBFiles&pWorkBillID=264324"", ""page"": 1, ""page_kind"": ""schedule_b"", ""raw"": ""25 |transporting to embankment location and complete as per specifications. MORTH]Cum| 4877.89 160.00 Rupees One Hundred Sixty Only 780462.00"", ""method"": ""OCR (tesseract psm 6, 2x)"", ""check"": ""arithmetic"", ""confidence"": ""high"", ""cross_validated"": true}]"
315," a mechanical mix plant at OMC, carriage of mixed material to work site, spreading in uniform layers with mortar grader on prepared surface and compacting with vibratory roller to achieve the desired density, complete as per Cum Rupees One Thousand Six Hundred",Horticulture & landscaping,KSRRB M400-6.2,cum,Schedule B,1482.0,1600.0,2371200.0,,,,,,high,1,"[{""document_id"": ""WO-4--38339285-Shedule B 05.jpg"", ""attachment_type"": ""Schedule B"", ""work_bill_id"": ""264324"", ""attachment_url"": ""https://accounts.bbmp.gov.in/vssIFMS/Files/WO-4--38339285-Shedule%20B%2005.jpg"", ""listing_url"": ""https://accounts.bbmp.gov.in/vssWB/vss00CvStatusData.php?pAction=LoadWBFiles&pWorkBillID=264324"", ""page"": 1, ""page_kind"": ""schedule_b"", ""raw"": ""compacting with vibratory roller to achieve the desired density, complete as per|Cum] 1482.00 | 1600.00 Rupees One Thousand Six Hundred 2371200.00"", ""method"": ""OCR (tesseract psm 6, 2x)"", ""check"": ""arithmetic"", ""confidence"": ""high"", ""cross_validated"": true}]"
315,"ith bituminous binder at % of mix and filler, transporting the hot mix to work site. laying with a mechanical paver finisher to the required grade, a: level and alignment, rolling with smooth wheeled, vibratory and tandem rollers to Cum Rupees bleed inser Five",Bituminous surfacing,,cum,Schedule B,2355.84,12500.0,29448000.0,,,,,,high,1,"[{""document_id"": ""WO-4--25577657-Shedule B 07.jpg"", ""attachment_type"": ""Schedule B"", ""work_bill_id"": ""264324"", ""attachment_url"": ""https://accounts.bbmp.gov.in/vssIFMS/Files/WO-4--25577657-Shedule%20B%2007.jpg"", ""listing_url"": ""https://accounts.bbmp.gov.in/vssWB/vss00CvStatusData.php?pAction=LoadWBFiles&pWorkBillID=264324"", ""page"": 1, ""page_kind"": ""schedule_b"", ""raw"": ""32 level and alignment, rolling with smooth wheeled, vibratory and tandem rollers to} Cum] 2355.84 | 12500.00 Rupees bleed inser Five 29448000.00"", ""method"": ""OCR (tesseract psm 6, 2x)"", ""check"": ""arithmetic"", ""confidence"": ""high"", ""cross_validated"": true}]"
315,"ng reflectorising glass beads at gms per sqm area, thickness o .5mm is exclusive of surface applied glass beads as per IRC: The finished surface to be level, uniform and free from streaks and holes complete as per specifications. Rupees Four Hundred Sixty Only",Other,KSRRB M800-13,,Schedule B,3907.5,460.0,1797450.0,,,,,,medium,1,"[{""document_id"": ""WO-4--25577657-Shedule B 07.jpg"", ""attachment_type"": ""Schedule B"", ""work_bill_id"": ""264324"", ""attachment_url"": ""https://accounts.bbmp.gov.in/vssIFMS/Files/WO-4--25577657-Shedule%20B%2007.jpg"", ""listing_url"": ""https://accounts.bbmp.gov.in/vssWB/vss00CvStatusData.php?pAction=LoadWBFiles&pWorkBillID=264324"", ""page"": 1, ""page_kind"": ""schedule_b"", ""raw"": ""33 |to be level, uniform and free from streaks and holes complete as per specifications. 3907.50 | 460.00 Rupees Four Hundred Sixty Only 1797450.00"", ""method"": ""OCR (tesseract psm 6, 2x)"", ""check"": ""arithmetic"", ""confidence"": ""medium"", ""cross_validated"": true}]"
315,"ering with vaccum pump and suction mat and compaction with skin’ floater clubbed with floating disc including cost of generator, HOM of machinery, Screed Vibratory, Power Floater, blade and disc etc., with all lead and lift.with all lead Rupees Eighty One Only",Other,,,Schedule B,6235.5,81.0,505076.0,,,,,,medium,1,"[{""document_id"": ""WO-4--25577657-Shedule B 07.jpg"", ""attachment_type"": ""Schedule B"", ""work_bill_id"": ""264324"", ""attachment_url"": ""https://accounts.bbmp.gov.in/vssIFMS/Files/WO-4--25577657-Shedule%20B%2007.jpg"", ""listing_url"": ""https://accounts.bbmp.gov.in/vssWB/vss00CvStatusData.php?pAction=LoadWBFiles&pWorkBillID=264324"", ""page"": 1, ""page_kind"": ""schedule_b"", ""raw"": ""34 |Screed Vibratory, Power Floater, blade and disc etc., with all lead and lift.with all lead 6235.50 81.00 Rupees Eighty One Only 505076.00"", ""method"": ""OCR (tesseract psm 6, 2x)"", ""check"": ""arithmetic"", ""confidence"": ""medium"", ""cross_validated"": true}]"
315,"KSRRB M400- : Construction of Median and island above road level with approved material deposited from borrowpits, spread, sloped and compacted as per Clause complete as per specifications. MORTH Specification No.407 with all Cum Rupees One Hundred Twenty Only",Other,KSRRB M400-19,cum,Schedule B,2184.81,120.0,262177.0,2184.81,,2184.81,bill abstracts (sum of read bills),0.0,medium,1,"[{""document_id"": ""WO-4--25577657-Shedule B 07.jpg"", ""attachment_type"": ""Schedule B"", ""work_bill_id"": ""264324"", ""attachment_url"": ""https://accounts.bbmp.gov.in/vssIFMS/Files/WO-4--25577657-Shedule%20B%2007.jpg"", ""listing_url"": ""https://accounts.bbmp.gov.in/vssWB/vss00CvStatusData.php?pAction=LoadWBFiles&pWorkBillID=264324"", ""page"": 1, ""page_kind"": ""schedule_b"", ""raw"": ""35 |Clause 400.7 complete as per specifications. MORTH Specification No.407 with all] Cum} 2184.81 120.00 | Rupees One Hundred Twenty Only 262177.00"", ""method"": ""OCR (tesseract psm 6, 2x)"", ""check"": ""arithmetic"", ""confidence"": ""high"", ""cross_validated"": true}, {""document_id"": ""WB-Bill--15033005-bill form(7).pdf"", ""attachment_type"": ""Bill Form"", ""work_bill_id"": ""264324"", ""attachment_url"": ""https://accounts.bbmp.gov.in/vssIFMS/Files/WB-Bill--15033005-bill%20form%287%29.pdf"", ""listing_url"": ""https://accounts.bbmp.gov.in/vssWB/vss00CvStatusData.php?pAction=LoadWBFiles&pWorkBillID=264324"", ""page"": 6, ""page_kind"": ""abstract"", ""raw"": ""allother incidental charges etc., complete as per specification and directs of the sn gineering 2184.81 120,00 | 2184.81 262176.60 2184.81 | 26217660 | —_"", ""method"": ""OCR (tesseract psm 6, 2x)"", ""check"": ""arithmetic"", ""confidence"": ""medium"", ""cross_validated"": true}]"
315,"ckness) and compacting with plate vibrator having tons compaction force thereby forcing part of sand undemeath to come up in between! > joints, final compaction of paver surface joints into its final level, including cost o Sam Rupees Seven Hundred Eighty Only","Paving, kerbs & footpath",KSRB 14.6-1,,Schedule B,11082.41,780.0,8644280.0,11082.41,,11082.41,bill abstracts (sum of read bills),0.0,medium,1,"[{""document_id"": ""WO-4--17189909-Shedule B 08.jpg"", ""attachment_type"": ""Schedule B"", ""work_bill_id"": ""264324"", ""attachment_url"": ""https://accounts.bbmp.gov.in/vssIFMS/Files/WO-4--17189909-Shedule%20B%2008.jpg"", ""listing_url"": ""https://accounts.bbmp.gov.in/vssWB/vss00CvStatusData.php?pAction=LoadWBFiles&pWorkBillID=264324"", ""page"": 1, ""page_kind"": ""schedule_b"", ""raw"": ""6 joints, final compaction of paver surface joints into its final level, including cost o} Sam } 1108241 | 780.00 | Rupees Seven Hundred Eighty Only | 8644280.00"", ""method"": ""OCR (tesseract psm 6, 2x, rulings removed)"", ""check"": ""decimal restored"", ""confidence"": ""medium"", ""cross_validated"": true}, {""document_id"": ""WB-Bill--15033005-bill form(7).pdf"", ""attachment_type"": ""Bill Form"", ""work_bill_id"": ""264324"", ""attachment_url"": ""https://accounts.bbmp.gov.in/vssIFMS/Files/WB-Bill--15033005-bill%20form%287%29.pdf"", ""listing_url"": ""https://accounts.bbmp.gov.in/vssWB/vss00CvStatusData.php?pAction=LoadWBFiles&pWorkBillID=264324"", ""page"": 6, ""page_kind"": ""abstract"", ""raw"": ""level, including cost of materials, labour and HOM of machineries complete as per 1108241 780.00 | 1108241 | 8644279.80 780.00 1108241 | 8644279.80"", ""method"": ""OCR (tesseract psm 6, 2x)"", ""check"": ""decimal restored"", ""confidence"": ""medium"", ""cross_validated"": true}]"
315,"e and colour with a minimum compressive strength of kg per sqm over 50mm jOints, final compaction of paver surface joints into its final level, includingthick sand bed (average thickness) and compacting with plate vibrator having! Sqm Rupees Three Hundred Only","Paving, kerbs & footpath",KSRB 14.6-1,sqm,Schedule B,1272.0,300.0,381600.0,,,,,,high,1,"[{""document_id"": ""WO-4--17189909-Shedule B 08.jpg"", ""attachment_type"": ""Schedule B"", ""work_bill_id"": ""264324"", ""attachment_url"": ""https://accounts.bbmp.gov.in/vssIFMS/Files/WO-4--17189909-Shedule%20B%2008.jpg"", ""listing_url"": ""https://accounts.bbmp.gov.in/vssWB/vss00CvStatusData.php?pAction=LoadWBFiles&pWorkBillID=264324"", ""page"": 1, ""page_kind"": ""schedule_b"", ""raw"": ""37 | includingthick sand bed (average thickness) and compacting with plate vibrator having! Sqm} 1272.00 | 300.00 Rupees Three Hundred Only 381600.00"", ""method"": ""OCR (tesseract psm 6, 2x, rulings removed)"", ""check"": ""arithmetic"", ""confidence"": ""high"", ""cross_validated"": true}]"
315," batcher as per approved mix design, laid in approved fixed side form work (steel channel, laying and fixing of micron thick polythene film, wedges, steel plates including levelling the form work as per drawing). Spreading Cum Rupees Six Thousand Fight Hundred",Reinforcement & steel,,cum,Schedule B,1015.35,6803.0,6907426.0,,,,,,high,1,"[{""document_id"": ""WO-4--99737383-Shedule B 09.jpg"", ""attachment_type"": ""Schedule B"", ""work_bill_id"": ""264324"", ""attachment_url"": ""https://accounts.bbmp.gov.in/vssIFMS/Files/WO-4--99737383-Shedule%20B%2009.jpg"", ""listing_url"": ""https://accounts.bbmp.gov.in/vssWB/vss00CvStatusData.php?pAction=LoadWBFiles&pWorkBillID=264324"", ""page"": 1, ""page_kind"": ""schedule_b"", ""raw"": ""39 film, wedges, steel plates including levelling the form work as per drawing). Spreading Cum} 1015.35 | 6803.00 Rupees Six Thousand Fight Hundred 6907426.00"", ""method"": ""OCR (tesseract psm 6, 2x, rulings removed)"", ""check"": ""arithmetic"", ""confidence"": ""high"", ""cross_validated"": true}]"
315,s & fixed over a support frame of 25x25x3 mm MS angle and mounted on 75mm dia OR 75x75x6mm Mild steel angle of total height .70m with clear height o ot less than m from the ground level to the bottom of the sign board & cm sqm Rupees Six Thousand Eight Hundred,Road marking & safety,KSRRB M800-3,sqm,Schedule B,270.0,6861.0,1852470.0,,,,,,high,1,"[{""document_id"": ""WO-4--99737383-Shedule B 09.jpg"", ""attachment_type"": ""Schedule B"", ""work_bill_id"": ""264324"", ""attachment_url"": ""https://accounts.bbmp.gov.in/vssIFMS/Files/WO-4--99737383-Shedule%20B%2009.jpg"", ""listing_url"": ""https://accounts.bbmp.gov.in/vssWB/vss00CvStatusData.php?pAction=LoadWBFiles&pWorkBillID=264324"", ""page"": 1, ""page_kind"": ""schedule_b"", ""raw"": ""40 [ot less than 2.10 m from the ground level to the bottom of the sign board & 60 cm sqm| 270.00 | 6861.00 Rupees Six Thousand Eight Hundred 1852470.00"", ""method"": ""OCR (tesseract psm 6, 2x, rulings removed)"", ""check"": ""arithmetic"", ""confidence"": ""high"", ""cross_validated"": true}]"
315,"KSRRB M800- Painting: Providing and applying two coats of readly mix paint o approved brand after through cleaning of surface to give an even shade complete as per specifications. P.196 It - Painting on Steel Surface- with all lead and lift , Rupees Fifty Only",Reinforcement & steel,KSRRB M800-7,,Schedule B,1440.0,50.0,72000.0,,,,,,medium,1,"[{""document_id"": ""WO-4--99737383-Shedule B 09.jpg"", ""attachment_type"": ""Schedule B"", ""work_bill_id"": ""264324"", ""attachment_url"": ""https://accounts.bbmp.gov.in/vssIFMS/Files/WO-4--99737383-Shedule%20B%2009.jpg"", ""listing_url"": ""https://accounts.bbmp.gov.in/vssWB/vss00CvStatusData.php?pAction=LoadWBFiles&pWorkBillID=264324"", ""page"": 1, ""page_kind"": ""schedule_b"", ""raw"": ""41 |per specifications. P.196 It 24.8 - Painting on Steel Surface- with all lead and lift , 1440.00 50.00 Rupees Fifty Only 72000.00"", ""method"": ""OCR (tesseract psm 6, 2x, rulings removed)"", ""check"": ""arithmetic"", ""confidence"": ""medium"", ""cross_validated"": true}]"
332,"on ( Works) SI ais : ‘ Rate (in Rs.) Amount scence ee ae ee KSRRB - : Earthwork excavation by manual means in Ordinary soil involving an a i e ij . verage horizontal throw upto meters and an average lift upto m, excavated surface Cum Rupees Two Hundred Seventy",Earthwork & excavation,KSRRB 300-1,cum,Schedule B,1033.45,270.0,279031.5,,,,,,high,1,"[{""document_id"": ""WO-4--39438462-Shedule B 01.jpg"", ""attachment_type"": ""Schedule B"", ""work_bill_id"": ""113974"", ""attachment_url"": ""https://accounts.bbmp.gov.in/vssIFMS/Files/WO-4--39438462-Shedule%20B%2001.jpg"", ""listing_url"": ""https://accounts.bbmp.gov.in/vssWB/vss00CvStatusData.php?pAction=LoadWBFiles&pWorkBillID=113974"", ""page"": 1, ""page_kind"": ""schedule_b"", ""raw"": ""verage horizontal throw upto 2 meters and an average lift upto 0.5 m, excavated surface Cum | 1033.45] 270.00 Rupees Two Hundred Seventy 279031.50"", ""method"": ""OCR (tesseract psm 6, 2x)"", ""check"": ""arithmetic"", ""confidence"": ""high"", ""cross_validated"": true}]"
332,"n average output of tonnes per hour using crushed aggregates of specified grading, premixed with bituminous binder at to % of . ; R . /mix and filler, transporting the hot mix to work site, laying with a hydrostatic paver finisher Cum mises Nike Thousand Niae,",Bituminous surfacing,KSRRB M500-19,cum,Schedule B,2310.32,9900.0,22872168.0,3605.57,,3605.57,bill abstracts (sum of read bills),56.1,high,1,"[{""document_id"": ""WO-4--39438462-Shedule B 01.jpg"", ""attachment_type"": ""Schedule B"", ""work_bill_id"": ""113974"", ""attachment_url"": ""https://accounts.bbmp.gov.in/vssIFMS/Files/WO-4--39438462-Shedule%20B%2001.jpg"", ""listing_url"": ""https://accounts.bbmp.gov.in/vssWB/vss00CvStatusData.php?pAction=LoadWBFiles&pWorkBillID=113974"", ""page"": 1, ""page_kind"": ""schedule_b"", ""raw"": ""6 /mix and filler, transporting the hot mix to work site, laying with a hydrostatic paver finisher] Cum | 2310.32 | 9900.00 mises Nike Thousand Niae, 22872168.00"", ""method"": ""OCR (tesseract psm 6, 2x)"", ""check"": ""arithmetic"", ""confidence"": ""high"", ""cross_validated"": true}, {""document_id"": ""WB-Bill--65038844-Bill Form 03.jpg"", ""attachment_type"": ""Bill Form"", ""work_bill_id"": ""65617"", ""attachment_url"": ""https://accounts.bbmp.gov.in/vssIFMS/Files/WB-Bill--65038844-Bill%20Form%2003.jpg"", ""listing_url"": ""https://accounts.bbmp.gov.in/vssWB/vss00CvStatusData.php?pAction=LoadWBFiles&pWorkBillID=65617"", ""page"": 1, ""page_kind"": ""abstract"", ""raw"": ""Seat it ihe |cum| 1295.57 | 12826143:00 9900.00 0.00 1295.57 | 12826143.00"", ""method"": ""OCR (tesseract psm 6, 2x)"", ""check"": ""arithmetic"", ""confidence"": ""high"", ""cross_validated"": true}, {""document_id"": ""WB-Bill--99688252-Bill form 151-17-000019.pdf"", ""attachment_type"": ""Bill Form"", ""work_bill_id"": ""231956"", ""attachment_url"": ""https://accounts.bbmp.gov.in/vssIFMS/Files/WB-Bill--99688252-Bill%20form%20151-17-000019.pdf"", ""listing_url"": ""https://accounts.bbmp.gov.in/vssWB/vss00CvStatusData.php?pAction=LoadWBFiles&pWorkBillID=231956"", ""page"": 4, ""page_kind"": ""abstract"", ""raw"": ""work site, laying with a hydrostatic paver} Cum} 2310.00 | 22869000.00 9900.00 22869000.00"", ""method"": ""OCR (tesseract psm 6, 2x)"", ""check"": ""arithmetic"", ""confidence"": ""high"", ""cross_validated"": true}]"
332,"s complete as per specifications. MORTH Specification No. P - , - KSRRB - : Earthwork excavation by manual means in Ordinary soil involving an average horizontal throw upto meters and an average lift upto m, excavated surface Cum Rupees One Hundred Eighty Five",Earthwork & excavation,KSRRB 300-1,cum,Schedule B,2432.22,185.0,449960.7,,,,,,high,1,"[{""document_id"": ""WO-4--88049547-Shedule B 02.jpg"", ""attachment_type"": ""Schedule B"", ""work_bill_id"": ""113974"", ""attachment_url"": ""https://accounts.bbmp.gov.in/vssIFMS/Files/WO-4--88049547-Shedule%20B%2002.jpg"", ""listing_url"": ""https://accounts.bbmp.gov.in/vssWB/vss00CvStatusData.php?pAction=LoadWBFiles&pWorkBillID=113974"", ""page"": 1, ""page_kind"": ""schedule_b"", ""raw"": ""average horizontal throw upto 2 meters and an average lift upto 0.5 m, excavated surface Cum | 2432.22] 185.00 Rupees One Hundred Eighty Five 449960.70"", ""method"": ""OCR (tesseract psm 6, 2x)"", ""check"": ""arithmetic"", ""confidence"": ""high"", ""cross_validated"": true}]"
332," per specifications. Specification «: No. KBS , (P - - ) é KSRB_ - ; Providing and constructing granite / trap / basalt size stone masonry in i basement with cement mortar : edges of stones chistle dressed in courses not less than Cum Rupees Five Thousand Only","Paving, kerbs & footpath",KSRB 4-1,cum,Schedule B,895.14,5000.0,4475700.0,287.75,,287.75,bill form total up to date,-67.9,high,1,"[{""document_id"": ""WO-4--88049547-Shedule B 02.jpg"", ""attachment_type"": ""Schedule B"", ""work_bill_id"": ""113974"", ""attachment_url"": ""https://accounts.bbmp.gov.in/vssIFMS/Files/WO-4--88049547-Shedule%20B%2002.jpg"", ""listing_url"": ""https://accounts.bbmp.gov.in/vssWB/vss00CvStatusData.php?pAction=LoadWBFiles&pWorkBillID=113974"", ""page"": 1, ""page_kind"": ""schedule_b"", ""raw"": ""i basement with cement mortar 1:6, edges of stones chistle dressed in courses not less than 15 Cum | 895.14 | 5000.00 | Rupees Five Thousand Only 4475700.00"", ""method"": ""OCR (tesseract psm 6, 2x)"", ""check"": ""arithmetic"", ""confidence"": ""high"", ""cross_validated"": true}, {""document_id"": ""WB-Bill--99688252-Bill form 151-17-000019.pdf"", ""attachment_type"": ""Bill Form"", ""work_bill_id"": ""231956"", ""attachment_url"": ""https://accounts.bbmp.gov.in/vssIFMS/Files/WB-Bill--99688252-Bill%20form%20151-17-000019.pdf"", ""listing_url"": ""https://accounts.bbmp.gov.in/vssWB/vss00CvStatusData.php?pAction=LoadWBFiles&pWorkBillID=231956"", ""page"": 12, ""page_kind"": ""abstract"", ""raw"": ""15 cms high, bond stones at two] Cum 287.75 1294875.00 4500.00 0.00 287.75 1294875.00"", ""method"": ""OCR (tesseract psm 6, 2x)"", ""check"": ""arithmetic"", ""confidence"": ""high"", ""cross_validated"": true}]"
332,"d constructing non-load bearing wall with cement concrete solid blocks with compressive strength not less than 3S Kg/sqem with cement mortar : ( Jamb, closer blocks ) with blocks of size 40x10x20cems. ( Ixbxh ) conforming to LS : / in Rupees Eight Hundred Only",Concrete,KSRB 5-15,ls,Schedule B,1055.0,800.0,844000.0,,,,,,high,1,"[{""document_id"": ""WO-4--88049547-Shedule B 02.jpg"", ""attachment_type"": ""Schedule B"", ""work_bill_id"": ""113974"", ""attachment_url"": ""https://accounts.bbmp.gov.in/vssIFMS/Files/WO-4--88049547-Shedule%20B%2002.jpg"", ""listing_url"": ""https://accounts.bbmp.gov.in/vssWB/vss00CvStatusData.php?pAction=LoadWBFiles&pWorkBillID=113974"", ""page"": 1, ""page_kind"": ""schedule_b"", ""raw"": ""12 |closer blocks ) with blocks of size 40x10x20cems. ( Ixbxh ) conforming to LS : 2185/1965 in 1055.00 | 800.00 Rupees Eight Hundred Only 844000,00"", ""method"": ""OCR (tesseract psm 6, 2x)"", ""check"": ""arithmetic"", ""confidence"": ""high"", ""cross_validated"": true}]"
332,"viding and fixing pre cast solid cement concrete kerb stones made out of C.C, : : with top and bottom width and mm respectively, 400mm high and 450mm in , length finished with CM : plastering and finishing cutting, including formwork, curing, Rapess er a Forty",Earthwork & excavation,,,Schedule B,16971.0,340.0,5770140.0,,,,,,medium,1,"[{""document_id"": ""WO-4--12172306-Shedule B 03.jpg"", ""attachment_type"": ""Schedule B"", ""work_bill_id"": ""113974"", ""attachment_url"": ""https://accounts.bbmp.gov.in/vssIFMS/Files/WO-4--12172306-Shedule%20B%2003.jpg"", ""listing_url"": ""https://accounts.bbmp.gov.in/vssWB/vss00CvStatusData.php?pAction=LoadWBFiles&pWorkBillID=113974"", ""page"": 1, ""page_kind"": ""schedule_b"", ""raw"": ""18 length finished with CM 1:3 plastering and finishing cutting, including formwork, curing, 16971.00] 340.00 Rapess er a Forty 5770140.00"", ""method"": ""OCR (tesseract psm 6, 2x)"", ""check"": ""arithmetic"", ""confidence"": ""medium"", ""cross_validated"": true}]"
332,"d applying floor painting with ready mix paint in two coats ( exluding priming coat ) on new concrete / asbestos cement sheet / plastered surfaces Abrushing to give an even shade after preparing the surface after throughly cleaning oil, dirt, Rupees Fifty Only",Concrete,KSRB 15-20.1,,Schedule B,2672.95,50.0,133647.5,,,,,,medium,1,"[{""document_id"": ""WO-4--12172306-Shedule B 03.jpg"", ""attachment_type"": ""Schedule B"", ""work_bill_id"": ""113974"", ""attachment_url"": ""https://accounts.bbmp.gov.in/vssIFMS/Files/WO-4--12172306-Shedule%20B%2003.jpg"", ""listing_url"": ""https://accounts.bbmp.gov.in/vssWB/vss00CvStatusData.php?pAction=LoadWBFiles&pWorkBillID=113974"", ""page"": 1, ""page_kind"": ""schedule_b"", ""raw"": ""20 Abrushing to give an even shade after preparing the surface after throughly cleaning oil, dirt, 2672.95} 50.00 Rupees Fifty Only 133647.50"", ""method"": ""OCR (tesseract psm 6, 2x)"", ""check"": ""arithmetic"", ""confidence"": ""medium"", ""cross_validated"": true}]"
332,"nd for manufacture of blocks of approved size, shape and colour with a minimum compressive strength of kg per sqm over 50mm thick sand bed ( average! thickness ) and compacting with plate vibrator having tons compaction force thereby Sqm Rupes One Thousand TW9",Other,,sqm,Schedule B,967.5,1200.0,1161000.0,,,,,,high,1,"[{""document_id"": ""WO-4--12172306-Shedule B 03.jpg"", ""attachment_type"": ""Schedule B"", ""work_bill_id"": ""113974"", ""attachment_url"": ""https://accounts.bbmp.gov.in/vssIFMS/Files/WO-4--12172306-Shedule%20B%2003.jpg"", ""listing_url"": ""https://accounts.bbmp.gov.in/vssWB/vss00CvStatusData.php?pAction=LoadWBFiles&pWorkBillID=113974"", ""page"": 1, ""page_kind"": ""schedule_b"", ""raw"": ""22 |thickness ) and compacting with plate vibrator having 3 tons compaction force thereby] Sqm | 967.50 | 1200.00 Rupes One Thousand TW9 1161000.00"", ""method"": ""OCR (tesseract psm 6, 2x)"", ""check"": ""arithmetic"", ""confidence"": ""high"", ""cross_validated"": true}]"
332," and HOM o machineries complete as per specifications : Vaccum de-watering with vaccum pump and suction mat and compaction with skin floater disc including cost of generator, HOM of machinery, screed vibratory, power floater, blade Sqm Rupees Ninety Seven Only",Other,,sqm,Schedule B,6188.0,97.0,600236.0,,,,,,high,1,"[{""document_id"": ""WO-4--12172306-Shedule B 03.jpg"", ""attachment_type"": ""Schedule B"", ""work_bill_id"": ""113974"", ""attachment_url"": ""https://accounts.bbmp.gov.in/vssIFMS/Files/WO-4--12172306-Shedule%20B%2003.jpg"", ""listing_url"": ""https://accounts.bbmp.gov.in/vssWB/vss00CvStatusData.php?pAction=LoadWBFiles&pWorkBillID=113974"", ""page"": 1, ""page_kind"": ""schedule_b"", ""raw"": ""23 {disc including cost of generator, HOM of machinery, screed vibratory, power floater, blade] Sqm | 6188.00] 97.00 Rupees Ninety Seven Only 600236.00"", ""method"": ""OCR (tesseract psm 6, 2x)"", ""check"": ""arithmetic"", ""confidence"": ""high"", ""cross_validated"": true}]"
332,"nforcement for R.C.C work including straightening, cutting, bending, hooking, placing in position, lapping and /or welding wherever required, 2s tying with binding Wire and anchoring to the adjoining members Wherever necessary’ mt . Rupees Seventy Two Thousand",Earthwork & excavation,KSRB 4.9.2,,Schedule B,6.21,72000.0,447120.0,,,,,,medium,1,"[{""document_id"": ""WO-4--04056461-Shedule B 04.jpg"", ""attachment_type"": ""Schedule B"", ""work_bill_id"": ""113974"", ""attachment_url"": ""https://accounts.bbmp.gov.in/vssIFMS/Files/WO-4--04056461-Shedule%20B%2004.jpg"", ""listing_url"": ""https://accounts.bbmp.gov.in/vssWB/vss00CvStatusData.php?pAction=LoadWBFiles&pWorkBillID=113974"", ""page"": 1, ""page_kind"": ""schedule_b"", ""raw"": ""2s tying with binding Wire and anchoring to the adjoining members Wherever necessary’ mt | 621. | 72000.00 Rupees Seventy Two Thousand 447120.00"", ""method"": ""OCR (tesseract psm 6, 2x)"", ""check"": ""decimal restored"", ""confidence"": ""medium"", ""cross_validated"": true}]"
332,"tions. Specification No. KBS .3. P. no.19 - . no.4.46 KSRB - : Providing and removing centering, shuttering, strutting, propping etc, and removal of form work for flat surface such as suspended floors, roofs, landings, balconies sqm Rupees Three Hundred Thirty",Dismantling & removal,KSRB 4-6.3,sqm,Schedule B,611.52,330.0,201801.6,,,,,,high,1,"[{""document_id"": ""WO-4--04056461-Shedule B 04.jpg"", ""attachment_type"": ""Schedule B"", ""work_bill_id"": ""113974"", ""attachment_url"": ""https://accounts.bbmp.gov.in/vssIFMS/Files/WO-4--04056461-Shedule%20B%2004.jpg"", ""listing_url"": ""https://accounts.bbmp.gov.in/vssWB/vss00CvStatusData.php?pAction=LoadWBFiles&pWorkBillID=113974"", ""page"": 1, ""page_kind"": ""schedule_b"", ""raw"": ""6 removal of form work for flat surface such as suspended floors, roofs, landings, balconies sqm | 611.52 | 330.00 Rupees Three Hundred Thirty 201801.60"", ""method"": ""OCR (tesseract psm 6, 2x)"", ""check"": ""arithmetic"", ""confidence"": ""high"", ""cross_validated"": true}]"
332,"cifications. specification. No.KBS (a) / .5. P- - KSRB : Cutting of Road surface for pipeline trenches and disposing of excavated stu’ Jas directed including barricading.danger lighting atc.,in the Cement concrete road. P- Cum Rupees Six Hundred Fifteen Only —",Earthwork & excavation,KSRB 37.40,cum,Schedule B,66.0,615.0,40590.0,,,,,,high,1,"[{""document_id"": ""WO-4--04056461-Shedule B 04.jpg"", ""attachment_type"": ""Schedule B"", ""work_bill_id"": ""113974"", ""attachment_url"": ""https://accounts.bbmp.gov.in/vssIFMS/Files/WO-4--04056461-Shedule%20B%2004.jpg"", ""listing_url"": ""https://accounts.bbmp.gov.in/vssWB/vss00CvStatusData.php?pAction=LoadWBFiles&pWorkBillID=113974"", ""page"": 1, ""page_kind"": ""schedule_b"", ""raw"": ""28 Jas directed including barricading.danger lighting atc.,in the Cement concrete road. [P- 257, 1] Cum | 66.00 615.00 |Rupees Six Hundred Fifteen Only} —40590.00"", ""method"": ""OCR (tesseract psm 6, 2x)"", ""check"": ""arithmetic"", ""confidence"": ""high"", ""cross_validated"": true}]"
332,"of guage properly stretched between rectangular poles and fixed with suitable bolts & nuts, the free ends shall be welded to the pole and block Pipe at top and bottom as required including cost of all materials, labour, lead and lifts, upees Six Hundred Ninety",Pipes & ducts,,,Schedule B,180.0,697.0,125460.0,180.0,,180.0,bill form total up to date,0.0,medium,1,"[{""document_id"": ""WO-4--04056461-Shedule B 04.jpg"", ""attachment_type"": ""Schedule B"", ""work_bill_id"": ""113974"", ""attachment_url"": ""https://accounts.bbmp.gov.in/vssIFMS/Files/WO-4--04056461-Shedule%20B%2004.jpg"", ""listing_url"": ""https://accounts.bbmp.gov.in/vssWB/vss00CvStatusData.php?pAction=LoadWBFiles&pWorkBillID=113974"", ""page"": 1, ""page_kind"": ""schedule_b"", ""raw"": ""30 block Pipe at top and bottom as required including cost of all materials, labour, lead and lifts, 180.00 | 697.00 upees Six Hundred Ninety 125460.00"", ""method"": ""OCR (tesseract psm 6, 2x)"", ""check"": ""arithmetic"", ""confidence"": ""medium"", ""cross_validated"": true}, {""document_id"": ""WB-Bill--99688252-Bill form 151-17-000019.pdf"", ""attachment_type"": ""Bill Form"", ""work_bill_id"": ""231956"", ""attachment_url"": ""https://accounts.bbmp.gov.in/vssIFMS/Files/WB-Bill--99688252-Bill%20form%20151-17-000019.pdf"", ""listing_url"": ""https://accounts.bbmp.gov.in/vssWB/vss00CvStatusData.php?pAction=LoadWBFiles&pWorkBillID=231956"", ""page"": 12, ""page_kind"": ""abstract"", ""raw"": ""cutting, bending —_ wherever 180.00 | 125460.00 697.00 180.00 | 125460.00"", ""method"": ""OCR (tesseract psm 6, 2x)"", ""check"": ""arithmetic"", ""confidence"": ""medium"", ""cross_validated"": true}]"
332,"ipe of 38mm dia, of heavy guage of including removing the bends, cutting the pipe, and fixing pipe in between the two verticle poles (M.S. rectangular poles) and spot welding the chain link with M.S. block pipe including cost of all Rupees Three Hundred Thirty",Earthwork & excavation,,m,Schedule B,720.0,338.0,243360.0,,,,,,high,1,"[{""document_id"": ""WO-4--21304457-Shedule B 05.jpg"", ""attachment_type"": ""Schedule B"", ""work_bill_id"": ""113974"", ""attachment_url"": ""https://accounts.bbmp.gov.in/vssIFMS/Files/WO-4--21304457-Shedule%20B%2005.jpg"", ""listing_url"": ""https://accounts.bbmp.gov.in/vssWB/vss00CvStatusData.php?pAction=LoadWBFiles&pWorkBillID=113974"", ""page"": 1, ""page_kind"": ""schedule_b"", ""raw"": ""32 rectangular poles) and spot welding the chain link with M.S. block pipe including cost of all 720.00 | 338.00 Rupees Three Hundred Thirty 243360.00"", ""method"": ""OCR (tesseract psm 6, 2x)"", ""check"": ""arithmetic"", ""confidence"": ""high"", ""cross_validated"": true}]"
365,"tance not exceeding 50mm) “ and lift up to .5m, excavated surface levelled and neatly dressed, disposed earth to be. ___ leveled after braking of clods and neatly dressed as per specifications.(P . ) a ____ForDriveway (ForParkingyard _ .50_ ae a __ — ae ee Cum",Earthwork & excavation,,,Estimates,1764.0,157.68,278147.52,,,,,,medium,1,"[{""document_id"": ""WO-1--51730957-ESTIMATE.pdf"", ""attachment_type"": ""Estimates"", ""work_bill_id"": ""24817"", ""attachment_url"": ""https://accounts.bbmp.gov.in/vssIFMS/Files/WO-1--51730957-ESTIMATE.pdf"", ""listing_url"": ""https://accounts.bbmp.gov.in/vssWB/vss00CvStatusData.php?pAction=LoadWBFiles&pWorkBillID=24817"", ""page"": 1, ""page_kind"": ""estimate"", ""raw"": ""— ae ee 1764.00 Cum | 157.68 | 278,147.52 |"", ""method"": ""OCR (tesseract psm 6, 2x)"", ""check"": ""arithmetic"", ""confidence"": ""medium"", ""cross_validated"": true}]"
365,ation with power roller - tonne when earth is at suitable D ‘moisture content with desired field density not less than % of maximum dry density (ordinary proctor test) including HOM of machineries complete as per specification (P Qty vide item No.1 —__ — i Sqm,Other,,,Estimates,1764.0,20.95,36955.8,,,,,,medium,1,"[{""document_id"": ""WO-1--51730957-ESTIMATE.pdf"", ""attachment_type"": ""Estimates"", ""work_bill_id"": ""24817"", ""attachment_url"": ""https://accounts.bbmp.gov.in/vssIFMS/Files/WO-1--51730957-ESTIMATE.pdf"", ""listing_url"": ""https://accounts.bbmp.gov.in/vssWB/vss00CvStatusData.php?pAction=LoadWBFiles&pWorkBillID=24817"", ""page"": 1, ""page_kind"": ""estimate"", ""raw"": ""— [i 1764.00 Sqm 20.95 36,955.80"", ""method"": ""OCR (tesseract psm 6, 2x)"", ""check"": ""arithmetic"", ""confidence"": ""medium"", ""cross_validated"": true}]"
365,"ower roller to __lachieve the desired density including all materials, labour, HOM of machinery, lighting, ____ guarding, barricading and maintenance of diversion complete as per specifications.(P_ — — ____ For Drive way ____ For Parking yard ) _ see - a . Cum",Electrical & lighting,,,Estimates,866.25,1881.36,1629728.1,,,,,,medium,1,"[{""document_id"": ""WO-1--51730957-ESTIMATE.pdf"", ""attachment_type"": ""Estimates"", ""work_bill_id"": ""24817"", ""attachment_url"": ""https://accounts.bbmp.gov.in/vssIFMS/Files/WO-1--51730957-ESTIMATE.pdf"", ""listing_url"": ""https://accounts.bbmp.gov.in/vssWB/vss00CvStatusData.php?pAction=LoadWBFiles&pWorkBillID=24817"", ""page"": 1, ""page_kind"": ""estimate"", ""raw"": ""a | . | 866.25 | Cum | 1881.36 | 1,629,728.10 |"", ""method"": ""OCR (tesseract psm 6, 2x)"", ""check"": ""arithmetic"", ""confidence"": ""medium"", ""cross_validated"": true}]"
365,grade & shoulders. ( The laboratory CBR of the compacted soil shall not be less than ) Fr ‘Soils having WL between & with % of inorganic Compound like RBI Grade by! ___ weight of Soil. (P . .2) _ ? —— ____ For Driveway ) ____ForParkingyard = _ Ls oe ; ot Cum .,Other,,,Estimates,866.25,2473.2,2142409.5,,,,,,medium,1,"[{""document_id"": ""WO-1--51730957-ESTIMATE.pdf"", ""attachment_type"": ""Estimates"", ""work_bill_id"": ""24817"", ""attachment_url"": ""https://accounts.bbmp.gov.in/vssIFMS/Files/WO-1--51730957-ESTIMATE.pdf"", ""listing_url"": ""https://accounts.bbmp.gov.in/vssWB/vss00CvStatusData.php?pAction=LoadWBFiles&pWorkBillID=24817"", ""page"": 1, ""page_kind"": ""estimate"", ""raw"": ""; | ot 8 | | 866.25 Cum 2473.20 2,142,409.50."", ""method"": ""OCR (tesseract psm 6, 2x)"", ""check"": ""arithmetic"", ""confidence"": ""medium"", ""cross_validated"": true}]"
365,", saplings and trees of girth upto 300mm, by manual means, in area of light jungle, removal of stumps, disposal of unserviceable maierials, stacking of serviceablé materials labour charges complete as per specifications.(P . ) Z z_ yy For CC pavement Ch to Sqm",Dismantling & removal,,,Estimates,360.0,12.5,4500.6,,,,,,medium,1,"[{""document_id"": ""WO-1--06703519-MODIFIED ESTIMATE.pdf"", ""attachment_type"": ""Estimates"", ""work_bill_id"": ""24817"", ""attachment_url"": ""https://accounts.bbmp.gov.in/vssIFMS/Files/WO-1--06703519-MODIFIED%20ESTIMATE.pdf"", ""listing_url"": ""https://accounts.bbmp.gov.in/vssWB/vss00CvStatusData.php?pAction=LoadWBFiles&pWorkBillID=24817"", ""page"": 1, ""page_kind"": ""estimate"", ""raw"": ""For CC pavement Ch 0.00 to 360.00 14 | 360.00 | 12.50 | 4500.60 Sqm 6.70 30,150.00"", ""method"": ""OCR (tesseract psm 6, 2x)"", ""check"": ""arithmetic"", ""confidence"": ""medium"", ""cross_validated"": true}]"
365,"Compaction of original ground with maximum of passes of to tonnes power roller including filling in depression occuring during rolling including cost of all labour, HOM of ‘machinery complete as per specifications. (P ) ee zi ! LZ J — Sqm =",Other,,,Estimates,360.0,10.5,3780.0,,,,,,medium,1,"[{""document_id"": ""WO-1--06703519-MODIFIED ESTIMATE.pdf"", ""attachment_type"": ""Estimates"", ""work_bill_id"": ""24817"", ""attachment_url"": ""https://accounts.bbmp.gov.in/vssIFMS/Files/WO-1--06703519-MODIFIED%20ESTIMATE.pdf"", ""listing_url"": ""https://accounts.bbmp.gov.in/vssWB/vss00CvStatusData.php?pAction=LoadWBFiles&pWorkBillID=24817"", ""page"": 1, ""page_kind"": ""estimate"", ""raw"": ""| | — 360.00 | 10.50 | 3780.00 Sqm 3.78 = 14,288.40"", ""method"": ""OCR (tesseract psm 6, 2x)"", ""check"": ""arithmetic"", ""confidence"": ""medium"", ""cross_validated"": true}]"
365,ler - tonne when earth is at suitable moisture content with desired field density not less than % of maximum dry density (ordinary proctor test) including HOM of machineries compiete as per specification (P .74) As A levelling and lowering area of itemNo.3 Sqm,Other,,,Estimates,7560.0,20.95,158382.0,,,,,,medium,1,"[{""document_id"": ""WO-1--06703519-MODIFIED ESTIMATE.pdf"", ""attachment_type"": ""Estimates"", ""work_bill_id"": ""24817"", ""attachment_url"": ""https://accounts.bbmp.gov.in/vssIFMS/Files/WO-1--06703519-MODIFIED%20ESTIMATE.pdf"", ""listing_url"": ""https://accounts.bbmp.gov.in/vssWB/vss00CvStatusData.php?pAction=LoadWBFiles&pWorkBillID=24817"", ""page"": 1, ""page_kind"": ""estimate"", ""raw"": ""levelling and lowering area of itemNo.3 | 2 | 360.00 | 10.50 | | 7560.00 Sqm 20.95 158,382.00"", ""method"": ""OCR (tesseract psm 6, 2x)"", ""check"": ""arithmetic"", ""confidence"": ""medium"", ""cross_validated"": true}]"
365,"pared base and compacting with power roller to achieve the desired density ‘including all materials, labour, HOM of machinery, lighting, guarding, barricading and ~ maintenance of diversion complete as per specifications.(P . ) Z i YY For CC pavement Ch to Cum",Electrical & lighting,,,Estimates,1134.0,1881.36,2133462.24,,,,,,medium,1,"[{""document_id"": ""WO-1--06703519-MODIFIED ESTIMATE.pdf"", ""attachment_type"": ""Estimates"", ""work_bill_id"": ""24817"", ""attachment_url"": ""https://accounts.bbmp.gov.in/vssIFMS/Files/WO-1--06703519-MODIFIED%20ESTIMATE.pdf"", ""listing_url"": ""https://accounts.bbmp.gov.in/vssWB/vss00CvStatusData.php?pAction=LoadWBFiles&pWorkBillID=24817"", ""page"": 1, ""page_kind"": ""estimate"", ""raw"": ""For CC pavement Ch 0.00 to 360.00 4 | 360.00 | 10.50 | 0.30 | 1134.00 Cum 1881.36 2,133,462.24"", ""method"": ""OCR (tesseract psm 6, 2x)"", ""check"": ""arithmetic"", ""confidence"": ""medium"", ""cross_validated"": true}]"
365,"d method of tipper to site, laying in uniform layers with paver in sub-base/base course on well prepared surface and compacting with vibratory roller to achieve the desired density complete as per specifications. (P . ) wt ri ft we For CC pavement Ch .00to Cum","Paving, kerbs & footpath",,,Estimates,787.5,1059.48,834340.5,,,,,,medium,1,"[{""document_id"": ""WO-1--06703519-MODIFIED ESTIMATE.pdf"", ""attachment_type"": ""Estimates"", ""work_bill_id"": ""24817"", ""attachment_url"": ""https://accounts.bbmp.gov.in/vssIFMS/Files/WO-1--06703519-MODIFIED%20ESTIMATE.pdf"", ""listing_url"": ""https://accounts.bbmp.gov.in/vssWB/vss00CvStatusData.php?pAction=LoadWBFiles&pWorkBillID=24817"", ""page"": 1, ""page_kind"": ""estimate"", ""raw"": ""For CC pavement Ch 32.00to 332.00 | 1 | 300.00 1050 0.25 | 787.50 Cum 1059.48 834,340.50"", ""method"": ""OCR (tesseract psm 6, 2x)"", ""check"": ""arithmetic"", ""confidence"": ""medium"", ""cross_validated"": true}]"
365,"sses, string or lacing courses, parapets, coping, bed blocks, anchor blocks, plain window cills, fillets etc., including cost of all materials, labour, HOM of machinery, curing, complete as per specifications. (P ) # , wi For ‘st layer of CC pavement Ch to Cum",Other,,,Estimates,432.0,4489.56,1939489.92,,,,,,medium,1,"[{""document_id"": ""WO-1--06703519-MODIFIED ESTIMATE.pdf"", ""attachment_type"": ""Estimates"", ""work_bill_id"": ""24817"", ""attachment_url"": ""https://accounts.bbmp.gov.in/vssIFMS/Files/WO-1--06703519-MODIFIED%20ESTIMATE.pdf"", ""listing_url"": ""https://accounts.bbmp.gov.in/vssWB/vss00CvStatusData.php?pAction=LoadWBFiles&pWorkBillID=24817"", ""page"": 1, ""page_kind"": ""estimate"", ""raw"": ""For ‘st layer of CC pavement Ch 32.00 to 33200 1 | 300.00 960 | 0.15 | 432.00 Cum 4489.56 1,939,489.92"", ""method"": ""OCR (tesseract psm 6, 2x)"", ""check"": ""arithmetic"", ""confidence"": ""medium"", ""cross_validated"": true}]"
365," with a fixed form or slip form paver, spread, compacted and finished in a continuous operation including approved, curing - compound, finishing to lines and grades as per drawing complete as per specifications (P a va ww For 2nd lay@r of CC pavement Ch to Cum","Paving, kerbs & footpath",,,Estimates,432.0,6036.12,2607603.84,,,,,,medium,1,"[{""document_id"": ""WO-1--06703519-MODIFIED ESTIMATE.pdf"", ""attachment_type"": ""Estimates"", ""work_bill_id"": ""24817"", ""attachment_url"": ""https://accounts.bbmp.gov.in/vssIFMS/Files/WO-1--06703519-MODIFIED%20ESTIMATE.pdf"", ""listing_url"": ""https://accounts.bbmp.gov.in/vssWB/vss00CvStatusData.php?pAction=LoadWBFiles&pWorkBillID=24817"", ""page"": 1, ""page_kind"": ""estimate"", ""raw"": ""For 2nd lay@r of CC pavement Ch 32.00 to 332.00 1 300.00 9.60 0.145 432.00 Cum 6036.12 2,607,603.84"", ""method"": ""OCR (tesseract psm 6, 2x)"", ""check"": ""arithmetic"", ""confidence"": ""medium"", ""cross_validated"": true}]"
365," with binding wire and anhoring to the adjoining members wherever necessary complete as per design (laps, hooks and wastage shall not be measured and paid) cost of materials, labour, HOM of machinery complete as per specifications. (P ) wl og * “ kgs / Cum Qtl",Other,,cum,Estimates,172.8,7835.4,1353957.12,,,,,,high,1,"[{""document_id"": ""WO-1--06703519-MODIFIED ESTIMATE.pdf"", ""attachment_type"": ""Estimates"", ""work_bill_id"": ""24817"", ""attachment_url"": ""https://accounts.bbmp.gov.in/vssIFMS/Files/WO-1--06703519-MODIFIED%20ESTIMATE.pdf"", ""listing_url"": ""https://accounts.bbmp.gov.in/vssWB/vss00CvStatusData.php?pAction=LoadWBFiles&pWorkBillID=24817"", ""page"": 2, ""page_kind"": ""estimate"", ""raw"": ""40 kgs / Cum | 17280 | 172.80 Qtl 7835.40 1,353,957.12"", ""method"": ""OCR (tesseract psm 6, 2x)"", ""check"": ""arithmetic"", ""confidence"": ""high"", ""cross_validated"": true}]"
365,"g the excavated earth, silt debris and over burden earth etc., to a lead of Kms. distance by using private vehicle with all lead & lifts includes the cost of loading and unloading charges etc., complete. (P ) ‘Qty vide item No.1 & f Debries in site , i # . Cum",Earthwork & excavation,,,Estimates,4228.0,108.65,459372.2,,,,,,medium,1,"[{""document_id"": ""WO-1--06703519-MODIFIED ESTIMATE.pdf"", ""attachment_type"": ""Estimates"", ""work_bill_id"": ""24817"", ""attachment_url"": ""https://accounts.bbmp.gov.in/vssIFMS/Files/WO-1--06703519-MODIFIED%20ESTIMATE.pdf"", ""listing_url"": ""https://accounts.bbmp.gov.in/vssWB/vss00CvStatusData.php?pAction=LoadWBFiles&pWorkBillID=24817"", ""page"": 2, ""page_kind"": ""estimate"", ""raw"": ""| | | | | | 4228.00. Cum 108.65 459,372.20"", ""method"": ""OCR (tesseract psm 6, 2x)"", ""check"": ""arithmetic"", ""confidence"": ""medium"", ""cross_validated"": true}]"
369," etc., complete, i fifteen paisas only - KSRB - : Providing and constructing granite / trap / basalt size stone masonry in foundation with cement mortar : stone hammerd dressed in courses Rupeesithree thousand ave s a : z Cum hundred fourty nine and ninety six","Paving, kerbs & footpath",KSRB 5.2-2,cum,Schedule B,102.31,3549.96,363203.0,,,,,,high,1,"[{""document_id"": ""WO-4--48183920-Shedule B 01.jpg"", ""attachment_type"": ""Schedule B"", ""work_bill_id"": ""83807"", ""attachment_url"": ""https://accounts.bbmp.gov.in/vssIFMS/Files/WO-4--48183920-Shedule%20B%2001.jpg"", ""listing_url"": ""https://accounts.bbmp.gov.in/vssWB/vss00CvStatusData.php?pAction=LoadWBFiles&pWorkBillID=83807"", ""page"": 1, ""page_kind"": ""schedule_b"", ""raw"": ""s a : z Cum | 102.31 3549.96 |hundred fourty nine and ninety six 363203,00"", ""method"": ""OCR (tesseract psm 6, 2x)"", ""check"": ""arithmetic"", ""confidence"": ""high"", ""cross_validated"": true}]"
369,"iding and constructing precast concrete solid blocks with compressive strength not less than Kg/sqcm with cement mortar : masonry R ine Hundred twenty tour (quoin, Jamb, closer blocks ) with solid concrete blocks of size 40x20x20cms Sqm aid Gare sight calc Gay",Concrete,KSRB 5-14,sqm,Schedule B,66.94,924.48,61884.0,65.96,,65.96,bill abstracts (sum of read bills),-1.5,medium,1,"[{""document_id"": ""WO-4--48183920-Shedule B 01.jpg"", ""attachment_type"": ""Schedule B"", ""work_bill_id"": ""83807"", ""attachment_url"": ""https://accounts.bbmp.gov.in/vssIFMS/Files/WO-4--48183920-Shedule%20B%2001.jpg"", ""listing_url"": ""https://accounts.bbmp.gov.in/vssWB/vss00CvStatusData.php?pAction=LoadWBFiles&pWorkBillID=83807"", ""page"": 1, ""page_kind"": ""schedule_b"", ""raw"": ""(quoin, Jamb, closer blocks ) with solid concrete blocks of size 40x20x20cms} Sqm | 66.94 | 924.48 aid Gare sight calc Gay 61884.00"", ""method"": ""OCR (tesseract psm 6, 2x)"", ""check"": ""arithmetic"", ""confidence"": ""high"", ""cross_validated"": true}, {""document_id"": ""WB-Bill--27590308-Bill Form 02.jpg"", ""attachment_type"": ""Bill Form"", ""work_bill_id"": ""83807"", ""attachment_url"": ""https://accounts.bbmp.gov.in/vssIFMS/Files/WB-Bill--27590308-Bill%20Form%2002.jpg"", ""listing_url"": ""https://accounts.bbmp.gov.in/vssWB/vss00CvStatusData.php?pAction=LoadWBFiles&pWorkBillID=83807"", ""page"": 1, ""page_kind"": ""abstract"", ""raw"": "") with solid concrete blocks of size 40x20x20cms conforming to IS: 2185/1965. in| 65.96 924.48 60979.00 65.96 60"", ""method"": ""OCR (tesseract psm 6, 2x)"", ""check"": ""arithmetic"", ""confidence"": ""medium"", ""cross_validated"": true}]"
369,"roviding and laying in position plain cement concrete of mix M10 with OPC cement @ Kgs, with 40mm and down size graded granite metal * : *, Rupees four thousand four e\e seereen @oe2cum ad fine aggregates @ cum Fries zaixed, Cum hundred ninety seven and twelve","Paving, kerbs & footpath",KSRB 4-1.2,cum,Schedule B,62.92,4497.12,282974.0,62.87,,62.87,bill abstracts (sum of read bills),-0.1,high,1,"[{""document_id"": ""WO-4--07303452-Shedule B 02.jpg"", ""attachment_type"": ""Schedule B"", ""work_bill_id"": ""83807"", ""attachment_url"": ""https://accounts.bbmp.gov.in/vssIFMS/Files/WO-4--07303452-Shedule%20B%2002.jpg"", ""listing_url"": ""https://accounts.bbmp.gov.in/vssWB/vss00CvStatusData.php?pAction=LoadWBFiles&pWorkBillID=83807"", ""page"": 1, ""page_kind"": ""schedule_b"", ""raw"": ""e\\e seereen @oe2cum ad fine aggregates @ 0.465 cum Fries zaixed, Cum | 62.92 | 4497.12 | hundred ninety seven and twelve 282974.00"", ""method"": ""OCR (tesseract psm 6, 2x)"", ""check"": ""arithmetic"", ""confidence"": ""high"", ""cross_validated"": true}, {""document_id"": ""WB-Bill--27590308-Bill Form 02.jpg"", ""attachment_type"": ""Bill Form"", ""work_bill_id"": ""83807"", ""attachment_url"": ""https://accounts.bbmp.gov.in/vssIFMS/Files/WB-Bill--27590308-Bill%20Form%2002.jpg"", ""listing_url"": ""https://accounts.bbmp.gov.in/vssWB/vss00CvStatusData.php?pAction=LoadWBFiles&pWorkBillID=83807"", ""page"": 1, ""page_kind"": ""abstract"", ""raw"": ""cum and fine aggregates @ 0.465 cum machine mixed, concrete laid in layers not exceeding 15 62.87 4497.12 282734.00 62.87 282"", ""method"": ""OCR (tesseract psm 6, 2x)"", ""check"": ""arithmetic"", ""confidence"": ""high"", ""cross_validated"": true}]"
369,"curing complete as per specifications. Specification No. KBS , Providing ruled pointing to coursed stone masonry with cement mortar : 20mm R scpeverity uibxeiendniact deep, after raking joints to depth of 20mm nicely lining, including cost o “Spee wo oa a iy y",Drain & culvert works,KSRB 4-1.6,,Schedule B,1792.0,79.92,143216.0,1779.92,,1779.92,bill abstracts (sum of read bills),-0.7,medium,1,"[{""document_id"": ""WO-4--07303452-Shedule B 02.jpg"", ""attachment_type"": ""Schedule B"", ""work_bill_id"": ""83807"", ""attachment_url"": ""https://accounts.bbmp.gov.in/vssIFMS/Files/WO-4--07303452-Shedule%20B%2002.jpg"", ""listing_url"": ""https://accounts.bbmp.gov.in/vssWB/vss00CvStatusData.php?pAction=LoadWBFiles&pWorkBillID=83807"", ""page"": 1, ""page_kind"": ""schedule_b"", ""raw"": ""deep, after raking joints to depth of 20mm nicely lining, including cost o 1792.00 | 79.92 “Spee wo oa a iy y 143216.00"", ""method"": ""OCR (tesseract psm 6, 2x)"", ""check"": ""arithmetic"", ""confidence"": ""medium"", ""cross_validated"": true}, {""document_id"": ""WB-Bill--10464804-Bill Form 03.jpg"", ""attachment_type"": ""Bill Form"", ""work_bill_id"": ""83807"", ""attachment_url"": ""https://accounts.bbmp.gov.in/vssIFMS/Files/WB-Bill--10464804-Bill%20Form%2003.jpg"", ""listing_url"": ""https://accounts.bbmp.gov.in/vssWB/vss00CvStatusData.php?pAction=LoadWBFiles&pWorkBillID=83807"", ""page"": 1, ""page_kind"": ""abstract"", ""raw"": ""raking joints to depth of 20mm nicely lining, including cost of materials, labour, curing} 1779.92 79.92 142251.00 1779.92 ©"", ""method"": ""OCR (tesseract psm 6, 2x)"", ""check"": ""arithmetic"", ""confidence"": ""medium"", ""cross_validated"": true}]"
369,ign for external flooring to the wall the thickness of the tiles should be minimum of mm and should have compressive strength of M - conforming Rupessonath a too nanares to I$ - specification fixing in cement mortar : - and using red oxide “UPEEs on ANG aly ee,"Paving, kerbs & footpath",,,Schedule B,3055.75,1250.0,3819687.0,,,,,,medium,1,"[{""document_id"": ""WO-4--07303452-Shedule B 02.jpg"", ""attachment_type"": ""Schedule B"", ""work_bill_id"": ""83807"", ""attachment_url"": ""https://accounts.bbmp.gov.in/vssIFMS/Files/WO-4--07303452-Shedule%20B%2002.jpg"", ""listing_url"": ""https://accounts.bbmp.gov.in/vssWB/vss00CvStatusData.php?pAction=LoadWBFiles&pWorkBillID=83807"", ""page"": 1, ""page_kind"": ""schedule_b"", ""raw"": ""to I$ 1237 - 1980 specification fixing in cement mortar 1:3 - and using red oxide] 3055.75 | 1250.00 |“UPEEs on ANG aly ee 3819687.00"", ""method"": ""OCR (tesseract psm 6, 2x)"", ""check"": ""arithmetic"", ""confidence"": ""medium"", ""cross_validated"": true}]"
369,"PC cement @ Kgs, with 20mm and down size graded granite metal coarse aggregates @ cum and fine aggregates @ cum with ors A S # F Rupees five thousand three Superplastisiser @ 3lts confirming to 1S9103- Reaffirmed- machine -.., hundred twenty three and thirty _","Paving, kerbs & footpath",KSRB 4-1.5,,Schedule B,138.16,5323.32,735443.0,132.06,,132.06,bill abstracts (sum of read bills),-4.4,medium,1,"[{""document_id"": ""WO-4--47192074-Shedule B 03.jpg"", ""attachment_type"": ""Schedule B"", ""work_bill_id"": ""83807"", ""attachment_url"": ""https://accounts.bbmp.gov.in/vssIFMS/Files/WO-4--47192074-Shedule%20B%2003.jpg"", ""listing_url"": ""https://accounts.bbmp.gov.in/vssWB/vss00CvStatusData.php?pAction=LoadWBFiles&pWorkBillID=83807"", ""page"": 1, ""page_kind"": ""schedule_b"", ""raw"": ""14 |Superplastisiser @ 3lts confirming to 1S9103-1999 Reaffirmed-2008, machine -.., | 138.16 | 5323.32 | hundred twenty three and thirty | _ 735443.00"", ""method"": ""OCR (tesseract psm 6, 2x)"", ""check"": ""arithmetic"", ""confidence"": ""medium"", ""cross_validated"": true}, {""document_id"": ""WB-Bill--10464804-Bill Form 03.jpg"", ""attachment_type"": ""Bill Form"", ""work_bill_id"": ""83807"", ""attachment_url"": ""https://accounts.bbmp.gov.in/vssIFMS/Files/WB-Bill--10464804-Bill%20Form%2003.jpg"", ""listing_url"": ""https://accounts.bbmp.gov.in/vssWB/vss00CvStatusData.php?pAction=LoadWBFiles&pWorkBillID=83807"", ""page"": 1, ""page_kind"": ""abstract"", ""raw"": ""Reaffirmed-2008, machine mixed, concrete laid in layers not exceeding 15 cms. thick, well 132.06 5323.32 702998.00 132.06"", ""method"": ""OCR (tesseract psm 6, 2x)"", ""check"": ""arithmetic"", ""confidence"": ""medium"", ""cross_validated"": true}]"
369," paisas only Providing and fixing pre cast solid cement concrete kerb stones made out of C.C, : : with top and bottom width and mm respectively, 400mm high and , 450mm in length finished with CM : plastering and finishing cutting, including see sie Rapier edgy",Earthwork & excavation,,,Schedule B,1728.0,267.84,462828.0,,,,,,medium,1,"[{""document_id"": ""WO-4--47192074-Shedule B 03.jpg"", ""attachment_type"": ""Schedule B"", ""work_bill_id"": ""83807"", ""attachment_url"": ""https://accounts.bbmp.gov.in/vssIFMS/Files/WO-4--47192074-Shedule%20B%2003.jpg"", ""listing_url"": ""https://accounts.bbmp.gov.in/vssWB/vss00CvStatusData.php?pAction=LoadWBFiles&pWorkBillID=83807"", ""page"": 1, ""page_kind"": ""schedule_b"", ""raw"": ""450mm in length finished with CM 1:3 plastering and finishing cutting, including 1728.00 | 267.84 see sie Rapier edgy 462828.00"", ""method"": ""OCR (tesseract psm 6, 2x)"", ""check"": ""arithmetic"", ""confidence"": ""medium"", ""cross_validated"": true}]"
369,"complete. KSRB - : Providing and applying painting in two coats with primer off approved brand on wall surface to give an even approved shade after throughly brushing the surface, free from mortar drops and other foreign matter including Rupees eighty one only",Other,KSRB 15-15.1,,Schedule B,504.0,81.0,40824.0,,,,,,medium,1,"[{""document_id"": ""WO-4--47192074-Shedule B 03.jpg"", ""attachment_type"": ""Schedule B"", ""work_bill_id"": ""83807"", ""attachment_url"": ""https://accounts.bbmp.gov.in/vssIFMS/Files/WO-4--47192074-Shedule%20B%2003.jpg"", ""listing_url"": ""https://accounts.bbmp.gov.in/vssWB/vss00CvStatusData.php?pAction=LoadWBFiles&pWorkBillID=83807"", ""page"": 1, ""page_kind"": ""schedule_b"", ""raw"": ""17 brushing the surface, free from mortar drops and other foreign matter including 504.00 81.00 Rupees eighty one only 40824,00"", ""method"": ""OCR (tesseract psm 6, 2x)"", ""check"": ""arithmetic"", ""confidence"": ""medium"", ""cross_validated"": true}]"
369,"ridges, retaining walls and other structure comprising of masony, cement concrete, wood) work, see! work, including T & P and scaffolding wherever necessary, sorting the dismantled material, disposal of unserviceable material and stacking the Cum Ua cs bao and",Dismantling & removal,KSRRB M200-12.2,cum,Schedule B,17.39,305.64,5314.0,,,,,,high,1,"[{""document_id"": ""WO-4-L4-ifms426-37381227-4-Shedule B 01.jpg"", ""attachment_type"": ""Schedule B"", ""work_bill_id"": ""83816"", ""attachment_url"": ""https://accounts.bbmp.gov.in/vssIFMS/Files/WO-4-L4-ifms426-37381227-4-Shedule%20B%2001.jpg"", ""listing_url"": ""https://accounts.bbmp.gov.in/vssWB/vss00CvStatusData.php?pAction=LoadWBFiles&pWorkBillID=83816"", ""page"": 1, ""page_kind"": ""schedule_b"", ""raw"": ""dismantled material, disposal of unserviceable material and stacking the| Cum} 17.39 | 305.64 Ua cs bao and 5314.00"", ""method"": ""OCR (tesseract psm 6, 2x)"", ""check"": ""arithmetic"", ""confidence"": ""high"", ""cross_validated"": true}]"
369," By Manual Means: A Lime Concrete, cement concrete grade M - & M - . MORTH Specification No. Removing BS slabs of drain and stacking & Refixing stone slabs of drains and, Rupees one hundred twenty and E pointing CM : . etc., complete, Sam - fifteen paisas only",Dismantling & removal,,,Schedule B,525.0,120.15,63150.0,525.42,,525.42,bill abstracts (sum of read bills),0.1,medium,1,"[{""document_id"": ""WO-4-L4-ifms426-37381227-4-Shedule B 01.jpg"", ""attachment_type"": ""Schedule B"", ""work_bill_id"": ""83816"", ""attachment_url"": ""https://accounts.bbmp.gov.in/vssIFMS/Files/WO-4-L4-ifms426-37381227-4-Shedule%20B%2001.jpg"", ""listing_url"": ""https://accounts.bbmp.gov.in/vssWB/vss00CvStatusData.php?pAction=LoadWBFiles&pWorkBillID=83816"", ""page"": 1, ""page_kind"": ""schedule_b"", ""raw"": ""E pointing CM 1:3. etc., complete, Sam | 525-60 120.15 fifteen paisas only 63150.00"", ""method"": ""OCR (tesseract psm 6, 2x)"", ""check"": ""arithmetic"", ""confidence"": ""medium"", ""cross_validated"": true}, {""document_id"": ""WB-Bill--27590308-Bill Form 02.jpg"", ""attachment_type"": ""Bill Form"", ""work_bill_id"": ""83807"", ""attachment_url"": ""https://accounts.bbmp.gov.in/vssIFMS/Files/WB-Bill--27590308-Bill%20Form%2002.jpg"", ""listing_url"": ""https://accounts.bbmp.gov.in/vssWB/vss00CvStatusData.php?pAction=LoadWBFiles&pWorkBillID=83807"", ""page"": 1, ""page_kind"": ""abstract"", ""raw"": ""Removing BS slabs of drain and stacking & Refixing stone slabs of drains and pointing CM 525.42 120.15 63129.00 - 63"", ""method"": ""OCR (tesseract psm 6, 2x)"", ""check"": ""arithmetic"", ""confidence"": ""medium"", ""cross_validated"": true}]"
369,"g in position plain cement concrete of mix M15 with OPC cement @ Kgs, with 20mm and down size graded granite metal coarse aggregates @ cum and fine aggregates @ .459cum machine mixed, Rupees four thousand'seven 5a : ;: f ~ "" Cum hundred and seventy nine paisas","Paving, kerbs & footpath",KSRB 4-1.6,cum,Schedule B,68.89,4779.0,329215.0,68.82,,68.82,bill abstracts (sum of read bills),-0.1,high,1,"[{""document_id"": ""WO-4-L4-ifms426-92525768-4-Shedule B 02.jpg"", ""attachment_type"": ""Schedule B"", ""work_bill_id"": ""83816"", ""attachment_url"": ""https://accounts.bbmp.gov.in/vssIFMS/Files/WO-4-L4-ifms426-92525768-4-Shedule%20B%2002.jpg"", ""listing_url"": ""https://accounts.bbmp.gov.in/vssWB/vss00CvStatusData.php?pAction=LoadWBFiles&pWorkBillID=83816"", ""page"": 1, ""page_kind"": ""schedule_b"", ""raw"": ""7 5a : ;: f 7 3 ~ \""| Cum | 68.89 | 4779.00 | hundred and seventy nine paisas 329215.00"", ""method"": ""OCR (tesseract psm 6, 2x)"", ""check"": ""arithmetic"", ""confidence"": ""high"", ""cross_validated"": true}, {""document_id"": ""WB-Bill--27590308-Bill Form 02.jpg"", ""attachment_type"": ""Bill Form"", ""work_bill_id"": ""83807"", ""attachment_url"": ""https://accounts.bbmp.gov.in/vssIFMS/Files/WB-Bill--27590308-Bill%20Form%2002.jpg"", ""listing_url"": ""https://accounts.bbmp.gov.in/vssWB/vss00CvStatusData.php?pAction=LoadWBFiles&pWorkBillID=83807"", ""page"": 1, ""page_kind"": ""abstract"", ""raw"": ""cum and fine aggregates @ 0.459cum machine mixed, concrete laid in layers not exceeding 15 68.82 4779.00 328891.00 68.82 328"", ""method"": ""OCR (tesseract psm 6, 2x)"", ""check"": ""arithmetic"", ""confidence"": ""high"", ""cross_validated"": true}]"
369,viding two line dressing to granite stone slab / granite stone sqm T3116 Rupees seven hundred thirty one masonry as per specifications. and sixteen paisas only Providing .5m wide machine cutting for 10cm thick granite slab(approved rate) sam Rupees fifty sonly,Earthwork & excavation,KSRB 5-8.2,,Schedule B,1054.0,50.0,52700.0,,,,,,medium,1,"[{""document_id"": ""WO-4-L4-ifms426-92525768-4-Shedule B 02.jpg"", ""attachment_type"": ""Schedule B"", ""work_bill_id"": ""83816"", ""attachment_url"": ""https://accounts.bbmp.gov.in/vssIFMS/Files/WO-4-L4-ifms426-92525768-4-Shedule%20B%2002.jpg"", ""listing_url"": ""https://accounts.bbmp.gov.in/vssWB/vss00CvStatusData.php?pAction=LoadWBFiles&pWorkBillID=83816"", ""page"": 1, ""page_kind"": ""schedule_b"", ""raw"": ""13 Providing 2.5m wide machine cutting for 10cm thick granite slab(approved rate) } sam | 1054.00 | 50.00 Rupees fifty sonly 52700.00"", ""method"": ""OCR (tesseract psm 6, 2x)"", ""check"": ""arithmetic"", ""confidence"": ""medium"", ""cross_validated"": true}]"
375,"carified i materials and stacking of old serviceable materials with lead of m. sequential spreading of the salvaged : , . aggregates with fresh aggregates on prepared base and consolidating as per water bound macadam specifications Sqm : Rupees Fifty Five Only",Other,,sqm,Schedule B,156.2,55.0,8591.0,,,,,,high,1,"[{""document_id"": ""WO-4--29974576-Schedule B.pdf"", ""attachment_type"": ""Schedule B"", ""work_bill_id"": ""80791"", ""attachment_url"": ""https://accounts.bbmp.gov.in/vssIFMS/Files/WO-4--29974576-Schedule%20B.pdf"", ""listing_url"": ""https://accounts.bbmp.gov.in/vssWB/vss00CvStatusData.php?pAction=LoadWBFiles&pWorkBillID=80791"", ""page"": 1, ""page_kind"": ""schedule_b"", ""raw"": "". aggregates with fresh aggregates on prepared base and consolidating as per water bound macadam specifications Sqm} 156.20 55.00 : Rupees Fifty Five Only 8591.00"", ""method"": ""OCR (tesseract psm 6, 2x)"", ""check"": ""arithmetic"", ""confidence"": ""high"", ""cross_validated"": true}]"
375,"pecification No. Earth Work Excavation for Foundation of Structures as per drawing and Specification, including setting out, construction of shoring and bracing, removal of stumps and other deleterious matter, dresseing of sides and Cum Rupees Thirty Five Only",Earthwork & excavation,,cum,Schedule B,1099.64,35.0,38487.4,,,,,,high,1,"[{""document_id"": ""WO-4--29974576-Schedule B.pdf"", ""attachment_type"": ""Schedule B"", ""work_bill_id"": ""80791"", ""attachment_url"": ""https://accounts.bbmp.gov.in/vssIFMS/Files/WO-4--29974576-Schedule%20B.pdf"", ""listing_url"": ""https://accounts.bbmp.gov.in/vssWB/vss00CvStatusData.php?pAction=LoadWBFiles&pWorkBillID=80791"", ""page"": 1, ""page_kind"": ""schedule_b"", ""raw"": ""3 |construction of shoring and bracing, removal of stumps and other deleterious matter, dresseing of sides and|Cum] 1099.64 35.00 Rupees Thirty Five Only 38487.40"", ""method"": ""OCR (tesseract psm 6, 2x)"", ""check"": ""arithmetic"", ""confidence"": ""high"", ""cross_validated"": true}]"
375,") Depth upto 3m Diversion of water course by providing Coffer Dams or bunds or islands as may be necessary for piers and abutments foundations, bailing out or pumping water during excavation and until completion cte... complete up to Cum Rupees Two aia apd Fen",Earthwork & excavation,,cum,Schedule B,119.88,210.0,25174.8,96.39,,96.39,bill abstracts (sum of read bills),-19.6,medium,1,"[{""document_id"": ""WO-4--29974576-Schedule B.pdf"", ""attachment_type"": ""Schedule B"", ""work_bill_id"": ""80791"", ""attachment_url"": ""https://accounts.bbmp.gov.in/vssIFMS/Files/WO-4--29974576-Schedule%20B.pdf"", ""listing_url"": ""https://accounts.bbmp.gov.in/vssWB/vss00CvStatusData.php?pAction=LoadWBFiles&pWorkBillID=80791"", ""page"": 1, ""page_kind"": ""schedule_b"", ""raw"": ""| abutments foundations, bailing out or pumping water during excavation and until completion cte... complete up to] Cum| 119.88 210.00 Rupees Two aia apd Fen 25174.80"", ""method"": ""OCR (tesseract psm 6, 2x)"", ""check"": ""arithmetic"", ""confidence"": ""high"", ""cross_validated"": true}, {""document_id"": ""WB-Bill--01838910-Billform.pdf"", ""attachment_type"": ""Bill Form"", ""work_bill_id"": ""80791"", ""attachment_url"": ""https://accounts.bbmp.gov.in/vssIFMS/Files/WB-Bill--01838910-Billform.pdf"", ""listing_url"": ""https://accounts.bbmp.gov.in/vssWB/vss00CvStatusData.php?pAction=LoadWBFiles&pWorkBillID=80791"", ""page"": 3, ""page_kind"": ""abstract"", ""raw"": ""as may, be necessary for piers ann ATED s foun f ions, bailing out or cia 119.88 210.00 0.00 0.00 96.39 20241.90 96.39 20241.90"", ""method"": ""OCR (tesseract psm 6, 2x)"", ""check"": ""arithmetic"", ""confidence"": ""medium"", ""cross_validated"": true}]"
375,"m depth Providing and Filling in Foundation with granite/trap broken metal 100mm . And down size, with approved sand ; Jincluding hand packing, ramming , watering, including cost of all materials and labours with all lead and lift. Cum manor ao Nine","Paving, kerbs & footpath",,cum,Schedule B,206.04,1900.0,391476.0,178.5,,178.5,bill abstracts (sum of read bills),-13.4,high,1,"[{""document_id"": ""WO-4--29974576-Schedule B.pdf"", ""attachment_type"": ""Schedule B"", ""work_bill_id"": ""80791"", ""attachment_url"": ""https://accounts.bbmp.gov.in/vssIFMS/Files/WO-4--29974576-Schedule%20B.pdf"", ""listing_url"": ""https://accounts.bbmp.gov.in/vssWB/vss00CvStatusData.php?pAction=LoadWBFiles&pWorkBillID=80791"", ""page"": 1, ""page_kind"": ""schedule_b"", ""raw"": ""5 Jincluding hand packing, ramming , watering, including cost of all materials and labours with all lead and lift.|Cum| 206.04 1900.00 manor ao Nine 391476.00"", ""method"": ""OCR (tesseract psm 6, 2x)"", ""check"": ""arithmetic"", ""confidence"": ""high"", ""cross_validated"": true}, {""document_id"": ""WB-Bill--01838910-Billform.pdf"", ""attachment_type"": ""Bill Form"", ""work_bill_id"": ""80791"", ""attachment_url"": ""https://accounts.bbmp.gov.in/vssIFMS/Files/WB-Bill--01838910-Billform.pdf"", ""listing_url"": ""https://accounts.bbmp.gov.in/vssWB/vss00CvStatusData.php?pAction=LoadWBFiles&pWorkBillID=80791"", ""page"": 3, ""page_kind"": ""abstract"", ""raw"": ""100mm . And dewn size, with approved sand including hand packing,| Cum 206.04 1900.00 0.00 0.00 178.50 339150.00 178.50 339150.00"", ""method"": ""OCR (tesseract psm 6, 2x)"", ""check"": ""arithmetic"", ""confidence"": ""high"", ""cross_validated"": true}]"
375," cement @ 220kgs, with 20mm and down size graded granite metal coarse aggregates @ .84cum and fine aggregtes @ .56cum, machine ; mixed, concrete laid in layers not exceeding cms. thick, well compacted, in foundation, plinth and cills, ncluding Cum ounces a Bis","Paving, kerbs & footpath",,cum,Schedule B,119.08,4900.0,583492.0,,,,,,high,1,"[{""document_id"": ""WO-4--29974576-Schedule B.pdf"", ""attachment_type"": ""Schedule B"", ""work_bill_id"": ""80791"", ""attachment_url"": ""https://accounts.bbmp.gov.in/vssIFMS/Files/WO-4--29974576-Schedule%20B.pdf"", ""listing_url"": ""https://accounts.bbmp.gov.in/vssWB/vss00CvStatusData.php?pAction=LoadWBFiles&pWorkBillID=80791"", ""page"": 1, ""page_kind"": ""schedule_b"", ""raw"": ""mixed, concrete laid in layers not exceeding 15 cms. thick, well compacted, in foundation, plinth and cills, ncluding} Cum] 119.08 4900.00 ounces a Bis 583492.00"", ""method"": ""OCR (tesseract psm 6, 2x)"", ""check"": ""arithmetic"", ""confidence"": ""high"", ""cross_validated"": true}]"
375,"design mix M30 @ 360kgs, with 20mm and down size graded granite metal coarse aggregates @ .69cum and fine aggregates @ .46cum, with x u Superplastisiser @3lts confirming to 1S9103- Reaffirmed- complete as per Drawing and Technical Cum) Rupees Six Thousand Only","Paving, kerbs & footpath",,cum,Schedule B,296.04,6000.0,1776240.0,267.75,,267.75,bill abstracts (sum of read bills),-9.6,medium,1,"[{""document_id"": ""WO-4--29974576-Schedule B.pdf"", ""attachment_type"": ""Schedule B"", ""work_bill_id"": ""80791"", ""attachment_url"": ""https://accounts.bbmp.gov.in/vssIFMS/Files/WO-4--29974576-Schedule%20B.pdf"", ""listing_url"": ""https://accounts.bbmp.gov.in/vssWB/vss00CvStatusData.php?pAction=LoadWBFiles&pWorkBillID=80791"", ""page"": 1, ""page_kind"": ""schedule_b"", ""raw"": ""u Superplastisiser @3lts confirming to 1S9103-1999 Reaffirmed-2008 complete as per Drawing and Technical Cum) 296.04 6000.00 Rupees Six Thousand Only 1776240.00"", ""method"": ""OCR (tesseract psm 6, 2x)"", ""check"": ""arithmetic"", ""confidence"": ""high"", ""cross_validated"": true}, {""document_id"": ""WB-Bill--01838910-Billform.pdf"", ""attachment_type"": ""Bill Form"", ""work_bill_id"": ""80791"", ""attachment_url"": ""https://accounts.bbmp.gov.in/vssIFMS/Files/WB-Bill--01838910-Billform.pdf"", ""listing_url"": ""https://accounts.bbmp.gov.in/vssWB/vss00CvStatusData.php?pAction=LoadWBFiles&pWorkBillID=80791"", ""page"": 4, ""page_kind"": ""abstract"", ""raw"": "": perp. ming to 1S9103 um 296.04 6000.00 0.00 0.00 267.75 1606500.00 267.75 1606500.00 |"", ""method"": ""OCR (tesseract psm 6, 2x)"", ""check"": ""arithmetic"", ""confidence"": ""medium"", ""cross_validated"": true}]"
375,"chnical Specifications complete as per specifications MORTH Specification No.1500, & KSRRB M2200. KSRRB M2200- . Rupees Six Thousand Eight Design mix M30 with OPC cement @ 360kgs, with 20mm and down size graded granite metal coarse aggregates Cum P Hisdred Ont","Paving, kerbs & footpath",KSRRB M2200-5.15,cum,Schedule B,267.84,6800.0,1821312.0,,,,,,high,1,"[{""document_id"": ""WO-4--29974576-Schedule B.pdf"", ""attachment_type"": ""Schedule B"", ""work_bill_id"": ""80791"", ""attachment_url"": ""https://accounts.bbmp.gov.in/vssIFMS/Files/WO-4--29974576-Schedule%20B.pdf"", ""listing_url"": ""https://accounts.bbmp.gov.in/vssWB/vss00CvStatusData.php?pAction=LoadWBFiles&pWorkBillID=80791"", ""page"": 2, ""page_kind"": ""schedule_b"", ""raw"": ""Design mix M30 with OPC cement @ 360kgs, with 20mm and down size graded granite metal coarse aggregates Cum| 267.84 6800.00 P Hisdred Ont 9 1821312.00"", ""method"": ""OCR (tesseract psm 6, 2x)"", ""check"": ""arithmetic"", ""confidence"": ""high"", ""cross_validated"": true}]"
375,"per-Structure as per drawing and Technical Specification complete as per specifications. B. RCC with OPC cement design mix M30 @ 340kgs, with 20mm and down size graded granite metal coarse aggregates @ .7cum and fine aggregates @ Cum Rupees Seven Thousand Only","Paving, kerbs & footpath",,cum,Schedule B,296.51,7000.0,2075500.0,267.75,,267.75,bill abstracts (sum of read bills),-9.7,medium,1,"[{""document_id"": ""WO-4--29974576-Schedule B.pdf"", ""attachment_type"": ""Schedule B"", ""work_bill_id"": ""80791"", ""attachment_url"": ""https://accounts.bbmp.gov.in/vssIFMS/Files/WO-4--29974576-Schedule%20B.pdf"", ""listing_url"": ""https://accounts.bbmp.gov.in/vssWB/vss00CvStatusData.php?pAction=LoadWBFiles&pWorkBillID=80791"", ""page"": 2, ""page_kind"": ""schedule_b"", ""raw"": ""@ 340kgs, with 20mm and down size graded granite metal coarse aggregates @0.7cum and fine aggregates @|Cum} 296.51 7000.00 Rupees Seven Thousand Only 2075500.00"", ""method"": ""OCR (tesseract psm 6, 2x)"", ""check"": ""arithmetic"", ""confidence"": ""high"", ""cross_validated"": true}, {""document_id"": ""WB-Bill--01838910-Billform.pdf"", ""attachment_type"": ""Bill Form"", ""work_bill_id"": ""80791"", ""attachment_url"": ""https://accounts.bbmp.gov.in/vssIFMS/Files/WB-Bill--01838910-Billform.pdf"", ""listing_url"": ""https://accounts.bbmp.gov.in/vssWB/vss00CvStatusData.php?pAction=LoadWBFiles&pWorkBillID=80791"", ""page"": 4, ""page_kind"": ""abstract"", ""raw"": ""with OPC cement design mix M30 @ 340kgs, with 20mm and down size! 4, | 296.59 | 7000.00 | 0.00 0.00 267.75 | 187425000 | 267.75 | 1874250.00"", ""method"": ""OCR (tesseract psm 6, 2x)"", ""check"": ""arithmetic"", ""confidence"": ""medium"", ""cross_validated"": true}]"
375,"oncrete Pump for Height upto m MORTH Specification No. & Supplying, fitting and placing TMT bar Reinforcement in Sub-Structure complete as per drawing and Technical specifications as per MORTH specifications No & . TMT bars Fe MT Rupees Sixty One Thousand Only",Concrete,,nos,Schedule B,62.03,61000.0,3783830.0,,,,,,high,1,"[{""document_id"": ""WO-4--29974576-Schedule B.pdf"", ""attachment_type"": ""Schedule B"", ""work_bill_id"": ""80791"", ""attachment_url"": ""https://accounts.bbmp.gov.in/vssIFMS/Files/WO-4--29974576-Schedule%20B.pdf"", ""listing_url"": ""https://accounts.bbmp.gov.in/vssWB/vss00CvStatusData.php?pAction=LoadWBFiles&pWorkBillID=80791"", ""page"": 2, ""page_kind"": ""schedule_b"", ""raw"": ""specifications as per MORTH specifications No 1600 & 2200. TMT bars Fe 415 MT 62.03 | 61000.00] Rupees Sixty One Thousand Only 3783830.00"", ""method"": ""OCR (tesseract psm 6, 2x)"", ""check"": ""arithmetic"", ""confidence"": ""high"", ""cross_validated"": true}]"
375,"ese Conveying the Excavated Earth, and disposal of debries etc., with all lead and lifts including loading and unloading : charges carriage rates by mechanical means for earth work etc., complete and as per the direction of the Engineer Cum) Rupees Eighty Only",Earthwork & excavation,,cum,Schedule B,1099.64,80.0,87971.2,862.75,,862.75,bill abstracts (sum of read bills),-21.5,high,1,"[{""document_id"": ""WO-4--29974576-Schedule B.pdf"", ""attachment_type"": ""Schedule B"", ""work_bill_id"": ""80791"", ""attachment_url"": ""https://accounts.bbmp.gov.in/vssIFMS/Files/WO-4--29974576-Schedule%20B.pdf"", ""listing_url"": ""https://accounts.bbmp.gov.in/vssWB/vss00CvStatusData.php?pAction=LoadWBFiles&pWorkBillID=80791"", ""page"": 2, ""page_kind"": ""schedule_b"", ""raw"": ""8 charges carriage rates by mechanical means for earth work etc., complete and as per the direction of the Engineer Cum) 1099.64 80.00 Rupees Eighty Only 87971.20"", ""method"": ""OCR (tesseract psm 6, 2x)"", ""check"": ""arithmetic"", ""confidence"": ""high"", ""cross_validated"": true}, {""document_id"": ""WB-Bill--01838910-Billform.pdf"", ""attachment_type"": ""Bill Form"", ""work_bill_id"": ""80791"", ""attachment_url"": ""https://accounts.bbmp.gov.in/vssIFMS/Files/WB-Bill--01838910-Billform.pdf"", ""listing_url"": ""https://accounts.bbmp.gov.in/vssWB/vss00CvStatusData.php?pAction=LoadWBFiles&pWorkBillID=80791"", ""page"": 2, ""page_kind"": ""abstract"", ""raw"": ""mechanical means for earth work etc., complete and as per the direction of Cum | 1099.64 80.00 0.00 0.00 862.75 69020.00 862.75 69020.00 1"", ""method"": ""OCR (tesseract psm 6, 2x)"", ""check"": ""arithmetic"", ""confidence"": ""high"", ""cross_validated"": true}]"
375, in Open Foundation complete as per Drawing and Technical Cum O47 Hundred Only Specifications Case - : Using Concrete Mixer” MORTH Specification No. & Providing Weep Holes with 110mm outer dia kg/Sqm pressure pipe of approved make( PVC) rn Rupees Fourteen Only,Drain & culvert works,,sqm,Schedule B,124.8,140.0,17472.0,,,,,,high,1,"[{""document_id"": ""WO-4--29974576-Schedule B.pdf"", ""attachment_type"": ""Schedule B"", ""work_bill_id"": ""80791"", ""attachment_url"": ""https://accounts.bbmp.gov.in/vssIFMS/Files/WO-4--29974576-Schedule%20B.pdf"", ""listing_url"": ""https://accounts.bbmp.gov.in/vssWB/vss00CvStatusData.php?pAction=LoadWBFiles&pWorkBillID=80791"", ""page"": 2, ""page_kind"": ""schedule_b"", ""raw"": ""3 Providing Weep Holes with 110mm outer dia 2.5 kg/Sqm pressure pipe of approved make( PVC) rn 124.80 140.00 Rupees Fourteen Only 17472.00"", ""method"": ""OCR (tesseract psm 6, 2x)"", ""check"": ""arithmetic"", ""confidence"": ""high"", ""cross_validated"": true}]"
382,"on ( Works) SI ais : ‘ Rate (in Rs.) Amount scence ee ae ee KSRRB - : Earthwork excavation by manual means in Ordinary soil involving an a i e ij . verage horizontal throw upto meters and an average lift upto m, excavated surface Cum Rupees Two Hundred Seventy",Earthwork & excavation,KSRRB 300-1,cum,Schedule B,1033.45,270.0,279031.5,,,,,,high,1,"[{""document_id"": ""WO-4--60237251-Shedule B 01.jpg"", ""attachment_type"": ""Schedule B"", ""work_bill_id"": ""56524"", ""attachment_url"": ""https://accounts.bbmp.gov.in/vssIFMS/Files/WO-4--60237251-Shedule%20B%2001.jpg"", ""listing_url"": ""https://accounts.bbmp.gov.in/vssWB/vss00CvStatusData.php?pAction=LoadWBFiles&pWorkBillID=56524"", ""page"": 1, ""page_kind"": ""schedule_b"", ""raw"": ""verage horizontal throw upto 2 meters and an average lift upto 0.5 m, excavated surface Cum | 1033.45] 270.00 Rupees Two Hundred Seventy 279031.50"", ""method"": ""OCR (tesseract psm 6, 2x)"", ""check"": ""arithmetic"", ""confidence"": ""high"", ""cross_validated"": true}]"
382,"n average output of tonnes per hour using crushed aggregates of specified grading, premixed with bituminous binder at to % of . ; R . /mix and filler, transporting the hot mix to work site, laying with a hydrostatic paver finisher Cum mises Nike Thousand Niae,",Bituminous surfacing,KSRRB M500-19,cum,Schedule B,2310.32,9900.0,22872168.0,,,,,,high,1,"[{""document_id"": ""WO-4--60237251-Shedule B 01.jpg"", ""attachment_type"": ""Schedule B"", ""work_bill_id"": ""56524"", ""attachment_url"": ""https://accounts.bbmp.gov.in/vssIFMS/Files/WO-4--60237251-Shedule%20B%2001.jpg"", ""listing_url"": ""https://accounts.bbmp.gov.in/vssWB/vss00CvStatusData.php?pAction=LoadWBFiles&pWorkBillID=56524"", ""page"": 1, ""page_kind"": ""schedule_b"", ""raw"": ""6 /mix and filler, transporting the hot mix to work site, laying with a hydrostatic paver finisher] Cum | 2310.32 | 9900.00 mises Nike Thousand Niae, 22872168.00"", ""method"": ""OCR (tesseract psm 6, 2x)"", ""check"": ""arithmetic"", ""confidence"": ""high"", ""cross_validated"": true}]"
382,"s complete as per specifications. MORTH Specification No. P - , - KSRRB - : Earthwork excavation by manual means in Ordinary soil involving an average horizontal throw upto meters and an average lift upto m, excavated surface Cum Rupees One Hundred Eighty Five",Earthwork & excavation,KSRRB 300-1,cum,Schedule B,2432.22,185.0,449960.7,,,,,,high,1,"[{""document_id"": ""WO-4--20857316-Shedule B 02.jpg"", ""attachment_type"": ""Schedule B"", ""work_bill_id"": ""56524"", ""attachment_url"": ""https://accounts.bbmp.gov.in/vssIFMS/Files/WO-4--20857316-Shedule%20B%2002.jpg"", ""listing_url"": ""https://accounts.bbmp.gov.in/vssWB/vss00CvStatusData.php?pAction=LoadWBFiles&pWorkBillID=56524"", ""page"": 1, ""page_kind"": ""schedule_b"", ""raw"": ""average horizontal throw upto 2 meters and an average lift upto 0.5 m, excavated surface Cum | 2432.22] 185.00 Rupees One Hundred Eighty Five 449960.70"", ""method"": ""OCR (tesseract psm 6, 2x)"", ""check"": ""arithmetic"", ""confidence"": ""high"", ""cross_validated"": true}]"
382," per specifications. Specification «: No. KBS , (P - - ) é KSRB_ - ; Providing and constructing granite / trap / basalt size stone masonry in i basement with cement mortar : edges of stones chistle dressed in courses not less than Cum Rupees Five Thousand Only","Paving, kerbs & footpath",KSRB 4-1,cum,Schedule B,895.14,5000.0,4475700.0,,,,,,high,1,"[{""document_id"": ""WO-4--20857316-Shedule B 02.jpg"", ""attachment_type"": ""Schedule B"", ""work_bill_id"": ""56524"", ""attachment_url"": ""https://accounts.bbmp.gov.in/vssIFMS/Files/WO-4--20857316-Shedule%20B%2002.jpg"", ""listing_url"": ""https://accounts.bbmp.gov.in/vssWB/vss00CvStatusData.php?pAction=LoadWBFiles&pWorkBillID=56524"", ""page"": 1, ""page_kind"": ""schedule_b"", ""raw"": ""i basement with cement mortar 1:6, edges of stones chistle dressed in courses not less than 15 Cum | 895.14 | 5000.00 | Rupees Five Thousand Only 4475700.00"", ""method"": ""OCR (tesseract psm 6, 2x)"", ""check"": ""arithmetic"", ""confidence"": ""high"", ""cross_validated"": true}]"
382,"d constructing non-load bearing wall with cement concrete solid blocks with compressive strength not less than 3S Kg/sqem with cement mortar : ( Jamb, closer blocks ) with blocks of size 40x10x20cems. ( Ixbxh ) conforming to LS : / in Rupees Eight Hundred Only",Concrete,KSRB 5-15,ls,Schedule B,1055.0,800.0,844000.0,,,,,,high,1,"[{""document_id"": ""WO-4--20857316-Shedule B 02.jpg"", ""attachment_type"": ""Schedule B"", ""work_bill_id"": ""56524"", ""attachment_url"": ""https://accounts.bbmp.gov.in/vssIFMS/Files/WO-4--20857316-Shedule%20B%2002.jpg"", ""listing_url"": ""https://accounts.bbmp.gov.in/vssWB/vss00CvStatusData.php?pAction=LoadWBFiles&pWorkBillID=56524"", ""page"": 1, ""page_kind"": ""schedule_b"", ""raw"": ""12 |closer blocks ) with blocks of size 40x10x20cems. ( Ixbxh ) conforming to LS : 2185/1965 in 1055.00 | 800.00 Rupees Eight Hundred Only 844000,00"", ""method"": ""OCR (tesseract psm 6, 2x)"", ""check"": ""arithmetic"", ""confidence"": ""high"", ""cross_validated"": true}]"
382,"viding and fixing pre cast solid cement concrete kerb stones made out of C.C, : : with top and bottom width and mm respectively, 400mm high and 450mm in , length finished with CM : plastering and finishing cutting, including formwork, curing, Rapess er a Forty",Earthwork & excavation,,,Schedule B,16971.0,340.0,5770140.0,955.0,,955.0,bill form total up to date,-94.4,medium,1,"[{""document_id"": ""WO-4--32377835-Shedule B 03.jpg"", ""attachment_type"": ""Schedule B"", ""work_bill_id"": ""56524"", ""attachment_url"": ""https://accounts.bbmp.gov.in/vssIFMS/Files/WO-4--32377835-Shedule%20B%2003.jpg"", ""listing_url"": ""https://accounts.bbmp.gov.in/vssWB/vss00CvStatusData.php?pAction=LoadWBFiles&pWorkBillID=56524"", ""page"": 1, ""page_kind"": ""schedule_b"", ""raw"": ""18 length finished with CM 1:3 plastering and finishing cutting, including formwork, curing, 16971.00] 340.00 Rapess er a Forty 5770140.00"", ""method"": ""OCR (tesseract psm 6, 2x)"", ""check"": ""arithmetic"", ""confidence"": ""medium"", ""cross_validated"": true}, {""document_id"": ""WB-Bill--25914176-Bill Form 06.jpg"", ""attachment_type"": ""Bill Form"", ""work_bill_id"": ""56524"", ""attachment_url"": ""https://accounts.bbmp.gov.in/vssIFMS/Files/WB-Bill--25914176-Bill%20Form%2006.jpg"", ""listing_url"": ""https://accounts.bbmp.gov.in/vssWB/vss00CvStatusData.php?pAction=LoadWBFiles&pWorkBillID=56524"", ""page"": 1, ""page_kind"": ""abstract"", ""raw"": ""450mm in length finished with CM - 955,00 340.00 324700.00 955.00 324700.00"", ""method"": ""OCR (tesseract psm 6, 2x, rulings removed)"", ""check"": ""arithmetic"", ""confidence"": ""medium"", ""cross_validated"": true}]"
382,"d applying floor painting with ready mix paint in two coats ( exluding priming coat ) on new concrete / asbestos cement sheet / plastered surfaces Abrushing to give an even shade after preparing the surface after throughly cleaning oil, dirt, Rupees Fifty Only",Concrete,KSRB 15-20.1,,Schedule B,2672.95,50.0,133647.5,156.56,,156.56,bill form total up to date,-94.1,medium,1,"[{""document_id"": ""WO-4--32377835-Shedule B 03.jpg"", ""attachment_type"": ""Schedule B"", ""work_bill_id"": ""56524"", ""attachment_url"": ""https://accounts.bbmp.gov.in/vssIFMS/Files/WO-4--32377835-Shedule%20B%2003.jpg"", ""listing_url"": ""https://accounts.bbmp.gov.in/vssWB/vss00CvStatusData.php?pAction=LoadWBFiles&pWorkBillID=56524"", ""page"": 1, ""page_kind"": ""schedule_b"", ""raw"": ""20 Abrushing to give an even shade after preparing the surface after throughly cleaning oil, dirt, 2672.95} 50.00 Rupees Fifty Only 133647.50"", ""method"": ""OCR (tesseract psm 6, 2x)"", ""check"": ""arithmetic"", ""confidence"": ""medium"", ""cross_validated"": true}, {""document_id"": ""WB-Bill--25914176-Bill Form 06.jpg"", ""attachment_type"": ""Bill Form"", ""work_bill_id"": ""56524"", ""attachment_url"": ""https://accounts.bbmp.gov.in/vssIFMS/Files/WB-Bill--25914176-Bill%20Form%2006.jpg"", ""listing_url"": ""https://accounts.bbmp.gov.in/vssWB/vss00CvStatusData.php?pAction=LoadWBFiles&pWorkBillID=56524"", ""page"": 1, ""page_kind"": ""abstract"", ""raw"": ""ariaces, brushing: (o.0he An Ste - 156.56-| 50.00 7828.00 156.56 | 7828.00"", ""method"": ""OCR (tesseract psm 6, 2x, rulings removed)"", ""check"": ""arithmetic"", ""confidence"": ""medium"", ""cross_validated"": true}]"
382,"nd for manufacture of blocks of approved size, shape and colour with a minimum compressive strength of kg per sqm over 50mm thick sand bed ( average! thickness ) and compacting with plate vibrator having tons compaction force thereby Sqm Rupes One Thousand TW9",Other,,sqm,Schedule B,967.5,1200.0,1161000.0,,,,,,high,1,"[{""document_id"": ""WO-4--32377835-Shedule B 03.jpg"", ""attachment_type"": ""Schedule B"", ""work_bill_id"": ""56524"", ""attachment_url"": ""https://accounts.bbmp.gov.in/vssIFMS/Files/WO-4--32377835-Shedule%20B%2003.jpg"", ""listing_url"": ""https://accounts.bbmp.gov.in/vssWB/vss00CvStatusData.php?pAction=LoadWBFiles&pWorkBillID=56524"", ""page"": 1, ""page_kind"": ""schedule_b"", ""raw"": ""22 |thickness ) and compacting with plate vibrator having 3 tons compaction force thereby] Sqm | 967.50 | 1200.00 Rupes One Thousand TW9 1161000.00"", ""method"": ""OCR (tesseract psm 6, 2x)"", ""check"": ""arithmetic"", ""confidence"": ""high"", ""cross_validated"": true}]"
382," and HOM o machineries complete as per specifications : Vaccum de-watering with vaccum pump and suction mat and compaction with skin floater disc including cost of generator, HOM of machinery, screed vibratory, power floater, blade Sqm Rupees Ninety Seven Only",Other,,sqm,Schedule B,6188.0,97.0,600236.0,,,,,,high,1,"[{""document_id"": ""WO-4--32377835-Shedule B 03.jpg"", ""attachment_type"": ""Schedule B"", ""work_bill_id"": ""56524"", ""attachment_url"": ""https://accounts.bbmp.gov.in/vssIFMS/Files/WO-4--32377835-Shedule%20B%2003.jpg"", ""listing_url"": ""https://accounts.bbmp.gov.in/vssWB/vss00CvStatusData.php?pAction=LoadWBFiles&pWorkBillID=56524"", ""page"": 1, ""page_kind"": ""schedule_b"", ""raw"": ""23 {disc including cost of generator, HOM of machinery, screed vibratory, power floater, blade] Sqm | 6188.00] 97.00 Rupees Ninety Seven Only 600236.00"", ""method"": ""OCR (tesseract psm 6, 2x)"", ""check"": ""arithmetic"", ""confidence"": ""high"", ""cross_validated"": true}]"
382,"nforcement for R.C.C work including straightening, cutting, bending, hooking, placing in position, lapping and /or welding wherever required, 2s tying with binding Wire and anchoring to the adjoining members Wherever necessary’ mt . Rupees Seventy Two Thousand",Earthwork & excavation,KSRB 4.9.2,,Schedule B,6.21,72000.0,447120.0,,,,,,medium,1,"[{""document_id"": ""WO-4--33371831-Shedule B 04.jpg"", ""attachment_type"": ""Schedule B"", ""work_bill_id"": ""56524"", ""attachment_url"": ""https://accounts.bbmp.gov.in/vssIFMS/Files/WO-4--33371831-Shedule%20B%2004.jpg"", ""listing_url"": ""https://accounts.bbmp.gov.in/vssWB/vss00CvStatusData.php?pAction=LoadWBFiles&pWorkBillID=56524"", ""page"": 1, ""page_kind"": ""schedule_b"", ""raw"": ""2s tying with binding Wire and anchoring to the adjoining members Wherever necessary’ mt | 621. | 72000.00 Rupees Seventy Two Thousand 447120.00"", ""method"": ""OCR (tesseract psm 6, 2x)"", ""check"": ""decimal restored"", ""confidence"": ""medium"", ""cross_validated"": true}]"
382,"tions. Specification No. KBS .3. P. no.19 - . no.4.46 KSRB - : Providing and removing centering, shuttering, strutting, propping etc, and removal of form work for flat surface such as suspended floors, roofs, landings, balconies sqm Rupees Three Hundred Thirty",Dismantling & removal,KSRB 4-6.3,sqm,Schedule B,611.52,330.0,201801.6,,,,,,high,1,"[{""document_id"": ""WO-4--33371831-Shedule B 04.jpg"", ""attachment_type"": ""Schedule B"", ""work_bill_id"": ""56524"", ""attachment_url"": ""https://accounts.bbmp.gov.in/vssIFMS/Files/WO-4--33371831-Shedule%20B%2004.jpg"", ""listing_url"": ""https://accounts.bbmp.gov.in/vssWB/vss00CvStatusData.php?pAction=LoadWBFiles&pWorkBillID=56524"", ""page"": 1, ""page_kind"": ""schedule_b"", ""raw"": ""6 removal of form work for flat surface such as suspended floors, roofs, landings, balconies sqm | 611.52 | 330.00 Rupees Three Hundred Thirty 201801.60"", ""method"": ""OCR (tesseract psm 6, 2x)"", ""check"": ""arithmetic"", ""confidence"": ""high"", ""cross_validated"": true}]"
382,"cifications. specification. No.KBS (a) / .5. P- - KSRB : Cutting of Road surface for pipeline trenches and disposing of excavated stu’ Jas directed including barricading.danger lighting atc.,in the Cement concrete road. P- Cum Rupees Six Hundred Fifteen Only —",Earthwork & excavation,KSRB 37.40,cum,Schedule B,66.0,615.0,40590.0,,,,,,high,1,"[{""document_id"": ""WO-4--33371831-Shedule B 04.jpg"", ""attachment_type"": ""Schedule B"", ""work_bill_id"": ""56524"", ""attachment_url"": ""https://accounts.bbmp.gov.in/vssIFMS/Files/WO-4--33371831-Shedule%20B%2004.jpg"", ""listing_url"": ""https://accounts.bbmp.gov.in/vssWB/vss00CvStatusData.php?pAction=LoadWBFiles&pWorkBillID=56524"", ""page"": 1, ""page_kind"": ""schedule_b"", ""raw"": ""28 Jas directed including barricading.danger lighting atc.,in the Cement concrete road. [P- 257, 1] Cum | 66.00 615.00 |Rupees Six Hundred Fifteen Only} —40590.00"", ""method"": ""OCR (tesseract psm 6, 2x)"", ""check"": ""arithmetic"", ""confidence"": ""high"", ""cross_validated"": true}]"
382,"of guage properly stretched between rectangular poles and fixed with suitable bolts & nuts, the free ends shall be welded to the pole and block Pipe at top and bottom as required including cost of all materials, labour, lead and lifts, upees Six Hundred Ninety",Pipes & ducts,,,Schedule B,180.0,697.0,125460.0,,,,,,medium,1,"[{""document_id"": ""WO-4--33371831-Shedule B 04.jpg"", ""attachment_type"": ""Schedule B"", ""work_bill_id"": ""56524"", ""attachment_url"": ""https://accounts.bbmp.gov.in/vssIFMS/Files/WO-4--33371831-Shedule%20B%2004.jpg"", ""listing_url"": ""https://accounts.bbmp.gov.in/vssWB/vss00CvStatusData.php?pAction=LoadWBFiles&pWorkBillID=56524"", ""page"": 1, ""page_kind"": ""schedule_b"", ""raw"": ""30 block Pipe at top and bottom as required including cost of all materials, labour, lead and lifts, 180.00 | 697.00 upees Six Hundred Ninety 125460.00"", ""method"": ""OCR (tesseract psm 6, 2x)"", ""check"": ""arithmetic"", ""confidence"": ""medium"", ""cross_validated"": true}]"
382,"ipe of 38mm dia, of heavy guage of including removing the bends, cutting the pipe, and fixing pipe in between the two verticle poles (M.S. rectangular poles) and spot welding the chain link with M.S. block pipe including cost of all Rupees Three Hundred Thirty",Earthwork & excavation,,m,Schedule B,720.0,338.0,243360.0,,,,,,high,1,"[{""document_id"": ""WO-4--83501742-Shedule B 05.jpg"", ""attachment_type"": ""Schedule B"", ""work_bill_id"": ""56524"", ""attachment_url"": ""https://accounts.bbmp.gov.in/vssIFMS/Files/WO-4--83501742-Shedule%20B%2005.jpg"", ""listing_url"": ""https://accounts.bbmp.gov.in/vssWB/vss00CvStatusData.php?pAction=LoadWBFiles&pWorkBillID=56524"", ""page"": 1, ""page_kind"": ""schedule_b"", ""raw"": ""32 rectangular poles) and spot welding the chain link with M.S. block pipe including cost of all 720.00 | 338.00 Rupees Three Hundred Thirty 243360.00"", ""method"": ""OCR (tesseract psm 6, 2x)"", ""check"": ""arithmetic"", ""confidence"": ""high"", ""cross_validated"": true}]"
413,"ing and bracing, removal of stumps and ther ise ert ue matter, dressing of sides and bottom and backfilling with approved material complete as per specifications. “V. Marshy soil - A. Manual Means Upto m depth MORTH. Specification No. lL For Desilting of drain",Earthwork & excavation,,,Estimates,600.0,9.0,5400.0,,,,,,medium,1,"[{""document_id"": ""WO-1--20404408-Estimate.pdf"", ""attachment_type"": ""Estimates"", ""work_bill_id"": ""5460"", ""attachment_url"": ""https://accounts.bbmp.gov.in/vssIFMS/Files/WO-1--20404408-Estimate.pdf"", ""listing_url"": ""https://accounts.bbmp.gov.in/vssWB/vss00CvStatusData.php?pAction=LoadWBFiles&pWorkBillID=5460"", ""page"": 1, ""page_kind"": ""estimate"", ""raw"": ""For Desilting of drain | | 1 | 600.00 | 9.00 | 1.00 5400.00 4"", ""method"": ""OCR (tesseract psm 6, 2x, rulings removed)"", ""check"": ""arithmetic"", ""confidence"": ""medium"", ""cross_validated"": true}]"
